angles,vals
beta_0,-0.0020433873773990636
beta_1,-0.6216119997137399
beta_2,-0.0030463354539445047
beta_3,-0.38543718736739496
gamma_0,0.2559958606957009
gamma_1,-0.24169149211960758
gamma_2,1.3429777804449339
gamma_3,-1.3169214391137976
