angles,vals
beta_0,0.61728043791895
beta_1,0.3373316975556464
beta_2,-4.148159246614796e-05
gamma_0,-0.009733514417020507
gamma_1,-0.023897995693167383
gamma_2,-0.9158190149139243
