angles,vals
beta_0,-0.00014054144870166057
beta_1,-1.0684702026038613
beta_2,0.3569520419047062
beta_3,-0.3163478293867803
beta_4,-0.18070412809540026
gamma_0,0.40474069970781545
gamma_1,-0.3968623795869951
gamma_2,-0.005269908937966094
gamma_3,0.027154912311640234
gamma_4,0.03324655783172606
