angles,vals
beta_0,2.0596745638112433
beta_1,-2.7219192662259397
beta_2,-0.2495719528284381
gamma_0,0.010167860816791689
gamma_1,-0.00647027514549032
gamma_2,0.0362779444470203
