angles,vals
beta_0,-0.6172522718939748
beta_1,-0.3373215483366559
gamma_0,0.009732775275168394
gamma_1,0.02390062030964423
