angles,vals
beta_0,0.6158737283046489
beta_1,-0.5367200392115401
beta_2,0.0020492205822380425
beta_3,0.9569293046858522
beta_4,0.0487659869975059
beta_5,0.1877935095746428
beta_6,-0.16899571216160097
beta_7,0.14919567897106087
gamma_0,-0.01097396363348557
gamma_1,-0.027714483382004603
gamma_2,-0.3850624235683656
gamma_3,0.3895131289343021
gamma_4,-0.08198547942743176
gamma_5,0.043659703185209335
gamma_6,-1.2444603149491376
gamma_7,0.0003126497074704736
