angles,vals
beta_0,0.6174388463867994
beta_1,0.43159235993691497
beta_2,-0.43227959855255826
beta_3,0.33745012629621407
gamma_0,-0.00973486451112044
gamma_1,-0.40935827726328045
gamma_2,-5.8762714282167536e-05
gamma_3,0.38548949349355766
