angles,vals
beta_0,0.15081202705061447
beta_1,-0.49025762688182084
beta_2,-0.4415931208442763
beta_3,-0.2382457183426665
beta_4,-0.1283712919941561
beta_5,0.07819061047996598
gamma_0,-0.010472417108888736
gamma_1,0.020020727161249974
gamma_2,0.016632023086775742
gamma_3,0.02302594329620022
gamma_4,0.03861473822709462
gamma_5,-0.0886261252463805
