angles,vals
beta_0,-0.8136329025624642
gamma_0,0.013787277071646894
