angles,vals
beta_0,0.6525482583139715
beta_1,0.34829481813031493
gamma_0,-0.009860514735878088
gamma_1,-0.027631777122174964
