angles,vals
beta_0,-0.6094720847656074
gamma_0,0.013000315121210604
