angles,vals
beta_0,0.12471312417025807
beta_1,-0.9793219661231777
beta_2,-0.2307408522269186
beta_3,0.8068175363046506
beta_4,-0.6018745881218794
beta_5,-0.19437648120868775
beta_6,-0.1203122923451523
gamma_0,0.017863174280456126
gamma_1,-0.009571524129354185
gamma_2,0.013757006848174234
gamma_3,-0.028628644463444933
gamma_4,0.0027449931353995005
gamma_5,0.04866432223338599
gamma_6,0.04269648518844483
