angles,vals
beta0,-0.8045043948266686
beta1,-0.5892665413266764
beta2,-0.40070904419087744
beta3,-0.3089742281964526
beta4,-0.23338250961472687
beta5,-0.15234603485531492
beta6,-0.08143223028208188
gamma0,0.30092581140086155
gamma1,0.6597813578995851
gamma2,1.0451248723247755
gamma3,1.2490567569803541
gamma4,1.4390511918886004
gamma5,1.7267666945797817
gamma6,2.1545816561419797
