angles,vals
beta_0,-0.7050590315124629
beta_1,-0.519343684150315
beta_2,-2.5356318929447292
beta_3,2.158852744709643
beta_4,-0.25752597495950813
beta_5,-0.15912168264903662
gamma_0,0.3462749723828429
gamma_1,0.7278795272677492
gamma_2,1.3038775208871916
gamma_3,-0.12271391350467954
gamma_4,1.4042489137712946
gamma_5,1.7327893172624727
