angles,vals
beta_0,-0.665504099666685
beta_1,-0.6204702850416276
beta_2,0.17317142156526144
beta_3,-0.20590660053381168
gamma_0,0.4271533774775616
gamma_1,0.9143255839171034
gamma_2,-0.2835279989997089
gamma_3,2.103947689606113
