angles,vals
beta_0,-0.735093182893482
beta_1,-0.540551060007075
beta_2,1.5135417710979815
beta_3,-1.8225427295949552
gamma_0,0.5105790504771838
gamma_1,1.0363101659065375
gamma_2,1.3661277321503833
gamma_3,-0.6752269688094029
