angles,vals
beta0,-0.6663974576612665
beta1,-0.3553545987216253
gamma0,0.6198014228391433
gamma1,1.408905693439037
