angles,vals
beta0,-0.7886210540834684
beta1,-0.5881471534389155
beta2,-0.3915041527146068
beta3,-0.3109290221616679
beta4,-0.2545206377698936
beta5,-0.20924363553933634
beta6,-0.15406950831431065
beta7,-0.0858275268434453
gamma0,0.2784986500134151
gamma1,0.6143783962332525
gamma2,0.928571240706328
gamma3,1.1281444803724718
gamma4,1.2996234197163865
gamma5,1.520570564835207
gamma6,1.8560326216095724
gamma7,2.2347253422469455
