angles,vals
beta_0,-0.7651543314197877
beta_1,-0.5379822766259481
beta_2,-0.31656190757715524
beta_3,-0.1840172464951458
gamma_0,0.4171122516465847
gamma_1,0.8842757109879626
gamma_2,1.388329349097536
gamma_3,1.7871824766404747
