angles,vals
beta0,-0.6664351537380931
beta1,-0.35534357820327456
gamma0,0.6199055580539781
gamma1,1.4093438360464452
