angles,vals
beta0,-0.0013822373958673854
beta1,-0.011374634636277334
beta2,0.757846192673911
beta3,0.49761040482571045
beta4,-0.5062374539493801
beta5,1.7046752435972397
beta6,-0.842703946063812
beta7,0.9224362557198708
beta8,-0.7734406577836214
gamma0,-0.08536538493113707
gamma1,0.7156268075669915
gamma2,-1.1245764044049407
gamma3,-0.9689665067418388
gamma4,-1.7369548891030768
gamma5,0.2568686310027255
gamma6,0.23843684286486372
gamma7,-1.7151717916353832
gamma8,0.14767883529491807
