angles,vals
beta0,0.6802728894071237
gamma0,-0.8963204431460086
