angles,vals
beta0,-1.1758481802640122
beta1,-0.24898601784299537
beta2,0.6301885005680504
beta3,-0.33069304622470386
beta4,0.4027132497193598
beta5,-0.6469914186344732
beta6,-0.13619962596767632
gamma0,0.42700112046894223
gamma1,-0.6398336323008471
gamma2,0.204085754604417
gamma3,1.566950644679455
gamma4,1.6855407827232725
gamma5,-0.10785392337091436
gamma6,1.7591647521260154
