angles,vals
beta_0,-0.6650572006201649
gamma_0,0.741908261809453
