angles,vals
beta_0,-0.7276936734707435
beta_1,-0.5869931678385691
beta_2,-1.7438520172147927
beta_3,0.342706518073439
beta_4,2.299654557743491
beta_5,-1.325510411106511
beta_6,-0.23240757540340612
beta_7,-0.12866021675910516
gamma_0,0.4387467007889013
gamma_1,0.8624922011138678
gamma_2,1.209993843852037
gamma_3,-0.3185297469873355
gamma_4,-0.1281103979370557
gamma_5,-0.20867660758818457
gamma_6,1.412183503258079
gamma_7,2.1013181865363277
