angles,vals
beta_0,-0.6954060064627634
beta_1,-0.46458980215240964
beta_2,-0.2729192483117898
beta_3,0.28058142299006583
beta_4,-0.4415364494914
gamma_0,0.3697610289013555
gamma_1,0.7880859142613834
gamma_2,1.3430019110815836
gamma_3,2.039631308064222
gamma_4,-0.05992644853608821
