angles,vals
beta0,-0.5666738108634432
gamma0,0.7326494961612212
