angles,vals
beta_0,-0.18663733473035196
beta_1,0.44435659529911686
beta_2,0.2895597615396357
gamma_0,0.5610151948078563
gamma_1,-1.261931721189171
gamma_2,-1.249675576750298
