angles,vals
beta_0,-0.7750508145549364
beta_1,-0.5462002090141533
beta_2,-0.3371011228573817
beta_3,-0.23425749931480294
beta_4,-0.14330183190939855
gamma_0,0.3552537551172782
gamma_1,0.7634121445279471
gamma_2,1.1887741586793465
gamma_3,1.5055101398237978
gamma_4,1.7789601848760226
