angles,vals
beta_0,-0.6811201624298815
beta_1,-0.3552287287161983
gamma_0,0.5807484153315557
gamma_1,1.3088160407939462
