angles,vals
beta_0,-0.6940004833156601
beta_1,-0.43118198194303414
beta_2,-0.20322387333753028
gamma_0,0.44166147888384855
gamma_1,0.9702747603916828
gamma_2,1.8153865784112893
