angles,vals
beta0,-0.8250827860377081
beta1,-0.6093775348892763
beta2,-0.415338267635071
beta3,-0.3355252616626125
beta4,-0.26697198918268666
beta5,-0.19629353131800215
beta6,-0.12351682424667809
beta7,-0.07084613847317714
gamma0,0.28178551627118065
gamma1,0.6191781128741943
gamma2,0.967066217020716
gamma3,1.1480104730978387
gamma4,1.3087114930059143
gamma5,1.5658971472492436
gamma6,1.86907212591828
gamma7,2.157888341368658
