angles,vals
beta_0,0.0535846811154493
beta_1,-0.6390671583106604
beta_2,-0.5136431810157245
beta_3,1.349751149400134
beta_4,-1.6580364992945462
beta_5,-0.2258756832123341
beta_6,-0.1268159549986641
gamma_0,-0.7487302656153867
gamma_1,1.2136617454769207
gamma_2,0.8403111910247034
gamma_3,1.2337443080195154
gamma_4,-0.21618797979029675
gamma_5,1.6000873210717046
gamma_6,2.0727455597673146
