angles,vals
beta0,-0.8066514691064031
beta1,-0.5447216344339472
beta2,-0.34865573607123984
beta3,-0.28025847884536664
beta4,-0.24071847616978348
beta5,-0.1776550061544727
beta6,-0.1259122019348335
gamma0,0.33941719522612934
gamma1,0.7110091983980098
gamma2,1.0615951840766253
gamma3,1.3485064572171996
gamma4,1.495183435213966
gamma5,1.7584416938911906
gamma6,2.102138179073787
