angles,vals
beta_0,0.6768904373005322
gamma_0,-0.7057559638337139
