angles,vals
beta_0,-0.6856013839453773
beta_1,-0.3403855458391275
gamma_0,0.5746976216971411
gamma_1,1.4835178900038741
