angles,vals
beta0,-0.7624027097412175
beta1,-0.5473411159764042
beta2,-0.359621322873655
beta3,-0.2711320214517591
beta4,-0.20393353863486893
beta5,-0.12303037391545074
gamma0,0.31313120961787766
gamma1,0.6644559061892861
gamma2,0.9878314238761596
gamma3,1.2475998747361714
gamma4,1.5012079670390637
gamma5,1.827158119531886
