angles,vals
beta0,-0.68589730517832
beta1,0.5574186817564628
beta2,-1.098176131732888
beta3,-0.32358855925967506
beta4,-0.2210999145864585
beta5,-0.13646063280955403
gamma0,0.42632906060736125
gamma1,1.0836266683860847
gamma2,-0.20467334448493374
gamma3,1.22486665342006
gamma4,1.4911097075694886
gamma5,1.7791461801726132
