angles,vals
beta_0,-0.6926048228588104
beta_1,-0.417338631508144
gamma_0,0.5860867304511503
gamma_1,1.1628653177398036
