angles,vals
beta0,-0.6869460211630136
beta1,-0.4618045231510741
beta2,-0.27239153534616617
beta3,-0.14807574434052037
gamma0,0.43246293967830235
gamma1,0.9451063075506329
gamma2,1.575530314284921
gamma3,2.3061609802191536
