angles,vals
beta_0,-1.1173724267609864
beta_1,0.34925210554288166
beta_2,0.41559869760144263
beta_3,-0.8316505865560075
beta_4,-0.2785834747183339
beta_5,-0.23976642027162104
beta_6,-0.18469533053145987
beta_7,-0.1048409370810127
gamma_0,0.37564018530370724
gamma_1,-0.23480096972551326
gamma_2,1.3600529884427943
gamma_3,-0.14276755328500412
gamma_4,1.1405918865743025
gamma_5,1.35666712272148
gamma_6,1.7537369484923748
gamma_7,2.027120996996992
