angles,vals
beta_0,0.7466153075018742
beta_1,0.6317040730023338
beta_2,0.5024265930754857
beta_3,0.859415013979739
beta_4,-0.7029911131976281
beta_5,-0.2596705922071211
beta_6,-0.1960708826589534
beta_7,-0.10963177004346684
gamma_0,-0.31116677853738683
gamma_1,-0.6940720317841441
gamma_2,-0.9747495374590595
gamma_3,-1.3637137264135695
gamma_4,0.12758216500714684
gamma_5,2.0178411486788224
gamma_6,2.049778902972477
gamma_7,2.333138391878582
