angles,vals
beta_0,-0.7471543920044998
beta_1,-0.5354415310987751
beta_2,-0.3354804312732636
beta_3,-0.2273747876273374
beta_4,-0.1347644566555602
gamma_0,0.3168705763346967
gamma_1,0.6770142447894185
gamma_2,1.035933243960949
gamma_3,1.345595261608657
gamma_4,1.7124718418327238
