angles,vals
beta0,-0.8246357609298637
beta1,-0.6390473181534801
beta2,-0.44180925809430743
beta3,-0.3585699744119999
beta4,-0.29796727879132473
beta5,-0.24510259548579613
beta6,-0.18807617161704304
beta7,-0.1487480288819541
beta8,-0.09131657506187907
gamma0,0.22805770430271
gamma1,0.5133146287105917
gamma2,0.7797819233356235
gamma3,0.9332524847409437
gamma4,1.05547470635039
gamma5,1.1993845054700387
gamma6,1.338290013808619
gamma7,1.5281894249156343
gamma8,1.9491911996968838
