angles,vals
beta0,0.684396610389234
gamma0,-0.7591932750699812
