angles,vals
beta0,0.7137499389011377
beta1,0.5437135468120152
beta2,1.8612876773368299
beta3,-1.4985422121360812
beta4,2.4545112009561727
beta5,-2.1543158913202918
beta6,0.1851524807627168
beta7,0.10888101027603586
gamma0,-0.3645551880911381
gamma1,-0.7423503520258303
gamma2,-1.0175792551810516
gamma3,0.2621163238639773
gamma4,-1.4512214731702942
gamma5,0.11944433811737067
gamma6,-1.6072064856330146
gamma7,-1.968345760235296
