angles,vals
beta_0,0.2144349260568772
beta_1,-0.9663509093368355
beta_2,0.4028314891552701
beta_3,-0.41099729087060755
beta_4,-0.2980346607647756
beta_5,-0.2027072005592534
beta_6,-0.12036807889746551
gamma_0,-0.5347121636315627
gamma_1,0.990600306506265
gamma_2,-0.2665155492594401
gamma_3,1.281151000912177
gamma_4,1.2391064684486237
gamma_5,1.504271767111407
gamma_6,1.790515526428391
