angles,vals
beta0,-0.7350010993449511
beta1,-0.507997286056865
beta2,-0.28409220320747747
beta3,-0.1623036136053771
gamma0,0.3986464885676897
gamma1,0.8678344136814481
gamma2,1.41520489784447
gamma3,1.8277033510321419
