angles,vals
beta0,-0.6940314002532073
beta1,-0.4312340097736813
beta2,-0.20336951745319942
gamma0,0.44130710896540093
gamma1,0.9690937307369647
gamma2,1.81236712440056
