angles,vals
beta0,-0.6540039485160514
beta1,-0.3472323827687604
gamma0,0.4915787935168781
gamma1,1.1616723178698962
