angles,vals
beta_0,-0.7604603244834003
beta_1,-0.5516518884928339
beta_2,-0.3595910020893597
beta_3,-0.2847075799218625
beta_4,-0.21964057192727185
beta_5,-0.13583030888205097
gamma_0,0.3524158584382658
gamma_1,0.7463991854053724
gamma_2,1.1298566167343338
gamma_3,1.4616990819157314
gamma_4,1.7719924980888526
gamma_5,2.300443760779785
