angles,vals
beta_0,-0.00024312890750343027
beta_1,-0.6474598079354819
beta_2,-0.4453613156093378
beta_3,-0.27250344488488176
beta_4,-0.18021019424368812
beta_5,-0.1124236663369049
gamma_0,2.4062884144914074
gamma_1,-2.073431973188004
gamma_2,0.712140519717728
gamma_3,1.0551665493961264
gamma_4,1.461377777557574
gamma_5,1.9774756625672953
