angles,vals
beta_0,-0.7102466720482179
beta_1,-0.3906794741182116
beta_2,0.06824765790431402
beta_3,-0.24685867283481444
beta_4,-1.1393366324099223
beta_5,0.9834471841503769
gamma_0,0.43611853895815905
gamma_1,0.7896759036776477
gamma_2,-1.9637635991715214
gamma_3,3.3434231138844206
gamma_4,1.7443204038128006
gamma_5,-0.07751261010649937
