angles,vals
beta0,-0.8438678920064858
beta1,-0.6348416801030758
beta2,-0.4316382350707636
beta3,-0.3497148350874399
beta4,-0.28432612826562675
beta5,-0.22064823805748848
beta6,-0.15713895657979982
beta7,-0.11692211628150447
beta8,-0.07767620523383843
gamma0,0.2481284077745198
gamma1,0.5451597873965619
gamma2,0.8449166748117912
gamma3,0.9841334039742933
gamma4,1.0771694598145483
gamma5,1.1933708988130072
gamma6,1.3050488283863249
gamma7,1.467559869820978
gamma8,1.9301254539016202
