angles,vals
beta0,-0.7589258432661193
beta1,-0.5352293267821903
beta2,-0.3352786432446808
beta3,-0.22854053239856725
beta4,-0.13504674516075693
gamma0,0.3551968394257459
gamma1,0.7736688236541515
gamma2,1.216957973110791
gamma3,1.50591288745156
gamma4,1.7342450162423124
