angles,vals
beta_0,-0.7495193391051631
beta_1,-0.3310054394244892
beta_2,0.13545384489191897
beta_3,-0.15768250725494662
gamma_0,0.4596856749213908
gamma_1,0.8242323179849298
gamma_2,-1.8736258805970512
gamma_3,3.5514673596400312
