angles,vals
beta0,-0.6993010829412771
beta1,-0.472590117511105
beta2,-0.27780493998488714
beta3,-1.027008223203346
beta4,0.8558262220888142
gamma0,0.41669706948816865
gamma1,0.8804384217312186
gamma2,1.3711177346732972
gamma3,1.7771703529897536
gamma4,-0.0958597926495793
