angles,vals
beta_0,-0.587500386515662
gamma_0,0.8222787728723562
