angles,vals
beta_0,-0.6542164997079719
beta_1,-0.43872352964034594
beta_2,-0.19848244717324157
gamma_0,0.4421874022985065
gamma_1,0.9313242714221021
gamma_2,1.5504047653180637
