angles,vals
beta0,-0.7239535052609258
beta1,-0.5156457915260811
beta2,-0.3385501535215985
beta3,-0.2409729560571838
beta4,-0.8190532500809903
beta5,0.6631823066006479
gamma0,0.3674011062227405
gamma1,0.8014210145981705
gamma2,1.2295276413033303
gamma3,1.568652007159319
gamma4,1.7864347574662292
gamma5,-0.0937816781266471
