angles,vals
beta0,-0.6695197531899497
beta1,-0.4262114543880026
beta2,-0.21224548214617206
gamma0,0.4798782708972793
gamma1,1.037165119683984
gamma2,1.7205392451141732
