angles,vals
beta_0,-0.6539716032121698
beta_1,-0.3472081893963373
gamma_0,0.4914003579038598
gamma_1,1.1611738073262896
