angles,vals
beta_0,0.5666300980580505
gamma_0,-0.7325889992469977
