angles,vals
beta0,-0.6698154097089969
beta1,-0.4181692160080755
beta2,-0.21020080297118843
gamma0,0.4661613962009514
gamma1,1.0358914856816384
gamma2,1.7785129706825669
