angles,vals
beta_0,-0.7952684273384993
beta_1,-0.6032968918021195
beta_2,-0.4031335048895925
beta_3,-0.324697224663925
beta_4,-0.26336330217595993
beta_5,-0.21582388449158812
beta_6,-0.1305161697905015
gamma_0,0.33404584172430996
gamma_1,0.7217071227084909
gamma_2,1.0457082840608873
gamma_3,1.259086309919243
gamma_4,1.4606546306799701
gamma_5,1.7488000016575773
gamma_6,2.1635362092136945
