angles,vals
beta0,-0.7271128822036614
beta1,-0.49425165085109013
beta2,-0.281402759001383
beta3,-0.1652823575731188
gamma0,0.40513491029355403
gamma1,0.88696772293499
gamma2,1.425928074276741
gamma3,1.7935160928973937
