angles,vals
beta_0,-0.7231866345218114
beta_1,-0.4658782441005138
beta_2,-0.1891233829813976
gamma_0,0.48485512811508963
gamma_1,0.9970976401093117
gamma_2,1.5949487491769583
