angles,vals
beta0,-0.833106921881115
beta1,-0.5676850517016379
beta2,-0.3567973527487317
beta3,-0.24388097297854666
beta4,-0.14829180214562565
gamma0,0.4047812117837371
gamma1,0.8449062865467515
gamma2,1.3987744343389665
gamma3,1.648927249518065
gamma4,1.817594134534447
