angles,vals
beta_0,-0.8040163998143729
beta_1,-0.5469611516438568
beta_2,-0.33995446501431614
beta_3,-0.240882295501888
beta_4,-0.1789916171064819
beta_5,-0.5548729173931894
beta_6,0.25634817433200235
beta_7,0.20150770550870076
gamma_0,0.345412059757274
gamma_1,0.7421332907490763
gamma_2,1.1137945482552443
gamma_3,1.4027732002273576
gamma_4,1.6233639899720949
gamma_5,1.4527779509722878
gamma_6,-0.05251360566057336
gamma_7,-0.13357164814285932
