angles,vals
beta_0,0.6401683485237042
beta_1,-0.37795686119042066
beta_2,0.8900574088562831
beta_3,0.9126439167669799
beta_4,-0.659753672993636
gamma_0,-0.3743519898511334
gamma_1,-0.9882373227964618
gamma_2,0.2151275391178906
gamma_3,-1.1672684824184811
gamma_4,0.14213223577716952
