angles,vals
beta_0,-1.1272253417093299
beta_1,0.33006248679739536
beta_2,-0.4021398476808026
beta_3,-1.3107828182767927
beta_4,-0.8500559873077276
beta_5,1.8652751515118684
beta_6,-0.14710505842734284
gamma_0,0.42861255878230853
gamma_1,-0.31798277973705596
gamma_2,1.2697698923960732
gamma_3,1.5326903779806211
gamma_4,-0.2008804237470109
gamma_5,-0.19301370652080033
gamma_6,2.0121674643638414
