Bit_length,N,Lattice_dimension,|b_op - t|^2,|vbest - t|^2,P(b_op),P(vbest),P(|vnew - t|^2 < |b_op - t|^2),P(|vnew - t|^2 <= |b_op - t|^2),P(|vnew - t|^2 > |b_op - t|^2)
150,1268771206145175299492684899681878877410684841,21,728,728,0.012794,0.012794,0.0,0.012794,0.987206
150,1403762530472620237905076428332939916844331359,21,310,297,0.02726,0.016831,0.026581,0.053841,0.946159
150,918882917500502786903408324526441238854631741,21,407,397,0.009939,0.007467,0.007467,0.017405999999999998,0.982594
150,1044411862674117053622929515451672202864979129,21,397,397,0.012026,0.012026,0.0,0.012026,0.987974
150,1199592981228806239321120961178599459097610483,21,601,601,0.001371,0.001371,0.0,0.001371,0.998629
150,912632394066698132144971044037258218777602291,21,384,384,0.026823,0.026823,0.0,0.026823,0.973177
150,1033085278351720441874660444922199074374033881,21,454,454,0.002552,0.002552,0.0,0.002552,0.997448
150,1039667922595230805682141254323399644574814367,21,704,702,0.029829,0.076024,0.076024,0.105853,0.894147
150,1076261801716221769627743498540654753005411033,21,605,584,0.007861,0.005517,0.07573300000000001,0.083594,0.916406
150,868981675879730421007669707059890716656754209,21,391,391,0.00901,0.00901,0.0,0.00901,0.99099
150,1198940008513470371886998720870433706529677289,21,318,309,0.017242,0.013688,0.079844,0.097086,0.902914
150,1001065868810988745766471076060380006588792189,21,391,391,0.008204,0.008204,0.0,0.008204,0.991796
150,1018523197675518130041140861676478171959383813,21,315,315,0.053151,0.053151,0.0,0.053151,0.946849
150,999406335763551690568793874408994581594369181,21,305,305,0.069074,0.069074,0.0,0.069074,0.930926
150,1386649915270975663546803936212330370020386207,21,333,333,0.009561,0.009561,0.0,0.009561,0.990439
150,1252835724482748605844023934169349660374906087,21,379,379,0.021952,0.021952,0.0,0.021952,0.978048
150,1420753685420564064872708676390123998125705549,21,349,349,0.038695,0.038695,0.0,0.038695,0.961305
150,1076920912535396901213842625717381087368331181,21,417,417,0.005785,0.005785,0.0,0.005785,0.994215
150,1124397583306701037985991208303905429810161357,21,352,352,0.012391,0.012391,0.0,0.012391,0.987609
150,1130353955473240791783568532060655958732460941,21,408,408,0.025607,0.025607,0.0,0.025607,0.974393
151,2363319035074246419340419055739401443130238059,21,544,505,0.009558,0.00153,0.068753,0.07831099999999999,0.921689
151,2471201957583473321167345886570639941825218311,21,396,396,0.007415,0.007415,0.0,0.007415,0.992585
151,2315715608364087921901708175621836301416617007,21,292,292,0.005264,0.005264,0.0,0.005264,0.994736
151,2763171157217537386323259861099914830334818519,21,613,595,0.002846,0.00379,0.00379,0.0066359999999999995,0.993364
151,1758775630326182635026447808028302358291781499,21,296,296,0.015496,0.015496,0.0,0.015496,0.984504
151,2188378164211148987192836592303698338909975503,21,332,318,0.008896,0.009807,0.009807,0.018702999999999997,0.981297
151,1829627983140478483810934234803641664206450619,21,355,355,0.013103,0.013103,0.0,0.013103,0.986897
151,1569735030968914361557174823910579735657956107,21,310,304,0.038184,0.027616,0.027616,0.0658,0.9342
151,2843239852874861508784440371081621911410347591,21,581,581,0.00437,0.00437,0.0,0.00437,0.99563
151,2624675574003230296718034974584383454961661761,21,577,577,0.004591,0.004591,0.0,0.004591,0.995409
151,1746328694271824837631752461766830788699201941,21,497,492,0.004223,0.002831,0.0039000000000000003,0.008123,0.991877
151,2456234120258232727729365675070691784694223131,21,661,651,0.011164,0.005877,0.012941999999999999,0.024106,0.975894
151,2689914182894566195371701173819301836708498979,21,414,397,0.013269999999999999,0.00419,0.06834,0.08161,0.91839
151,2472879649799491864465871187917726124213054643,21,388,383,0.002465,0.003173,0.003173,0.005638000000000001,0.994362
151,2641928437820330089399895839369416426912654047,21,603,596,0.021654,0.011999,0.011999,0.033653,0.966347
151,2217024583566038902931835040749210710155293863,21,329,329,0.016477,0.016477,0.0,0.016477,0.983523
151,2795955547593262531562466415054318143278579719,21,418,393,0.003509,0.002672,0.031010999999999997,0.034519999999999995,0.96548
151,2754384674264655946791346511962590129499967297,21,527,527,0.005342,0.005342,0.0,0.005342,0.994658
151,1922698035563121141756137662031262831101446511,21,321,321,0.002023,0.002023,0.0,0.002023,0.997977
151,2578633082003778088940013102956628479805360761,21,526,526,0.003539,0.003539,0.0,0.003539,0.996461
152,3650146379785934850995660671580553841765454981,21,332,327,0.01155,0.018587,0.034117999999999996,0.04566799999999999,0.954332
152,4447694107941335768274189003948589146948883409,21,397,397,0.044458,0.044458,0.0,0.044458,0.955542
152,5304044781028480773455459789567804501864780699,21,391,379,0.027073,0.004108,0.004108,0.031181,0.968819
152,5225791236691602749703859113684043992716841463,21,404,404,0.026297,0.026297,0.0,0.026297,0.973703
152,5425403301002418901669361546561888615280596761,21,404,374,0.015338,0.005041,0.051364999999999994,0.066703,0.933297
152,5202335230032226630491022567996748864390119873,21,446,446,0.019931,0.019931,0.0,0.019931,0.980069
152,4003774395708740189647636396775460720094087057,21,338,333,0.006014,0.001096,0.001096,0.00711,0.99289
152,5276249290787396224699127825641594167433771223,21,372,372,0.004035,0.004035,0.0,0.004035,0.995965
152,4381176969443188923764265381058182084891594073,21,455,455,0.014531,0.014531,0.0,0.014531,0.985469
152,5541991812747053012003965966406093820220699999,21,301,301,0.056354,0.056354,0.0,0.056354,0.943646
152,5648300508047326241541247933495397085050508533,21,379,379,0.009802,0.009802,0.0,0.009802,0.990198
152,4837654055687374110886315087296888936559582543,21,331,291,0.033628,0.011257,0.061660000000000006,0.09528800000000001,0.904712
152,3169527753809835033737422227494034075208154897,21,365,365,0.00559,0.00559,0.0,0.00559,0.99441
152,4751384359859390003700613749548751936187354063,21,353,353,0.030042,0.030042,0.0,0.030042,0.969958
152,5115713692797196694227360148049458957592665221,21,314,307,0.033019,0.010311,0.054642,0.087661,0.912339
152,5377906651632174967507002058972880963848446937,21,461,451,0.018094,0.001273,0.001273,0.019367,0.980633
152,4794192939950703723191510856383251915586655239,21,375,375,0.031464,0.031464,0.0,0.031464,0.968536
152,4098436965705153817981088577951066512799793241,21,486,467,0.040118,0.039111,0.039111,0.079229,0.920771
152,4397317578261604652631366972202456990923173239,21,607,602,0.005262,0.002969,0.002969,0.008231,0.991769
152,5641409895201969238429625932613600677431973529,21,369,358,0.023163,0.031224,0.049518,0.072681,0.927319
153,7688734886215973313958737522072259896979469359,21,488,488,0.019563,0.019563,0.0,0.019563,0.980437
153,9965367899123149749669237053467022764500819709,21,364,340,0.002675,0.001791,0.009543000000000001,0.012218000000000001,0.987782
153,8648715940089396413954292296253489279668879831,21,364,355,0.015401000000000001,0.021639,0.030644999999999995,0.046046,0.953954
153,9992486217185404533285574560152593379868586411,21,312,303,0.028904,0.011095,0.011095,0.039999,0.960001
153,8752395201001776336645971436266201719253038903,21,273,273,0.012246,0.012246,0.0,0.012246,0.987754
153,10307828778112676279744687232183733883997747787,21,304,304,0.01409,0.01409,0.0,0.01409,0.98591
153,8927473020776419491333060829150295244420281503,21,499,462,0.017604,0.002269,0.06939899999999997,0.08700299999999997,0.9129970000000001
153,7853849523366438727173539795218496833560636149,21,509,489,0.020478,0.002163,0.035285,0.05576299999999999,0.944237
153,8674604146514496475964987674111780570888473743,21,283,283,0.006408,0.006408,0.0,0.006408,0.993592
153,8982522494550749295857332138146435777716539013,21,326,326,0.008531,0.008531,0.0,0.008531,0.991469
153,7465338556163117004724110416934405812498881597,21,443,443,0.018987,0.018987,0.0,0.018987,0.981013
153,9002256784614521734062834292945636253381789701,21,482,471,0.014025,0.017791,0.017791,0.031816,0.968184
153,9730043924092499024899737640031060516457357727,21,518,518,0.031214,0.031214,0.0,0.031214,0.968786
153,7772785559916630760629013439531712505833223283,21,335,335,0.049016,0.049016,0.0,0.049016,0.950984
153,6331403492532550906969515225158616949065412553,21,348,340,0.004002,0.011869,0.011869,0.015871,0.984129
153,9499729964075602707801866275682306216169333647,21,580,580,0.012282,0.012282,0.0,0.012282,0.987718
153,10623137933847890583214243354934109612727566337,21,398,398,0.017503,0.017503,0.0,0.017503,0.982497
153,8298489176359263229418112630907164868713161869,21,425,425,0.026889,0.026889,0.0,0.026889,0.973111
153,10423403876173039960502215978962041272294895987,21,351,351,0.005103,0.005103,0.0,0.005103,0.994897
153,11331438524408402513759859710883003140234689001,21,566,555,0.002729,0.006768,0.023521000000000004,0.026250000000000002,0.97375
154,20144352470088160067192230120293841747066127093,21,398,394,0.007954,0.001876,0.001876,0.009829999999999998,0.99017
154,13741129409913179912586613425642421907057677927,21,331,331,0.117535,0.117535,0.0,0.117535,0.882465
154,22555697926472858658256090868373281917048139777,21,484,480,0.003222,0.001014,0.007918,0.01114,0.98886
154,21622466558921334027105350728738281221011715713,21,470,470,0.019685,0.019685,0.0,0.019685,0.980315
154,22717282832414613486487854671615889194348202509,21,432,432,0.007424,0.007424,0.0,0.007424,0.992576
154,15553662272752172389304818266535674850670048197,21,324,324,0.009116,0.009116,0.0,0.009116,0.990884
154,16287234057599780494928529944429983938735953333,21,356,338,0.026736,0.002267,0.01505,0.041786,0.958214
154,20227306669577710217883266196429106847542507013,21,591,591,0.00466,0.00466,0.0,0.00466,0.99534
154,18361999857484992568400964915559137162309312233,21,359,359,0.005623,0.005623,0.0,0.005623,0.994377
154,17615067981495998635949724796624661825505231481,21,515,475,0.010685,0.018999,0.20549000000000003,0.21617500000000003,0.783825
154,16965780184675510815549338206501125311473383031,21,416,416,0.002471,0.002471,0.0,0.002471,0.997529
154,17145713058305669983102778787612006911670513347,21,475,452,0.03785,0.004535,0.004535,0.042385,0.957615
154,20285317985568063024579677341972941193428143231,21,300,300,0.031099,0.031099,0.0,0.031099,0.968901
154,19892574816341431255761561129070142233703448899,21,484,484,0.013788,0.013788,0.0,0.013788,0.986212
154,14482484907695104154754286426816369245597742123,21,429,429,0.006956,0.006956,0.0,0.006956,0.993044
154,21308599822779449843544699903616188167691769657,21,446,427,0.008171000000000001,0.00917,0.00917,0.017341000000000002,0.982659
154,19652552707990061015357354059734076466348869901,21,368,368,0.007131,0.007131,0.0,0.007131,0.992869
154,15836062588559999481222001755306755400249974411,21,351,348,0.016196,0.01807,0.01807,0.034266,0.965734
154,17640605793899812190237760431948486244893089589,21,390,390,0.007727,0.007727,0.0,0.007727,0.992273
154,13200322048523091361380223530828151918467232499,21,285,277,0.003427,0.001306,0.001306,0.004733,0.995267
155,31340595875958809044343360964929799034189512361,21,438,436,0.043829,0.007667,0.007667,0.051496,0.948504
155,33883679322606457824492978417378120332359598171,21,356,350,0.037807,0.008704,0.008704,0.046511,0.953489
155,38431961138800983210425437779183955699273663877,21,536,536,0.011527,0.011527,0.0,0.011527,0.988473
155,44842574992398006827792831817449122409176524571,21,385,377,0.00302,0.001624,0.003684,0.006704,0.993296
155,44479412022428483167051033854365771430317272061,21,544,544,0.006807,0.006807,0.0,0.006807,0.993193
155,39653904137769014668557378511260469269135182431,21,326,299,0.006355,0.006623,0.040624999999999994,0.046979999999999994,0.95302
155,36615548944643269126239193831815135044946113087,21,338,329,0.046416,0.018283,0.018283,0.064699,0.9353009999999999
155,35728624388846244763032748679732750007278619919,21,328,328,0.008127,0.008127,0.0,0.008127,0.991873
155,39471143362465673450737740007926815837598407923,21,455,439,0.01213,0.001085,0.019402999999999997,0.031533,0.968467
155,43620356160753924413764228467447052158522613007,21,452,431,0.016317,0.002852,0.002852,0.019169000000000002,0.980831
155,29666396188587728462615862057347321613786496027,21,547,545,0.017549,0.001793,0.001793,0.019341999999999998,0.980658
155,41677893527522320684434778067984642792936350873,21,527,494,0.003923,0.004714,0.029214,0.033137,0.966863
155,32675536969479286942701324674137910119680337459,21,332,332,0.076708,0.076708,0.0,0.076708,0.923292
155,44919866654372607559021538428305729263662282117,21,528,528,0.044414,0.044414,0.0,0.044414,0.955586
155,36452200589072916411983425394632165549777886227,21,468,468,0.010672,0.010672,0.0,0.010672,0.989328
155,33203524258924130270853246380045741567145994259,21,443,434,0.042306,0.029699,0.029699,0.072005,0.927995
155,36946503351030864812990481678628454987070959527,21,394,364,0.014070000000000001,0.004958,0.08147299999999999,0.09554299999999999,0.9044570000000001
155,44458044889519333576801527839740244268692202469,21,636,623,0.001923,0.003125,0.020528,0.022451000000000002,0.977549
155,36744155090184780124393526442075144163055399837,21,366,366,0.007116,0.007116,0.0,0.007116,0.992884
155,32611265262434541992311659835491097552848382807,21,277,277,0.005377,0.005377,0.0,0.005377,0.994623
156,58842411492108631901824870167723622565249820361,21,541,541,0.005442,0.005442,0.0,0.005442,0.994558
156,58647263901409677188415888297848821138605832667,21,353,338,0.005807,0.049458,0.049458,0.055265,0.944735
156,60691833191625566815713087621249445278906020923,21,443,443,0.012363,0.012363,0.0,0.012363,0.987637
156,83500911560012017920943706628836329963659227611,21,420,420,0.006671,0.006671,0.0,0.006671,0.993329
156,79699952235555146846014724188269022467857700953,21,458,450,0.007821,0.002055,0.002055,0.009876,0.990124
156,68617923715717279114730426060969764483412652871,21,562,562,0.004508,0.004508,0.0,0.004508,0.995492
156,70292815550175575334435593661308688973972707499,21,329,324,0.014142,0.012349,0.012349,0.026491,0.973509
156,88395906091853951743306426033388820009527178553,21,334,334,0.025921,0.025921,0.0,0.025921,0.974079
156,58490997193338963447736793476829606786651843411,21,361,361,0.016678,0.016678,0.0,0.016678,0.983322
156,88153376653160901709431525294744255033299399513,21,438,438,0.006624,0.006624,0.0,0.006624,0.993376
156,83749952449871415989936799658384575288153567857,21,493,493,0.011526,0.011526,0.0,0.011526,0.988474
156,63215896343305696798861673825073441341593157323,21,286,286,0.005598,0.005598,0.0,0.005598,0.994402
156,68367618624389291832609274122568807692737410747,21,344,344,0.010836,0.010836,0.0,0.010836,0.989164
156,85976042848566498516350067546598036064176697617,21,456,454,0.006727,0.007191,0.007191,0.013918,0.986082
156,77050956204250174763972617362140681574229342091,21,728,728,0.024051,0.024051,0.0,0.024051,0.975949
156,67397778703558464646892241700035691887301648579,21,550,550,0.011236999999999999,0.011236999999999999,0.0,0.011236999999999999,0.988763
156,82158015067987949738815070788850184671973579587,21,403,403,0.007446,0.007446,0.0,0.007446,0.992554
156,55015423047501982644190563451191716439122432951,21,383,382,0.003272,0.002427,0.002427,0.005699,0.994301
156,85336908532608541436048263259686225667526362047,21,607,607,0.033735,0.033735,0.0,0.033735,0.966265
156,56731211956952175175952662358019177731725234237,21,380,380,0.003876,0.003876,0.0,0.003876,0.996124
157,120282166308024689728299980121863747670916310267,21,434,434,0.007351,0.007351,0.0,0.007351,0.992649
157,120820017068622794622130921127946349513431310843,21,531,507,0.004439,0.004624,0.028772,0.033211,0.966789
157,160354239376266933764514100701359388571858132879,22,426,426,0.025898,0.025898,0.0,0.025898,0.974102
157,178540342865713130388740603822271194677254392441,22,404,400,0.017053,0.006598,0.006598,0.023651,0.976349
157,133758242352280888913921190835052846329897153133,21,484,475,0.005329,0.009326,0.009326,0.014655,0.985345
157,119751792167523699090520105500834166573709024723,21,351,351,0.049869,0.049869,0.0,0.049869,0.9501310000000001
157,142866301722166299614859219990227501097218329553,21,429,420,0.008173,0.002329,0.004994,0.013167,0.986833
157,159460056477105651797755450704992108220297439993,22,353,353,0.009722,0.009722,0.0,0.009722,0.990278
157,129765827297228317584448178357227745213663923673,21,452,443,0.003074,0.003712,0.006216,0.00929,0.99071
157,153041151061952724068377978141007513960278537129,21,515,504,0.009451,0.0119,0.017144,0.026595,0.973405
157,112556148137934308610401610728139436816885032007,21,331,331,0.015069,0.015069,0.0,0.015069,0.984931
157,155016348949192392834761783400231900623445364769,21,555,520,0.0036420000000000003,0.009314,0.07450000000000001,0.07814200000000002,0.921858
157,165332485530732496445379876290371501984439220227,22,392,392,0.003994,0.003994,0.0,0.003994,0.996006
157,173008319555191101708826910175525434497734262397,22,287,287,0.002947,0.002947,0.0,0.002947,0.997053
157,143078279358113528954735774091416278002769110083,21,576,544,0.00316,0.002229,0.027571000000000002,0.030731,0.969269
157,139537309577365933739952691194841985292959417899,21,283,283,0.008807,0.008807,0.0,0.008807,0.991193
157,150381007425703993922643997626233047809831195563,21,319,304,0.017641,0.005302,0.018701000000000002,0.036342,0.963658
157,125414534553540336555987249708054473022979850233,21,352,352,0.051401,0.051401,0.0,0.051401,0.948599
157,100495160702135079890032717344114075262462068991,21,344,344,0.035204,0.035204,0.0,0.035204,0.964796
157,126081296153973360472994917714723398699218116441,21,780,772,0.004264,0.001773,0.007384,0.011648,0.988352
158,244084876567438940415979589793753210761831799169,22,393,390,0.025813,0.01352,0.01352,0.039333,0.960667
158,311889364802148711770367329783808121108240984963,22,427,425,0.026673,0.009976,0.009976,0.036649,0.963351
158,315552892616518612169009766705743992617805242163,22,292,292,0.057219,0.057219,0.0,0.057219,0.942781
158,364568451629159625851465545891850771901219214163,22,374,371,0.021092,0.015158,0.015158,0.03625,0.96375
158,213880798395599609631736184456759089379285659049,22,435,435,0.007442,0.007442,0.0,0.007442,0.992558
158,364596676892949119436289041863521153445811753029,22,520,520,0.01066,0.01066,0.0,0.01066,0.98934
158,215840103126036545942721515629965329944602697057,22,572,561,0.005938,0.004079,0.019664,0.025602,0.974398
158,259043540185824666457272444893607678141566205487,22,346,346,0.00702,0.00702,0.0,0.00702,0.99298
158,311426830077414386887481553693471517445014703609,22,373,367,0.016383,0.001521,0.019764,0.036147,0.963853
158,220678872755010770809359894948879428023872635453,22,355,352,0.008013,0.007033,0.007033,0.015046,0.984954
158,324273864736092445034262802970079797120470198979,22,439,439,0.067969,0.067969,0.0,0.067969,0.932031
158,335973439137660892963362517099047189556286786761,22,323,323,0.007107,0.007107,0.0,0.007107,0.992893
158,282449349227109527988465852865060163003324312407,22,324,324,0.011876,0.011876,0.0,0.011876,0.988124
158,208746167169143822300193643710778500356712398063,22,467,462,0.005507,0.002594,0.00569,0.011196999999999999,0.988803
158,334111037801880478290657958251924991420673909189,22,488,488,0.008049,0.008049,0.0,0.008049,0.991951
158,278758463930102758470340608089823158233270489379,22,355,319,0.02683,0.006756,0.039472,0.066302,0.933698
158,334359694784871699894821359716571301393005547539,22,411,399,0.024406999999999998,0.008432,0.022845000000000004,0.047252,0.952748
158,266330340319030988935371369155445034828168547083,22,372,372,0.002594,0.002594,0.0,0.002594,0.997406
158,304296786548695733429639288499877719781617137947,22,580,580,0.018258,0.018258,0.0,0.018258,0.981742
158,363187749995613157299748064319278147359621272623,22,662,662,0.006144,0.006144,0.0,0.006144,0.993856
159,686564447258462630098219799118347627120122126259,22,495,495,0.004405,0.004405,0.0,0.004405,0.995595
159,589551271893462661314759463097397605089591304053,22,483,483,0.012404,0.012404,0.0,0.012404,0.987596
159,631182522272441179585206326884145264567358144641,22,318,300,0.007861,0.007701,0.015656,0.023517,0.976483
159,436106084503182412560423534629337392438805726397,22,508,508,0.003921,0.003921,0.0,0.003921,0.996079
159,614365874960561724255698902936314085451009978123,22,438,426,0.006275,0.006119,0.019280000000000002,0.025555,0.974445
159,652808814800014009591626662453549818193223047839,22,675,675,0.019059,0.019059,0.0,0.019059,0.980941
159,431497693573687811342235449780503037093880478249,22,422,422,0.015072,0.015072,0.0,0.015072,0.984928
159,641417960009003073536715539762385574694132608057,22,318,318,0.00581,0.00581,0.0,0.00581,0.99419
159,556755493522333610334550996104356886728067513937,22,446,446,0.030889,0.030889,0.0,0.030889,0.9691110000000001
159,518738300042543123329242792010704876266634471203,22,531,512,0.014882,0.014512,0.014512,0.029394,0.970606
159,622775601463755434010798895296308923399679148479,22,370,367,0.00543,0.001261,0.006567,0.011997,0.988003
159,721092743353983610239239300767561842232656810121,22,371,371,0.021318,0.021318,0.0,0.021318,0.978682
159,725700541872878647978311987906512435448724917323,22,360,344,0.010981,0.00456,0.05023400000000001,0.061215000000000006,0.938785
159,680792306276738068787445684933623704836521586517,22,402,402,0.008752,0.008752,0.0,0.008752,0.991248
159,609838293034917899422422535971964737888944079431,22,564,554,0.004922,0.011515,0.029497999999999996,0.03442,0.96558
159,500003566005968344293642166685142120533963613397,22,375,366,0.004943,0.019881,0.057621,0.062564,0.937436
159,672585552363075626030436013518741587083784197091,22,956,956,0.008928,0.008928,0.0,0.008928,0.991072
159,667853203575891446356676483576275288677930218477,22,369,369,0.005929,0.005929,0.0,0.005929,0.994071
159,452729177399062213984412625994093209513957053659,22,491,490,0.001502,0.004434,0.004434,0.0059359999999999994,0.994064
159,718517666115847144224280227758502807408113808437,22,604,595,0.002898,0.001792,0.001792,0.00469,0.99531
160,1115913240165002032294944939882858364194015937199,22,356,337,0.003827,0.003848,0.01815,0.021977,0.978023
160,1440912770676709848638629792376134253525608074541,22,628,626,0.003146,0.00499,0.00499,0.008136,0.991864
160,933815358984064483011197510331330335221655664157,22,410,404,0.005195,0.005249,0.025487,0.030682,0.969318
160,969243323728712475535486623630623651719920512731,22,368,368,0.077457,0.077457,0.0,0.077457,0.922543
160,1076466504888089627494905309713319219664710433643,22,374,373,0.017640000000000003,0.009005,0.009005,0.026645000000000002,0.973355
160,1421116437931458286969196379690998986504855152749,22,564,553,0.006661,0.006135,0.022468000000000002,0.029129000000000002,0.970871
160,1172553592352544090305146581654443943982800468347,22,384,384,0.021032000000000002,0.021032000000000002,0.0,0.021032000000000002,0.978968
160,909793617870750937141425081136809004936031725807,22,846,837,0.014399,0.007567,0.010273000000000001,0.024672,0.975328
160,1057437110620229076506102833609193814696668318251,22,409,408,0.011179,0.004097,0.004097,0.015276,0.984724
160,1272489506939449407441353102540516266393948251787,22,392,392,0.006804,0.006804,0.0,0.006804,0.993196
160,1080313044916089688695708805273339794814591207951,22,334,334,0.016848,0.016848,0.0,0.016848,0.983152
160,1149353867679185877473020663684612261737991945873,22,322,316,0.02693,0.012138,0.012138,0.039068,0.960932
160,983949157142389589790721652739207946878875195771,22,355,349,0.009378,0.01602,0.01602,0.025397999999999997,0.974602
160,1361143599389480694086689546211220334021828686817,22,405,405,0.04629,0.04629,0.0,0.04629,0.9537100000000001
160,1021091838147883904869937336936298707335596006313,22,467,448,0.010471000000000001,0.000414,0.047417999999999995,0.057888999999999996,0.942111
160,1294988162211010208686476509915675738782236322669,22,401,401,0.061167,0.061167,0.0,0.061167,0.938833
160,1122941529731570548110403398235866601161586536011,22,350,350,0.01532,0.01532,0.0,0.01532,0.98468
160,1432805530443255062195929071604085524855630107221,22,361,361,0.016059,0.016059,0.0,0.016059,0.983941
160,1153032896620140114746318270771321999716861546507,22,437,437,0.010684,0.010684,0.0,0.010684,0.989316
160,964310714558373662737593657033125267637818078167,22,374,361,0.004779,0.005666,0.021235,0.026014000000000002,0.973986
161,2549342994142969438502207735324263431486603124709,22,349,349,0.017919,0.017919,0.0,0.017919,0.982081
161,2681100216348215889829625802961254331665674276717,22,434,433,0.0041329999999999995,0.001329,0.001329,0.005462,0.994538
161,2880298692764464678292391755309173496702002183049,22,454,454,0.002973,0.002973,0.0,0.002973,0.997027
161,1772591985057680454231176923477927954936575167497,22,298,298,0.032489,0.032489,0.0,0.032489,0.967511
161,2083705746610030102470078930728254734269258767559,22,405,405,0.012552,0.012552,0.0,0.012552,0.987448
161,2592051223899969308896255211589583595849607840917,22,531,522,0.00746,0.006229,0.021066,0.028526000000000003,0.971474
161,1964444950659050423101133436896095725128026615861,22,320,320,0.001786,0.001786,0.0,0.001786,0.998214
161,2664894503748551145754658751022334263049302504109,22,410,396,0.013327,0.004231,0.007424,0.020751,0.979249
161,2890667027374661591725712210164725411830649644971,22,453,453,0.009639,0.009639,0.0,0.009639,0.990361
161,2315237919643127678001317504649602348775135239989,22,419,419,0.019835,0.019835,0.0,0.019835,0.980165
161,2263615665739021443959839330064499024174205984757,22,355,353,0.035111,0.014658,0.014658,0.049769,0.950231
161,2715737041694779962072587570440702427479596688267,22,412,399,0.004825,0.007886,0.01498,0.019805,0.980195
161,2242913431855633380375884470582819076336280851693,22,563,563,0.007391,0.007391,0.0,0.007391,0.992609
161,2196055705110050413211594819707917380387387874647,22,478,478,0.012231,0.012231,0.0,0.012231,0.987769
161,2386559963764208317133465196705396071874399113177,22,454,454,0.014818,0.014818,0.0,0.014818,0.985182
161,2496018222066887071360307538619052262154796275933,22,460,451,0.013825,0.015132,0.015132,0.028957,0.971043
161,2643999513168057204584957107582487653622472397817,22,473,473,0.007268,0.007268,0.0,0.007268,0.992732
161,2635743115320503461112643487699959884803825828717,22,412,412,0.030740999999999997,0.030740999999999997,0.0,0.030740999999999997,0.969259
161,2825605982926347409937517778879057613012900909681,22,434,433,0.001306,0.001584,0.001584,0.00289,0.99711
161,1945681273593238791686785823639092496168175333883,22,455,455,0.004294,0.004294,0.0,0.004294,0.995706
162,5142726192263316119305765044724202366191059020131,22,431,431,0.015924,0.015924,0.0,0.015924,0.984076
162,4356714020119985091707387224305757015484033268083,22,354,354,0.077166,0.077166,0.0,0.077166,0.922834
162,5760088733269586802798761031015562375783053998981,22,411,399,0.01521,0.014486,0.014486,0.029696,0.970304
162,5126536210830929842911126218863559555593079772241,22,462,449,0.005511,0.002402,0.003529,0.00904,0.99096
162,4355984306317180250941284630714493550289288293197,22,529,529,0.009085,0.009085,0.0,0.009085,0.990915
162,5372238624316637074604877264416233805336449398107,22,393,381,0.006744,0.004905,0.022254999999999997,0.028998999999999997,0.971001
162,3370953511586955617438834489704567964510236112387,22,366,348,0.006808,0.014787,0.028388,0.035196,0.964804
162,5654048134438701321190467092520015125597334765619,22,929,919,0.002147,0.001413,0.0022069999999999998,0.004354,0.995646
162,5347560175544712010315634817224870510859508906709,22,426,426,0.045852,0.045852,0.0,0.045852,0.954148
162,5736419416140119735836049169364015628764346059723,22,814,797,0.003209,0.001748,0.007854,0.011063,0.988937
162,4650109252981784028797300655435682334415722439709,22,507,504,0.022387,0.005924,0.005924,0.028311,0.971689
162,4851575313540019468754262146798472592699356416503,22,445,445,0.007121,0.007121,0.0,0.007121,0.992879
162,4620052361353557581946034404083231874642184874639,22,470,462,0.035073,0.003223,0.003223,0.038296,0.961704
162,5522800988337253824728791418632480547260333713827,22,417,417,0.013876,0.013876,0.0,0.013876,0.986124
162,5499586014822265836968576304450001678297022377393,22,658,658,0.006083,0.006083,0.0,0.006083,0.993917
162,3564133393297332356275713734544213713680389996917,22,385,385,0.004872,0.004872,0.0,0.004872,0.995128
162,5515322111725050184603784308918954761722437406837,22,422,413,0.007756,0.003724,0.003724,0.01148,0.98852
162,4485461183490214672847356727639397071039303926699,22,390,390,0.00763,0.00763,0.0,0.00763,0.99237
162,5195480640606091839263058107075820094394110075261,22,379,374,0.008646,0.005232,0.005232,0.013877999999999998,0.986122
162,5741107958946558148650160180297387601202820663099,22,469,469,0.013321,0.013321,0.0,0.013321,0.986679
163,9747578468936317254902406784741698921811080904511,22,423,408,0.015688,0.002904,0.025874,0.041562,0.958438
163,10111701947436338618707597112719816959644907307921,22,494,494,0.01712,0.01712,0.0,0.01712,0.98288
163,9500974977324321481710304769960767745184067228853,22,389,383,0.009202,0.00943,0.00943,0.018632,0.981368
163,10923265258610933252939304751090963667320491815059,22,370,370,0.007628,0.007628,0.0,0.007628,0.992372
163,6277296598420519157375291811600475171257085054819,22,328,328,0.010679,0.010679,0.0,0.010679,0.989321
163,9231618602773719751425117097585869209969078112883,22,456,449,0.025253,0.018738,0.026944000000000003,0.05219700000000001,0.947803
163,10035352768951452538707551978057565508665635317309,22,472,465,0.006553,0.0098,0.0098,0.016353,0.983647
163,7654209071367977951897371689264431599631570961337,22,337,337,0.008358,0.008358,0.0,0.008358,0.991642
163,10824194889247063645916265364865318315163275587691,22,393,363,0.011053,0.013667,0.017827,0.02888,0.97112
163,7007067855178084077334907729020251703138388423407,22,588,588,0.006317,0.006317,0.0,0.006317,0.993683
163,11563629162960767561469993435982566900206290797341,22,339,339,0.035206,0.035206,0.0,0.035206,0.964794
163,10432647582007091942814866236806348920448169897081,22,412,409,0.00863,0.010977,0.035833000000000004,0.044463,0.955537
163,11013321740409425001654829975108773198879722323169,22,486,486,0.011523,0.011523,0.0,0.011523,0.988477
163,11388208541060705561819087229232095358667380786273,22,566,566,0.057017,0.057017,0.0,0.057017,0.942983
163,11103735522688372546281614770298463681690271542443,22,512,512,0.018433,0.018433,0.0,0.018433,0.981567
163,8215686036974456744106483973928387713743004968589,22,459,449,0.031376,0.001721,0.001721,0.033097,0.966903
163,10366420373188722818237768081269384282174284586279,22,524,518,0.004481,0.006672,0.006672,0.011153,0.988847
163,9887493049291697627584648336712714992824228820507,22,384,384,0.006995,0.006995,0.0,0.006995,0.993005
163,11291772697596805962306082330181863662191216703401,22,705,685,0.0029200000000000003,0.000566,0.007873999999999999,0.010794,0.989206
163,8629299483287912574962165393081179705241759373329,22,539,539,0.024478,0.024478,0.0,0.024478,0.975522
164,20210344270042780228524473590981781384374263250651,22,712,674,0.0029300000000000003,0.001135,0.025791,0.028721000000000003,0.971279
164,17385754946083473907588211247263282920082635440931,22,449,449,0.00629,0.00629,0.0,0.00629,0.99371
164,15065200337324516365624234372840728893791849883677,22,549,549,0.021019,0.021019,0.0,0.021019,0.978981
164,20001274208685757373389824972298109151192644683421,22,467,444,0.006632,0.00529,0.020204,0.026836,0.973164
164,23206373050027225840725924288883018652907266761573,22,416,416,0.012333,0.012333,0.0,0.012333,0.987667
164,22025345891505684794425190360346292788092251835117,22,343,343,0.036688,0.036688,0.0,0.036688,0.963312
164,17433500709489283073258616221836367960841092957683,22,417,417,0.020587,0.020587,0.0,0.020587,0.979413
164,20619243792726008996626054260855579390889646661671,22,519,514,0.011526999999999999,0.001166,0.013515000000000001,0.025042000000000002,0.974958
164,17851954102483708548111820947964979316071559518321,22,520,506,0.003504,0.00293,0.012184,0.015688,0.984312
164,15520227091786292775179646082304899324457570987803,22,414,414,0.010978,0.010978,0.0,0.010978,0.989022
164,21025509716353739955780362583473341923163070100707,22,511,508,0.009388,0.007341,0.007341,0.016729,0.983271
164,14498146431977835998639783360838649091026316741701,22,513,513,0.008376,0.008376,0.0,0.008376,0.991624
164,19111791960401045569879778943278968002523890458231,22,326,326,0.003924,0.003924,0.0,0.003924,0.996076
164,16530301572124410378960034538876085010836459672467,22,349,349,0.002538,0.002538,0.0,0.002538,0.997462
164,18221873864190480631751119997397311265906143427919,22,640,640,0.032244,0.032244,0.0,0.032244,0.967756
164,19509002958117864345830026901941875949728480482351,22,679,679,0.004294,0.004294,0.0,0.004294,0.995706
164,22672286378997470934496964350911104497412505665789,22,422,422,0.010087,0.010087,0.0,0.010087,0.989913
164,23046477364042922130498611236049763734841923672321,22,584,571,0.005604,0.002794,0.051163,0.056767,0.943233
164,17549286263321631100185248104947257910955608889553,22,373,373,0.068621,0.068621,0.0,0.068621,0.931379
164,21059636316678691840527110401614339175235554714931,22,480,480,0.019527,0.019527,0.0,0.019527,0.980473
165,41832933592112304400801943026671467969363831087923,22,360,360,0.005258,0.005258,0.0,0.005258,0.994742
165,35682862411294951100561921127821057964487467339443,22,420,408,0.037162,0.035718,0.035718,0.07288,0.9271199999999999
165,42835312913720678185448545784074783359123970744159,22,383,383,0.02657,0.02657,0.0,0.02657,0.97343
165,40881659780738625128558353749592964839279265435171,22,366,364,0.00411,0.008747,0.008747,0.012857,0.987143
165,45322494471102900510547891895971824081862698563281,22,360,343,0.008868,0.002961,0.011485,0.020353,0.979647
165,45929128788840959205376511336193947297685265640951,22,950,946,0.004183,0.00112,0.00112,0.005303,0.994697
165,44489998373490387700600426834275888436763809873019,22,807,807,0.001958,0.001958,0.0,0.001958,0.998042
165,35790092378947652923809024031202004014344249255817,22,484,473,0.012522,0.004852,0.004852,0.017374,0.982626
165,45161106773899709982331683988937842529673051859151,22,517,517,0.00425,0.00425,0.0,0.00425,0.99575
165,41611075822328138418773040753161992670148754649183,22,427,427,0.002971,0.002971,0.0,0.002971,0.997029
165,43893688025396579244143003549941949711112694897597,22,595,595,0.012497,0.012497,0.0,0.012497,0.987503
165,38949108443317524477011125919734633057707138102373,22,460,460,0.004272,0.004272,0.0,0.004272,0.995728
165,44506757530726502698455041633661918108484228681201,22,606,587,0.004379,0.004354,0.018904,0.023283,0.976717
165,45700176760813962794447132804379570073089321130619,22,452,450,0.012441,0.002568,0.0046890000000000005,0.01713,0.98287
165,36717319074712975178793976563482551630954666600147,22,518,518,0.004219,0.004219,0.0,0.004219,0.995781
165,40081717737177734357477768258828819203380673838299,22,467,467,0.011499,0.011499,0.0,0.011499,0.988501
165,42668271582757088828333733690941986896240697265291,22,344,344,0.08580600000000001,0.08580600000000001,0.0,0.08580600000000001,0.914194
165,42066162699265700510000155471171171993026790897181,22,335,335,0.008776,0.008776,0.0,0.008776,0.991224
165,43079437256800894081452117481597778557867932256481,22,761,721,0.006713000000000001,0.002299,0.027355999999999995,0.034068999999999995,0.965931
165,39639751732104952918265482468837059446746603506727,22,455,455,0.006879,0.006879,0.0,0.006879,0.993121
166,64455071458380183185819126791305562795840205337607,22,556,556,0.00092,0.00092,0.0,0.00092,0.99908
166,90075771203582122330247262323941154266135655067703,23,584,577,0.009396999999999999,0.004773,0.004773,0.014169999999999999,0.98583
166,72228823129784081606691745887439926673012583025583,22,602,602,0.004414,0.004414,0.0,0.004414,0.995586
166,69837432774442923128016482628855170461287372899371,22,459,431,0.014302,0.010034,0.04519599999999999,0.059497999999999995,0.940502
166,89244922194937743144971782767253188914316795885797,23,520,502,0.008428,0.004826,0.004826,0.013254,0.986746
166,88746453267789363020668583643470490537450658613921,23,430,428,0.013792,0.004916,0.004916,0.018708000000000002,0.981292
166,88713786474705850221237608801094392192327303798911,23,433,409,0.0065780000000000005,0.002372,0.014168,0.020746,0.979254
166,87557406481398096612837568774546924908523956472679,22,501,501,0.020817,0.020817,0.0,0.020817,0.979183
166,83804917377281198336877975468864158449629337119497,22,429,429,0.033249,0.033249,0.0,0.033249,0.966751
166,81569638913156092214718111347132660641468885512997,22,374,374,0.008561,0.008561,0.0,0.008561,0.991439
166,52608719657148563796512530136536674250280158137673,22,587,587,0.025939,0.025939,0.0,0.025939,0.974061
166,89221264190598117801701321295581964396857406691793,23,360,360,0.020156,0.020156,0.0,0.020156,0.979844
166,91421352408629645983856436933886907626516790327531,23,444,439,0.008615,0.029342,0.044466,0.053080999999999996,0.946919
166,92354408607697290294087669975129842220424154225839,23,359,359,0.00955,0.00955,0.0,0.00955,0.99045
166,90307244958886521065070588400571519599452170426827,23,440,433,0.029685,0.004664,0.004664,0.034349,0.965651
166,61951676507642868191945772939153670793162317140439,22,659,659,0.007311,0.007311,0.0,0.007311,0.992689
166,57096092534835312898852423687190032724229132615371,22,402,402,0.005274,0.005274,0.0,0.005274,0.994726
166,77734094079183033282661848210260105535011878058221,22,443,426,0.013205,0.044014,0.075847,0.08905199999999999,0.910948
166,61439716290799937763975920406477923341938046630307,22,538,533,0.029612,0.004661,0.004661,0.034273,0.965727
166,92944946903546196014112302841886638418369209076507,23,333,312,0.000825,0.009396,0.018354,0.019178999999999998,0.980821
167,185191770581306272864194984747884925328034141094049,23,360,355,0.004611,0.002354,0.002354,0.006965,0.993035
167,150753299534321728385042450116986328932503586710791,23,402,402,0.041098,0.041098,0.0,0.041098,0.958902
167,122185038003700368219528064449236784866763422689417,23,384,384,0.001316,0.001316,0.0,0.001316,0.998684
167,178235118269758334366445181520116909697869973267843,23,418,418,0.003356,0.003356,0.0,0.003356,0.996644
167,125101284926137051500851455837556179024574472599693,23,403,399,0.005121,0.003342,0.013456999999999998,0.018577999999999997,0.981422
167,183608279157579728300471834586610846132033916363009,23,435,435,0.016292,0.016292,0.0,0.016292,0.983708
167,123823837425211259366602079641341299640350463304427,23,487,460,0.006615,0.001857,0.027901,0.034516,0.965484
167,182738591737141364288038096817725089299414242881199,23,372,363,0.003159,0.001726,0.009486999999999999,0.012646,0.987354
167,144881986800772159131971678194070421363231610326503,23,488,488,0.035623,0.035623,0.0,0.035623,0.964377
167,169113029671003783909165383403390189332006078766403,23,756,756,0.015023,0.015023,0.0,0.015023,0.984977
167,180203454172404433999728807424822530543427009853893,23,618,613,0.013101,0.008568,0.009103,0.022204,0.977796
167,176740473075257510677017027826065071164478066806109,23,329,329,0.00411,0.00411,0.0,0.00411,0.99589
167,154708744984764752253150630606148953411120836248223,23,517,515,0.005206,0.008417,0.008417,0.013623,0.986377
167,185822038963156756154989463606402264231845142986571,23,499,499,0.002437,0.002437,0.0,0.002437,0.997563
167,164713641976176077509064527913611509808492198546303,23,429,429,0.003119,0.003119,0.0,0.003119,0.996881
167,174143473517067658771245663523001506669684229251583,23,294,294,0.01023,0.01023,0.0,0.01023,0.98977
167,134875484299471317108685835177615212803568324951771,23,325,325,0.012815,0.012815,0.0,0.012815,0.987185
167,182071589557326943011646537770784052720010679622671,23,457,457,0.019367,0.019367,0.0,0.019367,0.980633
167,107723548795615044892707554332906198918982581905521,23,416,416,0.005794,0.005794,0.0,0.005794,0.994206
167,110235062257219473750266489148464622602430677309023,23,469,461,0.009448,0.003244,0.010006,0.019454,0.980546
168,355867559027045347481742474164268313169270448267103,23,532,532,0.001816,0.001816,0.0,0.001816,0.998184
168,354354498343882825539049178202420048518235057099511,23,382,380,0.012222,0.003893,0.003893,0.016115,0.983885
168,297316862371625606791660530918145246188551598375827,23,462,462,0.00837,0.00837,0.0,0.00837,0.99163
168,251334070780906996792106667358010626199124871015193,23,382,382,0.008112,0.008112,0.0,0.008112,0.991888
168,266089629335928959939990984219310389073099671366189,23,377,377,0.031202,0.031202,0.0,0.031202,0.968798
168,297312478520764466042800805099268401234237086618769,23,498,498,0.00349,0.00349,0.0,0.00349,0.99651
168,252694597694857518298868919901861055603851696256479,23,402,402,0.002302,0.002302,0.0,0.002302,0.997698
168,286391540226265125508001191752822610514127971418977,23,445,445,0.012907,0.012907,0.0,0.012907,0.987093
168,318688943619592236326261968753666579542852488008771,23,516,512,0.015664,0.004014,0.004014,0.019678,0.980322
168,348197322658922333549563681800422289216265150015297,23,516,495,0.007876,0.003999,0.031689,0.039565,0.960435
168,368542669960002587168410129566818072485889583789247,23,477,477,0.004933,0.004933,0.0,0.004933,0.995067
168,268548911990920458790785330758705695531710970965877,23,384,384,0.006002,0.006002,0.0,0.006002,0.993998
168,331941207943771650157715950616862772785852585230449,23,394,379,0.016219,0.017131,0.046154,0.062373,0.937627
168,323877960143720182139921715509016936864755738538083,23,395,395,0.003903,0.003903,0.0,0.003903,0.996097
168,363122401231538903702884958200573978698665726858941,23,428,425,0.024824,0.007335,0.007335,0.032159,0.967841
168,308228420728279829232936597270463065825898054642939,23,374,374,0.017769,0.017769,0.0,0.017769,0.982231
168,283116060916231999061737214282503740357534622019947,23,391,391,0.010705,0.010705,0.0,0.010705,0.989295
168,281428688528495768940994883006958194198779974610219,23,509,508,0.014361,0.018811,0.018811,0.033172,0.966828
168,326678933726286291994787934645555743351568375175913,23,420,411,0.015262,0.010378,0.010378,0.02564,0.97436
168,242229774464479250019542042945875041752252033094853,23,806,785,0.001129,0.004096,0.034502,0.035630999999999996,0.964369
169,549419723295960540447780008307906211005792776812829,23,484,484,0.004434,0.004434,0.0,0.004434,0.995566
169,664865469281161842324657652489314073194401709162263,23,616,616,0.007639,0.007639,0.0,0.007639,0.992361
169,526275837673483487444634125901789672050479746789367,23,459,452,0.002107,0.003595,0.0073349999999999995,0.009441999999999999,0.990558
169,677970966743848576239473283142953742552801707940111,23,437,437,0.003842,0.003842,0.0,0.003842,0.996158
169,657821691628060301322956147101670288895728662024039,23,429,429,0.024301,0.024301,0.0,0.024301,0.975699
169,715264587022453456200004920592343027582234072699119,23,727,686,0.002288,0.004438,0.07822500000000003,0.08051300000000003,0.9194869999999999
169,564263055842251392661877742982498545034787789672701,23,391,385,0.01079,0.005034,0.013306,0.024096,0.975904
169,709752893570015397017697204082578787464541589122757,23,360,360,0.009313,0.009313,0.0,0.009313,0.990687
169,655017367008869539322579634764112530246507710350587,23,422,422,0.033843,0.033843,0.0,0.033843,0.966157
169,657292182528951725976013293116638919927942739731969,23,405,371,0.0036220000000000002,0.002061,0.03396899999999999,0.03759099999999999,0.962409
169,723786901355715251133499133823457447564442130316753,23,894,894,0.004776,0.004776,0.0,0.004776,0.995224
169,523829125978495822418790946811975528394043957096661,23,390,390,0.024063,0.024063,0.0,0.024063,0.975937
169,541477377066573582590059723667831900889584456117101,23,343,343,0.023226,0.023226,0.0,0.023226,0.976774
169,695788992079943252596035093883032289031003550676639,23,463,463,0.004394,0.004394,0.0,0.004394,0.995606
169,694333695686916638920533025197721880230919832136049,23,363,363,0.012793,0.012793,0.0,0.012793,0.987207
169,485822670269234256517166328139449043912746690035101,23,401,394,0.006082,0.008212,0.013892000000000002,0.019974000000000002,0.980026
169,621048212309618498722906441939308335619301463127923,23,452,452,0.009845,0.009845,0.0,0.009845,0.990155
169,471378305746743164537629288149409115192944188760511,23,410,401,0.00243,0.004262,0.006265,0.008695,0.991305
169,679166054805478107698598400374518496104565906945673,23,338,338,0.01853,0.01853,0.0,0.01853,0.98147
169,478874915531854708795103201026072431746838752011189,23,478,470,0.02985,0.006529,0.021204,0.051054,0.948946
170,1289318240951187150423696809121408247188110724374959,23,383,383,0.029145,0.029145,0.0,0.029145,0.970855
170,1317598680651458934736004969973115054629720267802427,23,412,411,0.020912,0.011825,0.011825,0.032737,0.967263
170,1387016971391792365767686427962070113773978808021599,23,435,427,0.001869,0.003454,0.007285,0.009153999999999999,0.990846
170,1301605848278604502292287990083848668281772339668443,23,529,525,0.001492,0.001157,0.0025570000000000002,0.0040490000000000005,0.995951
170,1454027346176602205583289937091731344133146246553801,23,577,558,0.025092,0.004114,0.038104,0.063196,0.936804
170,967653528079116878085780463103240904324567568232963,23,531,531,0.013366,0.013366,0.0,0.013366,0.986634
170,1261056843454978621289453730316681785701648409889253,23,488,487,0.011758,0.012145,0.012145,0.023903,0.976097
170,837639897222655440981696060794566569158254246200341,23,432,432,0.000705,0.000705,0.0,0.000705,0.999295
170,1380352939133440466587651274847015029204065064236727,23,661,661,0.022016,0.022016,0.0,0.022016,0.977984
170,1470202321847100083182546960194231350823305902723733,23,488,488,0.023587,0.023587,0.0,0.023587,0.976413
170,1395451141662017337518566124235400507157510063162651,23,386,386,0.00325,0.00325,0.0,0.00325,0.99675
170,1443973581327167714924022043427922410334336886476631,23,452,436,0.006563,0.003163,0.020631,0.027194,0.972806
170,1248251220039825096428185208030859202496488462447199,23,480,480,0.014761,0.014761,0.0,0.014761,0.985239
170,1485074191992056020325974520634552289818056666197811,23,431,431,0.004152,0.004152,0.0,0.004152,0.995848
170,1254247931868399620218293166952069391063175723231013,23,515,502,0.021534,0.024833,0.046406,0.06794,0.93206
170,1257669066486116581118684542985264257389351752099207,23,336,336,0.024744,0.024744,0.0,0.024744,0.975256
170,938770475414108901814693140661602364827961258856599,23,363,359,0.010296,0.014659,0.014659,0.024954999999999998,0.975045
170,1066007335410228423895411628779579916508643551606013,23,442,440,0.034151,0.007799,0.007799,0.04195,0.95805
170,1055641473154584299321451059456907378615225873359927,23,466,466,0.031945,0.031945,0.0,0.031945,0.968055
170,1450909537806030357996742850817171901677376101936973,23,352,349,0.023393,0.011016,0.021344,0.044737,0.955263
171,2320628485992640066699844867503781431624090632616007,23,420,409,0.01883,0.01532,0.01532,0.03415,0.96585
171,2687357138509969949945838036658262421119489089392571,23,398,392,0.000426,0.000971,0.000971,0.001397,0.998603
171,2179890418570410841271805505892530931206234443075251,23,499,499,0.019681,0.019681,0.0,0.019681,0.980319
171,2643553863724729454040982582317963102955115497112137,23,664,659,0.0061059999999999994,0.00359,0.005809,0.011914999999999999,0.988085
171,2460627882183105189199201566900305707431196028435837,23,483,483,0.005791,0.005791,0.0,0.005791,0.994209
171,2339826321982801679364695234505710301355859790744791,23,685,685,0.002033,0.002033,0.0,0.002033,0.997967
171,2758900339445195828507819823171495863952057663997793,23,372,372,0.030006,0.030006,0.0,0.030006,0.969994
171,1842882812388021598690092464110026835556610550203901,23,687,664,0.001305,0.002334,0.0072039999999999995,0.008509,0.991491
171,2527348162893818585716726864029885307488142009814867,23,378,352,0.005603,0.002591,0.007358,0.012961,0.987039
171,2837554568622031909115383188427508045834871248866231,23,390,390,0.033646,0.033646,0.0,0.033646,0.966354
171,1980107624548085725945997103475068875829188531206579,23,895,895,0.018334,0.018334,0.0,0.018334,0.981666
171,2569544928058170304082873120455860591460518083182909,23,515,515,0.005818,0.005818,0.0,0.005818,0.994182
171,2690941433828007792933739463035154894668803736090667,23,360,356,0.005418,0.010329,0.010329,0.015747,0.984253
171,2790043200701068932081541267461948287073389647656629,23,317,317,0.014873,0.014873,0.0,0.014873,0.985127
171,2090916108644774601950745809429826244133327238488009,23,444,425,0.010089,0.011043,0.011043,0.021132,0.978868
171,2565736058589956952109798640055629482853606450052707,23,494,488,0.011364,0.003857,0.003857,0.015221000000000002,0.984779
171,2857998842268811336179375833801691573922890863274847,23,686,686,0.015998,0.015998,0.0,0.015998,0.984002
171,2396493466906125285828056384566870470681794130877669,23,441,441,0.00871,0.00871,0.0,0.00871,0.99129
171,2690381636823230507251275613355703537300523990202027,23,567,546,0.006607,0.008166,0.035313,0.04192,0.95808
171,2534044398151279155788338071872494168885731333317717,23,517,517,0.007892,0.007892,0.0,0.007892,0.992108
172,4462022261486228276470696903183179974341102550314813,23,589,579,0.009483,0.00293,0.022497999999999997,0.031980999999999996,0.968019
172,4973934130046512061706003746504778764546358353047069,23,483,469,0.002723,0.00185,0.009264000000000001,0.011987000000000001,0.988013
172,5648094522288795174255363457633460814882962588225833,23,595,573,0.001866,0.002204,0.020352,0.022217999999999998,0.977782
172,4726592204009198207872992689944913141786425094656837,23,812,812,0.005769,0.005769,0.0,0.005769,0.994231
172,5594622054792930920033030420069168546546514996297059,23,375,375,0.012886,0.012886,0.0,0.012886,0.987114
172,5195538082333779164457732930160988690944352296084861,23,419,402,0.050483,0.013621,0.06382000000000002,0.11430300000000002,0.885697
172,4025284698876107182620642633377455297801856255767501,23,452,452,0.005664,0.005664,0.0,0.005664,0.994336
172,4383786029746298282865883459946099335415639923579151,23,540,527,0.01792,0.016647,0.016647,0.034567,0.965433
172,4240211809755560196715516460800231502364014252588639,23,428,423,0.02973,0.014855,0.014855,0.044585,0.955415
172,5548533853252799042694444930927799861408846535815007,23,419,411,0.007671,0.004212,0.01312,0.020791,0.979209
172,5437902847130435025801669508069442332314935248409143,23,460,451,0.005124,0.005324,0.00962,0.014744,0.985256
172,4141743792397074660421973109728086317758715931017277,23,427,423,0.004151,0.014225999999999999,0.014225999999999999,0.018376999999999998,0.981623
172,4778987191980938572456617933856060465243353739312487,23,499,465,0.011506,0.00167,0.024836,0.036342,0.963658
172,4739381656678028395979571409181320777773237194812847,23,415,399,0.00627,0.015595,0.043879,0.050149,0.949851
172,4804326313493129486456115335738865566041096602990667,23,728,728,0.013195,0.013195,0.0,0.013195,0.986805
172,4104752537262135739627532234359506058920546702141581,23,409,409,0.015871,0.015871,0.0,0.015871,0.984129
172,3803744058813253158320678543084926588928670333519661,23,428,428,0.011955,0.011955,0.0,0.011955,0.988045
172,4385465259125919643879994689875257236736934784890611,23,483,478,0.001619,0.003351,0.003351,0.00497,0.99503
172,5279890751954713468197389506413223751577777606451787,23,424,424,0.028709,0.028709,0.0,0.028709,0.971291
172,4160916851387881458666582220339040710916709604934989,23,458,458,0.004207,0.004207,0.0,0.004207,0.995793
173,10923792501645012754794107569655030715119609536422907,23,415,415,0.004699,0.004699,0.0,0.004699,0.995301
173,10049473751846112538141515321974984014498020571782187,23,361,361,0.038154,0.038154,0.0,0.038154,0.961846
173,11478453237002096953758919917104639903243507350422841,23,640,640,0.00408,0.00408,0.0,0.00408,0.99592
173,10169455292752448241266658515571649753093170083937973,23,376,376,0.006847,0.006847,0.0,0.006847,0.993153
173,11141435091489660417203162826279290403361648348555217,23,404,404,0.014449,0.014449,0.0,0.014449,0.985551
173,11845946756557169576442319415563300804632186316185761,23,359,359,0.01731,0.01731,0.0,0.01731,0.98269
173,6606020196711476677748380921663035663590800650212861,23,496,496,0.004391,0.004391,0.0,0.004391,0.995609
173,9223304994372936325365139311788951438575340466147653,23,358,358,0.006086,0.006086,0.0,0.006086,0.993914
173,9937936138453613172200974798887957858538887333434453,23,453,449,0.001747,0.001085,0.001085,0.0028320000000000003,0.997168
173,11559606582085509839598371324267429245568074606311239,23,375,372,0.009566,0.005453,0.005453,0.015019000000000001,0.984981
173,8567518689055579897923237570331424934191919130124683,23,408,392,0.010341,0.002084,0.006615,0.016956,0.983044
173,7757833041287954123219330741833398980401403365844671,23,521,514,0.004763,0.003088,0.009189,0.013951999999999999,0.986048
173,9316049178944443793561813909420289680048038873209887,23,711,711,0.018419,0.018419,0.0,0.018419,0.981581
173,9928833671075698004690547493411708722996168864524191,23,442,442,0.027361,0.027361,0.0,0.027361,0.972639
173,8082599286688078272326597296230019194455017969460353,23,403,397,0.005149,0.004401,0.004401,0.00955,0.99045
173,11722980560595969629675859144256076147885119391535181,23,573,573,0.012819,0.012819,0.0,0.012819,0.987181
173,9593608908661975634163739787876317382759712663032617,23,807,807,0.003881,0.003881,0.0,0.003881,0.996119
173,7514341258039837561785554369913705517231217351886269,23,514,501,0.009643,0.009,0.009,0.018643,0.981357
173,10788110854762710095666872487306279223201853493970649,23,448,441,0.00383,0.00351,0.00351,0.00734,0.99266
173,10830515307409583755599110009630409242843757129551833,23,435,416,0.029183,0.026452,0.037042000000000005,0.066225,0.933775
174,22104611793997230117343176470598753099597657699857767,23,364,364,0.011684,0.011684,0.0,0.011684,0.988316
174,18763942404536135019296013058405167365237739426352961,23,382,382,0.061914,0.061914,0.0,0.061914,0.938086
174,14688504101174039979833028914301622192512344235844163,23,530,530,0.006813,0.006813,0.0,0.006813,0.993187
174,16722058225437982034822488549751786303201587785473951,23,460,460,0.028449,0.028449,0.0,0.028449,0.971551
174,21509336382097775444053571500023183533792843315954141,23,668,668,0.004538,0.004538,0.0,0.004538,0.995462
174,22850977655225044606098189565776865301144522899108753,23,373,373,0.053299,0.053299,0.0,0.053299,0.946701
174,17279223071662642072680635911044372251032271203557523,23,391,391,0.004405,0.004405,0.0,0.004405,0.995595
174,22947441514018658653094720368483897068968757283032113,23,369,362,0.001936,0.001565,0.002865,0.004801,0.995199
174,18341314976728685056786009125261875389901729222197411,23,524,500,0.002608,0.006995,0.014712,0.01732,0.98268
174,21198313883423610607647845217061584129219727405462807,23,699,693,0.018439,0.003934,0.022085,0.040524000000000004,0.959476
174,12839400785843164820295834351653620428577969094536553,23,545,513,0.010727,0.004545,0.014070000000000001,0.024797,0.975203
174,23322450000830661268788758752052782250935597472051533,23,357,342,0.003408,0.001949,0.001949,0.005357,0.994643
174,16333148817978325754024309091523862744059567919963111,23,543,543,0.015587,0.015587,0.0,0.015587,0.984413
174,14462970911237542989272454421381604521266425359311389,23,536,536,0.009638,0.009638,0.0,0.009638,0.990362
174,18949560281665792004413178756295887592891979934348561,23,364,364,0.003392,0.003392,0.0,0.003392,0.996608
174,21408407116291656012109167833580671913503017751545967,23,495,495,0.005986,0.005986,0.0,0.005986,0.994014
174,22631651939782172827484157664433587783833485119069961,23,456,456,0.008368,0.008368,0.0,0.008368,0.991632
174,21837034941512546186024799051115680122246295015518093,23,436,436,0.001941,0.001941,0.0,0.001941,0.998059
174,23437804484573336991839150008388329128133779513222523,23,705,705,0.004649,0.004649,0.0,0.004649,0.995351
174,21670228153893009427879223165719671325428625794224927,23,378,378,0.016426,0.016426,0.0,0.016426,0.983574
175,40488067071432624121676494427962676744307992814206389,23,495,495,0.008714,0.008714,0.0,0.008714,0.991286
175,47880832610030432571309186253738451904700554037260907,23,391,391,0.024114999999999998,0.024114999999999998,0.0,0.024114999999999998,0.975885
175,45878748309865752441663931039655772029562012040164497,23,421,418,0.009134,0.003944,0.003944,0.013078,0.986922
175,44519607957401945468255440685812779498238330725202451,23,714,714,0.00345,0.00345,0.0,0.00345,0.99655
175,38437122674547888080483896869357910936491022366930391,23,566,558,0.007813,0.007976,0.010596000000000001,0.018409000000000002,0.981591
175,47064113916853618606448841022057749802258231599045617,23,378,374,0.021581,0.027437,0.027437,0.049018,0.950982
175,38418920847258974395155918878755125806886124993281449,23,530,530,0.005232,0.005232,0.0,0.005232,0.994768
175,29860959886171008880417800461459339604720394693120859,23,525,491,0.001822,0.002482,0.04576099999999996,0.04758299999999996,0.9524170000000001
175,47523346294694090590598436816448664799865583071536947,23,397,397,0.0059050000000000005,0.0059050000000000005,0.0,0.0059050000000000005,0.994095
175,40430147177650634814659419575820969943704601075586779,23,488,488,0.008203,0.008203,0.0,0.008203,0.991797
175,30673381581036186694644718658867052922438672540632679,23,377,360,0.001277,0.004629,0.004629,0.005906,0.994094
175,46321511197924674401868707445937064255819847549207181,23,566,552,0.007025,0.001315,0.005072,0.012097,0.987903
175,40793108447338904457818158698839208728924655609269741,23,496,480,0.008032,0.008971,0.008971,0.017002999999999997,0.982997
175,47563799216222959471208717042267403920241999763230907,23,392,392,0.011562,0.011562,0.0,0.011562,0.988438
175,44747799795754951639143084884684883018614820083166937,23,423,406,0.007157,0.002046,0.006803,0.01396,0.98604
175,46867320328474189488708379756417548186877640469492347,23,448,448,0.013875,0.013875,0.0,0.013875,0.986125
175,46542356956969036203230698142264416107162071627147053,23,396,396,0.009097,0.009097,0.0,0.009097,0.990903
175,45701878003472651488780363802977956628041054016481659,23,495,495,0.013221,0.013221,0.0,0.013221,0.986779
175,25458726975309530242094669164823103336392162094875803,23,423,423,0.01414,0.01414,0.0,0.01414,0.98586
175,39959523049873920871877996128842998488581987804339877,23,420,420,0.001435,0.001435,0.0,0.001435,0.998565
176,87990886338847859195592642389102593039937487082558279,24,489,489,0.00484,0.00484,0.0,0.00484,0.99516
176,92564124955148991262968874807483374435803628161108999,24,934,925,0.003565,0.003674,0.004648,0.008213,0.991787
176,94129007589456961191977269147297543003266132666549953,24,395,395,0.013577,0.013577,0.0,0.013577,0.986423
176,93819484016161644344551753829300322151041926203410181,24,435,435,0.001881,0.001881,0.0,0.001881,0.998119
176,73157616268457907406971375723178615684280166706710493,24,398,398,0.025077,0.025077,0.0,0.025077,0.974923
176,61542774938750705714463225629776244056185970967253653,24,496,486,0.003626,0.005821,0.005821,0.009447,0.990553
176,71800771048867515580859417044203063847762338647077403,24,390,390,0.031414,0.031414,0.0,0.031414,0.968586
176,77258340421405866522724393177859419720883968347782627,24,536,524,0.004113,0.001775,0.011353,0.015466,0.984534
176,89837078281524964039898044063254336032471057480771579,24,709,698,0.0044020000000000005,0.001388,0.011221,0.015623000000000001,0.984377
176,67631371474217585591492093931057414532556760623695867,24,387,387,0.006683,0.006683,0.0,0.006683,0.993317
176,89832926575159265651841476273066740015357110318540347,24,639,610,0.001548,0.001444,0.017855000000000003,0.019403000000000004,0.9805969999999999
176,67118204137332948793553589627698826319196161548428537,24,400,382,0.006179,0.005533,0.014396,0.020575,0.979425
176,87774156256777768160436756789989062372701963996758741,24,553,549,0.007747,0.005764,0.005764,0.013511,0.986489
176,70572719969624332011199901351228566052874877227465031,24,467,467,0.002606,0.002606,0.0,0.002606,0.997394
176,86250046064114433343982710398437258754379418231496971,24,405,405,0.005712,0.005712,0.0,0.005712,0.994288
176,87134348646583113354803029928666774546954085244353883,24,368,358,0.015476,0.002549,0.002549,0.018025,0.981975
176,71901633824806274691548687743309648812921855456127637,24,391,391,0.015857,0.015857,0.0,0.015857,0.984143
176,90150270285363435056040734184802693760325360863282387,24,527,509,0.001589,0.003131,0.009418,0.011007,0.988993
176,94046017590480304561168089303295538090394575865219973,24,523,506,0.00778,0.00254,0.005365,0.013145,0.986855
176,64190892782173257959767693618630438907905705925983597,24,432,432,0.012028,0.012028,0.0,0.012028,0.987972
177,119125070369688751792163725903852573808324382853761851,24,514,514,0.005898,0.005898,0.0,0.005898,0.994102
177,182726819299327515165849812245648871121491177942129611,24,527,511,0.003498,0.004835,0.006914,0.010412,0.989588
177,188893960779618570376876195763394634184667143767990939,24,479,479,0.006261,0.006261,0.0,0.006261,0.993739
177,177226234109374423417710011618572758541886871555971773,24,509,509,0.040179,0.040179,0.0,0.040179,0.959821
177,170417219917741538865104682908758540815889415996081587,24,501,478,0.001273,0.00475,0.006602,0.007875,0.992125
177,184456472780322533717507274449727396706948277959651997,24,726,726,0.009501,0.009501,0.0,0.009501,0.990499
177,172591822599216441031826476355149233765150072380634947,24,451,451,0.004679,0.004679,0.0,0.004679,0.995321
177,160262516696147396603234199689194202325829336961400089,24,439,424,0.003441,0.007641,0.013087000000000001,0.016528,0.983472
177,189488332491885140927092409494182632690603024073949519,24,476,457,0.007319,0.001654,0.018695,0.026014,0.973986
177,158860589548227817116386228914199311016251079037823631,24,427,426,0.012506,0.004963,0.004963,0.017469,0.982531
177,131023867650554721773986626498755865101732014114852169,24,538,522,0.012448,0.012461,0.032642,0.04509,0.95491
177,185419546061793924107275707453523293583979540373323441,24,435,427,0.015699,0.019268,0.055013000000000006,0.07071200000000001,0.929288
177,130739606859025377984032427604557137652684751978400777,24,513,508,0.008583,0.014415,0.014415,0.022998,0.977002
177,148738595022486208740372312134935505218833565972371451,24,439,439,0.020104,0.020104,0.0,0.020104,0.979896
177,167245458534901805246177899856773690854765016929409441,24,602,588,0.002182,0.000555,0.014586,0.016767999999999998,0.983232
177,167743233925335463625480222303950384908571933339861327,24,429,429,0.004545,0.004545,0.0,0.004545,0.995455
177,127846725145209783213161083219697857237418143943954471,24,572,572,0.009309,0.009309,0.0,0.009309,0.990691
177,175371321030994867998753692974243811078511522480617843,24,432,432,0.006879,0.006879,0.0,0.006879,0.993121
177,116000582161408742104082789047643826044722595827305757,24,517,508,0.004522,0.002834,0.006544,0.011066,0.988934
177,170372630777230523245695634046185057408362313049454403,24,634,627,0.001091,0.001082,0.001777,0.002868,0.997132
178,326370916554170909248800565447441227366364752100439299,24,363,363,0.006346,0.006346,0.0,0.006346,0.993654
178,351133543531254740082619452808507153835828169762359977,24,363,363,0.002117,0.002117,0.0,0.002117,0.997883
178,336454357966569634923263904170681101591018051550982463,24,507,507,0.044795,0.044795,0.0,0.044795,0.955205
178,287084766998192650266030523003134421022082997050134521,24,478,478,0.002942,0.002942,0.0,0.002942,0.997058
178,352927538094715815006260624760445835128691040320016481,24,436,436,0.014391,0.014391,0.0,0.014391,0.985609
178,338358782479052619339175922612376094187822886673941721,24,584,584,0.001096,0.001096,0.0,0.001096,0.998904
178,350983244504690877302934108411058885737259142622352279,24,404,404,0.002517,0.002517,0.0,0.002517,0.997483
178,362113241669248116131584645381866273037844314273508653,24,848,837,0.00139,0.000375,0.004198,0.005588,0.994412
178,354699753705738888969549737288396049484417614825528751,24,539,539,0.011467,0.011467,0.0,0.011467,0.988533
178,331690661156431736210765004245137972208022366664402553,24,1003,1000,0.004362,0.003611,0.003611,0.007973000000000001,0.992027
178,332675546545853496255458413537230392333963633325833083,24,397,397,0.001393,0.001393,0.0,0.001393,0.998607
178,313703344571742936697405437124510360823965169983069999,24,975,967,0.001646,0.001526,0.001526,0.003172,0.996828
178,380254134293999860410999253285210970240457628198742663,24,456,456,0.00371,0.00371,0.0,0.00371,0.99629
178,360641711799225046890015181472030377655985832139240759,24,615,615,0.012616,0.012616,0.0,0.012616,0.987384
178,263917085618902017901372402907639485241329433989841083,24,528,528,0.017845,0.017845,0.0,0.017845,0.982155
178,266288106436622503269927529785703488384905659026805291,24,519,474,0.002826,0.00647,0.015882,0.018708,0.981292
178,344304805683409519331394242367711732435948148819916561,24,514,514,0.013434,0.013434,0.0,0.013434,0.986566
178,341709744235492519708940578050014342971004111389339661,24,349,349,0.040416,0.040416,0.0,0.040416,0.959584
178,310967967663884862956076583774857977926596023977520621,24,718,718,0.019418,0.019418,0.0,0.019418,0.980582
178,327279608257895351469611029322246368521417106545791761,24,737,717,0.006885,0.001033,0.006064,0.012948999999999999,0.987051
179,558936428874945996924383768356203135254350439671785479,24,379,379,0.06964,0.06964,0.0,0.06964,0.93036
179,674926639517348090731177770827913991101246148882287283,24,1000,992,0.004914,0.003142,0.003142,0.008056,0.991944
179,520778796933569712475497803976339448328715986002072523,24,580,575,0.005186,0.00552,0.00552,0.010706,0.989294
179,748335037461936801408133793949275373189490397012798993,24,583,583,0.020259,0.020259,0.0,0.020259,0.979741
179,750121838409245984074572114070043722336783466522324083,24,521,521,0.010369,0.010369,0.0,0.010369,0.989631
179,652699193242756150846355283234498871767984936149202997,24,366,366,0.005394,0.005394,0.0,0.005394,0.994606
179,701012462554551393326136469593585664907414625879938377,24,574,556,0.006186,0.037892,0.037892,0.044078,0.955922
179,651811943098199803843122079676572375058573432081265941,24,338,338,0.005377,0.005377,0.0,0.005377,0.994623
179,551025100698026169975841797211316492193395216233257361,24,703,697,0.00955,0.000506,0.000506,0.010055999999999999,0.989944
179,568232849243253819024806302642399573345242309126608059,24,478,459,0.028251,0.030886,0.063227,0.091478,0.908522
179,639820098139219068308973252189078237340004822241496393,24,355,355,0.016767,0.016767,0.0,0.016767,0.983233
179,761792849352011360883518708616350161974544759945523083,24,445,445,0.003949,0.003949,0.0,0.003949,0.996051
179,628942419048318189765862150028221450462352308232102681,24,384,384,0.006332,0.006332,0.0,0.006332,0.993668
179,566889538234990454641052189675936791837860452121325949,24,481,481,0.004778,0.004778,0.0,0.004778,0.995222
179,716452162573779008868293903020235512769764173696217249,24,657,637,0.007429999999999999,0.004578,0.010019,0.017449,0.982551
179,621413530195004739611180163225538908969413935549872629,24,930,924,0.002149,0.005585,0.0071259999999999995,0.009274999999999999,0.990725
179,645609036446719663018922094515491080262538063860555597,24,428,380,0.008551000000000001,0.004709,0.040546,0.049097,0.950903
179,555489032258653592242576233173121867113539610787783833,24,418,418,0.016407,0.016407,0.0,0.016407,0.983593
179,535750173793033032362966709603096420101001099801784643,24,550,550,0.002452,0.002452,0.0,0.002452,0.997548
179,456506540313436296309522192769161449949543126587051023,24,424,424,0.013712,0.013712,0.0,0.013712,0.986288
180,1358996782341013393471064892946133021632416224066738371,24,781,757,0.0017660000000000002,0.001231,0.015036999999999998,0.016803,0.983197
180,1147190830767755812327995081041386320310165753132541849,24,648,648,0.003741,0.003741,0.0,0.003741,0.996259
180,1403925300691032372140940928473865553985310895500181911,24,464,464,0.01195,0.01195,0.0,0.01195,0.98805
180,1495775451737959760457511687274350579183536185139242641,24,434,434,0.004127,0.004127,0.0,0.004127,0.995873
180,1110739563446777289531838627303749633950291508344598743,24,503,503,0.00353,0.00353,0.0,0.00353,0.99647
180,1194024369143971552927889417542591741693717575625673111,24,507,483,0.003732,0.003404,0.017859999999999997,0.021591999999999997,0.978408
180,1260166637346508034925373413900190230508510171798948477,24,759,759,0.004092,0.004092,0.0,0.004092,0.995908
180,1455316476136829091460607052510092178765985268783561317,24,513,513,0.003566,0.003566,0.0,0.003566,0.996434
180,1309093992710635640836698146159549405123972272927404881,24,496,496,0.003844,0.003844,0.0,0.003844,0.996156
180,1390894799146412153168495467213932724874405876411579611,24,474,474,0.14259,0.14259,0.0,0.14259,0.85741
180,1520134781616046526108129582711299483597548910524846853,24,479,459,0.002952,0.006498,0.043246,0.046198,0.953802
180,1505439219343167470373459269572451082957623944381924673,24,436,436,0.017165,0.017165,0.0,0.017165,0.982835
180,1057025848491395991324830754425862907965800790964989169,24,403,403,0.041342,0.041342,0.0,0.041342,0.958658
180,1022335052507123413464678276586097658581994406812064513,24,433,433,0.009007,0.009007,0.0,0.009007,0.990993
180,986820806071662897465598796288744366007908716888546481,24,788,788,0.008208,0.008208,0.0,0.008208,0.991792
180,1524644692974396926561992448558626212968367576768526879,24,427,417,0.028047,0.008876,0.025795,0.053842,0.946158
180,1314131625546751137305337304108371769311553500059572603,24,429,429,0.00347,0.00347,0.0,0.00347,0.99653
180,1159287238259464432648787656029088912397674342457115643,24,446,446,0.006632,0.006632,0.0,0.006632,0.993368
180,1475197377405499619513187533655878473208974647166678079,24,436,427,0.0057940000000000005,0.000719,0.007529999999999999,0.013323999999999999,0.986676
180,1092513974848862293580063101113260203144966532297855803,24,591,585,0.006015,0.001665,0.001665,0.00768,0.99232
181,2146755962617820701939724558369889009769651618593397373,24,498,498,0.007533,0.007533,0.0,0.007533,0.992467
181,2072316348390379785942053767435731590279096222618626363,24,505,503,0.003678,0.001259,0.001259,0.0049369999999999995,0.995063
181,2877046995656031836501313697137912148919872998967745519,24,568,561,0.00263,0.001381,0.001381,0.004011,0.995989
181,2880369969123252961817754651476818952571924308651017163,24,482,482,0.003868,0.003868,0.0,0.003868,0.996132
181,2861708897811122498028015229576663189712718130603358513,24,585,580,0.019458,0.006271,0.006271,0.025729,0.974271
181,2806788267767978306991980520946809467457007629229500787,24,679,679,0.004616,0.004616,0.0,0.004616,0.995384
181,2302747288573481437114058572318921809401333842388506063,24,568,568,0.002436,0.002436,0.0,0.002436,0.997564
181,2533946943181812616782556407056335292416812676112585527,24,436,433,0.006873,0.018769,0.018769,0.025642,0.974358
181,2487771293557144436196457222451407643840343448896262201,24,427,418,0.019346,0.005864,0.024938,0.044284,0.955716
181,2345607456560758996293272875237597113634991575593930503,24,426,408,0.008291,0.006867,0.006867,0.015158,0.984842
181,2451877345078985122707203168343312742955044811033249477,24,515,515,0.003361,0.003361,0.0,0.003361,0.996639
181,2340974696399471038404420962322551749504771560040272007,24,536,536,0.006077,0.006077,0.0,0.006077,0.993923
181,2477342015750519040996010692078739219032174672206011307,24,580,580,0.011734,0.011734,0.0,0.011734,0.988266
181,2296086844355268411990274677061153842585626962159704019,24,428,428,0.03239,0.03239,0.0,0.03239,0.96761
181,2857327712261479603462914395058626994702465220337337739,24,597,571,0.001034,0.003195,0.011885999999999999,0.01292,0.98708
181,1869241629214427269662931336533353684013970622159921317,24,527,526,0.005428,0.007695,0.007695,0.013123,0.986877
181,2136463886038630304242691639030926383783507376355925571,24,424,424,0.004451,0.004451,0.0,0.004451,0.995549
181,2877127110897588495873508614076070239692397854333669421,24,886,868,0.00273,0.002437,0.00692,0.009649999999999999,0.99035
181,2391506213382517426158791151215598942262031718622544827,24,538,495,0.012838,0.0034,0.014303000000000001,0.027141000000000002,0.972859
181,2948841039361971531410668839665611640358315799683010259,24,559,559,0.00393,0.00393,0.0,0.00393,0.99607
182,4191292476346020518783656275665657989599723159847851667,24,581,560,0.004552,0.012305,0.028505999999999997,0.033058,0.966942
182,4368915889305698991841916329930420223695538711679696073,24,425,404,0.006481,0.00768,0.016141,0.022622,0.977378
182,4603173397210774045412589779080265237568427782430487923,24,624,624,0.003081,0.003081,0.0,0.003081,0.996919
182,4412747380103085417736789338590629677444833420942921431,24,640,640,0.005423,0.005423,0.0,0.005423,0.994577
182,5274862496484527199284351082466041501734256417850671079,24,353,353,0.025278,0.025278,0.0,0.025278,0.974722
182,4800792925814278444401434125143406347751419932688595051,24,418,407,0.003167,0.005063,0.009308,0.012475,0.987525
182,3653812005152759308354861844496272098804036966408036451,24,539,531,0.003596,0.014368,0.014368,0.017964,0.982036
182,4646737653138437262079866979167515682324029521366613887,24,632,632,0.010786,0.010786,0.0,0.010786,0.989214
182,5244063665198047536361296769370401123699361439281027921,24,406,403,0.003934,0.017563,0.017563,0.021497,0.978503
182,5043512217423355819857280369022042682912863299358815427,24,588,588,0.004245,0.004245,0.0,0.004245,0.995755
182,5381424364337562423689277556082862960704173067855407963,24,416,413,0.035844,0.011006,0.011006,0.04685,0.9531499999999999
182,5605622646710231703717995108618170373087268192211651819,24,486,451,0.001822,0.004303,0.04364400000000001,0.045466000000000006,0.954534
182,5372876402521245557172885073810823234220306537484862171,24,555,530,0.003289,0.002128,0.03477500000000001,0.03806400000000001,0.961936
182,5193787393634226710856637245122360855837884143711668923,24,430,426,0.002833,0.009718,0.010334,0.013167,0.986833
182,4901526449801380100603842024908873735304969564340783837,24,576,546,0.013328,0.001204,0.054279999999999995,0.067608,0.932392
182,6116842254080121661991651815972543754648149039661461711,24,552,543,0.021009999999999997,0.003026,0.006651000000000001,0.027660999999999998,0.972339
182,4848300292233620118117558303318082764588214458439723993,24,716,703,0.004204,0.003172,0.013798999999999999,0.018002999999999998,0.981997
182,5455870824923288995533498136798277725990387457579154641,24,392,392,0.002171,0.002171,0.0,0.002171,0.997829
182,3785938512649873423258671464276287016184708730225383793,24,424,412,0.011961,0.024448,0.04767,0.059630999999999997,0.940369
182,4491160981645514588938837869554023508980963008773065231,24,596,596,0.003078,0.003078,0.0,0.003078,0.996922
183,9166723778901347230936039451531749253767512951187044911,24,358,358,0.015491,0.015491,0.0,0.015491,0.984509
183,10455930224123599063565031820487918262028421842464564737,24,976,976,0.017534,0.017534,0.0,0.017534,0.982466
183,7427674099806058459503172382903188275128363209564310927,24,365,365,0.020894,0.020894,0.0,0.020894,0.979106
183,10617285421144533269412481609230267820807269357289585027,24,495,495,0.00753,0.00753,0.0,0.00753,0.99247
183,11010471763583359046491348791311818146317648218012267883,24,592,591,0.001365,0.003822,0.003822,0.005187,0.994813
183,10332376251302120495254834326196282275734767686242549761,24,391,371,0.008803,0.00386,0.039957,0.04876,0.95124
183,11749977713551691032971054523891664935137255323436579743,24,635,635,0.010029,0.010029,0.0,0.010029,0.989971
183,10038010870002094481651798134300472801725442018653785307,24,522,486,0.008205,0.007143,0.06218199999999999,0.07038699999999999,0.929613
183,10982511715433447835689163250582120464921150302579077343,24,407,407,0.004468,0.004468,0.0,0.004468,0.995532
183,8953983959087052116701047035345005923200525137226524679,24,574,543,0.009212,0.006601,0.018798000000000002,0.02801,0.97199
183,8876846022270762570247578740470934525848460110861548643,24,716,706,0.010754,0.003838,0.003838,0.014591999999999999,0.985408
183,7272641689296160343480501161670052491504793391277318831,24,468,468,0.009297,0.009297,0.0,0.009297,0.990703
183,12244318449419593826201370835952825834440723200097525199,24,587,585,0.004758,0.00331,0.00331,0.008068,0.991932
183,11599990885992088420849467859622548958581504884697039151,24,534,523,0.000775,0.002774,0.00921,0.009984999999999999,0.990015
183,7605813317180000005669607627882043830747996242518578099,24,601,601,0.006067,0.006067,0.0,0.006067,0.993933
183,12182702859135303445823465643541896884548888148712896953,24,386,386,0.003671,0.003671,0.0,0.003671,0.996329
183,9709983608535670096749131929304035374023228870737229987,24,528,516,0.000832,0.012492,0.012492,0.013323999999999999,0.986676
183,10464773632474194098893561476862794550508738502141675107,24,606,606,0.001313,0.001313,0.0,0.001313,0.998687
183,9586059037733377655369346899873870070324449037164235107,24,359,359,0.009069,0.009069,0.0,0.009069,0.990931
183,9699446562764165401251791317533912674237385429964214831,24,440,433,0.008321,0.003009,0.008142,0.016463,0.983537
184,18626849292167387044123969723309390925329349903285206507,24,405,383,0.006119,0.005861,0.018894,0.025013,0.974987
184,18804282751054831530309800753579061511332519271103678431,24,554,554,0.004987,0.004987,0.0,0.004987,0.995013
184,18252028929067861875789984563223162861221576906848127717,24,664,664,0.001102,0.001102,0.0,0.001102,0.998898
184,24181446627067838775417564967666980419690582548365581197,24,507,507,0.005405,0.005405,0.0,0.005405,0.994595
184,23005878760564119588403003965951554728473230184759392953,24,637,605,0.004598,0.00087,0.015561000000000002,0.020159000000000003,0.979841
184,23936510072986768214421716184424106299398221539866239897,24,504,500,0.011077,0.003138,0.003138,0.014215,0.985785
184,16234034926709714462589794505359125056267838558020716281,24,674,664,0.00068,0.0018,0.0018,0.00248,0.99752
184,23428690111692592128116212619775791367144015582938967239,24,463,456,0.016618,0.01492,0.023467000000000002,0.040085,0.959915
184,18912759825437398136803515023873579742325104166174841671,24,487,487,0.004235,0.004235,0.0,0.004235,0.995765
184,19927044154018425176840956388997557677674288593187597089,24,444,444,0.002064,0.002064,0.0,0.002064,0.997936
184,19536799308159701904048108852677303754701680967104128127,24,467,451,0.003102,0.004918,0.007623,0.010725,0.989275
184,19071823677149723706403511825275713145306081300414131937,24,611,608,0.001322,0.000783,0.000783,0.002105,0.997895
184,20612269609108741202241460271673864594887702871452882101,24,472,461,0.003277,0.00379,0.009839,0.013116000000000001,0.986884
184,18920239559229041789878510751170285007946834591953601329,24,707,689,0.009821,0.000737,0.022524,0.032345,0.967655
184,22611644979880324889689047625329907958432993333469481211,24,423,423,0.011069,0.011069,0.0,0.011069,0.988931
184,22464664451229199112637114050957084764371480284978460343,24,438,427,0.002144,0.002573,0.0033550000000000003,0.005499,0.994501
184,20229563940142821382398535762812188204560973744420706551,24,554,554,0.002354,0.002354,0.0,0.002354,0.997646
184,14302906747822375527736225805395822106070407268478927343,24,463,463,0.003237,0.003237,0.0,0.003237,0.996763
184,22648934796018516144639607669733048190885481628018590453,24,502,495,0.003064,0.003917,0.003917,0.006981,0.993019
184,15697907949934382447029781871211500370846936672724531567,24,482,463,0.002948,0.002364,0.018973,0.021921,0.978079
185,39302817494925418904731805103331681348585472258348444957,25,627,624,0.006273,0.014762,0.014762,0.021035,0.978965
185,39163563717688705635413025356219451066821712937228964227,25,522,519,0.011344,0.001823,0.002629,0.013973,0.986027
185,43686826810459062412827238710551696728616518667617692019,25,620,600,0.004133,0.000512,0.016372,0.020505000000000002,0.979495
185,44530085274113978279620207534979690950635532686975502813,25,358,358,0.024209,0.024209,0.0,0.024209,0.975791
185,43570715964626102904381136448155751424171061828655209841,25,511,503,0.003608,0.007763,0.007763,0.011371,0.988629
185,42847627148824300921093636376913601640563740728623558181,25,766,764,0.001728,0.001376,0.001376,0.003104,0.996896
185,32083703321789764487338768250718421793945445188847533027,24,724,709,0.005991,0.003254,0.007089,0.01308,0.98692
185,33014805666036752589259540494640708288963751747621341763,25,580,580,0.004912,0.004912,0.0,0.004912,0.995088
185,41464335276070540341399584119313180727925975932568415057,25,443,411,0.0027,0.001232,0.012797,0.015497,0.984503
185,33861582902426483337301296118131448522568614203251711863,25,482,476,0.002538,0.00455,0.008483000000000001,0.011021000000000001,0.988979
185,46071639138339644800558097284225066199315293701982806079,25,869,869,0.002568,0.002568,0.0,0.002568,0.997432
185,37936033159136473000212002322269943296231496368568922549,25,391,391,0.002062,0.002062,0.0,0.002062,0.997938
185,48350569892826986379872186809679223015058022521047573871,25,531,531,0.019599,0.019599,0.0,0.019599,0.980401
185,41198097084082663709570476103319690345818375254249026263,25,455,455,0.004756,0.004756,0.0,0.004756,0.995244
185,45101352016751018053319721236302099399595057715497241929,25,497,471,0.002189,0.001193,0.00518,0.007369,0.992631
185,42065769993861888778368368385451592776021006938027669583,25,914,914,0.006452,0.006452,0.0,0.006452,0.993548
185,41907847300045853777854516119774591215451371041706482459,25,656,656,0.00803,0.00803,0.0,0.00803,0.99197
185,48828218167552081470122749610887068068091405463826001571,25,429,429,0.012932,0.012932,0.0,0.012932,0.987068
185,41321776714362126833330727735907708762522999908493584631,25,507,500,0.006254,0.002799,0.002799,0.009053,0.990947
185,45383217518804476499152706989070758316114620859553366943,25,365,365,0.016133,0.016133,0.0,0.016133,0.983867
186,91860233843352511299828307727646362358888480420031170413,25,666,666,0.008933,0.008933,0.0,0.008933,0.991067
186,80310109483483183267313583353855043236387938949945913511,25,366,366,0.023661,0.023661,0.0,0.023661,0.976339
186,80341684383462084364790814145428006802552449749708478169,25,644,644,0.002927,0.002927,0.0,0.002927,0.997073
186,94274586636737974618847930138230885567012445571032348059,25,563,562,0.002715,0.004792,0.004792,0.007507,0.992493
186,85286064753422311838018802719562606418460845712040300179,25,456,456,0.014371,0.014371,0.0,0.014371,0.985629
186,95824663807095715873047831217240459086791279500036727837,25,557,557,0.004537,0.004537,0.0,0.004537,0.995463
186,80600641280005619173439191411717632606164953443740925413,25,666,666,0.000928,0.000928,0.0,0.000928,0.999072
186,53363439485857552435882838625033101776848292903405327631,25,486,486,0.003609,0.003609,0.0,0.003609,0.996391
186,84360977267528679389916660229858829202359730331725108419,25,608,578,0.009012,0.007695,0.007695,0.016707,0.983293
186,79840201135431317961751024566665709261061070004618876607,25,415,399,0.002172,0.007286,0.007286,0.009458,0.990542
186,86866046861802039662583542752660385034769683216166980061,25,705,705,0.004597,0.004597,0.0,0.004597,0.995403
186,86323619254797487920466332795791126216445907418620989923,25,549,527,0.003642,0.00039,0.006495999999999999,0.010138,0.989862
186,96229941655765770007029825039522376331365113196946498957,25,456,456,0.002341,0.002341,0.0,0.002341,0.997659
186,68612351526722038739277226442469049931568086799744053797,25,516,483,0.009296,0.005979,0.031654999999999996,0.040950999999999994,0.959049
186,68105415306841011876975324285506148265126787018204059721,25,698,698,0.007424,0.007424,0.0,0.007424,0.992576
186,82153452353776642549718572430278706898613500637862573111,25,591,591,0.006026,0.006026,0.0,0.006026,0.993974
186,58260742770043455753114412466166256900662844348827175237,25,675,669,0.002247,0.003338,0.003338,0.005585,0.994415
186,92398084669964916514251013016603556504210733394779182767,25,387,362,0.002244,0.015013,0.054162999999999996,0.056407,0.943593
186,85070111672001330371958789558357340118850688442337853217,25,418,418,0.004058,0.004058,0.0,0.004058,0.995942
186,77006883355586853676151730714225091231991247740864640619,25,452,452,0.019926,0.019926,0.0,0.019926,0.980074
187,185702567469454758545522669141358609758902348939813864093,25,552,552,0.004628,0.004628,0.0,0.004628,0.995372
187,179941892859217785606681885687143742888315889414346363689,25,1050,1050,0.001192,0.001192,0.0,0.001192,0.998808
187,181526373319561920706249179904543072763946711556143801553,25,556,556,0.009552,0.009552,0.0,0.009552,0.990448
187,167429568427479950155810682841163388259872915659211758439,25,440,428,0.002889,0.002377,0.002377,0.005266,0.994734
187,186979504018673334316662054121094588580490052795915527519,25,598,594,0.007942999999999999,0.001767,0.001767,0.009709999999999998,0.99029
187,145169698815553753950995436308896640554249031871232995529,25,616,616,0.003223,0.003223,0.0,0.003223,0.996777
187,189461310023527313299690027067741970827568893636258377063,25,791,791,0.002275,0.002275,0.0,0.002275,0.997725
187,195549547224884539368396804380565596304971046728434683161,25,445,439,0.004025,0.002864,0.002864,0.006888999999999999,0.993111
187,178245846474078559274688392189915797290638577194576694293,25,467,467,0.010073,0.010073,0.0,0.010073,0.989927
187,140252436907018775044357018689165543420042260373871440727,25,544,532,0.001405,0.001733,0.011667,0.013072,0.986928
187,192105990641511042361486580149859043063803753731838318981,25,861,825,0.007074,0.004593,0.034006,0.041080000000000005,0.95892
187,178454889426021172984526500874394848133697897783899319511,25,1017,996,0.030924999999999998,0.006041,0.006478,0.037403,0.962597
187,147793902755095806954444489354226029687835800736294743133,25,654,654,0.011154,0.011154,0.0,0.011154,0.988846
187,181066564675332279473924972484406057203667755771628163519,25,433,427,0.005494,0.002843,0.002843,0.008337,0.991663
187,168818801318777087057170297997195516793375607488939767557,25,507,472,0.004977,0.002188,0.012634999999999999,0.017612,0.982388
187,163084686989748233415040348211861253938756903626114968719,25,430,430,0.002467,0.002467,0.0,0.002467,0.997533
187,188075731576689556162612507442726713223245640460883288489,25,608,600,0.005367,0.003981,0.010624,0.015991,0.984009
187,132226185708852638537764772743714220747210366978910886177,25,497,492,0.001804,0.004291,0.005781,0.007585,0.992415
187,194698576701919400115040833966319106090888842928840082833,25,487,487,0.002007,0.002007,0.0,0.002007,0.997993
187,125253423035716542158322394161648453041038946552062725559,25,507,507,0.002446,0.002446,0.0,0.002446,0.997554
188,314224750521702231589078779205748577487125730214151848227,25,477,477,0.014114,0.014114,0.0,0.014114,0.985886
188,214725867801677657763150716044378228025925022271604157093,25,381,381,0.003044,0.003044,0.0,0.003044,0.996956
188,337786569927761505444410838242068306234426938889367376089,25,438,438,0.038539,0.038539,0.0,0.038539,0.961461
188,360223106477640603715939086025088234494108141240755800321,25,461,461,0.001705,0.001705,0.0,0.001705,0.998295
188,374124987525817520307508964115960865602386918837898179827,25,671,671,0.028714,0.028714,0.0,0.028714,0.971286
188,361989780913006793919620222968747185160737595989089084909,25,463,454,0.002266,0.000563,0.008754999999999999,0.011021,0.988979
188,317559581118592945343728270732523067627215982144611637637,25,424,409,0.005492,0.009608,0.013132999999999999,0.018625,0.981375
188,379999621526733814982174866558604085395375086537465979591,25,411,411,0.000926,0.000926,0.0,0.000926,0.999074
188,366021560344730588643709636731405132352498915207181378779,25,433,433,0.009608,0.009608,0.0,0.009608,0.990392
188,387944003533460640819952009732254475678414088984486177033,25,657,657,0.000933,0.000933,0.0,0.000933,0.999067
188,374845489005902740783352118914562105030081362850475258007,25,684,681,0.001504,0.00495,0.00495,0.0064540000000000005,0.993546
188,386515816923087548415772467909907858268131406963172669599,25,549,548,0.013951,0.001983,0.001983,0.015934,0.984066
188,221106737983069547058303874626625601611876932304469714993,25,470,470,0.004308,0.004308,0.0,0.004308,0.995692
188,240210128646608330322236250926839186745574038027417949109,25,557,555,0.009662,0.001224,0.001224,0.010886,0.989114
188,318351913440867881282887107239336403432896585513539162139,25,495,473,0.008392,0.00218,0.006537,0.014929000000000001,0.985071
188,378635620380227758123177463104203120047480633879439638329,25,474,474,0.005009,0.005009,0.0,0.005009,0.994991
188,319199732197973078769687558220972231917492453889455575179,25,475,475,0.007919,0.007919,0.0,0.007919,0.992081
188,381980473612089531334196860824416470009021634012423067737,25,457,457,0.002796,0.002796,0.0,0.002796,0.997204
188,256586033541357135375485125099595006467144223152458416503,25,378,378,0.013562,0.013562,0.0,0.013562,0.986438
188,353636550421510722509208696720104070107782240230147107101,25,526,526,0.004716,0.004716,0.0,0.004716,0.995284
189,408589902288642681578344276763041902416284671692080986377,25,440,407,0.001294,0.005489,0.029584,0.030878,0.969122
189,646628678273258141372517202145221034603557799378124614201,25,559,559,0.00102,0.00102,0.0,0.00102,0.99898
189,592635606571861287284224295593110454631652264655249578353,25,530,528,0.001178,0.000892,0.000892,0.00207,0.99793
189,650208432524537748605744087782608274999617116493579199513,25,627,618,0.002635,0.0019,0.0036750000000000003,0.0063100000000000005,0.99369
189,599419609079700662276957964472775050611343385405910300163,25,797,783,0.003179,0.000805,0.007179,0.010358,0.989642
189,591139658903332237066666950704418695507871569867166356959,25,517,517,0.003504,0.003504,0.0,0.003504,0.996496
189,759303095841708533868206131077305245572712516145789616107,25,440,440,0.010424,0.010424,0.0,0.010424,0.989576
189,723374087894581884780114042666006439305170047096296570421,25,441,420,0.001035,0.003278,0.006975,0.00801,0.99199
189,642089268364349919722039425710377324200681378773618660631,25,544,544,0.001548,0.001548,0.0,0.001548,0.998452
189,493458509028245692711455247191997853201057771326056542803,25,816,801,0.050299,0.006593,0.006593,0.056892000000000005,0.943108
189,775267771444101410063934578993845769575953505357992661799,25,822,822,0.005956,0.005956,0.0,0.005956,0.994044
189,525214235994067347101638348805237964788334546789415420243,25,655,648,0.000788,0.000617,0.000617,0.001405,0.998595
189,510228484199873332122049098813102378921923672052464278333,25,443,443,0.011932,0.011932,0.0,0.011932,0.988068
189,630121824338129668949919059009823882545840337934822277567,25,715,699,0.016691,0.001291,0.012245,0.028936000000000003,0.971064
189,755634779781799121353112557954459602771587484582257255551,25,411,411,0.000842,0.000842,0.0,0.000842,0.999158
189,612172740703460905652990412541931502012476806243188854431,25,635,629,0.001717,0.001952,0.008095,0.009812,0.990188
189,530704707601162495384297467780173501132805319654798984003,25,458,433,0.006164,0.003895,0.008543,0.014707000000000001,0.985293
189,756916004872319657418986856461653189263814971681663763573,25,577,572,0.01115,0.007672,0.007672,0.018822,0.981178
189,490921607897052107753246264180398217237973784027521089099,25,450,445,0.001328,0.006249,0.010536,0.011864,0.988136
189,767702133245506513310164240704062695141079949461903447479,25,508,499,0.00466,0.001579,0.004092,0.008752,0.991248
190,1107697980005560535935691181882881481298971577503883545431,25,513,511,0.005702,0.003671,0.003671,0.009373,0.990627
190,1447718595714448727207173851527167403200700108585820235931,25,401,401,0.023322,0.023322,0.0,0.023322,0.976678
190,1067595819970828694093593212927706218036137678171084438953,25,506,479,0.007267,0.00427,0.03168699999999999,0.038953999999999996,0.961046
190,1236956916814563958009976698763228455869309463346857145209,25,444,424,0.002601,0.00231,0.035444,0.038045,0.961955
190,1303595662239872394152630143462469139534875953977955173719,25,959,953,0.008569,0.004013,0.008848,0.017417000000000002,0.982583
190,1436728764183159269584547372484560757421757510937607299719,25,426,426,0.009527,0.009527,0.0,0.009527,0.990473
190,1358738873900145804437909196195927584579190583894624729549,25,522,518,0.009572,0.005818,0.005818,0.015390000000000001,0.98461
190,1309414713325066973570726305039978280113478833538624990717,25,689,689,0.000818,0.000818,0.0,0.000818,0.999182
190,1119233946195882068749589393936438955574244336504433599743,25,534,534,0.012692,0.012692,0.0,0.012692,0.987308
190,1391390333131732070825024754648255205953706845753859235761,25,876,876,0.004039,0.004039,0.0,0.004039,0.995961
190,1219405195991088602219964475590713847204090579216876133247,25,688,688,0.005033,0.005033,0.0,0.005033,0.994967
190,1285952433782265124699401960911465263241667818151785942989,25,502,469,0.010603999999999999,0.00226,0.024120000000000003,0.034724000000000005,0.965276
190,936281692826227408663886118472398327211075139996831483807,25,467,460,0.007024,0.001404,0.001404,0.008428,0.991572
190,1495152348884655255748854019985088902044523205603769307549,25,506,506,0.005242,0.005242,0.0,0.005242,0.994758
190,1543054376408543181151756345226381442258117792563593031941,25,481,481,0.00584,0.00584,0.0,0.00584,0.99416
190,1197900039859831281860297786593556759105357856705065296097,25,369,369,0.019446,0.019446,0.0,0.019446,0.980554
190,1325762643789188253480076014106355323863094856768820242033,25,414,414,0.025403,0.025403,0.0,0.025403,0.974597
190,1549503894836788136271053205345052692884272523599834807513,25,515,513,0.006677,0.010965,0.010965,0.017642,0.982358
190,1371820001327266974371651800423316814650750283162857664521,25,384,384,0.0225,0.0225,0.0,0.0225,0.9775
190,1319759631078608755615705806993244756656084597458744780879,25,521,500,0.00315,0.001703,0.012891,0.016041,0.983959
191,2180877054471620294689724695606846212849552332318992940407,25,497,497,0.00918,0.00918,0.0,0.00918,0.99082
191,1606385381360148813307516689773707722363849418834436678389,25,418,418,0.002799,0.002799,0.0,0.002799,0.997201
191,2738991831553984659353836548560279154535043688289688027603,25,465,458,0.002946,0.002764,0.004564,0.00751,0.99249
191,2021640631374636353782008830324840969777513038468864748759,25,652,648,0.001414,0.002127,0.002127,0.003541,0.996459
191,2105598972222103150968007207241144213000505023620025661667,25,422,422,0.002176,0.002176,0.0,0.002176,0.997824
191,2954552227750152336095183292848417913001395070298811029879,25,615,609,0.004539,0.000534,0.000534,0.005072999999999999,0.994927
191,2604823021534871940153658516882468145972589783978202484923,25,499,499,0.007256,0.007256,0.0,0.007256,0.992744
191,2697799617327879157081712621189446951709202892838110789249,25,1093,1093,0.01219,0.01219,0.0,0.01219,0.98781
191,2749750578464362511041140809468842163052814508247072125809,25,709,702,0.000386,0.00124,0.00124,0.001626,0.998374
191,2810254725646498720414994000029322939731083303115400227283,25,624,595,0.002967,0.001644,0.014230000000000003,0.017197000000000004,0.982803
191,2919723125927389511356972449231841889026550065177689782341,25,632,606,0.015382999999999999,0.002694,0.029723999999999997,0.045106999999999994,0.954893
191,2384759410471810319375657922573509817577252181814221416381,25,543,543,0.012126,0.012126,0.0,0.012126,0.987874
191,2870902859138464144898136609805487079043674281379484515257,25,565,564,0.00258,0.001285,0.001285,0.0038649999999999995,0.996135
191,2531428612228677358426023750691561085464553004835817283823,25,685,685,0.004165,0.004165,0.0,0.004165,0.995835
191,2569199376454128229458263634674647272803671413063904093681,25,483,469,0.0029430000000000003,0.002851,0.0050810000000000004,0.008024,0.991976
191,2077139403037075257284520813457747381680630617898050789129,25,582,582,0.005458,0.005458,0.0,0.005458,0.994542
191,2599527300982831600647840629042688948539972657946504879419,25,743,739,0.004158,0.001357,0.001357,0.005515,0.994485
191,2939945259852704861237884063321703407639606324099970984489,25,520,520,0.010886,0.010886,0.0,0.010886,0.989114
191,2806787067261975292631801717103764100516337005958274854877,25,907,904,0.003613,0.001209,0.004846,0.008459,0.991541
191,3102854422286895681399386946361481173908793767638701190957,25,535,535,0.009013,0.009013,0.0,0.009013,0.990987
192,6053136549975215707114861824618604186550967571524618556511,25,587,574,0.007197,0.008143,0.013121999999999998,0.020318999999999997,0.979681
192,5772223899679240100865858833866067485733365743633882768503,25,429,417,0.002331,0.008124,0.027294,0.029625,0.970375
192,4939008137476552065240184537828644764133517214756158762829,25,496,490,0.004151,0.005715,0.015054999999999999,0.019206,0.9807939999999999
192,6212435194276394115763543059243494938563033646586224859629,25,574,559,0.004321,0.003372,0.013066,0.017387,0.982613
192,3874204338182140753502701838530384426297759523506113427483,25,628,628,0.006936,0.006936,0.0,0.006936,0.993064
192,3347208880492337566130653746802735549578109517894379499733,25,785,784,0.006308,0.001698,0.001698,0.008006000000000001,0.991994
192,4306083721119286908591380042584606571729048503575164227711,25,507,496,0.004324,0.005169,0.014596999999999999,0.018921,0.981079
192,5163763031624406920207830805702663059843081289928205028959,25,626,626,0.004503,0.004503,0.0,0.004503,0.995497
192,6130364660359904866071451106195076205876004972250032444803,25,494,494,0.001107,0.001107,0.0,0.001107,0.998893
192,6254696907579855069014156880599952401895926775151729298633,25,580,580,0.005468000000000001,0.005468000000000001,0.0,0.005468000000000001,0.994532
192,4873661477686905481674696353544486097679453418713697857441,25,1093,1093,0.005192,0.005192,0.0,0.005192,0.994808
192,5412175546964427994074789034451167835889491793324688758467,25,799,789,0.001696,0.002244,0.003629,0.005325,0.994675
192,5910884209390437413999109263981667425861292837036749005609,25,578,576,0.002558,0.002514,0.002514,0.005072,0.994928
192,4621285287029859947459316813570982113322073918209718266019,25,559,559,0.006858,0.006858,0.0,0.006858,0.993142
192,5696283951894185144007889520249234417647198158940715431933,25,440,440,0.00634,0.00634,0.0,0.00634,0.99366
192,3683958575511235413756595798246241035800834295791075521963,25,463,463,0.007065,0.007065,0.0,0.007065,0.992935
192,4468006165118885684913086683109597497945491118316503789123,25,1043,1002,0.0047729999999999995,0.002608,0.027693,0.032465999999999995,0.967534
192,5488497809815368048793079212529624026388526869419621039691,25,562,550,0.002818,0.002108,0.029254000000000002,0.032072,0.967928
192,5659542164522658766094858453465847140623734081033257305487,25,457,457,0.003718,0.003718,0.0,0.003718,0.996282
192,6149807903410653285967321465976396749348286539647506887699,25,638,635,0.009521,0.007108,0.007108,0.016628999999999998,0.983371
193,9905013207931875527529191960135739218017812814063208578531,25,663,629,0.006802999999999999,0.003059,0.022986999999999997,0.029789999999999997,0.97021
193,10100483858506872648422975068896319443064533148276380832169,25,694,674,0.003182,0.004361,0.014920000000000003,0.018102000000000004,0.981898
193,11663540999446197162723452607497563376895758675776898312369,25,546,534,0.011722,0.015106,0.019531,0.031253,0.968747
193,10897749645060145624874358483865606849691424744321528304937,25,565,562,0.003607,0.000666,0.001453,0.00506,0.99494
193,10565624405515099844116517970763527091130891790570283157137,25,488,488,0.021108,0.021108,0.0,0.021108,0.978892
193,12070921450587575263287627747872390786879378063838490617043,25,697,697,0.003532,0.003532,0.0,0.003532,0.996468
193,9664634974777947645604027278555623329607100282762834013441,25,509,509,0.008363,0.008363,0.0,0.008363,0.991637
193,12322960193874180073992358693327396906594292112230707610489,25,648,614,0.0015040000000000001,0.000665,0.017169999999999998,0.018673999999999996,0.981326
193,8099708654360452993215966572101668396566826381629301683063,25,608,570,0.018641,0.009466,0.052873,0.07151400000000001,0.928486
193,11214351833369361189026414622248506634769198922661651441293,25,527,527,0.006911,0.006911,0.0,0.006911,0.993089
193,9128073803947130372484141505624445498586637123573747380151,25,441,441,0.004351,0.004351,0.0,0.004351,0.995649
193,11312813665303613237304198878301422628970319071234047845347,25,719,700,0.000918,0.000383,0.0009789999999999998,0.0018969999999999998,0.998103
193,11023902979621732752907862575267849055507922142544485438789,25,571,562,0.001119,0.0023,0.0055969999999999995,0.006716,0.9932840000000001
193,11262927042730954176015822824963334235937052626560568007419,25,567,567,0.001697,0.001697,0.0,0.001697,0.998303
193,10857095320997612707420637232964945337144528989105797131153,25,816,816,0.002383,0.002383,0.0,0.002383,0.997617
193,10494271519339392909894195833014476236187539413566084429379,25,584,584,0.002295,0.002295,0.0,0.002295,0.997705
193,12278064626184964589595523842860542425676931971855436832259,25,610,610,0.002414,0.002414,0.0,0.002414,0.997586
193,8482872608322654051369609585269639790901351219221511846733,25,497,497,0.005815,0.005815,0.0,0.005815,0.994185
193,7306887098618586073076594877395470343989113832174839245017,25,574,555,0.004116,0.002171,0.002171,0.006287,0.993713
193,12409265929614063311478379725438459124196359168832063103151,25,479,478,0.009088,0.010961,0.010961,0.020049,0.979951
194,20683260459467499029277828805303888053838228828420773810227,25,676,674,0.001217,0.002511,0.002511,0.0037280000000000004,0.996272
194,21350469721329597074134362589876985354717072338210358108849,26,398,398,0.008895,0.008895,0.0,0.008895,0.991105
194,18942954816325570836124528681131878336599202626159580306777,25,469,463,0.003791,0.004226,0.007134,0.010925,0.989075
194,24458941949583565962792372221933150989311549041638920536113,26,689,675,0.004853,0.001458,0.01589,0.020743,0.979257
194,21076672769905977070352813226874932564034530295953191284753,25,535,535,0.001601,0.001601,0.0,0.001601,0.998399
194,22249362777783306049117932825890593656249535237757916625729,26,442,418,0.006429,0.002961,0.006000999999999999,0.01243,0.98757
194,23203422452949787679074210878498136594954609999835899906157,26,610,603,0.003617,0.002325,0.003913,0.00753,0.99247
194,20868115815896194713106525621357671273079634596135616425361,25,625,619,0.002432,0.00495,0.012325,0.014757,0.985243
194,23192686299066524320738010687390362447126038875074169556253,26,613,605,0.002616,0.00171,0.011844,0.01446,0.98554
194,22340054129412896419322214973520037370083718012993281910367,26,418,418,0.001175,0.001175,0.0,0.001175,0.998825
194,23181673086820734631906360554899103585708564817833096064921,26,1289,1289,0.005064,0.005064,0.0,0.005064,0.994936
194,24582599091151675799091021479482934414662039688624223437687,26,426,426,0.001468,0.001468,0.0,0.001468,0.998532
194,25065435242975997360701202808292864499688676903327335870541,26,495,495,0.003305,0.003305,0.0,0.003305,0.996695
194,18390454080376419958677765335623388001794346466558675435283,25,548,544,0.003451,0.001699,0.001699,0.00515,0.99485
194,22922786508061659363842923473806512470282966011733435851431,26,1073,1042,0.000158,0.000272,0.00078,0.000938,0.999062
194,17061387184720152302891304554226083544383293835520188213651,25,467,443,0.024519000000000003,0.002383,0.056812000000000015,0.08133100000000001,0.918669
194,18618516616598255372519874377476542080222536021373325270311,25,464,464,0.022365,0.022365,0.0,0.022365,0.977635
194,21282237135538130116514856262480953933294724963389201954481,26,554,551,0.00286,0.0044410000000000005,0.0044410000000000005,0.007301,0.992699
194,20522969516655873169000695377445575228468042248954518479057,25,565,536,0.00164,0.000443,0.009233000000000002,0.010873,0.989127
194,14989350088210543607482262847185984320363092765497004877451,25,647,639,0.001693,0.001592,0.001592,0.003285,0.996715
195,43040604789452163741387408621112136409598757059035661677893,26,584,578,0.010194,0.003873,0.007191,0.017385,0.982615
195,49088991794939140574010539690236171966040109026993415914269,26,445,442,0.022956,0.019005,0.019005,0.041961,0.958039
195,48300749567102905436273718192442740995408307546941115427897,26,494,482,0.008345,0.007177,0.007177,0.015522000000000001,0.984478
195,48906073225085902924815189872988257194974124450370814611651,26,421,421,0.009094,0.009094,0.0,0.009094,0.990906
195,36863086582293400960306820600939234657564365893479938560799,26,734,706,0.000462,0.001396,0.006149999999999999,0.006611999999999999,0.993388
195,39520094337921324612196662792851626492332520911673811699729,26,885,885,0.001045,0.001045,0.0,0.001045,0.998955
195,48712327583936410948919472729136236367597407084610635272833,26,458,458,0.000851,0.000851,0.0,0.000851,0.999149
195,40655326120160876332407096732056168721873529846326635963177,26,449,435,0.002424,0.002833,0.010262000000000002,0.012686000000000003,0.987314
195,49535766793358394398954575009134138350900646325935636614543,26,585,573,0.027279,0.002046,0.007996,0.035275,0.964725
195,41862719142251391308296850055406978004299551713109836123227,26,582,576,0.002673,0.002116,0.002116,0.004789,0.995211
195,39425775947292327135017849550127493358385136125831647180659,26,469,456,0.004469,0.011145,0.011145,0.015614,0.984386
195,40030915462863037646967083275653053673838289093488559065567,26,612,598,0.007209999999999999,0.007736,0.007736,0.014946,0.985054
195,40570734708690516020996671408225641495385595046735671957119,26,459,459,0.006544,0.006544,0.0,0.006544,0.993456
195,40934085183179492462123851985126002111578252845347853305697,26,486,486,0.047796,0.047796,0.0,0.047796,0.952204
195,35128682060529629825193792168573153198841552039371874266881,26,455,446,0.001492,0.001183,0.001183,0.0026750000000000003,0.997325
195,33386520498533519946398383478624977467807699443830033789513,26,580,580,0.007119,0.007119,0.0,0.007119,0.992881
195,40141148770606288794672640695647670636575757821310805897243,26,516,516,0.006036,0.006036,0.0,0.006036,0.993964
195,40490518455055723132909066555944613680023787528271085543291,26,564,564,0.009913,0.009913,0.0,0.009913,0.990087
195,47614627301874134935455529116186115164906112363136503150483,26,654,654,0.006041,0.006041,0.0,0.006041,0.993959
195,34473817038037491202068900808519350419613875057302440357481,26,602,602,0.000451,0.000451,0.0,0.000451,0.999549
196,95168415107121660560916881793289203952418490854465168975321,26,685,685,0.001303,0.001303,0.0,0.001303,0.998697
196,90009791547499984548910278716753576073152720702817059055901,26,511,498,0.018826,0.014234,0.014234,0.03306,0.96694
196,87459073763838296701927301523704259554148918532862184975629,26,551,551,0.005674,0.005674,0.0,0.005674,0.994326
196,70309503501777340343079821334567642537559966663221390472973,26,501,477,0.00335,0.014852,0.032436,0.035786,0.964214
196,95305038515393842196007534454562012255827385548443606952501,26,605,597,0.001136,0.001382,0.007845,0.008981,0.991019
196,82858880649466251495449216071414702109906561191821038787641,26,397,397,0.0065,0.0065,0.0,0.0065,0.9935
196,97083793852684433813008089400054003385653724507596918274297,26,684,663,0.000828,0.001242,0.008140999999999999,0.008969,0.991031
196,99466774561138218293682307547255032274447325955533021392447,26,486,486,0.004844,0.004844,0.0,0.004844,0.995156
196,62333097639089791343889610479116623630492359496474506120427,26,844,829,0.001694,0.001562,0.011811,0.013505,0.986495
196,98202769533374705029605057892210661368086364721024686834069,26,593,593,0.002056,0.002056,0.0,0.002056,0.997944
196,76205915167282914218102341674425274873438928127960827493699,26,787,784,0.011172,0.004673,0.004673,0.015844999999999998,0.984155
196,99735781901275954167800573841902347907225001572434442739617,26,680,680,0.005323,0.005323,0.0,0.005323,0.994677
196,75523924234554614323219474180414139839611222725124775536109,26,469,469,0.007109,0.007109,0.0,0.007109,0.992891
196,98856416133856584127753735193005691636012090201233990732729,26,443,428,0.002841,0.007248,0.01136,0.014201,0.985799
196,74465721503975476013420915082380026622357493970492148475923,26,621,621,0.007456,0.007456,0.0,0.007456,0.992544
196,93695083979722113939155057731935369089046162236564738423191,26,541,537,0.001566,0.004146,0.004146,0.005712,0.994288
196,77879392079591903526474505876698267670805166486636028530899,26,494,472,0.004742,0.002049,0.002049,0.006791,0.993209
196,84229306643800747300264590699152695007580757244203842094811,26,552,552,0.015931,0.015931,0.0,0.015931,0.984069
196,94030668663190317444347187347006250211939496898445186865789,26,840,817,0.000571,0.001383,0.0032489999999999997,0.0038199999999999996,0.99618
196,100248369583162082393739261464041339014101482772776091948201,26,438,431,0.002618,0.0042,0.006689,0.009307,0.990693
197,167659105655698882339508182915480992256595774433903924122623,26,1544,1534,0.002254,0.000746,0.004285000000000001,0.0065390000000000005,0.993461
197,122449747198975822084132001235051055769374123302428745305941,26,652,652,0.003456,0.003456,0.0,0.003456,0.996544
197,157771390213784769025733801475620067885551276043484431320057,26,522,522,0.005391,0.005391,0.0,0.005391,0.994609
197,195362636325845913268639913567995093493514004135984307800363,26,573,551,0.016991,0.000922,0.048236,0.06522700000000001,0.934773
197,160328182105787324869078655378810538500450812696259544941773,26,496,496,0.022878,0.022878,0.0,0.022878,0.977122
197,184970800291752440068635983309521468062368504646083676644033,26,648,648,0.003667,0.003667,0.0,0.003667,0.996333
197,164144776080649194883406513297516553025716555924591056615183,26,435,431,0.003176,0.002052,0.002538,0.005714,0.994286
197,140818764650826975296987375129283355966942621459853255150479,26,564,564,0.005468,0.005468,0.0,0.005468,0.994532
197,189022387984517778950705123442972032908094852334290657306231,26,449,449,0.015297,0.015297,0.0,0.015297,0.984703
197,172220763612696405396243073018306035394484382521705030045911,26,445,438,0.002425,0.001186,0.004756,0.007181,0.992819
197,154481106607181704446691691500013964555830349483415881254479,26,744,743,0.001454,0.003724,0.003724,0.005178,0.994822
197,138116520840863501578382275910208792542013786200119809943421,26,465,465,0.00327,0.00327,0.0,0.00327,0.99673
197,128167436666847967508432921399395745683533771986744909507099,26,467,467,0.005835,0.005835,0.0,0.005835,0.994165
197,179430245545432323474984038609312519060231752952330260578973,26,644,644,0.001072,0.001072,0.0,0.001072,0.998928
197,164907321185035410613697079130730386934791247649211425433501,26,643,616,0.000723,0.000957,0.008527,0.00925,0.99075
197,149559974584198894049055200074096371180280008283748787845411,26,446,432,0.037188,0.0148,0.0148,0.051988,0.948012
197,141960287108387193832375793429518062558146806429474522246723,26,506,506,0.004408,0.004408,0.0,0.004408,0.995592
197,117962418323306660486403773161381103053143923297611666689523,26,462,462,0.002609,0.002609,0.0,0.002609,0.997391
197,159003940652452327574248903060253950134870172438916155070369,26,723,688,0.00349,0.001961,0.06808,0.07157,0.92843
197,186310928751907307724815625865601039478473930304908425333493,26,812,812,0.004137,0.004137,0.0,0.004137,0.995863
198,358800385741478548379741226608716034844371071935561085305833,26,623,617,0.004932,0.002858,0.002858,0.00779,0.99221
198,361832547229010809777991703475089455145922714751449984988413,26,419,415,0.012558,0.005083,0.005083,0.017641,0.982359
198,366234672716741757435258864069198637471462810470347219616629,26,688,679,0.001199,0.000838,0.001273,0.0024720000000000002,0.997528
198,381944248262064685581254962871209750407378184907165945167889,26,559,559,0.001861,0.001861,0.0,0.001861,0.998139
198,354687072527494597410093290280585584399421663969934020853223,26,598,598,0.013444,0.013444,0.0,0.013444,0.986556
198,379245416457437245542302776449664948360818185536921628076539,26,432,432,0.006479,0.006479,0.0,0.006479,0.993521
198,276003453857523809899467677088049878845070200584331936691041,26,534,534,0.004088,0.004088,0.0,0.004088,0.995912
198,209990048987204577494427221770767574738889930041728156874193,26,577,577,0.010068,0.010068,0.0,0.010068,0.989932
198,256901948110234610129862767369945243180538397102365122358427,26,484,483,0.006568,0.013217,0.013217,0.019785,0.980215
198,392896855902880253325160541666344098709384930507930453171681,26,468,468,0.001516,0.001516,0.0,0.001516,0.998484
198,261148592887412956171116968549303549257459540886776423198739,26,509,508,0.000991,0.002085,0.002085,0.0030759999999999997,0.996924
198,380307295207752593087679241538739081357344508076536875023627,26,597,574,0.008204,0.011796,0.023686,0.03189,0.96811
198,388299617663319746972489463784551990330983404458676571447693,26,517,496,0.000958,0.001544,0.006699999999999999,0.007657999999999999,0.992342
198,328573357774619762260295479993442675189590010826879831896677,26,534,519,0.001254,0.00253,0.0034260000000000002,0.00468,0.99532
198,345095965742713044505246800463174842475462680793869138019261,26,453,453,0.003328,0.003328,0.0,0.003328,0.996672
198,292581670931790651470491827458218900376775743841380672403887,26,503,503,0.002287,0.002287,0.0,0.002287,0.997713
198,390539114582262272077001713638342490864897532470034331261247,26,491,473,0.010205,0.017642,0.017642,0.027847000000000004,0.972153
198,360504086773559647539204736208829484928785732049355565383643,26,395,395,0.002026,0.002026,0.0,0.002026,0.997974
198,235950558879078260282437419803935172239069320587333159451019,26,530,530,0.002053,0.002053,0.0,0.002053,0.997947
198,398227691324642613283526129594013507506766970246599454997939,26,659,643,0.008364,0.001865,0.004883,0.013247,0.986753
199,754357335704061312767906283574368857849729996361323767853021,26,540,540,0.014699,0.014699,0.0,0.014699,0.985301
199,740449135866891063702563724186205751814739503564925633250647,26,478,453,0.004527,0.003316,0.006395,0.010922,0.989078
199,783572025208462059459081331520531102495696274404533915350617,26,510,493,0.004132,0.003572,0.009272,0.013404000000000001,0.986596
199,689619749063096498116944459976173154436509257531702365821471,26,624,613,0.004622,0.002436,0.004039999999999999,0.008662,0.991338
199,792261444591087612509889756571590671010253289767476929883959,26,692,692,0.00812,0.00812,0.0,0.00812,0.99188
199,485165244720747932715066275346273892339756962905587028338027,26,452,452,0.01624,0.01624,0.0,0.01624,0.98376
199,701425127964276666799904563003747018572056891360383272760451,26,1119,1102,0.003626,0.007249,0.007249,0.010875,0.989125
199,790893896840481035276180066252113476643190200344778153065643,26,924,924,0.019065,0.019065,0.0,0.019065,0.980935
199,763536298621525364342165189094083117188952849209780027677679,26,601,593,0.013713,0.003565,0.013214,0.026927,0.973073
199,613617912594322713495151233564022371433770815044783317065269,26,827,827,0.004835,0.004835,0.0,0.004835,0.995165
199,701969238772333138157522384223588554623546191713496616248319,26,475,475,0.00687,0.00687,0.0,0.00687,0.99313
199,659743727985962787654640554658683537620374805989756454087933,26,679,679,0.001877,0.001877,0.0,0.001877,0.998123
199,690360274208079369250317450856211794224002008122073050016637,26,522,522,0.00823,0.00823,0.0,0.00823,0.99177
199,500887070634424955740905032565576942995006631697841024678317,26,521,521,0.003924,0.003924,0.0,0.003924,0.996076
199,562515533415072305976115813906881843805019952700501666255663,26,510,509,0.002281,0.002069,0.002069,0.00435,0.99565
199,687386421009493082281833809951506042909624825066468351426301,26,451,437,0.009927,0.004976,0.005197,0.015124,0.984876
199,627831828857047974697867855909832323916998184071016955354641,26,557,557,0.014549,0.014549,0.0,0.014549,0.985451
199,531493718748199409115070187956201803475378862922781030803881,26,499,499,0.004739,0.004739,0.0,0.004739,0.995261
199,764298723870080571982440894112670628624228896767629734930611,26,441,425,0.006475,0.007228,0.007228,0.013703,0.986297
199,563561550095967293743840793623207928679303836705271230763571,26,769,762,0.002467,0.002159,0.0045910000000000005,0.007058,0.992942
200,1295789132477604807715877944458947246775511838525972200835657,26,631,631,0.006399,0.006399,0.0,0.006399,0.993601
200,1580265433117145949318612574335473147379586407902007615572209,26,560,553,0.001072,0.003429,0.003429,0.004501,0.995499
200,1031264165415914398404034296717937295434353057321618942293977,26,686,662,0.007401,0.007302,0.018890999999999998,0.026291999999999996,0.973708
200,942274183107708126744367799889859979943002828490182769563693,26,743,715,0.002517,0.005605,0.062784,0.06530100000000001,0.934699
200,1243256742262564810336975229173603901549307573958804818142771,26,585,568,0.003541,0.001209,0.002776,0.006317,0.993683
200,1332260463557925975266900697251791362056896106900938778652773,26,696,696,0.001191,0.001191,0.0,0.001191,0.998809
200,1534546510819566200886924830244913417667526810936895301477933,26,457,452,0.01931,0.000973,0.00432,0.02363,0.97637
200,1457315434423192483527568367362496447605043071246754450536801,26,567,567,0.017082,0.017082,0.0,0.017082,0.982918
200,1515478547137402687976907484166669091143375006869904371011019,26,580,580,0.00697,0.00697,0.0,0.00697,0.99303
200,1328401728722624823335450602027897002059084341229046226740677,26,501,500,0.001802,0.001493,0.001493,0.003295,0.996705
200,1069405338840333297089210313682851116995000495488370707114107,26,868,865,0.002722,0.000628,0.000628,0.00335,0.99665
200,1577668914616112972976239927299568044527242009386300299995513,26,993,993,0.005114,0.005114,0.0,0.005114,0.994886
200,924932144930952159695588929751342486737404577556159754527249,26,444,435,0.003595,0.004421,0.004421,0.008015999999999999,0.991984
200,1430455149298665257668430782969274466789353299446322896956953,26,484,475,0.000974,0.000626,0.0017369999999999998,0.002711,0.997289
200,1471759896903796862187242593818058236014421372969552658348613,26,837,837,0.034944,0.034944,0.0,0.034944,0.965056
200,1024997524686414507856278528573582273997937245288256214142637,26,547,547,0.00278,0.00278,0.0,0.00278,0.99722
200,1269662956978065591146754145192337292773571460456699566030607,26,531,531,0.003789,0.003789,0.0,0.003789,0.996211
200,1251023694717248924976673861910298094342092199701445949798563,26,706,706,0.001321,0.001321,0.0,0.001321,0.998679
200,1165094867829338354631660035180329869977597764175158753523867,26,548,548,0.032519,0.032519,0.0,0.032519,0.967481
200,1245161625256545119714043746004026254459007086115269518670777,26,662,661,0.001595,0.005538,0.005538,0.0071330000000000005,0.9928669999999999
