Bit_length,N,Lattice_dimension,|b_op - t|^2,|vbest - t|^2,P(b_op),P(vbest),P(|vnew - t|^2 < |b_op - t|^2),P(|vnew - t|^2 <= |b_op - t|^2),P(|vnew - t|^2 > |b_op - t|^2)
150,1268771206145175299492684899681878877410684841,21,728,728,0.123506,0.123506,0.0,0.123506,0.876494
150,1403762530472620237905076428332939916844331359,21,310,297,0.109315,0.147507,0.202849,0.312164,0.687836
150,918882917500502786903408324526441238854631741,21,407,397,0.080746,0.082176,0.082176,0.162922,0.837078
150,1044411862674117053622929515451672202864979129,21,397,397,0.09221,0.09221,0.0,0.09221,0.90779
150,1199592981228806239321120961178599459097610483,21,601,601,0.02748,0.02748,0.0,0.02748,0.97252
150,912632394066698132144971044037258218777602291,21,384,384,0.112576,0.112576,0.0,0.112576,0.887424
150,1033085278351720441874660444922199074374033881,21,454,454,0.041368,0.041368,0.0,0.041368,0.958632
150,1039667922595230805682141254323399644574814367,21,704,702,0.093199,0.223324,0.223324,0.316523,0.683477
150,1076261801716221769627743498540654753005411033,21,605,584,0.027629,0.036046,0.4009559999999999,0.42858499999999994,0.571415
150,868981675879730421007669707059890716656754209,21,391,391,0.112706,0.112706,0.0,0.112706,0.887294
150,1198940008513470371886998720870433706529677289,21,318,309,0.098656,0.111507,0.391605,0.49026099999999995,0.509739
150,1001065868810988745766471076060380006588792189,21,391,391,0.09827,0.09827,0.0,0.09827,0.90173
150,1018523197675518130041140861676478171959383813,21,315,315,0.348624,0.348624,0.0,0.348624,0.651376
150,999406335763551690568793874408994581594369181,21,305,305,0.344435,0.344435,0.0,0.344435,0.655565
150,1386649915270975663546803936212330370020386207,21,333,333,0.098072,0.098072,0.0,0.098072,0.901928
150,1252835724482748605844023934169349660374906087,21,379,379,0.324899,0.324899,0.0,0.324899,0.675101
150,1420753685420564064872708676390123998125705549,21,349,349,0.210959,0.210959,0.0,0.210959,0.789041
150,1076920912535396901213842625717381087368331181,21,417,417,0.107565,0.107565,0.0,0.107565,0.892435
150,1124397583306701037985991208303905429810161357,21,352,352,0.179906,0.179906,0.0,0.179906,0.820094
150,1130353955473240791783568532060655958732460941,21,408,408,0.161036,0.161036,0.0,0.161036,0.838964
151,2363319035074246419340419055739401443130238059,21,544,505,0.037953,0.010249,0.36559499999999995,0.40354799999999996,0.596452
151,2471201957583473321167345886570639941825218311,21,396,396,0.062956,0.062956,0.0,0.062956,0.937044
151,2315715608364087921901708175621836301416617007,21,292,292,0.068433,0.068433,0.0,0.068433,0.931567
151,2763171157217537386323259861099914830334818519,21,613,595,0.04785,0.049073,0.049073,0.096923,0.903077
151,1758775630326182635026447808028302358291781499,21,296,296,0.110732,0.110732,0.0,0.110732,0.889268
151,2188378164211148987192836592303698338909975503,21,332,318,0.147726,0.056124,0.056124,0.20385,0.79615
151,1829627983140478483810934234803641664206450619,21,355,355,0.134697,0.134697,0.0,0.134697,0.8653029999999999
151,1569735030968914361557174823910579735657956107,21,310,304,0.288139,0.160103,0.160103,0.448242,0.551758
151,2843239852874861508784440371081621911410347591,21,581,581,0.12368,0.12368,0.0,0.12368,0.87632
151,2624675574003230296718034974584383454961661761,21,577,577,0.073881,0.073881,0.0,0.073881,0.926119
151,1746328694271824837631752461766830788699201941,21,497,492,0.031367,0.03648,0.059925,0.091292,0.908708
151,2456234120258232727729365675070691784694223131,21,661,651,0.059338999999999996,0.070893,0.11282,0.172159,0.827841
151,2689914182894566195371701173819301836708498979,21,414,397,0.061554,0.023564,0.286397,0.347951,0.652049
151,2472879649799491864465871187917726124213054643,21,388,383,0.047511,0.048975,0.048975,0.09648599999999999,0.903514
151,2641928437820330089399895839369416426912654047,21,603,596,0.097283,0.096194,0.096194,0.193477,0.806523
151,2217024583566038902931835040749210710155293863,21,329,329,0.184814,0.184814,0.0,0.184814,0.815186
151,2795955547593262531562466415054318143278579719,21,418,393,0.031299,0.05522,0.26252499999999995,0.293824,0.706176
151,2754384674264655946791346511962590129499967297,21,527,527,0.057827,0.057827,0.0,0.057827,0.942173
151,1922698035563121141756137662031262831101446511,21,321,321,0.022681,0.022681,0.0,0.022681,0.977319
151,2578633082003778088940013102956628479805360761,21,526,526,0.109341,0.109341,0.0,0.109341,0.890659
152,3650146379785934850995660671580553841765454981,21,332,327,0.061629,0.09487300000000001,0.197797,0.259426,0.7405740000000001
152,4447694107941335768274189003948589146948883409,21,397,397,0.313619,0.313619,0.0,0.313619,0.686381
152,5304044781028480773455459789567804501864780699,21,391,379,0.20214,0.046143,0.046143,0.24828299999999998,0.751717
152,5225791236691602749703859113684043992716841463,21,404,404,0.185523,0.185523,0.0,0.185523,0.814477
152,5425403301002418901669361546561888615280596761,21,404,374,0.063705,0.057222,0.271797,0.335502,0.664498
152,5202335230032226630491022567996748864390119873,21,446,446,0.262796,0.262796,0.0,0.262796,0.737204
152,4003774395708740189647636396775460720094087057,21,338,333,0.04203,0.0115,0.0115,0.053529999999999994,0.94647
152,5276249290787396224699127825641594167433771223,21,372,372,0.155622,0.155622,0.0,0.155622,0.844378
152,4381176969443188923764265381058182084891594073,21,455,455,0.164664,0.164664,0.0,0.164664,0.835336
152,5541991812747053012003965966406093820220699999,21,301,301,0.489514,0.489514,0.0,0.489514,0.510486
152,5648300508047326241541247933495397085050508533,21,379,379,0.283223,0.283223,0.0,0.283223,0.716777
152,4837654055687374110886315087296888936559582543,21,331,291,0.070857,0.086165,0.37190599999999996,0.44276299999999996,0.557237
152,3169527753809835033737422227494034075208154897,21,365,365,0.04218,0.04218,0.0,0.04218,0.95782
152,4751384359859390003700613749548751936187354063,21,353,353,0.299507,0.299507,0.0,0.299507,0.700493
152,5115713692797196694227360148049458957592665221,21,314,307,0.073377,0.082182,0.275252,0.34862899999999997,0.651371
152,5377906651632174967507002058972880963848446937,21,461,451,0.075448,0.017688,0.017688,0.093136,0.906864
152,4794192939950703723191510856383251915586655239,21,375,375,0.2472,0.2472,0.0,0.2472,0.7528
152,4098436965705153817981088577951066512799793241,21,486,467,0.196361,0.350594,0.350594,0.5469550000000001,0.4530449999999999
152,4397317578261604652631366972202456990923173239,21,607,602,0.053293,0.036241,0.036241,0.089534,0.910466
152,5641409895201969238429625932613600677431973529,21,369,358,0.111439,0.163775,0.388999,0.5004379999999999,0.49956200000000006
153,7688734886215973313958737522072259896979469359,21,488,488,0.128001,0.128001,0.0,0.128001,0.871999
153,9965367899123149749669237053467022764500819709,21,364,340,0.011273,0.033172,0.12354300000000001,0.13481600000000002,0.865184
153,8648715940089396413954292296253489279668879831,21,364,355,0.12264900000000001,0.172043,0.232768,0.355417,0.644583
153,9992486217185404533285574560152593379868586411,21,312,303,0.195158,0.075392,0.075392,0.27055,0.7294499999999999
153,8752395201001776336645971436266201719253038903,21,273,273,0.10103,0.10103,0.0,0.10103,0.89897
153,10307828778112676279744687232183733883997747787,21,304,304,0.202026,0.202026,0.0,0.202026,0.797974
153,8927473020776419491333060829150295244420281503,21,499,462,0.066216,0.005698,0.30217900000000003,0.36839500000000003,0.631605
153,7853849523366438727173539795218496833560636149,21,509,489,0.114958,0.029147,0.294715,0.409673,0.590327
153,8674604146514496475964987674111780570888473743,21,283,283,0.119383,0.119383,0.0,0.119383,0.880617
153,8982522494550749295857332138146435777716539013,21,326,326,0.155854,0.155854,0.0,0.155854,0.8441460000000001
153,7465338556163117004724110416934405812498881597,21,443,443,0.257432,0.257432,0.0,0.257432,0.742568
153,9002256784614521734062834292945636253381789701,21,482,471,0.100212,0.088766,0.088766,0.18897799999999998,0.811022
153,9730043924092499024899737640031060516457357727,21,518,518,0.26088,0.26088,0.0,0.26088,0.73912
153,7772785559916630760629013439531712505833223283,21,335,335,0.30286,0.30286,0.0,0.30286,0.69714
153,6331403492532550906969515225158616949065412553,21,348,340,0.099166,0.092229,0.092229,0.191395,0.808605
153,9499729964075602707801866275682306216169333647,21,580,580,0.133652,0.133652,0.0,0.133652,0.866348
153,10623137933847890583214243354934109612727566337,21,398,398,0.101999,0.101999,0.0,0.101999,0.898001
153,8298489176359263229418112630907164868713161869,21,425,425,0.210042,0.210042,0.0,0.210042,0.7899579999999999
153,10423403876173039960502215978962041272294895987,21,351,351,0.107965,0.107965,0.0,0.107965,0.892035
153,11331438524408402513759859710883003140234689001,21,566,555,0.016223,0.046867,0.15535,0.17157299999999998,0.828427
154,20144352470088160067192230120293841747066127093,21,398,394,0.043566,0.018721,0.018721,0.062287,0.937713
154,13741129409913179912586613425642421907057677927,21,331,331,0.613114,0.613114,0.0,0.613114,0.38688599999999995
154,22555697926472858658256090868373281917048139777,21,484,480,0.026302,0.007337,0.075665,0.101967,0.898033
154,21622466558921334027105350728738281221011715713,21,470,470,0.096557,0.096557,0.0,0.096557,0.903443
154,22717282832414613486487854671615889194348202509,21,432,432,0.140102,0.140102,0.0,0.140102,0.859898
154,15553662272752172389304818266535674850670048197,21,324,324,0.059981,0.059981,0.0,0.059981,0.940019
154,16287234057599780494928529944429983938735953333,21,356,338,0.060966,0.01739,0.080584,0.14155,0.8584499999999999
154,20227306669577710217883266196429106847542507013,21,591,591,0.037879,0.037879,0.0,0.037879,0.962121
154,18361999857484992568400964915559137162309312233,21,359,359,0.057068,0.057068,0.0,0.057068,0.942932
154,17615067981495998635949724796624661825505231481,21,515,475,0.054287999999999996,0.053186,0.661143,0.715431,0.28456899999999996
154,16965780184675510815549338206501125311473383031,21,416,416,0.005424,0.005424,0.0,0.005424,0.994576
154,17145713058305669983102778787612006911670513347,21,475,452,0.18481,0.109437,0.109437,0.29424700000000004,0.705753
154,20285317985568063024579677341972941193428143231,21,300,300,0.252883,0.252883,0.0,0.252883,0.747117
154,19892574816341431255761561129070142233703448899,21,484,484,0.247669,0.247669,0.0,0.247669,0.752331
154,14482484907695104154754286426816369245597742123,21,429,429,0.098173,0.098173,0.0,0.098173,0.901827
154,21308599822779449843544699903616188167691769657,21,446,427,0.10971399999999999,0.086187,0.086187,0.195901,0.804099
154,19652552707990061015357354059734076466348869901,21,368,368,0.051669,0.051669,0.0,0.051669,0.948331
154,15836062588559999481222001755306755400249974411,21,351,348,0.159122,0.114006,0.114006,0.27312800000000004,0.726872
154,17640605793899812190237760431948486244893089589,21,390,390,0.036602,0.036602,0.0,0.036602,0.963398
154,13200322048523091361380223530828151918467232499,21,285,277,0.019901,0.024731,0.024731,0.044632,0.955368
155,31340595875958809044343360964929799034189512361,21,438,436,0.212663,0.079785,0.079785,0.292448,0.707552
155,33883679322606457824492978417378120332359598171,21,356,350,0.214875,0.07161,0.07161,0.286485,0.713515
155,38431961138800983210425437779183955699273663877,21,536,536,0.153068,0.153068,0.0,0.153068,0.846932
155,44842574992398006827792831817449122409176524571,21,385,377,0.027661,0.010783,0.024066999999999998,0.051727999999999996,0.948272
155,44479412022428483167051033854365771430317272061,21,544,544,0.035876,0.035876,0.0,0.035876,0.964124
155,39653904137769014668557378511260469269135182431,21,326,299,0.066461,0.062548,0.28425,0.350711,0.649289
155,36615548944643269126239193831815135044946113087,21,338,329,0.157675,0.184646,0.184646,0.342321,0.657679
155,35728624388846244763032748679732750007278619919,21,328,328,0.140844,0.140844,0.0,0.140844,0.859156
155,39471143362465673450737740007926815837598407923,21,455,439,0.06375700000000001,0.00559,0.074581,0.13833800000000002,0.8616619999999999
155,43620356160753924413764228467447052158522613007,21,452,431,0.07949,0.141611,0.141611,0.221101,0.778899
155,29666396188587728462615862057347321613786496027,21,547,545,0.11499,0.023045,0.023045,0.138035,0.861965
155,41677893527522320684434778067984642792936350873,21,527,494,0.033209,0.048853,0.241649,0.274858,0.725142
155,32675536969479286942701324674137910119680337459,21,332,332,0.29573,0.29573,0.0,0.29573,0.70427
155,44919866654372607559021538428305729263662282117,21,528,528,0.470655,0.470655,0.0,0.470655,0.529345
155,36452200589072916411983425394632165549777886227,21,468,468,0.153447,0.153447,0.0,0.153447,0.846553
155,33203524258924130270853246380045741567145994259,21,443,434,0.280419,0.078614,0.078614,0.359033,0.6409670000000001
155,36946503351030864812990481678628454987070959527,21,394,364,0.038777,0.042957,0.39784700000000006,0.43662400000000007,0.5633759999999999
155,44458044889519333576801527839740244268692202469,21,636,623,0.026695,0.025789,0.117617,0.144312,0.855688
155,36744155090184780124393526442075144163055399837,21,366,366,0.070374,0.070374,0.0,0.070374,0.929626
155,32611265262434541992311659835491097552848382807,21,277,277,0.093282,0.093282,0.0,0.093282,0.906718
156,58842411492108631901824870167723622565249820361,21,541,541,0.100261,0.100261,0.0,0.100261,0.899739
156,58647263901409677188415888297848821138605832667,21,353,338,0.088128,0.340785,0.340785,0.428913,0.571087
156,60691833191625566815713087621249445278906020923,21,443,443,0.140443,0.140443,0.0,0.140443,0.859557
156,83500911560012017920943706628836329963659227611,21,420,420,0.084021,0.084021,0.0,0.084021,0.915979
156,79699952235555146846014724188269022467857700953,21,458,450,0.0368,0.038077,0.038077,0.074877,0.925123
156,68617923715717279114730426060969764483412652871,21,562,562,0.114584,0.114584,0.0,0.114584,0.885416
156,70292815550175575334435593661308688973972707499,21,329,324,0.074628,0.187596,0.187596,0.262224,0.737776
156,88395906091853951743306426033388820009527178553,21,334,334,0.294647,0.294647,0.0,0.294647,0.705353
156,58490997193338963447736793476829606786651843411,21,361,361,0.135702,0.135702,0.0,0.135702,0.864298
156,88153376653160901709431525294744255033299399513,21,438,438,0.124964,0.124964,0.0,0.124964,0.875036
156,83749952449871415989936799658384575288153567857,21,493,493,0.151804,0.151804,0.0,0.151804,0.848196
156,63215896343305696798861673825073441341593157323,21,286,286,0.064621,0.064621,0.0,0.064621,0.935379
156,68367618624389291832609274122568807692737410747,21,344,344,0.058222,0.058222,0.0,0.058222,0.941778
156,85976042848566498516350067546598036064176697617,21,456,454,0.03438,0.0427,0.0427,0.07708000000000001,0.92292
156,77050956204250174763972617362140681574229342091,21,728,728,0.24465,0.24465,0.0,0.24465,0.75535
156,67397778703558464646892241700035691887301648579,21,550,550,0.105809,0.105809,0.0,0.105809,0.894191
156,82158015067987949738815070788850184671973579587,21,403,403,0.09878,0.09878,0.0,0.09878,0.90122
156,55015423047501982644190563451191716439122432951,21,383,382,0.03942,0.031247,0.031247,0.070667,0.929333
156,85336908532608541436048263259686225667526362047,21,607,607,0.198047,0.198047,0.0,0.198047,0.801953
156,56731211956952175175952662358019177731725234237,21,380,380,0.060647,0.060647,0.0,0.060647,0.939353
157,120282166308024689728299980121863747670916310267,21,434,434,0.133667,0.133667,0.0,0.133667,0.866333
157,120820017068622794622130921127946349513431310843,21,531,507,0.027445,0.112791,0.28162500000000007,0.30907000000000007,0.6909299999999999
157,160354239376266933764514100701359388571858132879,22,426,426,0.129147,0.129147,0.0,0.129147,0.870853
157,178540342865713130388740603822271194677254392441,22,404,400,0.051395,0.034439,0.034439,0.085834,0.914166
157,133758242352280888913921190835052846329897153133,21,484,475,0.07916,0.081045,0.081045,0.160205,0.8397950000000001
157,119751792167523699090520105500834166573709024723,21,351,351,0.254898,0.254898,0.0,0.254898,0.7451019999999999
157,142866301722166299614859219990227501097218329553,21,429,420,0.042122,0.021817,0.072103,0.114225,0.885775
157,159460056477105651797755450704992108220297439993,22,353,353,0.100166,0.100166,0.0,0.100166,0.899834
157,129765827297228317584448178357227745213663923673,21,452,443,0.033685,0.035404,0.079545,0.11323,0.8867700000000001
157,153041151061952724068377978141007513960278537129,21,515,504,0.077745,0.134099,0.175462,0.253207,0.746793
157,112556148137934308610401610728139436816885032007,21,331,331,0.14149,0.14149,0.0,0.14149,0.85851
157,155016348949192392834761783400231900623445364769,21,555,520,0.031549,0.09229,0.4334249999999999,0.4649739999999999,0.5350260000000001
157,165332485530732496445379876290371501984439220227,22,392,392,0.042575,0.042575,0.0,0.042575,0.957425
157,173008319555191101708826910175525434497734262397,22,287,287,0.041776,0.041776,0.0,0.041776,0.958224
157,143078279358113528954735774091416278002769110083,21,576,544,0.022676,0.031153,0.177097,0.199773,0.800227
157,139537309577365933739952691194841985292959417899,21,283,283,0.100713,0.100713,0.0,0.100713,0.899287
157,150381007425703993922643997626233047809831195563,21,319,304,0.09443,0.020585,0.104186,0.19861600000000001,0.801384
157,125414534553540336555987249708054473022979850233,21,352,352,0.216526,0.216526,0.0,0.216526,0.783474
157,100495160702135079890032717344114075262462068991,21,344,344,0.3822,0.3822,0.0,0.3822,0.6178
157,126081296153973360472994917714723398699218116441,21,780,772,0.040443999999999994,0.01866,0.076162,0.11660599999999999,0.883394
158,244084876567438940415979589793753210761831799169,22,393,390,0.18753,0.116824,0.116824,0.304354,0.695646
158,311889364802148711770367329783808121108240984963,22,427,425,0.172536,0.060544,0.060544,0.23308,0.76692
158,315552892616518612169009766705743992617805242163,22,292,292,0.395849,0.395849,0.0,0.395849,0.604151
158,364568451629159625851465545891850771901219214163,22,374,371,0.177806,0.088768,0.088768,0.266574,0.733426
158,213880798395599609631736184456759089379285659049,22,435,435,0.04936,0.04936,0.0,0.04936,0.95064
158,364596676892949119436289041863521153445811753029,22,520,520,0.094465,0.094465,0.0,0.094465,0.905535
158,215840103126036545942721515629965329944602697057,22,572,561,0.035351,0.052277,0.223662,0.259013,0.7409870000000001
158,259043540185824666457272444893607678141566205487,22,346,346,0.119607,0.119607,0.0,0.119607,0.880393
158,311426830077414386887481553693471517445014703609,22,373,367,0.052616,0.031434,0.12196299999999999,0.17457899999999998,0.825421
158,220678872755010770809359894948879428023872635453,22,355,352,0.076382,0.070567,0.070567,0.146949,0.853051
158,324273864736092445034262802970079797120470198979,22,439,439,0.166416,0.166416,0.0,0.166416,0.833584
158,335973439137660892963362517099047189556286786761,22,323,323,0.056859,0.056859,0.0,0.056859,0.943141
158,282449349227109527988465852865060163003324312407,22,324,324,0.22887,0.22887,0.0,0.22887,0.77113
158,208746167169143822300193643710778500356712398063,22,467,462,0.077014,0.022856,0.039016999999999996,0.116031,0.883969
158,334111037801880478290657958251924991420673909189,22,488,488,0.10164,0.10164,0.0,0.10164,0.89836
158,278758463930102758470340608089823158233270489379,22,355,319,0.119238,0.046797,0.26966,0.388898,0.611102
158,334359694784871699894821359716571301393005547539,22,411,399,0.20702199999999998,0.042006,0.141929,0.348951,0.651049
158,266330340319030988935371369155445034828168547083,22,372,372,0.045482,0.045482,0.0,0.045482,0.954518
158,304296786548695733429639288499877719781617137947,22,580,580,0.225705,0.225705,0.0,0.225705,0.774295
158,363187749995613157299748064319278147359621272623,22,662,662,0.066144,0.066144,0.0,0.066144,0.933856
159,686564447258462630098219799118347627120122126259,22,495,495,0.0881,0.0881,0.0,0.0881,0.9119
159,589551271893462661314759463097397605089591304053,22,483,483,0.149444,0.149444,0.0,0.149444,0.850556
159,631182522272441179585206326884145264567358144641,22,318,300,0.051315,0.094557,0.181722,0.233037,0.7669630000000001
159,436106084503182412560423534629337392438805726397,22,508,508,0.058341,0.058341,0.0,0.058341,0.941659
159,614365874960561724255698902936314085451009978123,22,438,426,0.09975800000000001,0.044254,0.21852300000000002,0.31828100000000004,0.681719
159,652808814800014009591626662453549818193223047839,22,675,675,0.12741,0.12741,0.0,0.12741,0.87259
159,431497693573687811342235449780503037093880478249,22,422,422,0.136473,0.136473,0.0,0.136473,0.8635269999999999
159,641417960009003073536715539762385574694132608057,22,318,318,0.05138,0.05138,0.0,0.05138,0.94862
159,556755493522333610334550996104356886728067513937,22,446,446,0.229728,0.229728,0.0,0.229728,0.7702720000000001
159,518738300042543123329242792010704876266634471203,22,531,512,0.079596,0.122196,0.122196,0.201792,0.798208
159,622775601463755434010798895296308923399679148479,22,370,367,0.027015,0.019167,0.057816000000000006,0.084831,0.915169
159,721092743353983610239239300767561842232656810121,22,371,371,0.178398,0.178398,0.0,0.178398,0.8216019999999999
159,725700541872878647978311987906512435448724917323,22,360,344,0.118409,0.033385,0.4264589999999999,0.5448679999999999,0.4551320000000001
159,680792306276738068787445684933623704836521586517,22,402,402,0.129075,0.129075,0.0,0.129075,0.870925
159,609838293034917899422422535971964737888944079431,22,564,554,0.032814,0.069897,0.195349,0.228163,0.771837
159,500003566005968344293642166685142120533963613397,22,375,366,0.052273,0.136412,0.42205899999999996,0.474332,0.525668
159,672585552363075626030436013518741587083784197091,22,956,956,0.081921,0.081921,0.0,0.081921,0.918079
159,667853203575891446356676483576275288677930218477,22,369,369,0.062691,0.062691,0.0,0.062691,0.937309
159,452729177399062213984412625994093209513957053659,22,491,490,0.032533,0.056818,0.056818,0.089351,0.910649
159,718517666115847144224280227758502807408113808437,22,604,595,0.039778,0.032025,0.032025,0.071803,0.9281969999999999
160,1115913240165002032294944939882858364194015937199,22,356,337,0.034265,0.059902,0.20247199999999999,0.23673699999999998,0.763263
160,1440912770676709848638629792376134253525608074541,22,628,626,0.026897,0.103961,0.103961,0.130858,0.869142
160,933815358984064483011197510331330335221655664157,22,410,404,0.135138,0.076016,0.228724,0.363862,0.636138
160,969243323728712475535486623630623651719920512731,22,368,368,0.497256,0.497256,0.0,0.497256,0.5027440000000001
160,1076466504888089627494905309713319219664710433643,22,374,373,0.173784,0.152745,0.152745,0.32652899999999996,0.673471
160,1421116437931458286969196379690998986504855152749,22,564,553,0.044931,0.028047,0.091594,0.136525,0.863475
160,1172553592352544090305146581654443943982800468347,22,384,384,0.17058299999999998,0.17058299999999998,0.0,0.17058299999999998,0.8294170000000001
160,909793617870750937141425081136809004936031725807,22,846,837,0.10884,0.072525,0.10286200000000001,0.211702,0.7882979999999999
160,1057437110620229076506102833609193814696668318251,22,409,408,0.26018,0.061017,0.061017,0.321197,0.678803
160,1272489506939449407441353102540516266393948251787,22,392,392,0.122457,0.122457,0.0,0.122457,0.877543
160,1080313044916089688695708805273339794814591207951,22,334,334,0.093568,0.093568,0.0,0.093568,0.906432
160,1149353867679185877473020663684612261737991945873,22,322,316,0.080834,0.110602,0.110602,0.191436,0.8085640000000001
160,983949157142389589790721652739207946878875195771,22,355,349,0.118974,0.109905,0.109905,0.228879,0.771121
160,1361143599389480694086689546211220334021828686817,22,405,405,0.324406,0.324406,0.0,0.324406,0.675594
160,1021091838147883904869937336936298707335596006313,22,467,448,0.051626,0.022795,0.30345000000000005,0.35507600000000006,0.6449239999999999
160,1294988162211010208686476509915675738782236322669,22,401,401,0.355489,0.355489,0.0,0.355489,0.6445110000000001
160,1122941529731570548110403398235866601161586536011,22,350,350,0.139858,0.139858,0.0,0.139858,0.860142
160,1432805530443255062195929071604085524855630107221,22,361,361,0.104792,0.104792,0.0,0.104792,0.895208
160,1153032896620140114746318270771321999716861546507,22,437,437,0.205839,0.205839,0.0,0.205839,0.794161
160,964310714558373662737593657033125267637818078167,22,374,361,0.055802,0.094449,0.174697,0.23049899999999998,0.769501
161,2549342994142969438502207735324263431486603124709,22,349,349,0.096467,0.096467,0.0,0.096467,0.903533
161,2681100216348215889829625802961254331665674276717,22,434,433,0.039895,0.008718,0.008718,0.048613,0.951387
161,2880298692764464678292391755309173496702002183049,22,454,454,0.065032,0.065032,0.0,0.065032,0.934968
161,1772591985057680454231176923477927954936575167497,22,298,298,0.321602,0.321602,0.0,0.321602,0.6783980000000001
161,2083705746610030102470078930728254734269258767559,22,405,405,0.228461,0.228461,0.0,0.228461,0.771539
161,2592051223899969308896255211589583595849607840917,22,531,522,0.052985,0.030126,0.14250000000000002,0.19548500000000002,0.804515
161,1964444950659050423101133436896095725128026615861,22,320,320,0.056366,0.056366,0.0,0.056366,0.943634
161,2664894503748551145754658751022334263049302504109,22,410,396,0.095591,0.087199,0.114298,0.209889,0.790111
161,2890667027374661591725712210164725411830649644971,22,453,453,0.137116,0.137116,0.0,0.137116,0.862884
161,2315237919643127678001317504649602348775135239989,22,419,419,0.200328,0.200328,0.0,0.200328,0.7996719999999999
161,2263615665739021443959839330064499024174205984757,22,355,353,0.275695,0.116908,0.116908,0.39260300000000004,0.607397
161,2715737041694779962072587570440702427479596688267,22,412,399,0.050218,0.104391,0.169811,0.22002899999999997,0.779971
161,2242913431855633380375884470582819076336280851693,22,563,563,0.066437,0.066437,0.0,0.066437,0.933563
161,2196055705110050413211594819707917380387387874647,22,478,478,0.119676,0.119676,0.0,0.119676,0.880324
161,2386559963764208317133465196705396071874399113177,22,454,454,0.104572,0.104572,0.0,0.104572,0.895428
161,2496018222066887071360307538619052262154796275933,22,460,451,0.048899,0.146662,0.146662,0.19556099999999998,0.804439
161,2643999513168057204584957107582487653622472397817,22,473,473,0.040363,0.040363,0.0,0.040363,0.959637
161,2635743115320503461112643487699959884803825828717,22,412,412,0.20721599999999998,0.20721599999999998,0.0,0.20721599999999998,0.792784
161,2825605982926347409937517778879057613012900909681,22,434,433,0.020578,0.015043,0.015043,0.035621,0.964379
161,1945681273593238791686785823639092496168175333883,22,455,455,0.067423,0.067423,0.0,0.067423,0.932577
162,5142726192263316119305765044724202366191059020131,22,431,431,0.159424,0.159424,0.0,0.159424,0.840576
162,4356714020119985091707387224305757015484033268083,22,354,354,0.275879,0.275879,0.0,0.275879,0.724121
162,5760088733269586802798761031015562375783053998981,22,411,399,0.188265,0.118026,0.118026,0.306291,0.693709
162,5126536210830929842911126218863559555593079772241,22,462,449,0.056761,0.019471,0.032683,0.089444,0.910556
162,4355984306317180250941284630714493550289288293197,22,529,529,0.132119,0.132119,0.0,0.132119,0.867881
162,5372238624316637074604877264416233805336449398107,22,393,381,0.029546,0.050897,0.159719,0.189265,0.810735
162,3370953511586955617438834489704567964510236112387,22,366,348,0.042722,0.17031,0.306421,0.349143,0.650857
162,5654048134438701321190467092520015125597334765619,22,929,919,0.039735,0.027384,0.038748,0.078483,0.921517
162,5347560175544712010315634817224870510859508906709,22,426,426,0.164875,0.164875,0.0,0.164875,0.835125
162,5736419416140119735836049169364015628764346059723,22,814,797,0.019305,0.023982,0.09439499999999999,0.1137,0.8863
162,4650109252981784028797300655435682334415722439709,22,507,504,0.129825,0.02682,0.02682,0.156645,0.843355
162,4851575313540019468754262146798472592699356416503,22,445,445,0.095667,0.095667,0.0,0.095667,0.904333
162,4620052361353557581946034404083231874642184874639,22,470,462,0.322045,0.040393,0.040393,0.36243800000000004,0.637562
162,5522800988337253824728791418632480547260333713827,22,417,417,0.198398,0.198398,0.0,0.198398,0.801602
162,5499586014822265836968576304450001678297022377393,22,658,658,0.076219,0.076219,0.0,0.076219,0.923781
162,3564133393297332356275713734544213713680389996917,22,385,385,0.095348,0.095348,0.0,0.095348,0.904652
162,5515322111725050184603784308918954761722437406837,22,422,413,0.113902,0.035789,0.035789,0.14969100000000002,0.850309
162,4485461183490214672847356727639397071039303926699,22,390,390,0.130436,0.130436,0.0,0.130436,0.869564
162,5195480640606091839263058107075820094394110075261,22,379,374,0.124726,0.076658,0.076658,0.201384,0.798616
162,5741107958946558148650160180297387601202820663099,22,469,469,0.148855,0.148855,0.0,0.148855,0.851145
163,9747578468936317254902406784741698921811080904511,22,423,408,0.093048,0.089203,0.20229700000000003,0.295345,0.704655
163,10111701947436338618707597112719816959644907307921,22,494,494,0.140958,0.140958,0.0,0.140958,0.859042
163,9500974977324321481710304769960767745184067228853,22,389,383,0.07755,0.08045,0.08045,0.15799999999999997,0.8420000000000001
163,10923265258610933252939304751090963667320491815059,22,370,370,0.166791,0.166791,0.0,0.166791,0.833209
163,6277296598420519157375291811600475171257085054819,22,328,328,0.174066,0.174066,0.0,0.174066,0.825934
163,9231618602773719751425117097585869209969078112883,22,456,449,0.103199,0.064204,0.098106,0.201305,0.7986949999999999
163,10035352768951452538707551978057565508665635317309,22,472,465,0.04946,0.106355,0.106355,0.155815,0.844185
163,7654209071367977951897371689264431599631570961337,22,337,337,0.074318,0.074318,0.0,0.074318,0.925682
163,10824194889247063645916265364865318315163275587691,22,393,363,0.073752,0.088922,0.137302,0.21105400000000002,0.7889459999999999
163,7007067855178084077334907729020251703138388423407,22,588,588,0.100513,0.100513,0.0,0.100513,0.899487
163,11563629162960767561469993435982566900206290797341,22,339,339,0.280521,0.280521,0.0,0.280521,0.719479
163,10432647582007091942814866236806348920448169897081,22,412,409,0.105125,0.055772,0.21158700000000003,0.316712,0.683288
163,11013321740409425001654829975108773198879722323169,22,486,486,0.238893,0.238893,0.0,0.238893,0.761107
163,11388208541060705561819087229232095358667380786273,22,566,566,0.207325,0.207325,0.0,0.207325,0.792675
163,11103735522688372546281614770298463681690271542443,22,512,512,0.162272,0.162272,0.0,0.162272,0.837728
163,8215686036974456744106483973928387713743004968589,22,459,449,0.106168,0.062569,0.062569,0.168737,0.831263
163,10366420373188722818237768081269384282174284586279,22,524,518,0.054805,0.113035,0.113035,0.16784,0.83216
163,9887493049291697627584648336712714992824228820507,22,384,384,0.153238,0.153238,0.0,0.153238,0.846762
163,11291772697596805962306082330181863662191216703401,22,705,685,0.021494,0.015625,0.105653,0.127147,0.872853
163,8629299483287912574962165393081179705241759373329,22,539,539,0.260848,0.260848,0.0,0.260848,0.739152
164,20210344270042780228524473590981781384374263250651,22,712,674,0.012643,0.008937,0.185223,0.197866,0.802134
164,17385754946083473907588211247263282920082635440931,22,449,449,0.100191,0.100191,0.0,0.100191,0.899809
164,15065200337324516365624234372840728893791849883677,22,549,549,0.137617,0.137617,0.0,0.137617,0.862383
164,20001274208685757373389824972298109151192644683421,22,467,444,0.076053,0.109566,0.317887,0.39393999999999996,0.60606
164,23206373050027225840725924288883018652907266761573,22,416,416,0.078055,0.078055,0.0,0.078055,0.921945
164,22025345891505684794425190360346292788092251835117,22,343,343,0.145725,0.145725,0.0,0.145725,0.854275
164,17433500709489283073258616221836367960841092957683,22,417,417,0.204955,0.204955,0.0,0.204955,0.795045
164,20619243792726008996626054260855579390889646661671,22,519,514,0.052076,0.017809,0.08912300000000001,0.14119900000000002,0.8588009999999999
164,17851954102483708548111820947964979316071559518321,22,520,506,0.033147,0.055799,0.196575,0.229722,0.770278
164,15520227091786292775179646082304899324457570987803,22,414,414,0.171875,0.171875,0.0,0.171875,0.828125
164,21025509716353739955780362583473341923163070100707,22,511,508,0.140316,0.100093,0.100093,0.24040899999999998,0.759591
164,14498146431977835998639783360838649091026316741701,22,513,513,0.132243,0.132243,0.0,0.132243,0.867757
164,19111791960401045569879778943278968002523890458231,22,326,326,0.052285,0.052285,0.0,0.052285,0.947715
164,16530301572124410378960034538876085010836459672467,22,349,349,0.033895,0.033895,0.0,0.033895,0.966105
164,18221873864190480631751119997397311265906143427919,22,640,640,0.22254,0.22254,0.0,0.22254,0.77746
164,19509002958117864345830026901941875949728480482351,22,679,679,0.082715,0.082715,0.0,0.082715,0.917285
164,22672286378997470934496964350911104497412505665789,22,422,422,0.146949,0.146949,0.0,0.146949,0.853051
164,23046477364042922130498611236049763734841923672321,22,584,571,0.024423,0.024342,0.305751,0.33017399999999997,0.669826
164,17549286263321631100185248104947257910955608889553,22,373,373,0.262497,0.262497,0.0,0.262497,0.737503
164,21059636316678691840527110401614339175235554714931,22,480,480,0.154146,0.154146,0.0,0.154146,0.845854
165,41832933592112304400801943026671467969363831087923,22,360,360,0.048217,0.048217,0.0,0.048217,0.951783
165,35682862411294951100561921127821057964487467339443,22,420,408,0.198332,0.288798,0.288798,0.48713,0.5128699999999999
165,42835312913720678185448545784074783359123970744159,22,383,383,0.207884,0.207884,0.0,0.207884,0.792116
165,40881659780738625128558353749592964839279265435171,22,366,364,0.058858,0.117569,0.117569,0.176427,0.823573
165,45322494471102900510547891895971824081862698563281,22,360,343,0.035577,0.017554,0.077148,0.11272499999999999,0.887275
165,45929128788840959205376511336193947297685265640951,22,950,946,0.044374,0.01169,0.01169,0.056063999999999996,0.943936
165,44489998373490387700600426834275888436763809873019,22,807,807,0.047604,0.047604,0.0,0.047604,0.952396
165,35790092378947652923809024031202004014344249255817,22,484,473,0.099792,0.02772,0.02772,0.12751200000000001,0.8724879999999999
165,45161106773899709982331683988937842529673051859151,22,517,517,0.1375,0.1375,0.0,0.1375,0.8625
165,41611075822328138418773040753161992670148754649183,22,427,427,0.040666,0.040666,0.0,0.040666,0.959334
165,43893688025396579244143003549941949711112694897597,22,595,595,0.082263,0.082263,0.0,0.082263,0.917737
165,38949108443317524477011125919734633057707138102373,22,460,460,0.036714,0.036714,0.0,0.036714,0.963286
165,44506757530726502698455041633661918108484228681201,22,606,587,0.048627,0.04068,0.176125,0.224752,0.7752479999999999
165,45700176760813962794447132804379570073089321130619,22,452,450,0.156578,0.017681,0.031273999999999996,0.187852,0.812148
165,36717319074712975178793976563482551630954666600147,22,518,518,0.073497,0.073497,0.0,0.073497,0.926503
165,40081717737177734357477768258828819203380673838299,22,467,467,0.065309,0.065309,0.0,0.065309,0.9346909999999999
165,42668271582757088828333733690941986896240697265291,22,344,344,0.4673,0.4673,0.0,0.4673,0.5327
165,42066162699265700510000155471171171993026790897181,22,335,335,0.103062,0.103062,0.0,0.103062,0.896938
165,43079437256800894081452117481597778557867932256481,22,761,721,0.031439999999999996,0.050304,0.24383599999999997,0.27527599999999997,0.724724
165,39639751732104952918265482468837059446746603506727,22,455,455,0.06193,0.06193,0.0,0.06193,0.93807
166,64455071458380183185819126791305562795840205337607,22,556,556,0.02034,0.02034,0.0,0.02034,0.97966
166,90075771203582122330247262323941154266135655067703,23,584,577,0.16145299999999999,0.072036,0.072036,0.233489,0.7665109999999999
166,72228823129784081606691745887439926673012583025583,22,602,602,0.137244,0.137244,0.0,0.137244,0.862756
166,69837432774442923128016482628855170461287372899371,22,459,431,0.056998,0.059395,0.40200100000000005,0.45899900000000005,0.541001
166,89244922194937743144971782767253188914316795885797,23,520,502,0.057796,0.07738,0.07738,0.13517600000000002,0.864824
166,88746453267789363020668583643470490537450658613921,23,430,428,0.07725,0.059957,0.059957,0.137207,0.862793
166,88713786474705850221237608801094392192327303798911,23,433,409,0.030393,0.019972,0.11894099999999999,0.149334,0.850666
166,87557406481398096612837568774546924908523956472679,22,501,501,0.274585,0.274585,0.0,0.274585,0.7254149999999999
166,83804917377281198336877975468864158449629337119497,22,429,429,0.191398,0.191398,0.0,0.191398,0.808602
166,81569638913156092214718111347132660641468885512997,22,374,374,0.152488,0.152488,0.0,0.152488,0.847512
166,52608719657148563796512530136536674250280158137673,22,587,587,0.273808,0.273808,0.0,0.273808,0.726192
166,89221264190598117801701321295581964396857406691793,23,360,360,0.37328,0.37328,0.0,0.37328,0.6267199999999999
166,91421352408629645983856436933886907626516790327531,23,444,439,0.035458,0.166794,0.266343,0.301801,0.698199
166,92354408607697290294087669975129842220424154225839,23,359,359,0.027973,0.027973,0.0,0.027973,0.972027
166,90307244958886521065070588400571519599452170426827,23,440,433,0.254601,0.028291,0.028291,0.28289200000000003,0.717108
166,61951676507642868191945772939153670793162317140439,22,659,659,0.085831,0.085831,0.0,0.085831,0.914169
166,57096092534835312898852423687190032724229132615371,22,402,402,0.060507,0.060507,0.0,0.060507,0.939493
166,77734094079183033282661848210260105535011878058221,22,443,426,0.078984,0.339371,0.398447,0.477431,0.5225690000000001
166,61439716290799937763975920406477923341938046630307,22,538,533,0.245593,0.014464,0.014464,0.260057,0.739943
166,92944946903546196014112302841886638418369209076507,23,333,312,0.076397,0.114836,0.18759599999999998,0.263993,0.7360070000000001
167,185191770581306272864194984747884925328034141094049,23,360,355,0.039931,0.030959,0.030959,0.07089000000000001,0.92911
167,150753299534321728385042450116986328932503586710791,23,402,402,0.208555,0.208555,0.0,0.208555,0.791445
167,122185038003700368219528064449236784866763422689417,23,384,384,0.030627,0.030627,0.0,0.030627,0.969373
167,178235118269758334366445181520116909697869973267843,23,418,418,0.049035,0.049035,0.0,0.049035,0.950965
167,125101284926137051500851455837556179024574472599693,23,403,399,0.059855,0.048419,0.125602,0.18545699999999998,0.814543
167,183608279157579728300471834586610846132033916363009,23,435,435,0.209247,0.209247,0.0,0.209247,0.790753
167,123823837425211259366602079641341299640350463304427,23,487,460,0.033496,0.014456,0.20752,0.241016,0.758984
167,182738591737141364288038096817725089299414242881199,23,372,363,0.031558,0.037665,0.144576,0.176134,0.823866
167,144881986800772159131971678194070421363231610326503,23,488,488,0.266437,0.266437,0.0,0.266437,0.733563
167,169113029671003783909165383403390189332006078766403,23,756,756,0.120754,0.120754,0.0,0.120754,0.879246
167,180203454172404433999728807424822530543427009853893,23,618,613,0.080769,0.041509,0.068244,0.149013,0.8509869999999999
167,176740473075257510677017027826065071164478066806109,23,329,329,0.082815,0.082815,0.0,0.082815,0.917185
167,154708744984764752253150630606148953411120836248223,23,517,515,0.058078,0.110804,0.110804,0.168882,0.831118
167,185822038963156756154989463606402264231845142986571,23,499,499,0.049503,0.049503,0.0,0.049503,0.950497
167,164713641976176077509064527913611509808492198546303,23,429,429,0.090384,0.090384,0.0,0.090384,0.909616
167,174143473517067658771245663523001506669684229251583,23,294,294,0.160626,0.160626,0.0,0.160626,0.8393740000000001
167,134875484299471317108685835177615212803568324951771,23,325,325,0.168944,0.168944,0.0,0.168944,0.831056
167,182071589557326943011646537770784052720010679622671,23,457,457,0.159283,0.159283,0.0,0.159283,0.8407169999999999
167,107723548795615044892707554332906198918982581905521,23,416,416,0.064667,0.064667,0.0,0.064667,0.935333
167,110235062257219473750266489148464622602430677309023,23,469,461,0.079526,0.018973,0.068693,0.148219,0.851781
168,355867559027045347481742474164268313169270448267103,23,532,532,0.052201,0.052201,0.0,0.052201,0.9477990000000001
168,354354498343882825539049178202420048518235057099511,23,382,380,0.144311,0.034788,0.034788,0.179099,0.820901
168,297316862371625606791660530918145246188551598375827,23,462,462,0.101819,0.101819,0.0,0.101819,0.898181
168,251334070780906996792106667358010626199124871015193,23,382,382,0.123274,0.123274,0.0,0.123274,0.876726
168,266089629335928959939990984219310389073099671366189,23,377,377,0.133563,0.133563,0.0,0.133563,0.866437
168,297312478520764466042800805099268401234237086618769,23,498,498,0.070268,0.070268,0.0,0.070268,0.929732
168,252694597694857518298868919901861055603851696256479,23,402,402,0.033915,0.033915,0.0,0.033915,0.966085
168,286391540226265125508001191752822610514127971418977,23,445,445,0.139194,0.139194,0.0,0.139194,0.860806
168,318688943619592236326261968753666579542852488008771,23,516,512,0.092124,0.050538,0.050538,0.142662,0.8573379999999999
168,348197322658922333549563681800422289216265150015297,23,516,495,0.048445,0.037496,0.200461,0.24890600000000002,0.7510939999999999
168,368542669960002587168410129566818072485889583789247,23,477,477,0.083424,0.083424,0.0,0.083424,0.9165760000000001
168,268548911990920458790785330758705695531710970965877,23,384,384,0.105545,0.105545,0.0,0.105545,0.894455
168,331941207943771650157715950616862772785852585230449,23,394,379,0.074211,0.126445,0.35364700000000004,0.42785800000000007,0.5721419999999999
168,323877960143720182139921715509016936864755738538083,23,395,395,0.01942,0.01942,0.0,0.01942,0.98058
168,363122401231538903702884958200573978698665726858941,23,428,425,0.150216,0.071562,0.071562,0.22177799999999998,0.778222
168,308228420728279829232936597270463065825898054642939,23,374,374,0.302845,0.302845,0.0,0.302845,0.697155
168,283116060916231999061737214282503740357534622019947,23,391,391,0.149898,0.149898,0.0,0.149898,0.850102
168,281428688528495768940994883006958194198779974610219,23,509,508,0.123545,0.103505,0.103505,0.22705,0.77295
168,326678933726286291994787934645555743351568375175913,23,420,411,0.135671,0.18633,0.18633,0.322001,0.677999
168,242229774464479250019542042945875041752252033094853,23,806,785,0.007221,0.026996,0.13961999999999997,0.14684099999999997,0.853159
169,549419723295960540447780008307906211005792776812829,23,484,484,0.07389,0.07389,0.0,0.07389,0.92611
169,664865469281161842324657652489314073194401709162263,23,616,616,0.096375,0.096375,0.0,0.096375,0.903625
169,526275837673483487444634125901789672050479746789367,23,459,452,0.021312,0.050789,0.083134,0.104446,0.895554
169,677970966743848576239473283142953742552801707940111,23,437,437,0.081321,0.081321,0.0,0.081321,0.918679
169,657821691628060301322956147101670288895728662024039,23,429,429,0.256134,0.256134,0.0,0.256134,0.743866
169,715264587022453456200004920592343027582234072699119,23,727,686,0.009263,0.032387,0.422562,0.431825,0.568175
169,564263055842251392661877742982498545034787789672701,23,391,385,0.038944,0.057181,0.13900800000000002,0.17795200000000003,0.822048
169,709752893570015397017697204082578787464541589122757,23,360,360,0.068142,0.068142,0.0,0.068142,0.931858
169,655017367008869539322579634764112530246507710350587,23,422,422,0.352722,0.352722,0.0,0.352722,0.647278
169,657292182528951725976013293116638919927942739731969,23,405,371,0.038378999999999996,0.018844,0.272851,0.31123,0.68877
169,723786901355715251133499133823457447564442130316753,23,894,894,0.090567,0.090567,0.0,0.090567,0.909433
169,523829125978495822418790946811975528394043957096661,23,390,390,0.240789,0.240789,0.0,0.240789,0.759211
169,541477377066573582590059723667831900889584456117101,23,343,343,0.203139,0.203139,0.0,0.203139,0.796861
169,695788992079943252596035093883032289031003550676639,23,463,463,0.060107,0.060107,0.0,0.060107,0.939893
169,694333695686916638920533025197721880230919832136049,23,363,363,0.165441,0.165441,0.0,0.165441,0.834559
169,485822670269234256517166328139449043912746690035101,23,401,394,0.034908,0.04262,0.083686,0.118594,0.881406
169,621048212309618498722906441939308335619301463127923,23,452,452,0.100232,0.100232,0.0,0.100232,0.899768
169,471378305746743164537629288149409115192944188760511,23,410,401,0.046894,0.051976,0.079404,0.126298,0.873702
169,679166054805478107698598400374518496104565906945673,23,338,338,0.221338,0.221338,0.0,0.221338,0.778662
169,478874915531854708795103201026072431746838752011189,23,478,470,0.055141,0.027957,0.070554,0.125695,0.874305
170,1289318240951187150423696809121408247188110724374959,23,383,383,0.194461,0.194461,0.0,0.194461,0.805539
170,1317598680651458934736004969973115054629720267802427,23,412,411,0.163246,0.112503,0.112503,0.275749,0.724251
170,1387016971391792365767686427962070113773978808021599,23,435,427,0.02972,0.040035,0.08615700000000001,0.11587700000000001,0.884123
170,1301605848278604502292287990083848668281772339668443,23,529,525,0.012778,0.024632,0.042565000000000006,0.055343,0.944657
170,1454027346176602205583289937091731344133146246553801,23,577,558,0.233796,0.108204,0.267556,0.501352,0.498648
170,967653528079116878085780463103240904324567568232963,23,531,531,0.144539,0.144539,0.0,0.144539,0.855461
170,1261056843454978621289453730316681785701648409889253,23,488,487,0.074212,0.115661,0.115661,0.18987300000000001,0.810127
170,837639897222655440981696060794566569158254246200341,23,432,432,0.012556,0.012556,0.0,0.012556,0.987444
170,1380352939133440466587651274847015029204065064236727,23,661,661,0.256722,0.256722,0.0,0.256722,0.743278
170,1470202321847100083182546960194231350823305902723733,23,488,488,0.18303,0.18303,0.0,0.18303,0.81697
170,1395451141662017337518566124235400507157510063162651,23,386,386,0.120791,0.120791,0.0,0.120791,0.879209
170,1443973581327167714924022043427922410334336886476631,23,452,436,0.055982,0.024152,0.15123599999999998,0.20721799999999999,0.792782
170,1248251220039825096428185208030859202496488462447199,23,480,480,0.188251,0.188251,0.0,0.188251,0.811749
170,1485074191992056020325974520634552289818056666197811,23,431,431,0.080985,0.080985,0.0,0.080985,0.919015
170,1254247931868399620218293166952069391063175723231013,23,515,502,0.184753,0.053443,0.209982,0.394735,0.6052649999999999
170,1257669066486116581118684542985264257389351752099207,23,336,336,0.232611,0.232611,0.0,0.232611,0.767389
170,938770475414108901814693140661602364827961258856599,23,363,359,0.056921,0.125182,0.125182,0.182103,0.817897
170,1066007335410228423895411628779579916508643551606013,23,442,440,0.138532,0.086922,0.086922,0.225454,0.774546
170,1055641473154584299321451059456907378615225873359927,23,466,466,0.189589,0.189589,0.0,0.189589,0.810411
170,1450909537806030357996742850817171901677376101936973,23,352,349,0.095789,0.041755,0.10868900000000001,0.204478,0.7955220000000001
171,2320628485992640066699844867503781431624090632616007,23,420,409,0.16558,0.151372,0.151372,0.316952,0.683048
171,2687357138509969949945838036658262421119489089392571,23,398,392,0.006299,0.017726,0.017726,0.024024999999999998,0.975975
171,2179890418570410841271805505892530931206234443075251,23,499,499,0.134528,0.134528,0.0,0.134528,0.865472
171,2643553863724729454040982582317963102955115497112137,23,664,659,0.07205299999999999,0.032698,0.049435999999999994,0.12148899999999999,0.878511
171,2460627882183105189199201566900305707431196028435837,23,483,483,0.08242,0.08242,0.0,0.08242,0.9175800000000001
171,2339826321982801679364695234505710301355859790744791,23,685,685,0.029739,0.029739,0.0,0.029739,0.970261
171,2758900339445195828507819823171495863952057663997793,23,372,372,0.230641,0.230641,0.0,0.230641,0.769359
171,1842882812388021598690092464110026835556610550203901,23,687,664,0.035387,0.052919,0.17302,0.208407,0.791593
171,2527348162893818585716726864029885307488142009814867,23,378,352,0.060827,0.037625,0.09133600000000001,0.15216300000000002,0.847837
171,2837554568622031909115383188427508045834871248866231,23,390,390,0.366511,0.366511,0.0,0.366511,0.633489
171,1980107624548085725945997103475068875829188531206579,23,895,895,0.283535,0.283535,0.0,0.283535,0.716465
171,2569544928058170304082873120455860591460518083182909,23,515,515,0.092764,0.092764,0.0,0.092764,0.907236
171,2690941433828007792933739463035154894668803736090667,23,360,356,0.14126,0.196063,0.196063,0.337323,0.662677
171,2790043200701068932081541267461948287073389647656629,23,317,317,0.201976,0.201976,0.0,0.201976,0.7980240000000001
171,2090916108644774601950745809429826244133327238488009,23,444,425,0.078855,0.180195,0.180195,0.25905,0.74095
171,2565736058589956952109798640055629482853606450052707,23,494,488,0.105917,0.123229,0.123229,0.22914600000000002,0.7708539999999999
171,2857998842268811336179375833801691573922890863274847,23,686,686,0.098822,0.098822,0.0,0.098822,0.901178
171,2396493466906125285828056384566870470681794130877669,23,441,441,0.099144,0.099144,0.0,0.099144,0.900856
171,2690381636823230507251275613355703537300523990202027,23,567,546,0.061934,0.042478,0.24139499999999997,0.30332899999999996,0.696671
171,2534044398151279155788338071872494168885731333317717,23,517,517,0.116014,0.116014,0.0,0.116014,0.8839859999999999
172,4462022261486228276470696903183179974341102550314813,23,589,579,0.075296,0.059353,0.212318,0.28761400000000004,0.712386
172,4973934130046512061706003746504778764546358353047069,23,483,469,0.126594,0.039697,0.1628,0.28939400000000004,0.710606
172,5648094522288795174255363457633460814882962588225833,23,595,573,0.022424,0.024206,0.22939499999999996,0.25181899999999996,0.748181
172,4726592204009198207872992689944913141786425094656837,23,812,812,0.173838,0.173838,0.0,0.173838,0.8261620000000001
172,5594622054792930920033030420069168546546514996297059,23,375,375,0.124135,0.124135,0.0,0.124135,0.875865
172,5195538082333779164457732930160988690944352296084861,23,419,402,0.102396,0.050729,0.318857,0.421253,0.578747
172,4025284698876107182620642633377455297801856255767501,23,452,452,0.071251,0.071251,0.0,0.071251,0.928749
172,4383786029746298282865883459946099335415639923579151,23,540,527,0.144042,0.127704,0.127704,0.27174600000000004,0.728254
172,4240211809755560196715516460800231502364014252588639,23,428,423,0.165904,0.080481,0.080481,0.246385,0.753615
172,5548533853252799042694444930927799861408846535815007,23,419,411,0.075713,0.047743,0.13388,0.209593,0.790407
172,5437902847130435025801669508069442332314935248409143,23,460,451,0.071612,0.091683,0.124244,0.19585599999999997,0.804144
172,4141743792397074660421973109728086317758715931017277,23,427,423,0.035682,0.211785,0.211785,0.247467,0.752533
172,4778987191980938572456617933856060465243353739312487,23,499,465,0.031048,0.025667,0.23721399999999998,0.268262,0.731738
172,4739381656678028395979571409181320777773237194812847,23,415,399,0.024959,0.132304,0.398434,0.423393,0.576607
172,4804326313493129486456115335738865566041096602990667,23,728,728,0.096299,0.096299,0.0,0.096299,0.903701
172,4104752537262135739627532234359506058920546702141581,23,409,409,0.168255,0.168255,0.0,0.168255,0.831745
172,3803744058813253158320678543084926588928670333519661,23,428,428,0.154823,0.154823,0.0,0.154823,0.8451770000000001
172,4385465259125919643879994689875257236736934784890611,23,483,478,0.016256,0.035476999999999995,0.035476999999999995,0.051732999999999994,0.948267
172,5279890751954713468197389506413223751577777606451787,23,424,424,0.398553,0.398553,0.0,0.398553,0.6014470000000001
172,4160916851387881458666582220339040710916709604934989,23,458,458,0.060991,0.060991,0.0,0.060991,0.939009
173,10923792501645012754794107569655030715119609536422907,23,415,415,0.08171,0.08171,0.0,0.08171,0.91829
173,10049473751846112538141515321974984014498020571782187,23,361,361,0.20988,0.20988,0.0,0.20988,0.7901199999999999
173,11478453237002096953758919917104639903243507350422841,23,640,640,0.090581,0.090581,0.0,0.090581,0.909419
173,10169455292752448241266658515571649753093170083937973,23,376,376,0.07839,0.07839,0.0,0.07839,0.92161
173,11141435091489660417203162826279290403361648348555217,23,404,404,0.102956,0.102956,0.0,0.102956,0.897044
173,11845946756557169576442319415563300804632186316185761,23,359,359,0.143316,0.143316,0.0,0.143316,0.856684
173,6606020196711476677748380921663035663590800650212861,23,496,496,0.10039,0.10039,0.0,0.10039,0.89961
173,9223304994372936325365139311788951438575340466147653,23,358,358,0.065129,0.065129,0.0,0.065129,0.934871
173,9937936138453613172200974798887957858538887333434453,23,453,449,0.014526,0.009628,0.009628,0.024154000000000002,0.975846
173,11559606582085509839598371324267429245568074606311239,23,375,372,0.14384,0.074705,0.074705,0.218545,0.781455
173,8567518689055579897923237570331424934191919130124683,23,408,392,0.109987,0.028507,0.089501,0.199488,0.800512
173,7757833041287954123219330741833398980401403365844671,23,521,514,0.052919,0.031001,0.060739999999999995,0.113659,0.886341
173,9316049178944443793561813909420289680048038873209887,23,711,711,0.205075,0.205075,0.0,0.205075,0.794925
173,9928833671075698004690547493411708722996168864524191,23,442,442,0.176549,0.176549,0.0,0.176549,0.8234509999999999
173,8082599286688078272326597296230019194455017969460353,23,403,397,0.066865,0.044683,0.044683,0.111548,0.888452
173,11722980560595969629675859144256076147885119391535181,23,573,573,0.135481,0.135481,0.0,0.135481,0.864519
173,9593608908661975634163739787876317382759712663032617,23,807,807,0.019589,0.019589,0.0,0.019589,0.980411
173,7514341258039837561785554369913705517231217351886269,23,514,501,0.150848,0.151309,0.151309,0.302157,0.697843
173,10788110854762710095666872487306279223201853493970649,23,448,441,0.03531,0.040301,0.040301,0.075611,0.924389
173,10830515307409583755599110009630409242843757129551833,23,435,416,0.13039,0.12822,0.19070800000000002,0.321098,0.678902
174,22104611793997230117343176470598753099597657699857767,23,364,364,0.290649,0.290649,0.0,0.290649,0.7093510000000001
174,18763942404536135019296013058405167365237739426352961,23,382,382,0.209762,0.209762,0.0,0.209762,0.790238
174,14688504101174039979833028914301622192512344235844163,23,530,530,0.125423,0.125423,0.0,0.125423,0.8745769999999999
174,16722058225437982034822488549751786303201587785473951,23,460,460,0.166593,0.166593,0.0,0.166593,0.833407
174,21509336382097775444053571500023183533792843315954141,23,668,668,0.085757,0.085757,0.0,0.085757,0.914243
174,22850977655225044606098189565776865301144522899108753,23,373,373,0.317369,0.317369,0.0,0.317369,0.682631
174,17279223071662642072680635911044372251032271203557523,23,391,391,0.070148,0.070148,0.0,0.070148,0.929852
174,22947441514018658653094720368483897068968757283032113,23,369,362,0.045553,0.019616,0.038646,0.084199,0.915801
174,18341314976728685056786009125261875389901729222197411,23,524,500,0.034621,0.082992,0.142423,0.17704399999999998,0.822956
174,21198313883423610607647845217061584129219727405462807,23,699,693,0.248009,0.014217,0.194087,0.44209600000000004,0.557904
174,12839400785843164820295834351653620428577969094536553,23,545,513,0.119456,0.047633,0.118415,0.237871,0.7621290000000001
174,23322450000830661268788758752052782250935597472051533,23,357,342,0.066941,0.021824,0.021824,0.088765,0.911235
174,16333148817978325754024309091523862744059567919963111,23,543,543,0.241313,0.241313,0.0,0.241313,0.758687
174,14462970911237542989272454421381604521266425359311389,23,536,536,0.100546,0.100546,0.0,0.100546,0.899454
174,18949560281665792004413178756295887592891979934348561,23,364,364,0.117809,0.117809,0.0,0.117809,0.882191
174,21408407116291656012109167833580671913503017751545967,23,495,495,0.049408,0.049408,0.0,0.049408,0.950592
174,22631651939782172827484157664433587783833485119069961,23,456,456,0.095343,0.095343,0.0,0.095343,0.904657
174,21837034941512546186024799051115680122246295015518093,23,436,436,0.050473,0.050473,0.0,0.050473,0.949527
174,23437804484573336991839150008388329128133779513222523,23,705,705,0.054932,0.054932,0.0,0.054932,0.945068
174,21670228153893009427879223165719671325428625794224927,23,378,378,0.420856,0.420856,0.0,0.420856,0.579144
175,40488067071432624121676494427962676744307992814206389,23,495,495,0.074366,0.074366,0.0,0.074366,0.925634
175,47880832610030432571309186253738451904700554037260907,23,391,391,0.38050700000000004,0.38050700000000004,0.0,0.38050700000000004,0.619493
175,45878748309865752441663931039655772029562012040164497,23,421,418,0.106649,0.092379,0.092379,0.19902799999999998,0.800972
175,44519607957401945468255440685812779498238330725202451,23,714,714,0.05609,0.05609,0.0,0.05609,0.94391
175,38437122674547888080483896869357910936491022366930391,23,566,558,0.079758,0.073776,0.10363,0.183388,0.816612
175,47064113916853618606448841022057749802258231599045617,23,378,374,0.142045,0.158611,0.158611,0.30065600000000003,0.699344
175,38418920847258974395155918878755125806886124993281449,23,530,530,0.071495,0.071495,0.0,0.071495,0.928505
175,29860959886171008880417800461459339604720394693120859,23,525,491,0.009709,0.071773,0.4190499999999999,0.42875899999999995,0.5712410000000001
175,47523346294694090590598436816448664799865583071536947,23,397,397,0.048952999999999997,0.048952999999999997,0.0,0.048952999999999997,0.951047
175,40430147177650634814659419575820969943704601075586779,23,488,488,0.106185,0.106185,0.0,0.106185,0.893815
175,30673381581036186694644718658867052922438672540632679,23,377,360,0.038845,0.039662,0.039662,0.078507,0.921493
175,46321511197924674401868707445937064255819847549207181,23,566,552,0.078615,0.034524,0.065473,0.144088,0.855912
175,40793108447338904457818158698839208728924655609269741,23,496,480,0.08558,0.103666,0.103666,0.189246,0.810754
175,47563799216222959471208717042267403920241999763230907,23,392,392,0.136082,0.136082,0.0,0.136082,0.863918
175,44747799795754951639143084884684883018614820083166937,23,423,406,0.026719,0.027287,0.076736,0.10345499999999999,0.896545
175,46867320328474189488708379756417548186877640469492347,23,448,448,0.262138,0.262138,0.0,0.262138,0.737862
175,46542356956969036203230698142264416107162071627147053,23,396,396,0.062261,0.062261,0.0,0.062261,0.937739
175,45701878003472651488780363802977956628041054016481659,23,495,495,0.199635,0.199635,0.0,0.199635,0.800365
175,25458726975309530242094669164823103336392162094875803,23,423,423,0.219942,0.219942,0.0,0.219942,0.780058
175,39959523049873920871877996128842998488581987804339877,23,420,420,0.025752,0.025752,0.0,0.025752,0.974248
176,87990886338847859195592642389102593039937487082558279,24,489,489,0.09823699999999999,0.09823699999999999,0.0,0.09823699999999999,0.901763
176,92564124955148991262968874807483374435803628161108999,24,934,925,0.033794,0.040235,0.056661,0.09045500000000001,0.909545
176,94129007589456961191977269147297543003266132666549953,24,395,395,0.102749,0.102749,0.0,0.102749,0.897251
176,93819484016161644344551753829300322151041926203410181,24,435,435,0.036529,0.036529,0.0,0.036529,0.963471
176,73157616268457907406971375723178615684280166706710493,24,398,398,0.366588,0.366588,0.0,0.366588,0.633412
176,61542774938750705714463225629776244056185970967253653,24,496,486,0.045872,0.118137,0.118137,0.16400900000000002,0.8359909999999999
176,71800771048867515580859417044203063847762338647077403,24,390,390,0.280863,0.280863,0.0,0.280863,0.719137
176,77258340421405866522724393177859419720883968347782627,24,536,524,0.02028,0.030501,0.13949999999999999,0.15977999999999998,0.84022
176,89837078281524964039898044063254336032471057480771579,24,709,698,0.025069,0.007576,0.060334,0.085403,0.914597
176,67631371474217585591492093931057414532556760623695867,24,387,387,0.06038,0.06038,0.0,0.06038,0.93962
176,89832926575159265651841476273066740015357110318540347,24,639,610,0.043824,0.02216,0.21624400000000002,0.260068,0.739932
176,67118204137332948793553589627698826319196161548428537,24,400,382,0.092774,0.097442,0.179069,0.271843,0.7281569999999999
176,87774156256777768160436756789989062372701963996758741,24,553,549,0.145243,0.084603,0.084603,0.229846,0.770154
176,70572719969624332011199901351228566052874877227465031,24,467,467,0.014169,0.014169,0.0,0.014169,0.985831
176,86250046064114433343982710398437258754379418231496971,24,405,405,0.118563,0.118563,0.0,0.118563,0.881437
176,87134348646583113354803029928666774546954085244353883,24,368,358,0.085694,0.033607,0.033607,0.119301,0.880699
176,71901633824806274691548687743309648812921855456127637,24,391,391,0.135738,0.135738,0.0,0.135738,0.864262
176,90150270285363435056040734184802693760325360863282387,24,527,509,0.035521,0.044193,0.117762,0.153283,0.8467169999999999
176,94046017590480304561168089303295538090394575865219973,24,523,506,0.079584,0.0751,0.105266,0.18485000000000001,0.81515
176,64190892782173257959767693618630438907905705925983597,24,432,432,0.129032,0.129032,0.0,0.129032,0.870968
177,119125070369688751792163725903852573808324382853761851,24,514,514,0.104405,0.104405,0.0,0.104405,0.895595
177,182726819299327515165849812245648871121491177942129611,24,527,511,0.080564,0.054217,0.07136300000000001,0.151927,0.848073
177,188893960779618570376876195763394634184667143767990939,24,479,479,0.10672,0.10672,0.0,0.10672,0.89328
177,177226234109374423417710011618572758541886871555971773,24,509,509,0.179563,0.179563,0.0,0.179563,0.820437
177,170417219917741538865104682908758540815889415996081587,24,501,478,0.052101,0.101339,0.163196,0.21529700000000002,0.7847029999999999
177,184456472780322533717507274449727396706948277959651997,24,726,726,0.061511,0.061511,0.0,0.061511,0.938489
177,172591822599216441031826476355149233765150072380634947,24,451,451,0.064627,0.064627,0.0,0.064627,0.935373
177,160262516696147396603234199689194202325829336961400089,24,439,424,0.03935,0.097754,0.125103,0.164453,0.835547
177,189488332491885140927092409494182632690603024073949519,24,476,457,0.05545,0.015346,0.149764,0.205214,0.794786
177,158860589548227817116386228914199311016251079037823631,24,427,426,0.063143,0.059163,0.059163,0.122306,0.877694
177,131023867650554721773986626498755865101732014114852169,24,538,522,0.072817,0.057132,0.190113,0.26293,0.73707
177,185419546061793924107275707453523293583979540373323441,24,435,427,0.043286,0.123863,0.389519,0.432805,0.567195
177,130739606859025377984032427604557137652684751978400777,24,513,508,0.096315,0.163793,0.163793,0.260108,0.739892
177,148738595022486208740372312134935505218833565972371451,24,439,439,0.217507,0.217507,0.0,0.217507,0.782493
177,167245458534901805246177899856773690854765016929409441,24,602,588,0.023433999999999996,0.040203,0.20206,0.22549399999999997,0.774506
177,167743233925335463625480222303950384908571933339861327,24,429,429,0.1196,0.1196,0.0,0.1196,0.8804
177,127846725145209783213161083219697857237418143943954471,24,572,572,0.112755,0.112755,0.0,0.112755,0.8872450000000001
177,175371321030994867998753692974243811078511522480617843,24,432,432,0.259851,0.259851,0.0,0.259851,0.740149
177,116000582161408742104082789047643826044722595827305757,24,517,508,0.041197,0.027992,0.10852300000000001,0.14972000000000002,0.8502799999999999
177,170372630777230523245695634046185057408362313049454403,24,634,627,0.012197,0.013531,0.024196,0.036392999999999995,0.963607
178,326370916554170909248800565447441227366364752100439299,24,363,363,0.141756,0.141756,0.0,0.141756,0.858244
178,351133543531254740082619452808507153835828169762359977,24,363,363,0.03397,0.03397,0.0,0.03397,0.9660299999999999
178,336454357966569634923263904170681101591018051550982463,24,507,507,0.346085,0.346085,0.0,0.346085,0.653915
178,287084766998192650266030523003134421022082997050134521,24,478,478,0.042102,0.042102,0.0,0.042102,0.957898
178,352927538094715815006260624760445835128691040320016481,24,436,436,0.10054,0.10054,0.0,0.10054,0.89946
178,338358782479052619339175922612376094187822886673941721,24,584,584,0.014568,0.014568,0.0,0.014568,0.985432
178,350983244504690877302934108411058885737259142622352279,24,404,404,0.089439,0.089439,0.0,0.089439,0.910561
178,362113241669248116131584645381866273037844314273508653,24,848,837,0.009408,0.005881,0.042477999999999995,0.051885999999999995,0.948114
178,354699753705738888969549737288396049484417614825528751,24,539,539,0.096526,0.096526,0.0,0.096526,0.903474
178,331690661156431736210765004245137972208022366664402553,24,1003,1000,0.023895,0.045498,0.045498,0.069393,0.930607
178,332675546545853496255458413537230392333963633325833083,24,397,397,0.032105,0.032105,0.0,0.032105,0.967895
178,313703344571742936697405437124510360823965169983069999,24,975,967,0.05325,0.053339,0.053339,0.10658899999999999,0.893411
178,380254134293999860410999253285210970240457628198742663,24,456,456,0.07576,0.07576,0.0,0.07576,0.92424
178,360641711799225046890015181472030377655985832139240759,24,615,615,0.220825,0.220825,0.0,0.220825,0.779175
178,263917085618902017901372402907639485241329433989841083,24,528,528,0.14862,0.14862,0.0,0.14862,0.85138
178,266288106436622503269927529785703488384905659026805291,24,519,474,0.084926,0.061352,0.185979,0.270905,0.729095
178,344304805683409519331394242367711732435948148819916561,24,514,514,0.120656,0.120656,0.0,0.120656,0.879344
178,341709744235492519708940578050014342971004111389339661,24,349,349,0.29398,0.29398,0.0,0.29398,0.70602
178,310967967663884862956076583774857977926596023977520621,24,718,718,0.269798,0.269798,0.0,0.269798,0.730202
178,327279608257895351469611029322246368521417106545791761,24,737,717,0.031071,0.023952,0.050232,0.081303,0.918697
179,558936428874945996924383768356203135254350439671785479,24,379,379,0.319767,0.319767,0.0,0.319767,0.680233
179,674926639517348090731177770827913991101246148882287283,24,1000,992,0.085099,0.042767,0.042767,0.12786599999999998,0.872134
179,520778796933569712475497803976339448328715986002072523,24,580,575,0.055599,0.059548,0.059548,0.115147,0.884853
179,748335037461936801408133793949275373189490397012798993,24,583,583,0.280075,0.280075,0.0,0.280075,0.7199249999999999
179,750121838409245984074572114070043722336783466522324083,24,521,521,0.142643,0.142643,0.0,0.142643,0.857357
179,652699193242756150846355283234498871767984936149202997,24,366,366,0.189305,0.189305,0.0,0.189305,0.8106949999999999
179,701012462554551393326136469593585664907414625879938377,24,574,556,0.049584,0.260236,0.260236,0.30982000000000004,0.69018
179,651811943098199803843122079676572375058573432081265941,24,338,338,0.086098,0.086098,0.0,0.086098,0.913902
179,551025100698026169975841797211316492193395216233257361,24,703,697,0.062252,0.031078,0.031078,0.09333,0.90667
179,568232849243253819024806302642399573345242309126608059,24,478,459,0.098182,0.126027,0.225243,0.323425,0.6765749999999999
179,639820098139219068308973252189078237340004822241496393,24,355,355,0.319965,0.319965,0.0,0.319965,0.680035
179,761792849352011360883518708616350161974544759945523083,24,445,445,0.081385,0.081385,0.0,0.081385,0.918615
179,628942419048318189765862150028221450462352308232102681,24,384,384,0.136072,0.136072,0.0,0.136072,0.863928
179,566889538234990454641052189675936791837860452121325949,24,481,481,0.063151,0.063151,0.0,0.063151,0.936849
179,716452162573779008868293903020235512769764173696217249,24,657,637,0.048774,0.065211,0.12569000000000002,0.174464,0.825536
179,621413530195004739611180163225538908969413935549872629,24,930,924,0.033574,0.032153,0.047581,0.081155,0.918845
179,645609036446719663018922094515491080262538063860555597,24,428,380,0.041538000000000005,0.135914,0.34225300000000003,0.38379100000000005,0.616209
179,555489032258653592242576233173121867113539610787783833,24,418,418,0.226201,0.226201,0.0,0.226201,0.773799
179,535750173793033032362966709603096420101001099801784643,24,550,550,0.035889,0.035889,0.0,0.035889,0.964111
179,456506540313436296309522192769161449949543126587051023,24,424,424,0.148424,0.148424,0.0,0.148424,0.851576
180,1358996782341013393471064892946133021632416224066738371,24,781,757,0.018115,0.020633,0.108201,0.126316,0.873684
180,1147190830767755812327995081041386320310165753132541849,24,648,648,0.055019,0.055019,0.0,0.055019,0.944981
180,1403925300691032372140940928473865553985310895500181911,24,464,464,0.186052,0.186052,0.0,0.186052,0.813948
180,1495775451737959760457511687274350579183536185139242641,24,434,434,0.089949,0.089949,0.0,0.089949,0.9100509999999999
180,1110739563446777289531838627303749633950291508344598743,24,503,503,0.082941,0.082941,0.0,0.082941,0.917059
180,1194024369143971552927889417542591741693717575625673111,24,507,483,0.049939,0.073613,0.240112,0.290051,0.7099489999999999
180,1260166637346508034925373413900190230508510171798948477,24,759,759,0.097616,0.097616,0.0,0.097616,0.902384
180,1455316476136829091460607052510092178765985268783561317,24,513,513,0.132225,0.132225,0.0,0.132225,0.867775
180,1309093992710635640836698146159549405123972272927404881,24,496,496,0.05312,0.05312,0.0,0.05312,0.9468799999999999
180,1390894799146412153168495467213932724874405876411579611,24,474,474,0.484819,0.484819,0.0,0.484819,0.515181
180,1520134781616046526108129582711299483597548910524846853,24,479,459,0.055669,0.071765,0.321531,0.37720000000000004,0.6228
180,1505439219343167470373459269572451082957623944381924673,24,436,436,0.275436,0.275436,0.0,0.275436,0.724564
180,1057025848491395991324830754425862907965800790964989169,24,403,403,0.421666,0.421666,0.0,0.421666,0.578334
180,1022335052507123413464678276586097658581994406812064513,24,433,433,0.070541,0.070541,0.0,0.070541,0.929459
180,986820806071662897465598796288744366007908716888546481,24,788,788,0.121055,0.121055,0.0,0.121055,0.878945
180,1524644692974396926561992448558626212968367576768526879,24,427,417,0.141693,0.082843,0.193107,0.3348,0.6652
180,1314131625546751137305337304108371769311553500059572603,24,429,429,0.049791,0.049791,0.0,0.049791,0.950209
180,1159287238259464432648787656029088912397674342457115643,24,446,446,0.054199,0.054199,0.0,0.054199,0.945801
180,1475197377405499619513187533655878473208974647166678079,24,436,427,0.023288,0.012132,0.082384,0.105672,0.894328
180,1092513974848862293580063101113260203144966532297855803,24,591,585,0.051348,0.023161,0.023161,0.07450899999999999,0.9254910000000001
181,2146755962617820701939724558369889009769651618593397373,24,498,498,0.077009,0.077009,0.0,0.077009,0.922991
181,2072316348390379785942053767435731590279096222618626363,24,505,503,0.086641,0.009565,0.009565,0.096206,0.903794
181,2877046995656031836501313697137912148919872998967745519,24,568,561,0.016711,0.010512,0.010512,0.027223,0.972777
181,2880369969123252961817754651476818952571924308651017163,24,482,482,0.071297,0.071297,0.0,0.071297,0.9287030000000001
181,2861708897811122498028015229576663189712718130603358513,24,585,580,0.067406,0.075605,0.075605,0.143011,0.856989
181,2806788267767978306991980520946809467457007629229500787,24,679,679,0.055294,0.055294,0.0,0.055294,0.944706
181,2302747288573481437114058572318921809401333842388506063,24,568,568,0.060215,0.060215,0.0,0.060215,0.939785
181,2533946943181812616782556407056335292416812676112585527,24,436,433,0.021794,0.168945,0.168945,0.19073900000000002,0.809261
181,2487771293557144436196457222451407643840343448896262201,24,427,418,0.139094,0.028367,0.18449,0.323584,0.676416
181,2345607456560758996293272875237597113634991575593930503,24,426,408,0.137928,0.048739,0.048739,0.186667,0.813333
181,2451877345078985122707203168343312742955044811033249477,24,515,515,0.050805,0.050805,0.0,0.050805,0.949195
181,2340974696399471038404420962322551749504771560040272007,24,536,536,0.14023,0.14023,0.0,0.14023,0.85977
181,2477342015750519040996010692078739219032174672206011307,24,580,580,0.13573,0.13573,0.0,0.13573,0.86427
181,2296086844355268411990274677061153842585626962159704019,24,428,428,0.127384,0.127384,0.0,0.127384,0.8726160000000001
181,2857327712261479603462914395058626994702465220337337739,24,597,571,0.015788,0.066151,0.18096900000000002,0.19675700000000002,0.8032429999999999
181,1869241629214427269662931336533353684013970622159921317,24,527,526,0.109658,0.108262,0.108262,0.21792,0.78208
181,2136463886038630304242691639030926383783507376355925571,24,424,424,0.147766,0.147766,0.0,0.147766,0.8522339999999999
181,2877127110897588495873508614076070239692397854333669421,24,886,868,0.022303,0.031624,0.09244300000000001,0.11474600000000001,0.885254
181,2391506213382517426158791151215598942262031718622544827,24,538,495,0.073832,0.054007,0.113669,0.187501,0.812499
181,2948841039361971531410668839665611640358315799683010259,24,559,559,0.102623,0.102623,0.0,0.102623,0.897377
182,4191292476346020518783656275665657989599723159847851667,24,581,560,0.02676,0.099654,0.242875,0.269635,0.7303649999999999
182,4368915889305698991841916329930420223695538711679696073,24,425,404,0.078293,0.042645,0.084884,0.16317700000000002,0.836823
182,4603173397210774045412589779080265237568427782430487923,24,624,624,0.080455,0.080455,0.0,0.080455,0.9195450000000001
182,4412747380103085417736789338590629677444833420942921431,24,640,640,0.059782,0.059782,0.0,0.059782,0.940218
182,5274862496484527199284351082466041501734256417850671079,24,353,353,0.147472,0.147472,0.0,0.147472,0.852528
182,4800792925814278444401434125143406347751419932688595051,24,418,407,0.05223,0.04326,0.08239400000000001,0.13462400000000002,0.8653759999999999
182,3653812005152759308354861844496272098804036966408036451,24,539,531,0.08658,0.083916,0.083916,0.170496,0.829504
182,4646737653138437262079866979167515682324029521366613887,24,632,632,0.105607,0.105607,0.0,0.105607,0.894393
182,5244063665198047536361296769370401123699361439281027921,24,406,403,0.04182,0.188076,0.188076,0.229896,0.770104
182,5043512217423355819857280369022042682912863299358815427,24,588,588,0.122129,0.122129,0.0,0.122129,0.877871
182,5381424364337562423689277556082862960704173067855407963,24,416,413,0.137819,0.062404,0.062404,0.20022299999999998,0.799777
182,5605622646710231703717995108618170373087268192211651819,24,486,451,0.014124999999999999,0.04896,0.34814899999999993,0.36227399999999993,0.637726
182,5372876402521245557172885073810823234220306537484862171,24,555,530,0.047313,0.053936,0.26726999999999995,0.31458299999999995,0.685417
182,5193787393634226710856637245122360855837884143711668923,24,430,426,0.031878,0.104771,0.115121,0.146999,0.853001
182,4901526449801380100603842024908873735304969564340783837,24,576,546,0.073783,0.006674,0.35135700000000003,0.42514,0.5748599999999999
182,6116842254080121661991651815972543754648149039661461711,24,552,543,0.158108,0.106645,0.12682,0.28492799999999996,0.715072
182,4848300292233620118117558303318082764588214458439723993,24,716,703,0.018676,0.041706,0.151531,0.170207,0.829793
182,5455870824923288995533498136798277725990387457579154641,24,392,392,0.022662,0.022662,0.0,0.022662,0.977338
182,3785938512649873423258671464276287016184708730225383793,24,424,412,0.084329,0.18975,0.283358,0.367687,0.632313
182,4491160981645514588938837869554023508980963008773065231,24,596,596,0.035154,0.035154,0.0,0.035154,0.964846
183,9166723778901347230936039451531749253767512951187044911,24,358,358,0.305492,0.305492,0.0,0.305492,0.694508
183,10455930224123599063565031820487918262028421842464564737,24,976,976,0.08103199999999999,0.08103199999999999,0.0,0.08103199999999999,0.918968
183,7427674099806058459503172382903188275128363209564310927,24,365,365,0.164711,0.164711,0.0,0.164711,0.835289
183,10617285421144533269412481609230267820807269357289585027,24,495,495,0.058229,0.058229,0.0,0.058229,0.941771
183,11010471763583359046491348791311818146317648218012267883,24,592,591,0.018491,0.034174,0.034174,0.052665000000000003,0.947335
183,10332376251302120495254834326196282275734767686242549761,24,391,371,0.052597000000000005,0.022407,0.297864,0.350461,0.649539
183,11749977713551691032971054523891664935137255323436579743,24,635,635,0.211004,0.211004,0.0,0.211004,0.788996
183,10038010870002094481651798134300472801725442018653785307,24,522,486,0.025031,0.06139,0.384101,0.40913200000000005,0.590868
183,10982511715433447835689163250582120464921150302579077343,24,407,407,0.131013,0.131013,0.0,0.131013,0.868987
183,8953983959087052116701047035345005923200525137226524679,24,574,543,0.050111,0.089155,0.221261,0.271372,0.728628
183,8876846022270762570247578740470934525848460110861548643,24,716,706,0.15708,0.129581,0.129581,0.286661,0.713339
183,7272641689296160343480501161670052491504793391277318831,24,468,468,0.174646,0.174646,0.0,0.174646,0.825354
183,12244318449419593826201370835952825834440723200097525199,24,587,585,0.058634,0.030989,0.030989,0.089623,0.910377
183,11599990885992088420849467859622548958581504884697039151,24,534,523,0.006058,0.038819,0.12401299999999998,0.130071,0.869929
183,7605813317180000005669607627882043830747996242518578099,24,601,601,0.059853,0.059853,0.0,0.059853,0.940147
183,12182702859135303445823465643541896884548888148712896953,24,386,386,0.057641,0.057641,0.0,0.057641,0.942359
183,9709983608535670096749131929304035374023228870737229987,24,528,516,0.01545,0.157484,0.157484,0.172934,0.827066
183,10464773632474194098893561476862794550508738502141675107,24,606,606,0.031742,0.031742,0.0,0.031742,0.968258
183,9586059037733377655369346899873870070324449037164235107,24,359,359,0.139087,0.139087,0.0,0.139087,0.860913
183,9699446562764165401251791317533912674237385429964214831,24,440,433,0.056823,0.0349,0.084658,0.141481,0.858519
184,18626849292167387044123969723309390925329349903285206507,24,405,383,0.027523,0.064981,0.19750600000000001,0.225029,0.774971
184,18804282751054831530309800753579061511332519271103678431,24,554,554,0.108155,0.108155,0.0,0.108155,0.891845
184,18252028929067861875789984563223162861221576906848127717,24,664,664,0.030253,0.030253,0.0,0.030253,0.969747
184,24181446627067838775417564967666980419690582548365581197,24,507,507,0.065287,0.065287,0.0,0.065287,0.934713
184,23005878760564119588403003965951554728473230184759392953,24,637,605,0.034397,0.012363,0.222895,0.257292,0.7427079999999999
184,23936510072986768214421716184424106299398221539866239897,24,504,500,0.08684,0.033019,0.033019,0.119859,0.8801410000000001
184,16234034926709714462589794505359125056267838558020716281,24,674,664,0.047071,0.051455,0.051455,0.098526,0.901474
184,23428690111692592128116212619775791367144015582938967239,24,463,456,0.132774,0.13494,0.167249,0.30002300000000004,0.699977
184,18912759825437398136803515023873579742325104166174841671,24,487,487,0.088868,0.088868,0.0,0.088868,0.911132
184,19927044154018425176840956388997557677674288593187597089,24,444,444,0.022088,0.022088,0.0,0.022088,0.977912
184,19536799308159701904048108852677303754701680967104128127,24,467,451,0.061836,0.06884,0.124717,0.186553,0.813447
184,19071823677149723706403511825275713145306081300414131937,24,611,608,0.011207,0.022071,0.022071,0.033278,0.966722
184,20612269609108741202241460271673864594887702871452882101,24,472,461,0.053753,0.041886,0.12253900000000001,0.176292,0.823708
184,18920239559229041789878510751170285007946834591953601329,24,707,689,0.058128,0.017993,0.221872,0.28,0.72
184,22611644979880324889689047625329907958432993333469481211,24,423,423,0.058434,0.058434,0.0,0.058434,0.941566
184,22464664451229199112637114050957084764371480284978460343,24,438,427,0.020914,0.028292,0.039959,0.060873,0.939127
184,20229563940142821382398535762812188204560973744420706551,24,554,554,0.07495,0.07495,0.0,0.07495,0.92505
184,14302906747822375527736225805395822106070407268478927343,24,463,463,0.046288,0.046288,0.0,0.046288,0.953712
184,22648934796018516144639607669733048190885481628018590453,24,502,495,0.046396,0.028646,0.028646,0.075042,0.924958
184,15697907949934382447029781871211500370846936672724531567,24,482,463,0.030029,0.053042,0.20983200000000002,0.23986100000000002,0.760139
185,39302817494925418904731805103331681348585472258348444957,25,627,624,0.083408,0.077459,0.077459,0.16086699999999998,0.839133
185,39163563717688705635413025356219451066821712937228964227,25,522,519,0.056454000000000004,0.024171,0.033055,0.089509,0.9104909999999999
185,43686826810459062412827238710551696728616518667617692019,25,620,600,0.012369,0.012212,0.10181600000000002,0.11418500000000002,0.885815
185,44530085274113978279620207534979690950635532686975502813,25,358,358,0.319372,0.319372,0.0,0.319372,0.680628
185,43570715964626102904381136448155751424171061828655209841,25,511,503,0.066924,0.150217,0.150217,0.21714099999999997,0.782859
185,42847627148824300921093636376913601640563740728623558181,25,766,764,0.025971,0.015925,0.015925,0.041896,0.958104
185,32083703321789764487338768250718421793945445188847533027,24,724,709,0.111271,0.089807,0.1449,0.256171,0.7438290000000001
185,33014805666036752589259540494640708288963751747621341763,25,580,580,0.032431,0.032431,0.0,0.032431,0.967569
185,41464335276070540341399584119313180727925975932568415057,25,443,411,0.025847,0.023047,0.14296199999999998,0.168809,0.831191
185,33861582902426483337301296118131448522568614203251711863,25,482,476,0.090582,0.082449,0.157658,0.24824,0.75176
185,46071639138339644800558097284225066199315293701982806079,25,869,869,0.041632,0.041632,0.0,0.041632,0.958368
185,37936033159136473000212002322269943296231496368568922549,25,391,391,0.070985,0.070985,0.0,0.070985,0.929015
185,48350569892826986379872186809679223015058022521047573871,25,531,531,0.169603,0.169603,0.0,0.169603,0.830397
185,41198097084082663709570476103319690345818375254249026263,25,455,455,0.059482,0.059482,0.0,0.059482,0.940518
185,45101352016751018053319721236302099399595057715497241929,25,497,471,0.049938,0.0291,0.08590099999999999,0.135839,0.864161
185,42065769993861888778368368385451592776021006938027669583,25,914,914,0.065639,0.065639,0.0,0.065639,0.934361
185,41907847300045853777854516119774591215451371041706482459,25,656,656,0.073411,0.073411,0.0,0.073411,0.926589
185,48828218167552081470122749610887068068091405463826001571,25,429,429,0.08371,0.08371,0.0,0.08371,0.91629
185,41321776714362126833330727735907708762522999908493584631,25,507,500,0.068195,0.011396,0.011396,0.07959100000000001,0.920409
185,45383217518804476499152706989070758316114620859553366943,25,365,365,0.087156,0.087156,0.0,0.087156,0.912844
186,91860233843352511299828307727646362358888480420031170413,25,666,666,0.163803,0.163803,0.0,0.163803,0.836197
186,80310109483483183267313583353855043236387938949945913511,25,366,366,0.178258,0.178258,0.0,0.178258,0.821742
186,80341684383462084364790814145428006802552449749708478169,25,644,644,0.015948,0.015948,0.0,0.015948,0.984052
186,94274586636737974618847930138230885567012445571032348059,25,563,562,0.043442,0.074139,0.074139,0.11758099999999999,0.8824190000000001
186,85286064753422311838018802719562606418460845712040300179,25,456,456,0.213124,0.213124,0.0,0.213124,0.786876
186,95824663807095715873047831217240459086791279500036727837,25,557,557,0.08124,0.08124,0.0,0.08124,0.91876
186,80600641280005619173439191411717632606164953443740925413,25,666,666,0.026951,0.026951,0.0,0.026951,0.973049
186,53363439485857552435882838625033101776848292903405327631,25,486,486,0.062241,0.062241,0.0,0.062241,0.937759
186,84360977267528679389916660229858829202359730331725108419,25,608,578,0.060793,0.099811,0.099811,0.160604,0.839396
186,79840201135431317961751024566665709261061070004618876607,25,415,399,0.057615,0.120222,0.120222,0.177837,0.822163
186,86866046861802039662583542752660385034769683216166980061,25,705,705,0.056172,0.056172,0.0,0.056172,0.943828
186,86323619254797487920466332795791126216445907418620989923,25,549,527,0.029712,0.005052,0.08399300000000001,0.11370500000000001,0.8862949999999999
186,96229941655765770007029825039522376331365113196946498957,25,456,456,0.045176,0.045176,0.0,0.045176,0.954824
186,68612351526722038739277226442469049931568086799744053797,25,516,483,0.039681,0.05359,0.2944940000000001,0.3341750000000001,0.6658249999999999
186,68105415306841011876975324285506148265126787018204059721,25,698,698,0.049072,0.049072,0.0,0.049072,0.950928
186,82153452353776642549718572430278706898613500637862573111,25,591,591,0.177957,0.177957,0.0,0.177957,0.822043
186,58260742770043455753114412466166256900662844348827175237,25,675,669,0.023989,0.038042,0.038042,0.062031,0.937969
186,92398084669964916514251013016603556504210733394779182767,25,387,362,0.011094,0.109058,0.43742,0.44851399999999997,0.551486
186,85070111672001330371958789558357340118850688442337853217,25,418,418,0.066327,0.066327,0.0,0.066327,0.933673
186,77006883355586853676151730714225091231991247740864640619,25,452,452,0.107426,0.107426,0.0,0.107426,0.892574
187,185702567469454758545522669141358609758902348939813864093,25,552,552,0.107018,0.107018,0.0,0.107018,0.8929819999999999
187,179941892859217785606681885687143742888315889414346363689,25,1050,1050,0.031335,0.031335,0.0,0.031335,0.968665
187,181526373319561920706249179904543072763946711556143801553,25,556,556,0.210752,0.210752,0.0,0.210752,0.789248
187,167429568427479950155810682841163388259872915659211758439,25,440,428,0.027735,0.071763,0.071763,0.09949799999999999,0.900502
187,186979504018673334316662054121094588580490052795915527519,25,598,594,0.08599699999999999,0.043489,0.043489,0.129486,0.870514
187,145169698815553753950995436308896640554249031871232995529,25,616,616,0.035055,0.035055,0.0,0.035055,0.9649449999999999
187,189461310023527313299690027067741970827568893636258377063,25,791,791,0.016189,0.016189,0.0,0.016189,0.983811
187,195549547224884539368396804380565596304971046728434683161,25,445,439,0.074504,0.042853,0.042853,0.117357,0.882643
187,178245846474078559274688392189915797290638577194576694293,25,467,467,0.170862,0.170862,0.0,0.170862,0.8291379999999999
187,140252436907018775044357018689165543420042260373871440727,25,544,532,0.019995,0.080492,0.21708899999999998,0.23708399999999996,0.762916
187,192105990641511042361486580149859043063803753731838318981,25,861,825,0.040487,0.029369,0.26658,0.307067,0.692933
187,178454889426021172984526500874394848133697897783899319511,25,1017,996,0.183253,0.058909,0.08246600000000001,0.26571900000000004,0.734281
187,147793902755095806954444489354226029687835800736294743133,25,654,654,0.134096,0.134096,0.0,0.134096,0.865904
187,181066564675332279473924972484406057203667755771628163519,25,433,427,0.052773,0.057098,0.057098,0.109871,0.890129
187,168818801318777087057170297997195516793375607488939767557,25,507,472,0.055463,0.024319,0.13562,0.191083,0.808917
187,163084686989748233415040348211861253938756903626114968719,25,430,430,0.022782,0.022782,0.0,0.022782,0.977218
187,188075731576689556162612507442726713223245640460883288489,25,608,600,0.047782,0.047255,0.120479,0.168261,0.831739
187,132226185708852638537764772743714220747210366978910886177,25,497,492,0.010488,0.051148,0.072589,0.083077,0.916923
187,194698576701919400115040833966319106090888842928840082833,25,487,487,0.064868,0.064868,0.0,0.064868,0.935132
187,125253423035716542158322394161648453041038946552062725559,25,507,507,0.039491,0.039491,0.0,0.039491,0.9605090000000001
188,314224750521702231589078779205748577487125730214151848227,25,477,477,0.16698,0.16698,0.0,0.16698,0.83302
188,214725867801677657763150716044378228025925022271604157093,25,381,381,0.053288,0.053288,0.0,0.053288,0.946712
188,337786569927761505444410838242068306234426938889367376089,25,438,438,0.232012,0.232012,0.0,0.232012,0.767988
188,360223106477640603715939086025088234494108141240755800321,25,461,461,0.035861,0.035861,0.0,0.035861,0.964139
188,374124987525817520307508964115960865602386918837898179827,25,671,671,0.14679,0.14679,0.0,0.14679,0.85321
188,361989780913006793919620222968747185160737595989089084909,25,463,454,0.025193,0.011814,0.10430299999999999,0.129496,0.870504
188,317559581118592945343728270732523067627215982144611637637,25,424,409,0.059861,0.065196,0.10545900000000001,0.16532000000000002,0.83468
188,379999621526733814982174866558604085395375086537465979591,25,411,411,0.020754,0.020754,0.0,0.020754,0.979246
188,366021560344730588643709636731405132352498915207181378779,25,433,433,0.332922,0.332922,0.0,0.332922,0.6670780000000001
188,387944003533460640819952009732254475678414088984486177033,25,657,657,0.039189,0.039189,0.0,0.039189,0.960811
188,374845489005902740783352118914562105030081362850475258007,25,684,681,0.038532,0.051802,0.051802,0.090334,0.909666
188,386515816923087548415772467909907858268131406963172669599,25,549,548,0.173144,0.039997,0.039997,0.213141,0.786859
188,221106737983069547058303874626625601611876932304469714993,25,470,470,0.117973,0.117973,0.0,0.117973,0.882027
188,240210128646608330322236250926839186745574038027417949109,25,557,555,0.132456,0.015097,0.015097,0.147553,0.852447
188,318351913440867881282887107239336403432896585513539162139,25,495,473,0.0503,0.028514,0.070564,0.120864,0.879136
188,378635620380227758123177463104203120047480633879439638329,25,474,474,0.085381,0.085381,0.0,0.085381,0.914619
188,319199732197973078769687558220972231917492453889455575179,25,475,475,0.170949,0.170949,0.0,0.170949,0.829051
188,381980473612089531334196860824416470009021634012423067737,25,457,457,0.052425,0.052425,0.0,0.052425,0.9475750000000001
188,256586033541357135375485125099595006467144223152458416503,25,378,378,0.189522,0.189522,0.0,0.189522,0.810478
188,353636550421510722509208696720104070107782240230147107101,25,526,526,0.085616,0.085616,0.0,0.085616,0.914384
189,408589902288642681578344276763041902416284671692080986377,25,440,407,0.010309,0.044817,0.18774800000000005,0.19805700000000007,0.801943
189,646628678273258141372517202145221034603557799378124614201,25,559,559,0.007998,0.007998,0.0,0.007998,0.992002
189,592635606571861287284224295593110454631652264655249578353,25,530,528,0.019092,0.011225,0.011225,0.030317000000000004,0.969683
189,650208432524537748605744087782608274999617116493579199513,25,627,618,0.041731,0.035386,0.051945000000000005,0.09367600000000001,0.906324
189,599419609079700662276957964472775050611343385405910300163,25,797,783,0.019424,0.013169,0.113625,0.133049,0.866951
189,591139658903332237066666950704418695507871569867166356959,25,517,517,0.066429,0.066429,0.0,0.066429,0.933571
189,759303095841708533868206131077305245572712516145789616107,25,440,440,0.122869,0.122869,0.0,0.122869,0.877131
189,723374087894581884780114042666006439305170047096296570421,25,441,420,0.016255,0.051612,0.11054299999999999,0.126798,0.873202
189,642089268364349919722039425710377324200681378773618660631,25,544,544,0.02628,0.02628,0.0,0.02628,0.97372
189,493458509028245692711455247191997853201057771326056542803,25,816,801,0.073663,0.047645,0.047645,0.121308,0.878692
189,775267771444101410063934578993845769575953505357992661799,25,822,822,0.150523,0.150523,0.0,0.150523,0.849477
189,525214235994067347101638348805237964788334546789415420243,25,655,648,0.010434,0.011744,0.011744,0.022178,0.977822
189,510228484199873332122049098813102378921923672052464278333,25,443,443,0.095882,0.095882,0.0,0.095882,0.904118
189,630121824338129668949919059009823882545840337934822277567,25,715,699,0.056746,0.020009,0.10831100000000002,0.165057,0.834943
189,755634779781799121353112557954459602771587484582257255551,25,411,411,0.025317,0.025317,0.0,0.025317,0.974683
189,612172740703460905652990412541931502012476806243188854431,25,635,629,0.044961,0.016815,0.073752,0.118713,0.881287
189,530704707601162495384297467780173501132805319654798984003,25,458,433,0.047714,0.034416,0.123533,0.171247,0.828753
189,756916004872319657418986856461653189263814971681663763573,25,577,572,0.181692,0.051828,0.051828,0.23352,0.76648
189,490921607897052107753246264180398217237973784027521089099,25,450,445,0.029217,0.05484,0.10536100000000001,0.134578,0.865422
189,767702133245506513310164240704062695141079949461903447479,25,508,499,0.057834,0.011204,0.052874,0.110708,0.889292
190,1107697980005560535935691181882881481298971577503883545431,25,513,511,0.097691,0.041746,0.041746,0.139437,0.860563
190,1447718595714448727207173851527167403200700108585820235931,25,401,401,0.1884,0.1884,0.0,0.1884,0.8116
190,1067595819970828694093593212927706218036137678171084438953,25,506,479,0.041699,0.062716,0.23845799999999998,0.280157,0.719843
190,1236956916814563958009976698763228455869309463346857145209,25,444,424,0.027648,0.028581,0.25932999999999995,0.28697799999999996,0.713022
190,1303595662239872394152630143462469139534875953977955173719,25,959,953,0.054622,0.023059,0.065345,0.11996699999999999,0.8800330000000001
190,1436728764183159269584547372484560757421757510937607299719,25,426,426,0.166897,0.166897,0.0,0.166897,0.833103
190,1358738873900145804437909196195927584579190583894624729549,25,522,518,0.12111,0.029276,0.029276,0.150386,0.849614
190,1309414713325066973570726305039978280113478833538624990717,25,689,689,0.015305,0.015305,0.0,0.015305,0.984695
190,1119233946195882068749589393936438955574244336504433599743,25,534,534,0.229215,0.229215,0.0,0.229215,0.770785
190,1391390333131732070825024754648255205953706845753859235761,25,876,876,0.105398,0.105398,0.0,0.105398,0.894602
190,1219405195991088602219964475590713847204090579216876133247,25,688,688,0.033934,0.033934,0.0,0.033934,0.966066
190,1285952433782265124699401960911465263241667818151785942989,25,502,469,0.06809699999999999,0.061412,0.29301299999999997,0.36110999999999993,0.6388900000000001
190,936281692826227408663886118472398327211075139996831483807,25,467,460,0.109848,0.026175,0.026175,0.136023,0.863977
190,1495152348884655255748854019985088902044523205603769307549,25,506,506,0.129882,0.129882,0.0,0.129882,0.870118
190,1543054376408543181151756345226381442258117792563593031941,25,481,481,0.046141,0.046141,0.0,0.046141,0.953859
190,1197900039859831281860297786593556759105357856705065296097,25,369,369,0.337669,0.337669,0.0,0.337669,0.662331
190,1325762643789188253480076014106355323863094856768820242033,25,414,414,0.245473,0.245473,0.0,0.245473,0.754527
190,1549503894836788136271053205345052692884272523599834807513,25,515,513,0.080355,0.112743,0.112743,0.193098,0.806902
190,1371820001327266974371651800423316814650750283162857664521,25,384,384,0.133457,0.133457,0.0,0.133457,0.8665430000000001
190,1319759631078608755615705806993244756656084597458744780879,25,521,500,0.044255,0.042257,0.173535,0.21778999999999998,0.7822100000000001
191,2180877054471620294689724695606846212849552332318992940407,25,497,497,0.13087900000000002,0.13087900000000002,0.0,0.13087900000000002,0.869121
191,1606385381360148813307516689773707722363849418834436678389,25,418,418,0.081093,0.081093,0.0,0.081093,0.918907
191,2738991831553984659353836548560279154535043688289688027603,25,465,458,0.025889,0.02564,0.035704,0.061592999999999995,0.938407
191,2021640631374636353782008830324840969777513038468864748759,25,652,648,0.03851,0.039406,0.039406,0.077916,0.922084
191,2105598972222103150968007207241144213000505023620025661667,25,422,422,0.106211,0.106211,0.0,0.106211,0.893789
191,2954552227750152336095183292848417913001395070298811029879,25,615,609,0.064217,0.005961,0.005961,0.07017799999999999,0.929822
191,2604823021534871940153658516882468145972589783978202484923,25,499,499,0.079056,0.079056,0.0,0.079056,0.920944
191,2697799617327879157081712621189446951709202892838110789249,25,1093,1093,0.10272,0.10272,0.0,0.10272,0.89728
191,2749750578464362511041140809468842163052814508247072125809,25,709,702,0.017048,0.078764,0.078764,0.09581200000000001,0.904188
191,2810254725646498720414994000029322939731083303115400227283,25,624,595,0.034812,0.023705,0.19028,0.22509200000000001,0.7749079999999999
191,2919723125927389511356972449231841889026550065177689782341,25,632,606,0.075375,0.050041,0.318599,0.39397400000000005,0.606026
191,2384759410471810319375657922573509817577252181814221416381,25,543,543,0.161328,0.161328,0.0,0.161328,0.838672
191,2870902859138464144898136609805487079043674281379484515257,25,565,564,0.0387,0.012758,0.012758,0.051458,0.948542
191,2531428612228677358426023750691561085464553004835817283823,25,685,685,0.060091,0.060091,0.0,0.060091,0.939909
191,2569199376454128229458263634674647272803671413063904093681,25,483,469,0.054939,0.041967,0.07596699999999999,0.130906,0.869094
191,2077139403037075257284520813457747381680630617898050789129,25,582,582,0.042379,0.042379,0.0,0.042379,0.957621
191,2599527300982831600647840629042688948539972657946504879419,25,743,739,0.027944,0.015035,0.015035,0.042979,0.957021
191,2939945259852704861237884063321703407639606324099970984489,25,520,520,0.23513099999999998,0.23513099999999998,0.0,0.23513099999999998,0.764869
191,2806787067261975292631801717103764100516337005958274854877,25,907,904,0.050706,0.013669,0.061943,0.112649,0.887351
191,3102854422286895681399386946361481173908793767638701190957,25,535,535,0.157991,0.157991,0.0,0.157991,0.842009
192,6053136549975215707114861824618604186550967571524618556511,25,587,574,0.108251,0.15584,0.22138400000000003,0.329635,0.670365
192,5772223899679240100865858833866067485733365743633882768503,25,429,417,0.0348,0.106209,0.25091600000000003,0.285716,0.7142839999999999
192,4939008137476552065240184537828644764133517214756158762829,25,496,490,0.042794,0.075671,0.15824000000000002,0.20103400000000002,0.798966
192,6212435194276394115763543059243494938563033646586224859629,25,574,559,0.050893999999999995,0.04722,0.09729499999999999,0.148189,0.851811
192,3874204338182140753502701838530384426297759523506113427483,25,628,628,0.091566,0.091566,0.0,0.091566,0.908434
192,3347208880492337566130653746802735549578109517894379499733,25,785,784,0.129057,0.021771,0.021771,0.15082800000000002,0.849172
192,4306083721119286908591380042584606571729048503575164227711,25,507,496,0.03325,0.043059,0.112294,0.145544,0.854456
192,5163763031624406920207830805702663059843081289928205028959,25,626,626,0.080035,0.080035,0.0,0.080035,0.919965
192,6130364660359904866071451106195076205876004972250032444803,25,494,494,0.024173,0.024173,0.0,0.024173,0.975827
192,6254696907579855069014156880599952401895926775151729298633,25,580,580,0.081812,0.081812,0.0,0.081812,0.918188
192,4873661477686905481674696353544486097679453418713697857441,25,1093,1093,0.095131,0.095131,0.0,0.095131,0.904869
192,5412175546964427994074789034451167835889491793324688758467,25,799,789,0.029763,0.039382,0.053788,0.083551,0.916449
192,5910884209390437413999109263981667425861292837036749005609,25,578,576,0.120469,0.045119,0.045119,0.165588,0.8344119999999999
192,4621285287029859947459316813570982113322073918209718266019,25,559,559,0.210795,0.210795,0.0,0.210795,0.7892049999999999
192,5696283951894185144007889520249234417647198158940715431933,25,440,440,0.048816,0.048816,0.0,0.048816,0.951184
192,3683958575511235413756595798246241035800834295791075521963,25,463,463,0.09497,0.09497,0.0,0.09497,0.90503
192,4468006165118885684913086683109597497945491118316503789123,25,1043,1002,0.023858999999999998,0.03447,0.36003599999999997,0.383895,0.616105
192,5488497809815368048793079212529624026388526869419621039691,25,562,550,0.033687,0.015953,0.200795,0.234482,0.765518
192,5659542164522658766094858453465847140623734081033257305487,25,457,457,0.041919,0.041919,0.0,0.041919,0.958081
192,6149807903410653285967321465976396749348286539647506887699,25,638,635,0.072663,0.054448,0.054448,0.127111,0.872889
193,9905013207931875527529191960135739218017812814063208578531,25,663,629,0.060455999999999996,0.033966,0.246404,0.30686,0.69314
193,10100483858506872648422975068896319443064533148276380832169,25,694,674,0.04572,0.046234,0.16981800000000002,0.215538,0.784462
193,11663540999446197162723452607497563376895758675776898312369,25,546,534,0.083188,0.21707,0.287605,0.370793,0.6292070000000001
193,10897749645060145624874358483865606849691424744321528304937,25,565,562,0.058854,0.010579,0.024621999999999998,0.083476,0.916524
193,10565624405515099844116517970763527091130891790570283157137,25,488,488,0.201913,0.201913,0.0,0.201913,0.798087
193,12070921450587575263287627747872390786879378063838490617043,25,697,697,0.10427,0.10427,0.0,0.10427,0.89573
193,9664634974777947645604027278555623329607100282762834013441,25,509,509,0.028765,0.028765,0.0,0.028765,0.971235
193,12322960193874180073992358693327396906594292112230707610489,25,648,614,0.010474,0.010387,0.135466,0.14594000000000001,0.85406
193,8099708654360452993215966572101668396566826381629301683063,25,608,570,0.06817100000000001,0.060163,0.32184299999999993,0.39001399999999997,0.609986
193,11214351833369361189026414622248506634769198922661651441293,25,527,527,0.07346,0.07346,0.0,0.07346,0.92654
193,9128073803947130372484141505624445498586637123573747380151,25,441,441,0.073564,0.073564,0.0,0.073564,0.926436
193,11312813665303613237304198878301422628970319071234047845347,25,719,700,0.016266,0.011807,0.027175,0.043441,0.956559
193,11023902979621732752907862575267849055507922142544485438789,25,571,562,0.008668,0.018224,0.047408000000000006,0.05607600000000001,0.943924
193,11262927042730954176015822824963334235937052626560568007419,25,567,567,0.026399,0.026399,0.0,0.026399,0.973601
193,10857095320997612707420637232964945337144528989105797131153,25,816,816,0.096392,0.096392,0.0,0.096392,0.903608
193,10494271519339392909894195833014476236187539413566084429379,25,584,584,0.04012,0.04012,0.0,0.04012,0.95988
193,12278064626184964589595523842860542425676931971855436832259,25,610,610,0.057508,0.057508,0.0,0.057508,0.942492
193,8482872608322654051369609585269639790901351219221511846733,25,497,497,0.072608,0.072608,0.0,0.072608,0.927392
193,7306887098618586073076594877395470343989113832174839245017,25,574,555,0.050723,0.050949,0.050949,0.101672,0.898328
193,12409265929614063311478379725438459124196359168832063103151,25,479,478,0.182905,0.162233,0.162233,0.345138,0.654862
194,20683260459467499029277828805303888053838228828420773810227,25,676,674,0.0176,0.020401,0.020401,0.038001,0.961999
194,21350469721329597074134362589876985354717072338210358108849,26,398,398,0.151183,0.151183,0.0,0.151183,0.8488169999999999
194,18942954816325570836124528681131878336599202626159580306777,25,469,463,0.050296,0.069603,0.134796,0.185092,0.814908
194,24458941949583565962792372221933150989311549041638920536113,26,689,675,0.048888,0.021852,0.142918,0.19180599999999998,0.8081940000000001
194,21076672769905977070352813226874932564034530295953191284753,25,535,535,0.033558,0.033558,0.0,0.033558,0.966442
194,22249362777783306049117932825890593656249535237757916625729,26,442,418,0.065175,0.075387,0.11145,0.17662499999999998,0.823375
194,23203422452949787679074210878498136594954609999835899906157,26,610,603,0.050295,0.054577,0.083527,0.133822,0.866178
194,20868115815896194713106525621357671273079634596135616425361,25,625,619,0.050578,0.095271,0.144914,0.195492,0.804508
194,23192686299066524320738010687390362447126038875074169556253,26,613,605,0.034988,0.016331,0.063481,0.098469,0.901531
194,22340054129412896419322214973520037370083718012993281910367,26,418,418,0.020187,0.020187,0.0,0.020187,0.979813
194,23181673086820734631906360554899103585708564817833096064921,26,1289,1289,0.084545,0.084545,0.0,0.084545,0.915455
194,24582599091151675799091021479482934414662039688624223437687,26,426,426,0.037253,0.037253,0.0,0.037253,0.962747
194,25065435242975997360701202808292864499688676903327335870541,26,495,495,0.058154,0.058154,0.0,0.058154,0.941846
194,18390454080376419958677765335623388001794346466558675435283,25,548,544,0.060818,0.026793,0.026793,0.087611,0.912389
194,22922786508061659363842923473806512470282966011733435851431,26,1073,1042,0.002713,0.005453,0.015017,0.017730000000000003,0.98227
194,17061387184720152302891304554226083544383293835520188213651,25,467,443,0.172081,0.017519,0.269182,0.44126299999999996,0.558737
194,18618516616598255372519874377476542080222536021373325270311,25,464,464,0.375565,0.375565,0.0,0.375565,0.6244350000000001
194,21282237135538130116514856262480953933294724963389201954481,26,554,551,0.030802,0.045072,0.045072,0.075874,0.924126
194,20522969516655873169000695377445575228468042248954518479057,25,565,536,0.019462,0.016228,0.11603000000000001,0.135492,0.864508
194,14989350088210543607482262847185984320363092765497004877451,25,647,639,0.01959,0.020514,0.020514,0.040104,0.959896
195,43040604789452163741387408621112136409598757059035661677893,26,584,578,0.102993,0.043256,0.07766,0.180653,0.819347
195,49088991794939140574010539690236171966040109026993415914269,26,445,442,0.161465,0.084279,0.084279,0.24574400000000002,0.754256
195,48300749567102905436273718192442740995408307546941115427897,26,494,482,0.089811,0.140787,0.140787,0.230598,0.769402
195,48906073225085902924815189872988257194974124450370814611651,26,421,421,0.162523,0.162523,0.0,0.162523,0.837477
195,36863086582293400960306820600939234657564365893479938560799,26,734,706,0.011324,0.036948,0.11907699999999997,0.130401,0.869599
195,39520094337921324612196662792851626492332520911673811699729,26,885,885,0.024031,0.024031,0.0,0.024031,0.975969
195,48712327583936410948919472729136236367597407084610635272833,26,458,458,0.031846,0.031846,0.0,0.031846,0.968154
195,40655326120160876332407096732056168721873529846326635963177,26,449,435,0.062495,0.035288,0.149501,0.211996,0.788004
195,49535766793358394398954575009134138350900646325935636614543,26,585,573,0.107399,0.110732,0.18518400000000002,0.29258300000000004,0.707417
195,41862719142251391308296850055406978004299551713109836123227,26,582,576,0.060372,0.025955,0.025955,0.086327,0.913673
195,39425775947292327135017849550127493358385136125831647180659,26,469,456,0.053229,0.141947,0.141947,0.195176,0.804824
195,40030915462863037646967083275653053673838289093488559065567,26,612,598,0.068493,0.094337,0.094337,0.16283,0.83717
195,40570734708690516020996671408225641495385595046735671957119,26,459,459,0.094833,0.094833,0.0,0.094833,0.905167
195,40934085183179492462123851985126002111578252845347853305697,26,486,486,0.239221,0.239221,0.0,0.239221,0.760779
195,35128682060529629825193792168573153198841552039371874266881,26,455,446,0.036944,0.03278,0.03278,0.069724,0.930276
195,33386520498533519946398383478624977467807699443830033789513,26,580,580,0.076744,0.076744,0.0,0.076744,0.923256
195,40141148770606288794672640695647670636575757821310805897243,26,516,516,0.067262,0.067262,0.0,0.067262,0.932738
195,40490518455055723132909066555944613680023787528271085543291,26,564,564,0.139345,0.139345,0.0,0.139345,0.860655
195,47614627301874134935455529116186115164906112363136503150483,26,654,654,0.099565,0.099565,0.0,0.099565,0.900435
195,34473817038037491202068900808519350419613875057302440357481,26,602,602,0.011414,0.011414,0.0,0.011414,0.988586
196,95168415107121660560916881793289203952418490854465168975321,26,685,685,0.03403,0.03403,0.0,0.03403,0.96597
196,90009791547499984548910278716753576073152720702817059055901,26,511,498,0.099246,0.057902,0.057902,0.157148,0.8428519999999999
196,87459073763838296701927301523704259554148918532862184975629,26,551,551,0.074834,0.074834,0.0,0.074834,0.925166
196,70309503501777340343079821334567642537559966663221390472973,26,501,477,0.023581,0.069412,0.16161699999999998,0.18519799999999997,0.814802
196,95305038515393842196007534454562012255827385548443606952501,26,605,597,0.0084,0.012991,0.06461800000000001,0.07301800000000001,0.926982
196,82858880649466251495449216071414702109906561191821038787641,26,397,397,0.058222,0.058222,0.0,0.058222,0.941778
196,97083793852684433813008089400054003385653724507596918274297,26,684,663,0.012471,0.049995,0.10761099999999998,0.12008199999999998,0.879918
196,99466774561138218293682307547255032274447325955533021392447,26,486,486,0.103854,0.103854,0.0,0.103854,0.896146
196,62333097639089791343889610479116623630492359496474506120427,26,844,829,0.036754,0.010012,0.11545199999999999,0.15220599999999998,0.847794
196,98202769533374705029605057892210661368086364721024686834069,26,593,593,0.047957,0.047957,0.0,0.047957,0.952043
196,76205915167282914218102341674425274873438928127960827493699,26,787,784,0.196242,0.079439,0.079439,0.275681,0.7243189999999999
196,99735781901275954167800573841902347907225001572434442739617,26,680,680,0.102968,0.102968,0.0,0.102968,0.897032
196,75523924234554614323219474180414139839611222725124775536109,26,469,469,0.09232,0.09232,0.0,0.09232,0.90768
196,98856416133856584127753735193005691636012090201233990732729,26,443,428,0.08412,0.119108,0.250996,0.33511599999999997,0.664884
196,74465721503975476013420915082380026622357493970492148475923,26,621,621,0.09954,0.09954,0.0,0.09954,0.90046
196,93695083979722113939155057731935369089046162236564738423191,26,541,537,0.039591,0.03884,0.03884,0.078431,0.921569
196,77879392079591903526474505876698267670805166486636028530899,26,494,472,0.10861399999999999,0.044827,0.044827,0.153441,0.8465590000000001
196,84229306643800747300264590699152695007580757244203842094811,26,552,552,0.085918,0.085918,0.0,0.085918,0.9140820000000001
196,94030668663190317444347187347006250211939496898445186865789,26,840,817,0.017687,0.034808,0.080346,0.09803300000000001,0.901967
196,100248369583162082393739261464041339014101482772776091948201,26,438,431,0.069853,0.049736,0.124593,0.194446,0.805554
197,167659105655698882339508182915480992256595774433903924122623,26,1544,1534,0.048667,0.017338,0.10828499999999999,0.15695199999999998,0.843048
197,122449747198975822084132001235051055769374123302428745305941,26,652,652,0.052876,0.052876,0.0,0.052876,0.947124
197,157771390213784769025733801475620067885551276043484431320057,26,522,522,0.172168,0.172168,0.0,0.172168,0.827832
197,195362636325845913268639913567995093493514004135984307800363,26,573,551,0.100213,0.009901,0.33698599999999995,0.43719899999999995,0.5628010000000001
197,160328182105787324869078655378810538500450812696259544941773,26,496,496,0.188,0.188,0.0,0.188,0.812
197,184970800291752440068635983309521468062368504646083676644033,26,648,648,0.041807,0.041807,0.0,0.041807,0.958193
197,164144776080649194883406513297516553025716555924591056615183,26,435,431,0.06813,0.035558,0.06460199999999999,0.132732,0.867268
197,140818764650826975296987375129283355966942621459853255150479,26,564,564,0.04667,0.04667,0.0,0.04667,0.95333
197,189022387984517778950705123442972032908094852334290657306231,26,449,449,0.075955,0.075955,0.0,0.075955,0.924045
197,172220763612696405396243073018306035394484382521705030045911,26,445,438,0.028349,0.028819,0.067248,0.095597,0.904403
197,154481106607181704446691691500013964555830349483415881254479,26,744,743,0.06540699999999999,0.07313900000000001,0.07313900000000001,0.138546,0.8614539999999999
197,138116520840863501578382275910208792542013786200119809943421,26,465,465,0.060447,0.060447,0.0,0.060447,0.939553
197,128167436666847967508432921399395745683533771986744909507099,26,467,467,0.113631,0.113631,0.0,0.113631,0.886369
197,179430245545432323474984038609312519060231752952330260578973,26,644,644,0.014154,0.014154,0.0,0.014154,0.985846
197,164907321185035410613697079130730386934791247649211425433501,26,643,616,0.008199,0.007896,0.08647000000000002,0.09466900000000002,0.905331
197,149559974584198894049055200074096371180280008283748787845411,26,446,432,0.231993,0.084004,0.084004,0.315997,0.684003
197,141960287108387193832375793429518062558146806429474522246723,26,506,506,0.085257,0.085257,0.0,0.085257,0.914743
197,117962418323306660486403773161381103053143923297611666689523,26,462,462,0.03056,0.03056,0.0,0.03056,0.96944
197,159003940652452327574248903060253950134870172438916155070369,26,723,688,0.04906,0.015037,0.4926150000000001,0.5416750000000001,0.45832499999999987
197,186310928751907307724815625865601039478473930304908425333493,26,812,812,0.051521,0.051521,0.0,0.051521,0.948479
198,358800385741478548379741226608716034844371071935561085305833,26,623,617,0.058217,0.064524,0.064524,0.12274099999999999,0.877259
198,361832547229010809777991703475089455145922714751449984988413,26,419,415,0.16213,0.078351,0.078351,0.240481,0.759519
198,366234672716741757435258864069198637471462810470347219616629,26,688,679,0.029702,0.032572,0.046271999999999994,0.07597399999999999,0.924026
198,381944248262064685581254962871209750407378184907165945167889,26,559,559,0.046617,0.046617,0.0,0.046617,0.953383
198,354687072527494597410093290280585584399421663969934020853223,26,598,598,0.140301,0.140301,0.0,0.140301,0.859699
198,379245416457437245542302776449664948360818185536921628076539,26,432,432,0.086828,0.086828,0.0,0.086828,0.913172
198,276003453857523809899467677088049878845070200584331936691041,26,534,534,0.062524,0.062524,0.0,0.062524,0.937476
198,209990048987204577494427221770767574738889930041728156874193,26,577,577,0.096359,0.096359,0.0,0.096359,0.903641
198,256901948110234610129862767369945243180538397102365122358427,26,484,483,0.051238,0.154173,0.154173,0.205411,0.794589
198,392896855902880253325160541666344098709384930507930453171681,26,468,468,0.035175,0.035175,0.0,0.035175,0.964825
198,261148592887412956171116968549303549257459540886776423198739,26,509,508,0.014068,0.030417,0.030417,0.044485,0.955515
198,380307295207752593087679241538739081357344508076536875023627,26,597,574,0.132882,0.197402,0.300194,0.433076,0.566924
198,388299617663319746972489463784551990330983404458676571447693,26,517,496,0.035969,0.017981,0.11255699999999999,0.148526,0.8514740000000001
198,328573357774619762260295479993442675189590010826879831896677,26,534,519,0.015529,0.044884,0.058949,0.074478,0.925522
198,345095965742713044505246800463174842475462680793869138019261,26,453,453,0.136877,0.136877,0.0,0.136877,0.863123
198,292581670931790651470491827458218900376775743841380672403887,26,503,503,0.056511,0.056511,0.0,0.056511,0.943489
198,390539114582262272077001713638342490864897532470034331261247,26,491,473,0.095839,0.159158,0.159158,0.254997,0.7450030000000001
198,360504086773559647539204736208829484928785732049355565383643,26,395,395,0.063929,0.063929,0.0,0.063929,0.936071
198,235950558879078260282437419803935172239069320587333159451019,26,530,530,0.042826,0.042826,0.0,0.042826,0.957174
198,398227691324642613283526129594013507506766970246599454997939,26,659,643,0.046686,0.022766,0.036454,0.08313999999999999,0.91686
199,754357335704061312767906283574368857849729996361323767853021,26,540,540,0.210292,0.210292,0.0,0.210292,0.789708
199,740449135866891063702563724186205751814739503564925633250647,26,478,453,0.052912,0.036553,0.109472,0.162384,0.837616
199,783572025208462059459081331520531102495696274404533915350617,26,510,493,0.096463,0.07273,0.19006800000000001,0.286531,0.713469
199,689619749063096498116944459976173154436509257531702365821471,26,624,613,0.080898,0.055235,0.071852,0.15275,0.8472500000000001
199,792261444591087612509889756571590671010253289767476929883959,26,692,692,0.133702,0.133702,0.0,0.133702,0.866298
199,485165244720747932715066275346273892339756962905587028338027,26,452,452,0.175328,0.175328,0.0,0.175328,0.824672
199,701425127964276666799904563003747018572056891360383272760451,26,1119,1102,0.022043,0.15196,0.15196,0.17400300000000002,0.825997
199,790893896840481035276180066252113476643190200344778153065643,26,924,924,0.148231,0.148231,0.0,0.148231,0.851769
199,763536298621525364342165189094083117188952849209780027677679,26,601,593,0.105719,0.051185,0.10524,0.210959,0.789041
199,613617912594322713495151233564022371433770815044783317065269,26,827,827,0.040234,0.040234,0.0,0.040234,0.959766
199,701969238772333138157522384223588554623546191713496616248319,26,475,475,0.189304,0.189304,0.0,0.189304,0.810696
199,659743727985962787654640554658683537620374805989756454087933,26,679,679,0.035804,0.035804,0.0,0.035804,0.964196
199,690360274208079369250317450856211794224002008122073050016637,26,522,522,0.121996,0.121996,0.0,0.121996,0.878004
199,500887070634424955740905032565576942995006631697841024678317,26,521,521,0.056364,0.056364,0.0,0.056364,0.943636
199,562515533415072305976115813906881843805019952700501666255663,26,510,509,0.026656,0.01607,0.01607,0.042726,0.957274
199,687386421009493082281833809951506042909624825066468351426301,26,451,437,0.153843,0.032823,0.046458,0.200301,0.7996989999999999
199,627831828857047974697867855909832323916998184071016955354641,26,557,557,0.181831,0.181831,0.0,0.181831,0.818169
199,531493718748199409115070187956201803475378862922781030803881,26,499,499,0.101875,0.101875,0.0,0.101875,0.8981250000000001
199,764298723870080571982440894112670628624228896767629734930611,26,441,425,0.11665,0.116763,0.116763,0.233413,0.766587
199,563561550095967293743840793623207928679303836705271230763571,26,769,762,0.057446,0.033241,0.07161500000000001,0.129061,0.870939
200,1295789132477604807715877944458947246775511838525972200835657,26,631,631,0.107051,0.107051,0.0,0.107051,0.892949
200,1580265433117145949318612574335473147379586407902007615572209,26,560,553,0.030785,0.04393,0.04393,0.074715,0.925285
200,1031264165415914398404034296717937295434353057321618942293977,26,686,662,0.034015,0.026971,0.171652,0.205667,0.794333
200,942274183107708126744367799889859979943002828490182769563693,26,743,715,0.012366,0.064998,0.37581599999999993,0.3881819999999999,0.6118180000000001
200,1243256742262564810336975229173603901549307573958804818142771,26,585,568,0.070082,0.050714,0.08186500000000001,0.151947,0.848053
200,1332260463557925975266900697251791362056896106900938778652773,26,696,696,0.025402,0.025402,0.0,0.025402,0.974598
200,1534546510819566200886924830244913417667526810936895301477933,26,457,452,0.172706,0.021819,0.077198,0.24990400000000002,0.750096
200,1457315434423192483527568367362496447605043071246754450536801,26,567,567,0.086001,0.086001,0.0,0.086001,0.913999
200,1515478547137402687976907484166669091143375006869904371011019,26,580,580,0.071701,0.071701,0.0,0.071701,0.928299
200,1328401728722624823335450602027897002059084341229046226740677,26,501,500,0.02005,0.013268,0.013268,0.033318,0.966682
200,1069405338840333297089210313682851116995000495488370707114107,26,868,865,0.071641,0.02093,0.02093,0.092571,0.907429
200,1577668914616112972976239927299568044527242009386300299995513,26,993,993,0.116295,0.116295,0.0,0.116295,0.883705
200,924932144930952159695588929751342486737404577556159754527249,26,444,435,0.056891,0.065523,0.065523,0.122414,0.877586
200,1430455149298665257668430782969274466789353299446322896956953,26,484,475,0.015175,0.008536,0.032611,0.047786,0.952214
200,1471759896903796862187242593818058236014421372969552658348613,26,837,837,0.444685,0.444685,0.0,0.444685,0.555315
200,1024997524686414507856278528573582273997937245288256214142637,26,547,547,0.061718,0.061718,0.0,0.061718,0.938282
200,1269662956978065591146754145192337292773571460456699566030607,26,531,531,0.10713,0.10713,0.0,0.10713,0.89287
200,1251023694717248924976673861910298094342092199701445949798563,26,706,706,0.032764,0.032764,0.0,0.032764,0.967236
200,1165094867829338354631660035180329869977597764175158753523867,26,548,548,0.297352,0.297352,0.0,0.297352,0.7026479999999999
200,1245161625256545119714043746004026254459007086115269518670777,26,662,661,0.017581,0.047844,0.047844,0.065425,0.934575
