Bit_length,N,Lattice_dimension,|b_op - t|^2,|vbest - t|^2,P(b_op),P(vbest),P(|vnew - t|^2 < |b_op - t|^2),P(|vnew - t|^2 <= |b_op - t|^2),P(|vnew - t|^2 > |b_op - t|^2)
150,1268771206145175299492684899681878877410684841,21,728,728,0.142082,0.142082,0.0,0.142082,0.857918
150,1403762530472620237905076428332939916844331359,21,310,297,0.134459,0.181458,0.22895100000000002,0.36341,0.63659
150,918882917500502786903408324526441238854631741,21,407,397,0.11378,0.122523,0.122523,0.236303,0.763697
150,1044411862674117053622929515451672202864979129,21,397,397,0.121826,0.121826,0.0,0.121826,0.878174
150,1199592981228806239321120961178599459097610483,21,601,601,0.039691,0.039691,0.0,0.039691,0.960309
150,912632394066698132144971044037258218777602291,21,384,384,0.095201,0.095201,0.0,0.095201,0.904799
150,1033085278351720441874660444922199074374033881,21,454,454,0.041946,0.041946,0.0,0.041946,0.958054
150,1039667922595230805682141254323399644574814367,21,704,702,0.089272,0.19801,0.19801,0.287282,0.712718
150,1076261801716221769627743498540654753005411033,21,605,584,0.026859,0.039752,0.463773,0.490632,0.509368
150,868981675879730421007669707059890716656754209,21,391,391,0.15239,0.15239,0.0,0.15239,0.84761
150,1198940008513470371886998720870433706529677289,21,318,309,0.131479,0.118857,0.37256700000000004,0.504046,0.495954
150,1001065868810988745766471076060380006588792189,21,391,391,0.122188,0.122188,0.0,0.122188,0.877812
150,1018523197675518130041140861676478171959383813,21,315,315,0.389514,0.389514,0.0,0.389514,0.610486
150,999406335763551690568793874408994581594369181,21,305,305,0.306962,0.306962,0.0,0.306962,0.693038
150,1386649915270975663546803936212330370020386207,21,333,333,0.119307,0.119307,0.0,0.119307,0.880693
150,1252835724482748605844023934169349660374906087,21,379,379,0.41937,0.41937,0.0,0.41937,0.58063
150,1420753685420564064872708676390123998125705549,21,349,349,0.20557,0.20557,0.0,0.20557,0.79443
150,1076920912535396901213842625717381087368331181,21,417,417,0.132971,0.132971,0.0,0.132971,0.867029
150,1124397583306701037985991208303905429810161357,21,352,352,0.259552,0.259552,0.0,0.259552,0.740448
150,1130353955473240791783568532060655958732460941,21,408,408,0.176357,0.176357,0.0,0.176357,0.823643
151,2363319035074246419340419055739401443130238059,21,544,505,0.036233,0.009813,0.43186899999999995,0.46810199999999996,0.531898
151,2471201957583473321167345886570639941825218311,21,396,396,0.086773,0.086773,0.0,0.086773,0.913227
151,2315715608364087921901708175621836301416617007,21,292,292,0.096968,0.096968,0.0,0.096968,0.9030320000000001
151,2763171157217537386323259861099914830334818519,21,613,595,0.052421,0.069541,0.069541,0.12196200000000001,0.878038
151,1758775630326182635026447808028302358291781499,21,296,296,0.133438,0.133438,0.0,0.133438,0.866562
151,2188378164211148987192836592303698338909975503,21,332,318,0.189546,0.046839,0.046839,0.23638499999999998,0.763615
151,1829627983140478483810934234803641664206450619,21,355,355,0.223318,0.223318,0.0,0.223318,0.776682
151,1569735030968914361557174823910579735657956107,21,310,304,0.266351,0.174028,0.174028,0.44037899999999996,0.559621
151,2843239852874861508784440371081621911410347591,21,581,581,0.207103,0.207103,0.0,0.207103,0.792897
151,2624675574003230296718034974584383454961661761,21,577,577,0.107159,0.107159,0.0,0.107159,0.892841
151,1746328694271824837631752461766830788699201941,21,497,492,0.028416,0.03852,0.068672,0.097088,0.902912
151,2456234120258232727729365675070691784694223131,21,661,651,0.066506,0.088003,0.134571,0.201077,0.798923
151,2689914182894566195371701173819301836708498979,21,414,397,0.054614,0.024956,0.3263150000000001,0.3809290000000001,0.6190709999999999
151,2472879649799491864465871187917726124213054643,21,388,383,0.071902,0.070881,0.070881,0.142783,0.857217
151,2641928437820330089399895839369416426912654047,21,603,596,0.110396,0.096946,0.096946,0.207342,0.792658
151,2217024583566038902931835040749210710155293863,21,329,329,0.246136,0.246136,0.0,0.246136,0.753864
151,2795955547593262531562466415054318143278579719,21,418,393,0.030625,0.073893,0.30491200000000007,0.3355370000000001,0.6644629999999999
151,2754384674264655946791346511962590129499967297,21,527,527,0.079318,0.079318,0.0,0.079318,0.920682
151,1922698035563121141756137662031262831101446511,21,321,321,0.027709,0.027709,0.0,0.027709,0.972291
151,2578633082003778088940013102956628479805360761,21,526,526,0.151219,0.151219,0.0,0.151219,0.848781
152,3650146379785934850995660671580553841765454981,21,332,327,0.073526,0.086614,0.201127,0.274653,0.725347
152,4447694107941335768274189003948589146948883409,21,397,397,0.349065,0.349065,0.0,0.349065,0.650935
152,5304044781028480773455459789567804501864780699,21,391,379,0.249506,0.067826,0.067826,0.317332,0.682668
152,5225791236691602749703859113684043992716841463,21,404,404,0.183463,0.183463,0.0,0.183463,0.8165370000000001
152,5425403301002418901669361546561888615280596761,21,404,374,0.057622,0.072066,0.279238,0.33686,0.6631400000000001
152,5202335230032226630491022567996748864390119873,21,446,446,0.242895,0.242895,0.0,0.242895,0.757105
152,4003774395708740189647636396775460720094087057,21,338,333,0.053918,0.015777,0.015777,0.06969500000000001,0.9303049999999999
152,5276249290787396224699127825641594167433771223,21,372,372,0.171467,0.171467,0.0,0.171467,0.828533
152,4381176969443188923764265381058182084891594073,21,455,455,0.228244,0.228244,0.0,0.228244,0.771756
152,5541991812747053012003965966406093820220699999,21,301,301,0.539474,0.539474,0.0,0.539474,0.460526
152,5648300508047326241541247933495397085050508533,21,379,379,0.34505,0.34505,0.0,0.34505,0.6549499999999999
152,4837654055687374110886315087296888936559582543,21,331,291,0.045932,0.111584,0.40829600000000005,0.4542280000000001,0.5457719999999999
152,3169527753809835033737422227494034075208154897,21,365,365,0.048328,0.048328,0.0,0.048328,0.951672
152,4751384359859390003700613749548751936187354063,21,353,353,0.3942,0.3942,0.0,0.3942,0.6058
152,5115713692797196694227360148049458957592665221,21,314,307,0.115594,0.091315,0.25188499999999997,0.367479,0.632521
152,5377906651632174967507002058972880963848446937,21,461,451,0.072888,0.018843,0.018843,0.091731,0.908269
152,4794192939950703723191510856383251915586655239,21,375,375,0.269008,0.269008,0.0,0.269008,0.730992
152,4098436965705153817981088577951066512799793241,21,486,467,0.198716,0.439547,0.439547,0.638263,0.361737
152,4397317578261604652631366972202456990923173239,21,607,602,0.060443,0.052075,0.052075,0.112518,0.887482
152,5641409895201969238429625932613600677431973529,21,369,358,0.104198,0.149755,0.407664,0.511862,0.48813799999999996
153,7688734886215973313958737522072259896979469359,21,488,488,0.169489,0.169489,0.0,0.169489,0.830511
153,9965367899123149749669237053467022764500819709,21,364,340,0.009607,0.043318,0.15770599999999999,0.167313,0.832687
153,8648715940089396413954292296253489279668879831,21,364,355,0.11676600000000001,0.223153,0.289923,0.40668899999999997,0.593311
153,9992486217185404533285574560152593379868586411,21,312,303,0.205422,0.081351,0.081351,0.286773,0.713227
153,8752395201001776336645971436266201719253038903,21,273,273,0.133749,0.133749,0.0,0.133749,0.866251
153,10307828778112676279744687232183733883997747787,21,304,304,0.263153,0.263153,0.0,0.263153,0.736847
153,8927473020776419491333060829150295244420281503,21,499,462,0.077166,0.008953,0.286797,0.36396300000000004,0.636037
153,7853849523366438727173539795218496833560636149,21,509,489,0.128901,0.033356,0.34198600000000007,0.47088700000000006,0.5291129999999999
153,8674604146514496475964987674111780570888473743,21,283,283,0.151369,0.151369,0.0,0.151369,0.848631
153,8982522494550749295857332138146435777716539013,21,326,326,0.197379,0.197379,0.0,0.197379,0.802621
153,7465338556163117004724110416934405812498881597,21,443,443,0.330136,0.330136,0.0,0.330136,0.669864
153,9002256784614521734062834292945636253381789701,21,482,471,0.11203,0.120477,0.120477,0.23250700000000002,0.767493
153,9730043924092499024899737640031060516457357727,21,518,518,0.283934,0.283934,0.0,0.283934,0.716066
153,7772785559916630760629013439531712505833223283,21,335,335,0.353188,0.353188,0.0,0.353188,0.6468119999999999
153,6331403492532550906969515225158616949065412553,21,348,340,0.115323,0.125871,0.125871,0.24119400000000002,0.758806
153,9499729964075602707801866275682306216169333647,21,580,580,0.193469,0.193469,0.0,0.193469,0.806531
153,10623137933847890583214243354934109612727566337,21,398,398,0.137976,0.137976,0.0,0.137976,0.862024
153,8298489176359263229418112630907164868713161869,21,425,425,0.276182,0.276182,0.0,0.276182,0.7238180000000001
153,10423403876173039960502215978962041272294895987,21,351,351,0.135055,0.135055,0.0,0.135055,0.864945
153,11331438524408402513759859710883003140234689001,21,566,555,0.022056,0.049825,0.16802599999999998,0.19008199999999997,0.809918
154,20144352470088160067192230120293841747066127093,21,398,394,0.048332,0.022933,0.022933,0.071265,0.928735
154,13741129409913179912586613425642421907057677927,21,331,331,0.613937,0.613937,0.0,0.613937,0.38606300000000005
154,22555697926472858658256090868373281917048139777,21,484,480,0.028776,0.010675,0.107977,0.136753,0.863247
154,21622466558921334027105350728738281221011715713,21,470,470,0.103129,0.103129,0.0,0.103129,0.896871
154,22717282832414613486487854671615889194348202509,21,432,432,0.151533,0.151533,0.0,0.151533,0.848467
154,15553662272752172389304818266535674850670048197,21,324,324,0.077464,0.077464,0.0,0.077464,0.922536
154,16287234057599780494928529944429983938735953333,21,356,338,0.063127,0.022083,0.091767,0.154894,0.845106
154,20227306669577710217883266196429106847542507013,21,591,591,0.044987,0.044987,0.0,0.044987,0.955013
154,18361999857484992568400964915559137162309312233,21,359,359,0.069309,0.069309,0.0,0.069309,0.930691
154,17615067981495998635949724796624661825505231481,21,515,475,0.027094,0.063979,0.6538090000000001,0.680903,0.31909699999999996
154,16965780184675510815549338206501125311473383031,21,416,416,0.002352,0.002352,0.0,0.002352,0.997648
154,17145713058305669983102778787612006911670513347,21,475,452,0.169427,0.146129,0.146129,0.315556,0.684444
154,20285317985568063024579677341972941193428143231,21,300,300,0.325994,0.325994,0.0,0.325994,0.674006
154,19892574816341431255761561129070142233703448899,21,484,484,0.312176,0.312176,0.0,0.312176,0.687824
154,14482484907695104154754286426816369245597742123,21,429,429,0.123724,0.123724,0.0,0.123724,0.876276
154,21308599822779449843544699903616188167691769657,21,446,427,0.126635,0.10893,0.10893,0.235565,0.764435
154,19652552707990061015357354059734076466348869901,21,368,368,0.060232,0.060232,0.0,0.060232,0.939768
154,15836062588559999481222001755306755400249974411,21,351,348,0.18147,0.136675,0.136675,0.318145,0.681855
154,17640605793899812190237760431948486244893089589,21,390,390,0.043361,0.043361,0.0,0.043361,0.956639
154,13200322048523091361380223530828151918467232499,21,285,277,0.013908,0.028738,0.028738,0.042646,0.957354
155,31340595875958809044343360964929799034189512361,21,438,436,0.195216,0.081794,0.081794,0.27701,0.72299
155,33883679322606457824492978417378120332359598171,21,356,350,0.212951,0.120482,0.120482,0.333433,0.666567
155,38431961138800983210425437779183955699273663877,21,536,536,0.210766,0.210766,0.0,0.210766,0.789234
155,44842574992398006827792831817449122409176524571,21,385,377,0.033127,0.013068,0.029187,0.062313999999999994,0.937686
155,44479412022428483167051033854365771430317272061,21,544,544,0.042343,0.042343,0.0,0.042343,0.957657
155,39653904137769014668557378511260469269135182431,21,326,299,0.086458,0.065597,0.333681,0.420139,0.579861
155,36615548944643269126239193831815135044946113087,21,338,329,0.18185800000000002,0.228887,0.228887,0.410745,0.589255
155,35728624388846244763032748679732750007278619919,21,328,328,0.185515,0.185515,0.0,0.185515,0.814485
155,39471143362465673450737740007926815837598407923,21,455,439,0.067606,0.006451,0.08304299999999999,0.15064899999999998,0.849351
155,43620356160753924413764228467447052158522613007,21,452,431,0.079858,0.171967,0.171967,0.251825,0.748175
155,29666396188587728462615862057347321613786496027,21,547,545,0.154219,0.021751,0.021751,0.17597,0.82403
155,41677893527522320684434778067984642792936350873,21,527,494,0.032881,0.043953,0.237264,0.270145,0.7298549999999999
155,32675536969479286942701324674137910119680337459,21,332,332,0.319368,0.319368,0.0,0.319368,0.680632
155,44919866654372607559021538428305729263662282117,21,528,528,0.542376,0.542376,0.0,0.542376,0.45762400000000003
155,36452200589072916411983425394632165549777886227,21,468,468,0.164886,0.164886,0.0,0.164886,0.835114
155,33203524258924130270853246380045741567145994259,21,443,434,0.299029,0.09116,0.09116,0.390189,0.609811
155,36946503351030864812990481678628454987070959527,21,394,364,0.03304,0.057551,0.410622,0.443662,0.556338
155,44458044889519333576801527839740244268692202469,21,636,623,0.034045,0.026079,0.122436,0.156481,0.843519
155,36744155090184780124393526442075144163055399837,21,366,366,0.092952,0.092952,0.0,0.092952,0.907048
155,32611265262434541992311659835491097552848382807,21,277,277,0.133605,0.133605,0.0,0.133605,0.866395
156,58842411492108631901824870167723622565249820361,21,541,541,0.137044,0.137044,0.0,0.137044,0.8629560000000001
156,58647263901409677188415888297848821138605832667,21,353,338,0.106501,0.389901,0.389901,0.496402,0.503598
156,60691833191625566815713087621249445278906020923,21,443,443,0.184262,0.184262,0.0,0.184262,0.815738
156,83500911560012017920943706628836329963659227611,21,420,420,0.108631,0.108631,0.0,0.108631,0.891369
156,79699952235555146846014724188269022467857700953,21,458,450,0.042936,0.047359,0.047359,0.090295,0.909705
156,68617923715717279114730426060969764483412652871,21,562,562,0.156552,0.156552,0.0,0.156552,0.843448
156,70292815550175575334435593661308688973972707499,21,329,324,0.105766,0.210476,0.210476,0.316242,0.683758
156,88395906091853951743306426033388820009527178553,21,334,334,0.340774,0.340774,0.0,0.340774,0.659226
156,58490997193338963447736793476829606786651843411,21,361,361,0.165853,0.165853,0.0,0.165853,0.834147
156,88153376653160901709431525294744255033299399513,21,438,438,0.171528,0.171528,0.0,0.171528,0.828472
156,83749952449871415989936799658384575288153567857,21,493,493,0.204137,0.204137,0.0,0.204137,0.795863
156,63215896343305696798861673825073441341593157323,21,286,286,0.073464,0.073464,0.0,0.073464,0.926536
156,68367618624389291832609274122568807692737410747,21,344,344,0.086619,0.086619,0.0,0.086619,0.913381
156,85976042848566498516350067546598036064176697617,21,456,454,0.037899,0.05981,0.05981,0.097709,0.902291
156,77050956204250174763972617362140681574229342091,21,728,728,0.304842,0.304842,0.0,0.304842,0.6951579999999999
156,67397778703558464646892241700035691887301648579,21,550,550,0.110488,0.110488,0.0,0.110488,0.889512
156,82158015067987949738815070788850184671973579587,21,403,403,0.099724,0.099724,0.0,0.099724,0.900276
156,55015423047501982644190563451191716439122432951,21,383,382,0.056178,0.041551,0.041551,0.097729,0.902271
156,85336908532608541436048263259686225667526362047,21,607,607,0.188451,0.188451,0.0,0.188451,0.811549
156,56731211956952175175952662358019177731725234237,21,380,380,0.080734,0.080734,0.0,0.080734,0.919266
157,120282166308024689728299980121863747670916310267,21,434,434,0.16503,0.16503,0.0,0.16503,0.83497
157,120820017068622794622130921127946349513431310843,21,531,507,0.018475,0.16201100000000002,0.33107200000000003,0.34954700000000005,0.650453
157,160354239376266933764514100701359388571858132879,22,426,426,0.121093,0.121093,0.0,0.121093,0.878907
157,178540342865713130388740603822271194677254392441,22,404,400,0.054894,0.039488,0.039488,0.094382,0.905618
157,133758242352280888913921190835052846329897153133,21,484,475,0.117477,0.094651,0.094651,0.21212799999999998,0.787872
157,119751792167523699090520105500834166573709024723,21,351,351,0.270694,0.270694,0.0,0.270694,0.729306
157,142866301722166299614859219990227501097218329553,21,429,420,0.059853,0.025885,0.090039,0.149892,0.850108
157,159460056477105651797755450704992108220297439993,22,353,353,0.102537,0.102537,0.0,0.102537,0.897463
157,129765827297228317584448178357227745213663923673,21,452,443,0.030275,0.032972,0.087753,0.118028,0.881972
157,153041151061952724068377978141007513960278537129,21,515,504,0.064958,0.160739,0.19382,0.258778,0.741222
157,112556148137934308610401610728139436816885032007,21,331,331,0.167884,0.167884,0.0,0.167884,0.832116
157,155016348949192392834761783400231900623445364769,21,555,520,0.028288,0.130493,0.46540899999999996,0.49369699999999994,0.5063030000000001
157,165332485530732496445379876290371501984439220227,22,392,392,0.055867,0.055867,0.0,0.055867,0.944133
157,173008319555191101708826910175525434497734262397,22,287,287,0.062988,0.062988,0.0,0.062988,0.937012
157,143078279358113528954735774091416278002769110083,21,576,544,0.029167,0.040353,0.212616,0.241783,0.758217
157,139537309577365933739952691194841985292959417899,21,283,283,0.117177,0.117177,0.0,0.117177,0.882823
157,150381007425703993922643997626233047809831195563,21,319,304,0.108573,0.010311,0.109118,0.21769100000000002,0.7823089999999999
157,125414534553540336555987249708054473022979850233,21,352,352,0.270877,0.270877,0.0,0.270877,0.729123
157,100495160702135079890032717344114075262462068991,21,344,344,0.33609900000000004,0.33609900000000004,0.0,0.33609900000000004,0.663901
157,126081296153973360472994917714723398699218116441,21,780,772,0.053456000000000004,0.01382,0.066607,0.120063,0.879937
158,244084876567438940415979589793753210761831799169,22,393,390,0.210101,0.120293,0.120293,0.330394,0.6696059999999999
158,311889364802148711770367329783808121108240984963,22,427,425,0.178577,0.070795,0.070795,0.249372,0.750628
158,315552892616518612169009766705743992617805242163,22,292,292,0.423379,0.423379,0.0,0.423379,0.576621
158,364568451629159625851465545891850771901219214163,22,374,371,0.216661,0.085804,0.085804,0.302465,0.697535
158,213880798395599609631736184456759089379285659049,22,435,435,0.059076,0.059076,0.0,0.059076,0.940924
158,364596676892949119436289041863521153445811753029,22,520,520,0.126645,0.126645,0.0,0.126645,0.873355
158,215840103126036545942721515629965329944602697057,22,572,561,0.036763,0.069495,0.28263699999999997,0.31939999999999996,0.6806000000000001
158,259043540185824666457272444893607678141566205487,22,346,346,0.147004,0.147004,0.0,0.147004,0.852996
158,311426830077414386887481553693471517445014703609,22,373,367,0.043489,0.032647,0.12990200000000002,0.17339100000000002,0.8266089999999999
158,220678872755010770809359894948879428023872635453,22,355,352,0.095237,0.074915,0.074915,0.170152,0.829848
158,324273864736092445034262802970079797120470198979,22,439,439,0.179536,0.179536,0.0,0.179536,0.820464
158,335973439137660892963362517099047189556286786761,22,323,323,0.045108,0.045108,0.0,0.045108,0.954892
158,282449349227109527988465852865060163003324312407,22,324,324,0.254648,0.254648,0.0,0.254648,0.745352
158,208746167169143822300193643710778500356712398063,22,467,462,0.094321,0.025204,0.041076,0.135397,0.864603
158,334111037801880478290657958251924991420673909189,22,488,488,0.155211,0.155211,0.0,0.155211,0.844789
158,278758463930102758470340608089823158233270489379,22,355,319,0.11685,0.048693,0.282147,0.398997,0.601003
158,334359694784871699894821359716571301393005547539,22,411,399,0.195589,0.056304,0.184679,0.38026800000000005,0.619732
158,266330340319030988935371369155445034828168547083,22,372,372,0.059453,0.059453,0.0,0.059453,0.940547
158,304296786548695733429639288499877719781617137947,22,580,580,0.263343,0.263343,0.0,0.263343,0.736657
158,363187749995613157299748064319278147359621272623,22,662,662,0.085585,0.085585,0.0,0.085585,0.914415
159,686564447258462630098219799118347627120122126259,22,495,495,0.129984,0.129984,0.0,0.129984,0.870016
159,589551271893462661314759463097397605089591304053,22,483,483,0.178855,0.178855,0.0,0.178855,0.821145
159,631182522272441179585206326884145264567358144641,22,318,300,0.031837,0.084316,0.18799100000000002,0.21982800000000002,0.780172
159,436106084503182412560423534629337392438805726397,22,508,508,0.071818,0.071818,0.0,0.071818,0.928182
159,614365874960561724255698902936314085451009978123,22,438,426,0.106903,0.042257,0.24323,0.350133,0.649867
159,652808814800014009591626662453549818193223047839,22,675,675,0.120757,0.120757,0.0,0.120757,0.879243
159,431497693573687811342235449780503037093880478249,22,422,422,0.146565,0.146565,0.0,0.146565,0.8534349999999999
159,641417960009003073536715539762385574694132608057,22,318,318,0.068028,0.068028,0.0,0.068028,0.931972
159,556755493522333610334550996104356886728067513937,22,446,446,0.293016,0.293016,0.0,0.293016,0.7069840000000001
159,518738300042543123329242792010704876266634471203,22,531,512,0.102606,0.146294,0.146294,0.2489,0.7511
159,622775601463755434010798895296308923399679148479,22,370,367,0.040831,0.032677,0.073659,0.11449000000000001,0.88551
159,721092743353983610239239300767561842232656810121,22,371,371,0.243635,0.243635,0.0,0.243635,0.756365
159,725700541872878647978311987906512435448724917323,22,360,344,0.141688,0.034437,0.45348399999999994,0.5951719999999999,0.4048280000000001
159,680792306276738068787445684933623704836521586517,22,402,402,0.218531,0.218531,0.0,0.218531,0.781469
159,609838293034917899422422535971964737888944079431,22,564,554,0.030802,0.075005,0.223277,0.254079,0.7459210000000001
159,500003566005968344293642166685142120533963613397,22,375,366,0.038164,0.171702,0.38604000000000005,0.424204,0.575796
159,672585552363075626030436013518741587083784197091,22,956,956,0.105574,0.105574,0.0,0.105574,0.8944259999999999
159,667853203575891446356676483576275288677930218477,22,369,369,0.077265,0.077265,0.0,0.077265,0.922735
159,452729177399062213984412625994093209513957053659,22,491,490,0.043236,0.077513,0.077513,0.120749,0.879251
159,718517666115847144224280227758502807408113808437,22,604,595,0.057098,0.044733,0.044733,0.101831,0.898169
160,1115913240165002032294944939882858364194015937199,22,356,337,0.043446,0.078743,0.24787900000000002,0.291325,0.7086749999999999
160,1440912770676709848638629792376134253525608074541,22,628,626,0.03158,0.124452,0.124452,0.156032,0.843968
160,933815358984064483011197510331330335221655664157,22,410,404,0.123672,0.065975,0.27153200000000005,0.39520400000000006,0.6047959999999999
160,969243323728712475535486623630623651719920512731,22,368,368,0.525436,0.525436,0.0,0.525436,0.474564
160,1076466504888089627494905309713319219664710433643,22,374,373,0.19732499999999997,0.137001,0.137001,0.334326,0.665674
160,1421116437931458286969196379690998986504855152749,22,564,553,0.04886,0.025562,0.089183,0.138043,0.861957
160,1172553592352544090305146581654443943982800468347,22,384,384,0.17402299999999998,0.17402299999999998,0.0,0.17402299999999998,0.825977
160,909793617870750937141425081136809004936031725807,22,846,837,0.156303,0.083797,0.112505,0.268808,0.7311920000000001
160,1057437110620229076506102833609193814696668318251,22,409,408,0.326044,0.092634,0.092634,0.418678,0.581322
160,1272489506939449407441353102540516266393948251787,22,392,392,0.215399,0.215399,0.0,0.215399,0.784601
160,1080313044916089688695708805273339794814591207951,22,334,334,0.113968,0.113968,0.0,0.113968,0.886032
160,1149353867679185877473020663684612261737991945873,22,322,316,0.0982,0.144225,0.144225,0.242425,0.757575
160,983949157142389589790721652739207946878875195771,22,355,349,0.15024,0.137869,0.137869,0.288109,0.711891
160,1361143599389480694086689546211220334021828686817,22,405,405,0.367798,0.367798,0.0,0.367798,0.6322019999999999
160,1021091838147883904869937336936298707335596006313,22,467,448,0.033632,0.027507,0.33474699999999996,0.36837899999999996,0.631621
160,1294988162211010208686476509915675738782236322669,22,401,401,0.32444,0.32444,0.0,0.32444,0.6755599999999999
160,1122941529731570548110403398235866601161586536011,22,350,350,0.180304,0.180304,0.0,0.180304,0.819696
160,1432805530443255062195929071604085524855630107221,22,361,361,0.116755,0.116755,0.0,0.116755,0.8832450000000001
160,1153032896620140114746318270771321999716861546507,22,437,437,0.252399,0.252399,0.0,0.252399,0.747601
160,964310714558373662737593657033125267637818078167,22,374,361,0.072826,0.104985,0.214737,0.287563,0.712437
161,2549342994142969438502207735324263431486603124709,22,349,349,0.112838,0.112838,0.0,0.112838,0.887162
161,2681100216348215889829625802961254331665674276717,22,434,433,0.042983,0.011766,0.011766,0.054749,0.945251
161,2880298692764464678292391755309173496702002183049,22,454,454,0.082096,0.082096,0.0,0.082096,0.917904
161,1772591985057680454231176923477927954936575167497,22,298,298,0.410795,0.410795,0.0,0.410795,0.589205
161,2083705746610030102470078930728254734269258767559,22,405,405,0.287298,0.287298,0.0,0.287298,0.712702
161,2592051223899969308896255211589583595849607840917,22,531,522,0.06398,0.019384,0.136117,0.20009699999999997,0.799903
161,1964444950659050423101133436896095725128026615861,22,320,320,0.086666,0.086666,0.0,0.086666,0.913334
161,2664894503748551145754658751022334263049302504109,22,410,396,0.152736,0.10014,0.141152,0.29388800000000004,0.706112
161,2890667027374661591725712210164725411830649644971,22,453,453,0.176592,0.176592,0.0,0.176592,0.823408
161,2315237919643127678001317504649602348775135239989,22,419,419,0.22031,0.22031,0.0,0.22031,0.77969
161,2263615665739021443959839330064499024174205984757,22,355,353,0.288416,0.100093,0.100093,0.388509,0.611491
161,2715737041694779962072587570440702427479596688267,22,412,399,0.062245,0.13266,0.218691,0.280936,0.7190639999999999
161,2242913431855633380375884470582819076336280851693,22,563,563,0.09898,0.09898,0.0,0.09898,0.90102
161,2196055705110050413211594819707917380387387874647,22,478,478,0.133722,0.133722,0.0,0.133722,0.866278
161,2386559963764208317133465196705396071874399113177,22,454,454,0.111521,0.111521,0.0,0.111521,0.888479
161,2496018222066887071360307538619052262154796275933,22,460,451,0.052467,0.176565,0.176565,0.229032,0.770968
161,2643999513168057204584957107582487653622472397817,22,473,473,0.055577,0.055577,0.0,0.055577,0.944423
161,2635743115320503461112643487699959884803825828717,22,412,412,0.214169,0.214169,0.0,0.214169,0.785831
161,2825605982926347409937517778879057613012900909681,22,434,433,0.030801,0.019151,0.019151,0.049951999999999996,0.950048
161,1945681273593238791686785823639092496168175333883,22,455,455,0.072671,0.072671,0.0,0.072671,0.927329
162,5142726192263316119305765044724202366191059020131,22,431,431,0.21809699999999999,0.21809699999999999,0.0,0.21809699999999999,0.781903
162,4356714020119985091707387224305757015484033268083,22,354,354,0.278028,0.278028,0.0,0.278028,0.7219720000000001
162,5760088733269586802798761031015562375783053998981,22,411,399,0.160993,0.124971,0.124971,0.285964,0.714036
162,5126536210830929842911126218863559555593079772241,22,462,449,0.079238,0.021047,0.036566,0.115804,0.884196
162,4355984306317180250941284630714493550289288293197,22,529,529,0.187635,0.187635,0.0,0.187635,0.812365
162,5372238624316637074604877264416233805336449398107,22,393,381,0.028363,0.070699,0.19314099999999998,0.22150399999999998,0.7784960000000001
162,3370953511586955617438834489704567964510236112387,22,366,348,0.037143,0.219492,0.385687,0.42283,0.57717
162,5654048134438701321190467092520015125597334765619,22,929,919,0.053706,0.034682,0.055503,0.109209,0.890791
162,5347560175544712010315634817224870510859508906709,22,426,426,0.14738,0.14738,0.0,0.14738,0.8526199999999999
162,5736419416140119735836049169364015628764346059723,22,814,797,0.019552,0.027275,0.102983,0.122535,0.8774649999999999
162,4650109252981784028797300655435682334415722439709,22,507,504,0.125504,0.024055,0.024055,0.149559,0.850441
162,4851575313540019468754262146798472592699356416503,22,445,445,0.113349,0.113349,0.0,0.113349,0.886651
162,4620052361353557581946034404083231874642184874639,22,470,462,0.404277,0.045062,0.045062,0.449339,0.5506610000000001
162,5522800988337253824728791418632480547260333713827,22,417,417,0.21591,0.21591,0.0,0.21591,0.78409
162,5499586014822265836968576304450001678297022377393,22,658,658,0.11397,0.11397,0.0,0.11397,0.88603
162,3564133393297332356275713734544213713680389996917,22,385,385,0.113641,0.113641,0.0,0.113641,0.886359
162,5515322111725050184603784308918954761722437406837,22,422,413,0.155241,0.067691,0.067691,0.222932,0.777068
162,4485461183490214672847356727639397071039303926699,22,390,390,0.180631,0.180631,0.0,0.180631,0.819369
162,5195480640606091839263058107075820094394110075261,22,379,374,0.185161,0.11939,0.11939,0.304551,0.695449
162,5741107958946558148650160180297387601202820663099,22,469,469,0.180756,0.180756,0.0,0.180756,0.819244
163,9747578468936317254902406784741698921811080904511,22,423,408,0.093569,0.113129,0.219543,0.313112,0.6868879999999999
163,10111701947436338618707597112719816959644907307921,22,494,494,0.183808,0.183808,0.0,0.183808,0.816192
163,9500974977324321481710304769960767745184067228853,22,389,383,0.088641,0.078116,0.078116,0.166757,0.833243
163,10923265258610933252939304751090963667320491815059,22,370,370,0.224713,0.224713,0.0,0.224713,0.7752870000000001
163,6277296598420519157375291811600475171257085054819,22,328,328,0.23691,0.23691,0.0,0.23691,0.76309
163,9231618602773719751425117097585869209969078112883,22,456,449,0.140776,0.072268,0.102476,0.24325200000000002,0.756748
163,10035352768951452538707551978057565508665635317309,22,472,465,0.066341,0.113201,0.113201,0.17954199999999998,0.820458
163,7654209071367977951897371689264431599631570961337,22,337,337,0.074248,0.074248,0.0,0.074248,0.925752
163,10824194889247063645916265364865318315163275587691,22,393,363,0.088642,0.093782,0.157452,0.246094,0.753906
163,7007067855178084077334907729020251703138388423407,22,588,588,0.12572,0.12572,0.0,0.12572,0.87428
163,11563629162960767561469993435982566900206290797341,22,339,339,0.324794,0.324794,0.0,0.324794,0.675206
163,10432647582007091942814866236806348920448169897081,22,412,409,0.157807,0.041018,0.146917,0.304724,0.695276
163,11013321740409425001654829975108773198879722323169,22,486,486,0.269377,0.269377,0.0,0.269377,0.730623
163,11388208541060705561819087229232095358667380786273,22,566,566,0.221357,0.221357,0.0,0.221357,0.778643
163,11103735522688372546281614770298463681690271542443,22,512,512,0.136711,0.136711,0.0,0.136711,0.863289
163,8215686036974456744106483973928387713743004968589,22,459,449,0.111685,0.09472,0.09472,0.206405,0.793595
163,10366420373188722818237768081269384282174284586279,22,524,518,0.081417,0.149421,0.149421,0.230838,0.769162
163,9887493049291697627584648336712714992824228820507,22,384,384,0.162702,0.162702,0.0,0.162702,0.837298
163,11291772697596805962306082330181863662191216703401,22,705,685,0.024404,0.023208,0.148648,0.173052,0.826948
163,8629299483287912574962165393081179705241759373329,22,539,539,0.327235,0.327235,0.0,0.327235,0.6727650000000001
164,20210344270042780228524473590981781384374263250651,22,712,674,0.010252,0.007963,0.19251100000000004,0.20276300000000005,0.797237
164,17385754946083473907588211247263282920082635440931,22,449,449,0.137968,0.137968,0.0,0.137968,0.862032
164,15065200337324516365624234372840728893791849883677,22,549,549,0.166543,0.166543,0.0,0.166543,0.833457
164,20001274208685757373389824972298109151192644683421,22,467,444,0.104649,0.116485,0.374178,0.478827,0.521173
164,23206373050027225840725924288883018652907266761573,22,416,416,0.1077,0.1077,0.0,0.1077,0.8923
164,22025345891505684794425190360346292788092251835117,22,343,343,0.139085,0.139085,0.0,0.139085,0.860915
164,17433500709489283073258616221836367960841092957683,22,417,417,0.233489,0.233489,0.0,0.233489,0.7665109999999999
164,20619243792726008996626054260855579390889646661671,22,519,514,0.053624000000000005,0.014639,0.090176,0.1438,0.8562
164,17851954102483708548111820947964979316071559518321,22,520,506,0.038928,0.071703,0.22963099999999997,0.268559,0.731441
164,15520227091786292775179646082304899324457570987803,22,414,414,0.196695,0.196695,0.0,0.196695,0.8033049999999999
164,21025509716353739955780362583473341923163070100707,22,511,508,0.174993,0.142062,0.142062,0.317055,0.682945
164,14498146431977835998639783360838649091026316741701,22,513,513,0.171945,0.171945,0.0,0.171945,0.828055
164,19111791960401045569879778943278968002523890458231,22,326,326,0.068246,0.068246,0.0,0.068246,0.931754
164,16530301572124410378960034538876085010836459672467,22,349,349,0.043912,0.043912,0.0,0.043912,0.956088
164,18221873864190480631751119997397311265906143427919,22,640,640,0.230026,0.230026,0.0,0.230026,0.7699739999999999
164,19509002958117864345830026901941875949728480482351,22,679,679,0.10253,0.10253,0.0,0.10253,0.89747
164,22672286378997470934496964350911104497412505665789,22,422,422,0.202608,0.202608,0.0,0.202608,0.797392
164,23046477364042922130498611236049763734841923672321,22,584,571,0.026594,0.02411,0.3104,0.336994,0.663006
164,17549286263321631100185248104947257910955608889553,22,373,373,0.294997,0.294997,0.0,0.294997,0.705003
164,21059636316678691840527110401614339175235554714931,22,480,480,0.178084,0.178084,0.0,0.178084,0.821916
165,41832933592112304400801943026671467969363831087923,22,360,360,0.070113,0.070113,0.0,0.070113,0.929887
165,35682862411294951100561921127821057964487467339443,22,420,408,0.152285,0.274378,0.274378,0.426663,0.573337
165,42835312913720678185448545784074783359123970744159,22,383,383,0.189714,0.189714,0.0,0.189714,0.8102860000000001
165,40881659780738625128558353749592964839279265435171,22,366,364,0.076938,0.170543,0.170543,0.247481,0.7525189999999999
165,45322494471102900510547891895971824081862698563281,22,360,343,0.035891,0.024706,0.081039,0.11693,0.88307
165,45929128788840959205376511336193947297685265640951,22,950,946,0.056693,0.011928,0.011928,0.068621,0.931379
165,44489998373490387700600426834275888436763809873019,22,807,807,0.077624,0.077624,0.0,0.077624,0.922376
165,35790092378947652923809024031202004014344249255817,22,484,473,0.095924,0.026609,0.026609,0.122533,0.877467
165,45161106773899709982331683988937842529673051859151,22,517,517,0.193998,0.193998,0.0,0.193998,0.806002
165,41611075822328138418773040753161992670148754649183,22,427,427,0.052665,0.052665,0.0,0.052665,0.947335
165,43893688025396579244143003549941949711112694897597,22,595,595,0.088012,0.088012,0.0,0.088012,0.911988
165,38949108443317524477011125919734633057707138102373,22,460,460,0.039419,0.039419,0.0,0.039419,0.960581
165,44506757530726502698455041633661918108484228681201,22,606,587,0.063164,0.059179,0.213614,0.27677799999999997,0.723222
165,45700176760813962794447132804379570073089321130619,22,452,450,0.18533,0.014422,0.025869000000000003,0.211199,0.788801
165,36717319074712975178793976563482551630954666600147,22,518,518,0.073666,0.073666,0.0,0.073666,0.926334
165,40081717737177734357477768258828819203380673838299,22,467,467,0.076342,0.076342,0.0,0.076342,0.923658
165,42668271582757088828333733690941986896240697265291,22,344,344,0.465753,0.465753,0.0,0.465753,0.534247
165,42066162699265700510000155471171171993026790897181,22,335,335,0.099822,0.099822,0.0,0.099822,0.900178
165,43079437256800894081452117481597778557867932256481,22,761,721,0.029032999999999996,0.052109,0.27071799999999996,0.29975099999999993,0.7002490000000001
165,39639751732104952918265482468837059446746603506727,22,455,455,0.080235,0.080235,0.0,0.080235,0.9197649999999999
166,64455071458380183185819126791305562795840205337607,22,556,556,0.022892,0.022892,0.0,0.022892,0.977108
166,90075771203582122330247262323941154266135655067703,23,584,577,0.194264,0.096021,0.096021,0.290285,0.709715
166,72228823129784081606691745887439926673012583025583,22,602,602,0.166571,0.166571,0.0,0.166571,0.833429
166,69837432774442923128016482628855170461287372899371,22,459,431,0.060439,0.055689,0.48175999999999997,0.542199,0.457801
166,89244922194937743144971782767253188914316795885797,23,520,502,0.053101,0.096087,0.096087,0.14918800000000002,0.850812
166,88746453267789363020668583643470490537450658613921,23,430,428,0.088819,0.081822,0.081822,0.170641,0.829359
166,88713786474705850221237608801094392192327303798911,23,433,409,0.028993,0.028087,0.131673,0.160666,0.839334
166,87557406481398096612837568774546924908523956472679,22,501,501,0.28422,0.28422,0.0,0.28422,0.7157800000000001
166,83804917377281198336877975468864158449629337119497,22,429,429,0.219659,0.219659,0.0,0.219659,0.780341
166,81569638913156092214718111347132660641468885512997,22,374,374,0.195473,0.195473,0.0,0.195473,0.804527
166,52608719657148563796512530136536674250280158137673,22,587,587,0.340741,0.340741,0.0,0.340741,0.659259
166,89221264190598117801701321295581964396857406691793,23,360,360,0.466966,0.466966,0.0,0.466966,0.533034
166,91421352408629645983856436933886907626516790327531,23,444,439,0.037433,0.17361,0.269222,0.306655,0.693345
166,92354408607697290294087669975129842220424154225839,23,359,359,0.035807,0.035807,0.0,0.035807,0.964193
166,90307244958886521065070588400571519599452170426827,23,440,433,0.293841,0.046653,0.046653,0.340494,0.6595059999999999
166,61951676507642868191945772939153670793162317140439,22,659,659,0.11982,0.11982,0.0,0.11982,0.88018
166,57096092534835312898852423687190032724229132615371,22,402,402,0.078645,0.078645,0.0,0.078645,0.921355
166,77734094079183033282661848210260105535011878058221,22,443,426,0.060012,0.321632,0.401138,0.46115,0.53885
166,61439716290799937763975920406477923341938046630307,22,538,533,0.254454,0.024341,0.024341,0.278795,0.721205
166,92944946903546196014112302841886638418369209076507,23,333,312,0.076288,0.12777,0.221328,0.297616,0.702384
167,185191770581306272864194984747884925328034141094049,23,360,355,0.045176,0.042716,0.042716,0.087892,0.912108
167,150753299534321728385042450116986328932503586710791,23,402,402,0.254764,0.254764,0.0,0.254764,0.745236
167,122185038003700368219528064449236784866763422689417,23,384,384,0.04586,0.04586,0.0,0.04586,0.95414
167,178235118269758334366445181520116909697869973267843,23,418,418,0.07379,0.07379,0.0,0.07379,0.92621
167,125101284926137051500851455837556179024574472599693,23,403,399,0.085618,0.066831,0.15268700000000002,0.23830500000000002,0.761695
167,183608279157579728300471834586610846132033916363009,23,435,435,0.214213,0.214213,0.0,0.214213,0.785787
167,123823837425211259366602079641341299640350463304427,23,487,460,0.034036000000000004,0.018337,0.22814099999999998,0.262177,0.737823
167,182738591737141364288038096817725089299414242881199,23,372,363,0.028299,0.056247,0.169863,0.19816199999999998,0.801838
167,144881986800772159131971678194070421363231610326503,23,488,488,0.333104,0.333104,0.0,0.333104,0.6668959999999999
167,169113029671003783909165383403390189332006078766403,23,756,756,0.122942,0.122942,0.0,0.122942,0.877058
167,180203454172404433999728807424822530543427009853893,23,618,613,0.067902,0.059196,0.08658199999999999,0.154484,0.8455159999999999
167,176740473075257510677017027826065071164478066806109,23,329,329,0.112187,0.112187,0.0,0.112187,0.887813
167,154708744984764752253150630606148953411120836248223,23,517,515,0.057718,0.126095,0.126095,0.183813,0.816187
167,185822038963156756154989463606402264231845142986571,23,499,499,0.076784,0.076784,0.0,0.076784,0.923216
167,164713641976176077509064527913611509808492198546303,23,429,429,0.137269,0.137269,0.0,0.137269,0.862731
167,174143473517067658771245663523001506669684229251583,23,294,294,0.223807,0.223807,0.0,0.223807,0.776193
167,134875484299471317108685835177615212803568324951771,23,325,325,0.184746,0.184746,0.0,0.184746,0.815254
167,182071589557326943011646537770784052720010679622671,23,457,457,0.166016,0.166016,0.0,0.166016,0.8339840000000001
167,107723548795615044892707554332906198918982581905521,23,416,416,0.098732,0.098732,0.0,0.098732,0.901268
167,110235062257219473750266489148464622602430677309023,23,469,461,0.078878,0.018988,0.090832,0.16971,0.83029
168,355867559027045347481742474164268313169270448267103,23,532,532,0.082225,0.082225,0.0,0.082225,0.917775
168,354354498343882825539049178202420048518235057099511,23,382,380,0.153122,0.039397,0.039397,0.192519,0.807481
168,297316862371625606791660530918145246188551598375827,23,462,462,0.111001,0.111001,0.0,0.111001,0.888999
168,251334070780906996792106667358010626199124871015193,23,382,382,0.154975,0.154975,0.0,0.154975,0.845025
168,266089629335928959939990984219310389073099671366189,23,377,377,0.186577,0.186577,0.0,0.186577,0.813423
168,297312478520764466042800805099268401234237086618769,23,498,498,0.10278,0.10278,0.0,0.10278,0.89722
168,252694597694857518298868919901861055603851696256479,23,402,402,0.033998,0.033998,0.0,0.033998,0.966002
168,286391540226265125508001191752822610514127971418977,23,445,445,0.236344,0.236344,0.0,0.236344,0.763656
168,318688943619592236326261968753666579542852488008771,23,516,512,0.100188,0.046291,0.046291,0.146479,0.853521
168,348197322658922333549563681800422289216265150015297,23,516,495,0.046979,0.036779,0.205118,0.252097,0.747903
168,368542669960002587168410129566818072485889583789247,23,477,477,0.114342,0.114342,0.0,0.114342,0.8856580000000001
168,268548911990920458790785330758705695531710970965877,23,384,384,0.10829,0.10829,0.0,0.10829,0.89171
168,331941207943771650157715950616862772785852585230449,23,394,379,0.052312,0.14311,0.36389,0.41620199999999996,0.583798
168,323877960143720182139921715509016936864755738538083,23,395,395,0.027267,0.027267,0.0,0.027267,0.972733
168,363122401231538903702884958200573978698665726858941,23,428,425,0.118776,0.111377,0.111377,0.230153,0.769847
168,308228420728279829232936597270463065825898054642939,23,374,374,0.373617,0.373617,0.0,0.373617,0.626383
168,283116060916231999061737214282503740357534622019947,23,391,391,0.222694,0.222694,0.0,0.222694,0.777306
168,281428688528495768940994883006958194198779974610219,23,509,508,0.135161,0.128884,0.128884,0.264045,0.735955
168,326678933726286291994787934645555743351568375175913,23,420,411,0.129547,0.202789,0.202789,0.33233599999999996,0.667664
168,242229774464479250019542042945875041752252033094853,23,806,785,0.009033,0.031221,0.14272100000000001,0.151754,0.848246
169,549419723295960540447780008307906211005792776812829,23,484,484,0.098409,0.098409,0.0,0.098409,0.901591
169,664865469281161842324657652489314073194401709162263,23,616,616,0.110005,0.110005,0.0,0.110005,0.889995
169,526275837673483487444634125901789672050479746789367,23,459,452,0.030662,0.049796,0.091487,0.122149,0.877851
169,677970966743848576239473283142953742552801707940111,23,437,437,0.116605,0.116605,0.0,0.116605,0.883395
169,657821691628060301322956147101670288895728662024039,23,429,429,0.263597,0.263597,0.0,0.263597,0.7364029999999999
169,715264587022453456200004920592343027582234072699119,23,727,686,0.009575,0.040623,0.49455000000000016,0.5041250000000002,0.49587499999999984
169,564263055842251392661877742982498545034787789672701,23,391,385,0.044446,0.059732,0.143384,0.18783,0.8121700000000001
169,709752893570015397017697204082578787464541589122757,23,360,360,0.08858,0.08858,0.0,0.08858,0.91142
169,655017367008869539322579634764112530246507710350587,23,422,422,0.430084,0.430084,0.0,0.430084,0.569916
169,657292182528951725976013293116638919927942739731969,23,405,371,0.036044,0.023586,0.29822099999999996,0.334265,0.665735
169,723786901355715251133499133823457447564442130316753,23,894,894,0.102549,0.102549,0.0,0.102549,0.897451
169,523829125978495822418790946811975528394043957096661,23,390,390,0.260206,0.260206,0.0,0.260206,0.7397940000000001
169,541477377066573582590059723667831900889584456117101,23,343,343,0.169848,0.169848,0.0,0.169848,0.830152
169,695788992079943252596035093883032289031003550676639,23,463,463,0.081004,0.081004,0.0,0.081004,0.918996
169,694333695686916638920533025197721880230919832136049,23,363,363,0.173166,0.173166,0.0,0.173166,0.8268340000000001
169,485822670269234256517166328139449043912746690035101,23,401,394,0.034715,0.046549,0.081801,0.11651600000000001,0.8834839999999999
169,621048212309618498722906441939308335619301463127923,23,452,452,0.118784,0.118784,0.0,0.118784,0.881216
169,471378305746743164537629288149409115192944188760511,23,410,401,0.054884,0.060364,0.103045,0.15792899999999999,0.842071
169,679166054805478107698598400374518496104565906945673,23,338,338,0.3031,0.3031,0.0,0.3031,0.6969000000000001
169,478874915531854708795103201026072431746838752011189,23,478,470,0.064977,0.025689,0.067173,0.13215,0.86785
170,1289318240951187150423696809121408247188110724374959,23,383,383,0.2319,0.2319,0.0,0.2319,0.7681
170,1317598680651458934736004969973115054629720267802427,23,412,411,0.178337,0.095087,0.095087,0.273424,0.726576
170,1387016971391792365767686427962070113773978808021599,23,435,427,0.052749,0.039311,0.104943,0.157692,0.8423080000000001
170,1301605848278604502292287990083848668281772339668443,23,529,525,0.010952,0.025656,0.049420000000000006,0.06037200000000001,0.939628
170,1454027346176602205583289937091731344133146246553801,23,577,558,0.181949,0.128511,0.30776999999999993,0.4897189999999999,0.5102810000000001
170,967653528079116878085780463103240904324567568232963,23,531,531,0.171122,0.171122,0.0,0.171122,0.828878
170,1261056843454978621289453730316681785701648409889253,23,488,487,0.080367,0.142644,0.142644,0.223011,0.776989
170,837639897222655440981696060794566569158254246200341,23,432,432,0.017252,0.017252,0.0,0.017252,0.982748
170,1380352939133440466587651274847015029204065064236727,23,661,661,0.26527,0.26527,0.0,0.26527,0.73473
170,1470202321847100083182546960194231350823305902723733,23,488,488,0.200769,0.200769,0.0,0.200769,0.799231
170,1395451141662017337518566124235400507157510063162651,23,386,386,0.200142,0.200142,0.0,0.200142,0.799858
170,1443973581327167714924022043427922410334336886476631,23,452,436,0.053843,0.035098,0.184037,0.23788,0.76212
170,1248251220039825096428185208030859202496488462447199,23,480,480,0.221097,0.221097,0.0,0.221097,0.778903
170,1485074191992056020325974520634552289818056666197811,23,431,431,0.115441,0.115441,0.0,0.115441,0.884559
170,1254247931868399620218293166952069391063175723231013,23,515,502,0.247848,0.035539,0.201947,0.449795,0.550205
170,1257669066486116581118684542985264257389351752099207,23,336,336,0.287473,0.287473,0.0,0.287473,0.712527
170,938770475414108901814693140661602364827961258856599,23,363,359,0.056461,0.168791,0.168791,0.225252,0.774748
170,1066007335410228423895411628779579916508643551606013,23,442,440,0.149657,0.111952,0.111952,0.261609,0.738391
170,1055641473154584299321451059456907378615225873359927,23,466,466,0.20356400000000002,0.20356400000000002,0.0,0.20356400000000002,0.7964359999999999
170,1450909537806030357996742850817171901677376101936973,23,352,349,0.10444300000000001,0.042798,0.107745,0.212188,0.787812
171,2320628485992640066699844867503781431624090632616007,23,420,409,0.18666,0.181662,0.181662,0.368322,0.631678
171,2687357138509969949945838036658262421119489089392571,23,398,392,0.007437,0.025653,0.025653,0.03309,0.96691
171,2179890418570410841271805505892530931206234443075251,23,499,499,0.124138,0.124138,0.0,0.124138,0.875862
171,2643553863724729454040982582317963102955115497112137,23,664,659,0.072167,0.055487,0.081682,0.153849,0.846151
171,2460627882183105189199201566900305707431196028435837,23,483,483,0.109497,0.109497,0.0,0.109497,0.890503
171,2339826321982801679364695234505710301355859790744791,23,685,685,0.038022,0.038022,0.0,0.038022,0.961978
171,2758900339445195828507819823171495863952057663997793,23,372,372,0.27116,0.27116,0.0,0.27116,0.7288399999999999
171,1842882812388021598690092464110026835556610550203901,23,687,664,0.03876,0.085715,0.260607,0.299367,0.7006330000000001
171,2527348162893818585716726864029885307488142009814867,23,378,352,0.080426,0.045277,0.10643099999999998,0.186857,0.813143
171,2837554568622031909115383188427508045834871248866231,23,390,390,0.379505,0.379505,0.0,0.379505,0.620495
171,1980107624548085725945997103475068875829188531206579,23,895,895,0.407739,0.407739,0.0,0.407739,0.5922609999999999
171,2569544928058170304082873120455860591460518083182909,23,515,515,0.143949,0.143949,0.0,0.143949,0.856051
171,2690941433828007792933739463035154894668803736090667,23,360,356,0.201741,0.224712,0.224712,0.42645299999999997,0.573547
171,2790043200701068932081541267461948287073389647656629,23,317,317,0.277081,0.277081,0.0,0.277081,0.722919
171,2090916108644774601950745809429826244133327238488009,23,444,425,0.069025,0.206111,0.206111,0.275136,0.724864
171,2565736058589956952109798640055629482853606450052707,23,494,488,0.15073,0.160603,0.160603,0.31133299999999997,0.688667
171,2857998842268811336179375833801691573922890863274847,23,686,686,0.109543,0.109543,0.0,0.109543,0.890457
171,2396493466906125285828056384566870470681794130877669,23,441,441,0.120466,0.120466,0.0,0.120466,0.879534
171,2690381636823230507251275613355703537300523990202027,23,567,546,0.049678,0.047652,0.27029100000000006,0.31996900000000006,0.6800309999999999
171,2534044398151279155788338071872494168885731333317717,23,517,517,0.162265,0.162265,0.0,0.162265,0.837735
172,4462022261486228276470696903183179974341102550314813,23,589,579,0.070334,0.067227,0.24040299999999998,0.310737,0.689263
172,4973934130046512061706003746504778764546358353047069,23,483,469,0.182387,0.053804,0.185594,0.367981,0.632019
172,5648094522288795174255363457633460814882962588225833,23,595,573,0.018367,0.043967,0.302215,0.32058200000000003,0.679418
172,4726592204009198207872992689944913141786425094656837,23,812,812,0.265204,0.265204,0.0,0.265204,0.734796
172,5594622054792930920033030420069168546546514996297059,23,375,375,0.181294,0.181294,0.0,0.181294,0.8187059999999999
172,5195538082333779164457732930160988690944352296084861,23,419,402,0.101758,0.060149,0.327509,0.429267,0.5707329999999999
172,4025284698876107182620642633377455297801856255767501,23,452,452,0.101384,0.101384,0.0,0.101384,0.898616
172,4383786029746298282865883459946099335415639923579151,23,540,527,0.170745,0.144103,0.144103,0.314848,0.685152
172,4240211809755560196715516460800231502364014252588639,23,428,423,0.202034,0.076684,0.076684,0.278718,0.721282
172,5548533853252799042694444930927799861408846535815007,23,419,411,0.089455,0.068291,0.20305800000000002,0.292513,0.707487
172,5437902847130435025801669508069442332314935248409143,23,460,451,0.074068,0.11644,0.151363,0.225431,0.7745690000000001
172,4141743792397074660421973109728086317758715931017277,23,427,423,0.038935,0.248489,0.248489,0.287424,0.712576
172,4778987191980938572456617933856060465243353739312487,23,499,465,0.032888,0.034727,0.27629100000000006,0.3091790000000001,0.6908209999999999
172,4739381656678028395979571409181320777773237194812847,23,415,399,0.011058,0.162536,0.44028,0.451338,0.548662
172,4804326313493129486456115335738865566041096602990667,23,728,728,0.124124,0.124124,0.0,0.124124,0.875876
172,4104752537262135739627532234359506058920546702141581,23,409,409,0.18518,0.18518,0.0,0.18518,0.81482
172,3803744058813253158320678543084926588928670333519661,23,428,428,0.167559,0.167559,0.0,0.167559,0.832441
172,4385465259125919643879994689875257236736934784890611,23,483,478,0.022639,0.048104,0.048104,0.070743,0.929257
172,5279890751954713468197389506413223751577777606451787,23,424,424,0.450458,0.450458,0.0,0.450458,0.549542
172,4160916851387881458666582220339040710916709604934989,23,458,458,0.067894,0.067894,0.0,0.067894,0.932106
173,10923792501645012754794107569655030715119609536422907,23,415,415,0.115692,0.115692,0.0,0.115692,0.884308
173,10049473751846112538141515321974984014498020571782187,23,361,361,0.21584,0.21584,0.0,0.21584,0.78416
173,11478453237002096953758919917104639903243507350422841,23,640,640,0.124141,0.124141,0.0,0.124141,0.8758589999999999
173,10169455292752448241266658515571649753093170083937973,23,376,376,0.098571,0.098571,0.0,0.098571,0.901429
173,11141435091489660417203162826279290403361648348555217,23,404,404,0.117333,0.117333,0.0,0.117333,0.882667
173,11845946756557169576442319415563300804632186316185761,23,359,359,0.166635,0.166635,0.0,0.166635,0.833365
173,6606020196711476677748380921663035663590800650212861,23,496,496,0.127869,0.127869,0.0,0.127869,0.872131
173,9223304994372936325365139311788951438575340466147653,23,358,358,0.082588,0.082588,0.0,0.082588,0.917412
173,9937936138453613172200974798887957858538887333434453,23,453,449,0.018914,0.013194,0.013194,0.032108,0.967892
173,11559606582085509839598371324267429245568074606311239,23,375,372,0.173476,0.108593,0.108593,0.282069,0.717931
173,8567518689055579897923237570331424934191919130124683,23,408,392,0.122601,0.02819,0.110506,0.233107,0.766893
173,7757833041287954123219330741833398980401403365844671,23,521,514,0.06296199999999999,0.022562,0.04432699999999999,0.10728899999999998,0.892711
173,9316049178944443793561813909420289680048038873209887,23,711,711,0.279089,0.279089,0.0,0.279089,0.7209110000000001
173,9928833671075698004690547493411708722996168864524191,23,442,442,0.179869,0.179869,0.0,0.179869,0.8201309999999999
173,8082599286688078272326597296230019194455017969460353,23,403,397,0.076414,0.052864,0.052864,0.129278,0.870722
173,11722980560595969629675859144256076147885119391535181,23,573,573,0.161518,0.161518,0.0,0.161518,0.838482
173,9593608908661975634163739787876317382759712663032617,23,807,807,0.024293,0.024293,0.0,0.024293,0.975707
173,7514341258039837561785554369913705517231217351886269,23,514,501,0.199748,0.224028,0.224028,0.42377600000000004,0.576224
173,10788110854762710095666872487306279223201853493970649,23,448,441,0.043824,0.051958,0.051958,0.095782,0.904218
173,10830515307409583755599110009630409242843757129551833,23,435,416,0.127471,0.152534,0.217527,0.344998,0.655002
174,22104611793997230117343176470598753099597657699857767,23,364,364,0.430533,0.430533,0.0,0.430533,0.569467
174,18763942404536135019296013058405167365237739426352961,23,382,382,0.184723,0.184723,0.0,0.184723,0.815277
174,14688504101174039979833028914301622192512344235844163,23,530,530,0.169615,0.169615,0.0,0.169615,0.830385
174,16722058225437982034822488549751786303201587785473951,23,460,460,0.175127,0.175127,0.0,0.175127,0.824873
174,21509336382097775444053571500023183533792843315954141,23,668,668,0.116571,0.116571,0.0,0.116571,0.883429
174,22850977655225044606098189565776865301144522899108753,23,373,373,0.394818,0.394818,0.0,0.394818,0.605182
174,17279223071662642072680635911044372251032271203557523,23,391,391,0.084814,0.084814,0.0,0.084814,0.915186
174,22947441514018658653094720368483897068968757283032113,23,369,362,0.06274,0.030692,0.050034,0.11277400000000001,0.887226
174,18341314976728685056786009125261875389901729222197411,23,524,500,0.03972,0.103086,0.174093,0.213813,0.786187
174,21198313883423610607647845217061584129219727405462807,23,699,693,0.27932199999999996,0.036983,0.189463,0.46878499999999995,0.531215
174,12839400785843164820295834351653620428577969094536553,23,545,513,0.119204,0.050706,0.151416,0.27061999999999997,0.72938
174,23322450000830661268788758752052782250935597472051533,23,357,342,0.084214,0.033073,0.033073,0.117287,0.882713
174,16333148817978325754024309091523862744059567919963111,23,543,543,0.246223,0.246223,0.0,0.246223,0.753777
174,14462970911237542989272454421381604521266425359311389,23,536,536,0.132872,0.132872,0.0,0.132872,0.867128
174,18949560281665792004413178756295887592891979934348561,23,364,364,0.163692,0.163692,0.0,0.163692,0.836308
174,21408407116291656012109167833580671913503017751545967,23,495,495,0.056965,0.056965,0.0,0.056965,0.943035
174,22631651939782172827484157664433587783833485119069961,23,456,456,0.122023,0.122023,0.0,0.122023,0.877977
174,21837034941512546186024799051115680122246295015518093,23,436,436,0.067133,0.067133,0.0,0.067133,0.932867
174,23437804484573336991839150008388329128133779513222523,23,705,705,0.072396,0.072396,0.0,0.072396,0.927604
174,21670228153893009427879223165719671325428625794224927,23,378,378,0.504084,0.504084,0.0,0.504084,0.495916
175,40488067071432624121676494427962676744307992814206389,23,495,495,0.096002,0.096002,0.0,0.096002,0.903998
175,47880832610030432571309186253738451904700554037260907,23,391,391,0.44321900000000003,0.44321900000000003,0.0,0.44321900000000003,0.556781
175,45878748309865752441663931039655772029562012040164497,23,421,418,0.128602,0.111862,0.111862,0.240464,0.759536
175,44519607957401945468255440685812779498238330725202451,23,714,714,0.065736,0.065736,0.0,0.065736,0.934264
175,38437122674547888080483896869357910936491022366930391,23,566,558,0.087756,0.074906,0.110195,0.197951,0.802049
175,47064113916853618606448841022057749802258231599045617,23,378,374,0.148131,0.159321,0.159321,0.307452,0.6925479999999999
175,38418920847258974395155918878755125806886124993281449,23,530,530,0.097385,0.097385,0.0,0.097385,0.902615
175,29860959886171008880417800461459339604720394693120859,23,525,491,0.010127,0.090686,0.45578100000000005,0.46590800000000004,0.534092
175,47523346294694090590598436816448664799865583071536947,23,397,397,0.053159,0.053159,0.0,0.053159,0.946841
175,40430147177650634814659419575820969943704601075586779,23,488,488,0.132628,0.132628,0.0,0.132628,0.867372
175,30673381581036186694644718658867052922438672540632679,23,377,360,0.051238,0.034195,0.034195,0.08543300000000001,0.914567
175,46321511197924674401868707445937064255819847549207181,23,566,552,0.110525,0.048195,0.086419,0.196944,0.803056
175,40793108447338904457818158698839208728924655609269741,23,496,480,0.104961,0.101598,0.101598,0.206559,0.7934410000000001
175,47563799216222959471208717042267403920241999763230907,23,392,392,0.153154,0.153154,0.0,0.153154,0.846846
175,44747799795754951639143084884684883018614820083166937,23,423,406,0.035559,0.031053,0.11326499999999999,0.14882399999999998,0.851176
175,46867320328474189488708379756417548186877640469492347,23,448,448,0.304611,0.304611,0.0,0.304611,0.695389
175,46542356956969036203230698142264416107162071627147053,23,396,396,0.073143,0.073143,0.0,0.073143,0.926857
175,45701878003472651488780363802977956628041054016481659,23,495,495,0.213885,0.213885,0.0,0.213885,0.786115
175,25458726975309530242094669164823103336392162094875803,23,423,423,0.31437,0.31437,0.0,0.31437,0.68563
175,39959523049873920871877996128842998488581987804339877,23,420,420,0.035815,0.035815,0.0,0.035815,0.964185
176,87990886338847859195592642389102593039937487082558279,24,489,489,0.133013,0.133013,0.0,0.133013,0.866987
176,92564124955148991262968874807483374435803628161108999,24,934,925,0.042721,0.045433,0.065722,0.10844300000000001,0.8915569999999999
176,94129007589456961191977269147297543003266132666549953,24,395,395,0.111708,0.111708,0.0,0.111708,0.888292
176,93819484016161644344551753829300322151041926203410181,24,435,435,0.053176,0.053176,0.0,0.053176,0.946824
176,73157616268457907406971375723178615684280166706710493,24,398,398,0.375934,0.375934,0.0,0.375934,0.624066
176,61542774938750705714463225629776244056185970967253653,24,496,486,0.063634,0.182817,0.182817,0.246451,0.753549
176,71800771048867515580859417044203063847762338647077403,24,390,390,0.323111,0.323111,0.0,0.323111,0.6768890000000001
176,77258340421405866522724393177859419720883968347782627,24,536,524,0.023265,0.042224,0.15569400000000003,0.17895900000000003,0.8210409999999999
176,89837078281524964039898044063254336032471057480771579,24,709,698,0.027808,0.006931,0.057279000000000004,0.085087,0.914913
176,67631371474217585591492093931057414532556760623695867,24,387,387,0.078921,0.078921,0.0,0.078921,0.921079
176,89832926575159265651841476273066740015357110318540347,24,639,610,0.064386,0.022024,0.250367,0.314753,0.6852469999999999
176,67118204137332948793553589627698826319196161548428537,24,400,382,0.124157,0.09449,0.191315,0.31547200000000003,0.684528
176,87774156256777768160436756789989062372701963996758741,24,553,549,0.144633,0.088638,0.088638,0.233271,0.766729
176,70572719969624332011199901351228566052874877227465031,24,467,467,0.011341,0.011341,0.0,0.011341,0.988659
176,86250046064114433343982710398437258754379418231496971,24,405,405,0.152648,0.152648,0.0,0.152648,0.847352
176,87134348646583113354803029928666774546954085244353883,24,368,358,0.112804,0.038463,0.038463,0.15126699999999998,0.848733
176,71901633824806274691548687743309648812921855456127637,24,391,391,0.186633,0.186633,0.0,0.186633,0.813367
176,90150270285363435056040734184802693760325360863282387,24,527,509,0.040395,0.054647,0.130158,0.170553,0.829447
176,94046017590480304561168089303295538090394575865219973,24,523,506,0.112055,0.095782,0.132467,0.24452200000000002,0.755478
176,64190892782173257959767693618630438907905705925983597,24,432,432,0.176091,0.176091,0.0,0.176091,0.823909
177,119125070369688751792163725903852573808324382853761851,24,514,514,0.136767,0.136767,0.0,0.136767,0.863233
177,182726819299327515165849812245648871121491177942129611,24,527,511,0.106721,0.073468,0.087414,0.194135,0.805865
177,188893960779618570376876195763394634184667143767990939,24,479,479,0.124369,0.124369,0.0,0.124369,0.875631
177,177226234109374423417710011618572758541886871555971773,24,509,509,0.165982,0.165982,0.0,0.165982,0.834018
177,170417219917741538865104682908758540815889415996081587,24,501,478,0.087033,0.12374,0.21292,0.299953,0.700047
177,184456472780322533717507274449727396706948277959651997,24,726,726,0.077765,0.077765,0.0,0.077765,0.922235
177,172591822599216441031826476355149233765150072380634947,24,451,451,0.083406,0.083406,0.0,0.083406,0.916594
177,160262516696147396603234199689194202325829336961400089,24,439,424,0.03722,0.10229,0.12937500000000002,0.16659500000000002,0.833405
177,189488332491885140927092409494182632690603024073949519,24,476,457,0.054828,0.011754,0.14103500000000002,0.195863,0.804137
177,158860589548227817116386228914199311016251079037823631,24,427,426,0.059609999999999996,0.069134,0.069134,0.128744,0.871256
177,131023867650554721773986626498755865101732014114852169,24,538,522,0.061433,0.035679,0.16513,0.22656300000000001,0.7734369999999999
177,185419546061793924107275707453523293583979540373323441,24,435,427,0.030343,0.118079,0.39726,0.427603,0.572397
177,130739606859025377984032427604557137652684751978400777,24,513,508,0.10245,0.202585,0.202585,0.305035,0.694965
177,148738595022486208740372312134935505218833565972371451,24,439,439,0.264147,0.264147,0.0,0.264147,0.735853
177,167245458534901805246177899856773690854765016929409441,24,602,588,0.033604999999999996,0.0465,0.204848,0.238453,0.761547
177,167743233925335463625480222303950384908571933339861327,24,429,429,0.166308,0.166308,0.0,0.166308,0.833692
177,127846725145209783213161083219697857237418143943954471,24,572,572,0.143458,0.143458,0.0,0.143458,0.856542
177,175371321030994867998753692974243811078511522480617843,24,432,432,0.317923,0.317923,0.0,0.317923,0.682077
177,116000582161408742104082789047643826044722595827305757,24,517,508,0.073957,0.031618,0.119892,0.193849,0.8061510000000001
177,170372630777230523245695634046185057408362313049454403,24,634,627,0.013729,0.014363,0.025379,0.039108,0.960892
178,326370916554170909248800565447441227366364752100439299,24,363,363,0.160605,0.160605,0.0,0.160605,0.839395
178,351133543531254740082619452808507153835828169762359977,24,363,363,0.054294,0.054294,0.0,0.054294,0.945706
178,336454357966569634923263904170681101591018051550982463,24,507,507,0.42271,0.42271,0.0,0.42271,0.5772900000000001
178,287084766998192650266030523003134421022082997050134521,24,478,478,0.055375,0.055375,0.0,0.055375,0.944625
178,352927538094715815006260624760445835128691040320016481,24,436,436,0.110545,0.110545,0.0,0.110545,0.889455
178,338358782479052619339175922612376094187822886673941721,24,584,584,0.019794,0.019794,0.0,0.019794,0.980206
178,350983244504690877302934108411058885737259142622352279,24,404,404,0.121401,0.121401,0.0,0.121401,0.878599
178,362113241669248116131584645381866273037844314273508653,24,848,837,0.009095,0.005703,0.045797,0.054891999999999996,0.9451080000000001
178,354699753705738888969549737288396049484417614825528751,24,539,539,0.12684,0.12684,0.0,0.12684,0.8731599999999999
178,331690661156431736210765004245137972208022366664402553,24,1003,1000,0.024602,0.047275,0.047275,0.071877,0.928123
178,332675546545853496255458413537230392333963633325833083,24,397,397,0.051537,0.051537,0.0,0.051537,0.9484630000000001
178,313703344571742936697405437124510360823965169983069999,24,975,967,0.061907,0.082648,0.082648,0.144555,0.855445
178,380254134293999860410999253285210970240457628198742663,24,456,456,0.080134,0.080134,0.0,0.080134,0.919866
178,360641711799225046890015181472030377655985832139240759,24,615,615,0.260857,0.260857,0.0,0.260857,0.739143
178,263917085618902017901372402907639485241329433989841083,24,528,528,0.150987,0.150987,0.0,0.150987,0.849013
178,266288106436622503269927529785703488384905659026805291,24,519,474,0.081925,0.07658,0.230057,0.311982,0.688018
178,344304805683409519331394242367711732435948148819916561,24,514,514,0.124639,0.124639,0.0,0.124639,0.8753610000000001
178,341709744235492519708940578050014342971004111389339661,24,349,349,0.279471,0.279471,0.0,0.279471,0.720529
178,310967967663884862956076583774857977926596023977520621,24,718,718,0.318695,0.318695,0.0,0.318695,0.681305
178,327279608257895351469611029322246368521417106545791761,24,737,717,0.02902,0.025235,0.048715,0.077735,0.922265
179,558936428874945996924383768356203135254350439671785479,24,379,379,0.340109,0.340109,0.0,0.340109,0.659891
179,674926639517348090731177770827913991101246148882287283,24,1000,992,0.081252,0.067173,0.067173,0.148425,0.851575
179,520778796933569712475497803976339448328715986002072523,24,580,575,0.091632,0.061696,0.061696,0.15332800000000002,0.846672
179,748335037461936801408133793949275373189490397012798993,24,583,583,0.293463,0.293463,0.0,0.293463,0.706537
179,750121838409245984074572114070043722336783466522324083,24,521,521,0.180556,0.180556,0.0,0.180556,0.8194440000000001
179,652699193242756150846355283234498871767984936149202997,24,366,366,0.252064,0.252064,0.0,0.252064,0.7479359999999999
179,701012462554551393326136469593585664907414625879938377,24,574,556,0.045911,0.303059,0.303059,0.34897,0.65103
179,651811943098199803843122079676572375058573432081265941,24,338,338,0.122425,0.122425,0.0,0.122425,0.877575
179,551025100698026169975841797211316492193395216233257361,24,703,697,0.063125,0.035888,0.035888,0.099013,0.900987
179,568232849243253819024806302642399573345242309126608059,24,478,459,0.096716,0.127883,0.24424400000000002,0.34096000000000004,0.65904
179,639820098139219068308973252189078237340004822241496393,24,355,355,0.412619,0.412619,0.0,0.412619,0.5873809999999999
179,761792849352011360883518708616350161974544759945523083,24,445,445,0.100312,0.100312,0.0,0.100312,0.899688
179,628942419048318189765862150028221450462352308232102681,24,384,384,0.151197,0.151197,0.0,0.151197,0.848803
179,566889538234990454641052189675936791837860452121325949,24,481,481,0.081473,0.081473,0.0,0.081473,0.918527
179,716452162573779008868293903020235512769764173696217249,24,657,637,0.053274999999999996,0.084114,0.149891,0.20316599999999999,0.796834
179,621413530195004739611180163225538908969413935549872629,24,930,924,0.041616,0.04316,0.062043,0.103659,0.896341
179,645609036446719663018922094515491080262538063860555597,24,428,380,0.042961,0.179464,0.403407,0.446368,0.553632
179,555489032258653592242576233173121867113539610787783833,24,418,418,0.199955,0.199955,0.0,0.199955,0.800045
179,535750173793033032362966709603096420101001099801784643,24,550,550,0.037439,0.037439,0.0,0.037439,0.962561
179,456506540313436296309522192769161449949543126587051023,24,424,424,0.180874,0.180874,0.0,0.180874,0.819126
180,1358996782341013393471064892946133021632416224066738371,24,781,757,0.01689,0.021101,0.11315200000000002,0.13004200000000002,0.869958
180,1147190830767755812327995081041386320310165753132541849,24,648,648,0.075706,0.075706,0.0,0.075706,0.924294
180,1403925300691032372140940928473865553985310895500181911,24,464,464,0.219426,0.219426,0.0,0.219426,0.780574
180,1495775451737959760457511687274350579183536185139242641,24,434,434,0.116665,0.116665,0.0,0.116665,0.883335
180,1110739563446777289531838627303749633950291508344598743,24,503,503,0.118982,0.118982,0.0,0.118982,0.881018
180,1194024369143971552927889417542591741693717575625673111,24,507,483,0.050196,0.093249,0.30285500000000004,0.35305100000000006,0.646949
180,1260166637346508034925373413900190230508510171798948477,24,759,759,0.147675,0.147675,0.0,0.147675,0.852325
180,1455316476136829091460607052510092178765985268783561317,24,513,513,0.175039,0.175039,0.0,0.175039,0.824961
180,1309093992710635640836698146159549405123972272927404881,24,496,496,0.061391,0.061391,0.0,0.061391,0.938609
180,1390894799146412153168495467213932724874405876411579611,24,474,474,0.477429,0.477429,0.0,0.477429,0.522571
180,1520134781616046526108129582711299483597548910524846853,24,479,459,0.0623,0.079385,0.356089,0.418389,0.581611
180,1505439219343167470373459269572451082957623944381924673,24,436,436,0.364845,0.364845,0.0,0.364845,0.635155
180,1057025848491395991324830754425862907965800790964989169,24,403,403,0.483521,0.483521,0.0,0.483521,0.516479
180,1022335052507123413464678276586097658581994406812064513,24,433,433,0.075457,0.075457,0.0,0.075457,0.924543
180,986820806071662897465598796288744366007908716888546481,24,788,788,0.150633,0.150633,0.0,0.150633,0.849367
180,1524644692974396926561992448558626212968367576768526879,24,427,417,0.15607,0.095229,0.19535599999999997,0.35142599999999996,0.648574
180,1314131625546751137305337304108371769311553500059572603,24,429,429,0.064742,0.064742,0.0,0.064742,0.935258
180,1159287238259464432648787656029088912397674342457115643,24,446,446,0.061957,0.061957,0.0,0.061957,0.938043
180,1475197377405499619513187533655878473208974647166678079,24,436,427,0.024457,0.017577,0.099999,0.12445600000000001,0.875544
180,1092513974848862293580063101113260203144966532297855803,24,591,585,0.064135,0.027057,0.027057,0.091192,0.9088080000000001
181,2146755962617820701939724558369889009769651618593397373,24,498,498,0.074857,0.074857,0.0,0.074857,0.925143
181,2072316348390379785942053767435731590279096222618626363,24,505,503,0.10146,0.004603,0.004603,0.10606299999999999,0.893937
181,2877046995656031836501313697137912148919872998967745519,24,568,561,0.018063,0.00947,0.00947,0.027533,0.972467
181,2880369969123252961817754651476818952571924308651017163,24,482,482,0.10181,0.10181,0.0,0.10181,0.89819
181,2861708897811122498028015229576663189712718130603358513,24,585,580,0.088595,0.081445,0.081445,0.17004,0.82996
181,2806788267767978306991980520946809467457007629229500787,24,679,679,0.073977,0.073977,0.0,0.073977,0.926023
181,2302747288573481437114058572318921809401333842388506063,24,568,568,0.098319,0.098319,0.0,0.098319,0.901681
181,2533946943181812616782556407056335292416812676112585527,24,436,433,0.021961,0.212999,0.212999,0.23496,0.7650399999999999
181,2487771293557144436196457222451407643840343448896262201,24,427,418,0.13505,0.026475,0.190859,0.325909,0.674091
181,2345607456560758996293272875237597113634991575593930503,24,426,408,0.143851,0.068959,0.068959,0.21281,0.7871900000000001
181,2451877345078985122707203168343312742955044811033249477,24,515,515,0.056639,0.056639,0.0,0.056639,0.943361
181,2340974696399471038404420962322551749504771560040272007,24,536,536,0.177894,0.177894,0.0,0.177894,0.822106
181,2477342015750519040996010692078739219032174672206011307,24,580,580,0.142783,0.142783,0.0,0.142783,0.857217
181,2296086844355268411990274677061153842585626962159704019,24,428,428,0.130902,0.130902,0.0,0.130902,0.869098
181,2857327712261479603462914395058626994702465220337337739,24,597,571,0.012323,0.095424,0.24303799999999998,0.25536099999999995,0.744639
181,1869241629214427269662931336533353684013970622159921317,24,527,526,0.127065,0.156283,0.156283,0.28334800000000004,0.716652
181,2136463886038630304242691639030926383783507376355925571,24,424,424,0.175244,0.175244,0.0,0.175244,0.824756
181,2877127110897588495873508614076070239692397854333669421,24,886,868,0.028081,0.042033,0.114492,0.142573,0.8574269999999999
181,2391506213382517426158791151215598942262031718622544827,24,538,495,0.077404,0.065196,0.12424700000000001,0.20165100000000002,0.798349
181,2948841039361971531410668839665611640358315799683010259,24,559,559,0.136775,0.136775,0.0,0.136775,0.863225
182,4191292476346020518783656275665657989599723159847851667,24,581,560,0.029061,0.115651,0.276256,0.305317,0.6946829999999999
182,4368915889305698991841916329930420223695538711679696073,24,425,404,0.071308,0.042011,0.08652,0.157828,0.842172
182,4603173397210774045412589779080265237568427782430487923,24,624,624,0.096692,0.096692,0.0,0.096692,0.903308
182,4412747380103085417736789338590629677444833420942921431,24,640,640,0.077875,0.077875,0.0,0.077875,0.922125
182,5274862496484527199284351082466041501734256417850671079,24,353,353,0.193077,0.193077,0.0,0.193077,0.8069230000000001
182,4800792925814278444401434125143406347751419932688595051,24,418,407,0.062009,0.04125,0.096996,0.159005,0.8409949999999999
182,3653812005152759308354861844496272098804036966408036451,24,539,531,0.118739,0.097662,0.097662,0.216401,0.7835989999999999
182,4646737653138437262079866979167515682324029521366613887,24,632,632,0.12307,0.12307,0.0,0.12307,0.87693
182,5244063665198047536361296769370401123699361439281027921,24,406,403,0.063201,0.196051,0.196051,0.259252,0.740748
182,5043512217423355819857280369022042682912863299358815427,24,588,588,0.134139,0.134139,0.0,0.134139,0.865861
182,5381424364337562423689277556082862960704173067855407963,24,416,413,0.145043,0.06222,0.06222,0.207263,0.792737
182,5605622646710231703717995108618170373087268192211651819,24,486,451,0.02327,0.05027,0.3715669999999999,0.39483699999999994,0.6051630000000001
182,5372876402521245557172885073810823234220306537484862171,24,555,530,0.051608,0.072684,0.291612,0.34321999999999997,0.65678
182,5193787393634226710856637245122360855837884143711668923,24,430,426,0.031682,0.14667,0.16064699999999998,0.19232899999999997,0.807671
182,4901526449801380100603842024908873735304969564340783837,24,576,546,0.05716999999999999,0.013362,0.38466199999999995,0.44183199999999995,0.558168
182,6116842254080121661991651815972543754648149039661461711,24,552,543,0.208586,0.119865,0.133891,0.34247700000000003,0.657523
182,4848300292233620118117558303318082764588214458439723993,24,716,703,0.021406,0.044016,0.18043700000000001,0.20184300000000002,0.798157
182,5455870824923288995533498136798277725990387457579154641,24,392,392,0.02932,0.02932,0.0,0.02932,0.97068
182,3785938512649873423258671464276287016184708730225383793,24,424,412,0.077101,0.187319,0.325366,0.402467,0.597533
182,4491160981645514588938837869554023508980963008773065231,24,596,596,0.034251,0.034251,0.0,0.034251,0.965749
183,9166723778901347230936039451531749253767512951187044911,24,358,358,0.384546,0.384546,0.0,0.384546,0.615454
183,10455930224123599063565031820487918262028421842464564737,24,976,976,0.083551,0.083551,0.0,0.083551,0.916449
183,7427674099806058459503172382903188275128363209564310927,24,365,365,0.217581,0.217581,0.0,0.217581,0.782419
183,10617285421144533269412481609230267820807269357289585027,24,495,495,0.077767,0.077767,0.0,0.077767,0.922233
183,11010471763583359046491348791311818146317648218012267883,24,592,591,0.024991,0.040826,0.040826,0.065817,0.934183
183,10332376251302120495254834326196282275734767686242549761,24,391,371,0.054451,0.019279,0.253039,0.30749000000000004,0.69251
183,11749977713551691032971054523891664935137255323436579743,24,635,635,0.265871,0.265871,0.0,0.265871,0.734129
183,10038010870002094481651798134300472801725442018653785307,24,522,486,0.022923,0.076261,0.37989799999999996,0.402821,0.597179
183,10982511715433447835689163250582120464921150302579077343,24,407,407,0.164633,0.164633,0.0,0.164633,0.835367
183,8953983959087052116701047035345005923200525137226524679,24,574,543,0.071406,0.119707,0.24514499999999997,0.31655099999999997,0.683449
183,8876846022270762570247578740470934525848460110861548643,24,716,706,0.200433,0.173913,0.173913,0.374346,0.6256539999999999
183,7272641689296160343480501161670052491504793391277318831,24,468,468,0.192785,0.192785,0.0,0.192785,0.807215
183,12244318449419593826201370835952825834440723200097525199,24,587,585,0.091139,0.030669,0.030669,0.121808,0.878192
183,11599990885992088420849467859622548958581504884697039151,24,534,523,0.00571,0.05991,0.151266,0.156976,0.843024
183,7605813317180000005669607627882043830747996242518578099,24,601,601,0.090206,0.090206,0.0,0.090206,0.909794
183,12182702859135303445823465643541896884548888148712896953,24,386,386,0.075522,0.075522,0.0,0.075522,0.924478
183,9709983608535670096749131929304035374023228870737229987,24,528,516,0.010807,0.213405,0.213405,0.22421200000000002,0.7757879999999999
183,10464773632474194098893561476862794550508738502141675107,24,606,606,0.034763,0.034763,0.0,0.034763,0.965237
183,9586059037733377655369346899873870070324449037164235107,24,359,359,0.171665,0.171665,0.0,0.171665,0.828335
183,9699446562764165401251791317533912674237385429964214831,24,440,433,0.083532,0.030615,0.075825,0.159357,0.840643
184,18626849292167387044123969723309390925329349903285206507,24,405,383,0.030276,0.066844,0.204635,0.234911,0.765089
184,18804282751054831530309800753579061511332519271103678431,24,554,554,0.148585,0.148585,0.0,0.148585,0.851415
184,18252028929067861875789984563223162861221576906848127717,24,664,664,0.04647,0.04647,0.0,0.04647,0.95353
184,24181446627067838775417564967666980419690582548365581197,24,507,507,0.094611,0.094611,0.0,0.094611,0.905389
184,23005878760564119588403003965951554728473230184759392953,24,637,605,0.041851,0.02242,0.270659,0.31250999999999995,0.68749
184,23936510072986768214421716184424106299398221539866239897,24,504,500,0.09956999999999999,0.035457,0.035457,0.135027,0.864973
184,16234034926709714462589794505359125056267838558020716281,24,674,664,0.051794,0.052869,0.052869,0.104663,0.895337
184,23428690111692592128116212619775791367144015582938967239,24,463,456,0.122948,0.170997,0.206341,0.329289,0.6707110000000001
184,18912759825437398136803515023873579742325104166174841671,24,487,487,0.119561,0.119561,0.0,0.119561,0.880439
184,19927044154018425176840956388997557677674288593187597089,24,444,444,0.025765,0.025765,0.0,0.025765,0.974235
184,19536799308159701904048108852677303754701680967104128127,24,467,451,0.08894,0.078917,0.159978,0.24891800000000003,0.751082
184,19071823677149723706403511825275713145306081300414131937,24,611,608,0.012925,0.023108,0.023108,0.036033,0.963967
184,20612269609108741202241460271673864594887702871452882101,24,472,461,0.059701,0.047513,0.130655,0.190356,0.809644
184,18920239559229041789878510751170285007946834591953601329,24,707,689,0.067552,0.024683,0.25205299999999997,0.319605,0.6803950000000001
184,22611644979880324889689047625329907958432993333469481211,24,423,423,0.058976,0.058976,0.0,0.058976,0.941024
184,22464664451229199112637114050957084764371480284978460343,24,438,427,0.023903,0.024366,0.034987,0.05889,0.94111
184,20229563940142821382398535762812188204560973744420706551,24,554,554,0.101465,0.101465,0.0,0.101465,0.898535
184,14302906747822375527736225805395822106070407268478927343,24,463,463,0.066336,0.066336,0.0,0.066336,0.933664
184,22648934796018516144639607669733048190885481628018590453,24,502,495,0.054338,0.034375,0.034375,0.088713,0.911287
184,15697907949934382447029781871211500370846936672724531567,24,482,463,0.045354,0.066537,0.23200199999999996,0.27735599999999994,0.7226440000000001
185,39302817494925418904731805103331681348585472258348444957,25,627,624,0.086434,0.089955,0.089955,0.176389,0.823611
185,39163563717688705635413025356219451066821712937228964227,25,522,519,0.065171,0.029715,0.036920999999999995,0.102092,0.897908
185,43686826810459062412827238710551696728616518667617692019,25,620,600,0.016605,0.016941,0.119605,0.13621,0.8637900000000001
185,44530085274113978279620207534979690950635532686975502813,25,358,358,0.333849,0.333849,0.0,0.333849,0.6661509999999999
185,43570715964626102904381136448155751424171061828655209841,25,511,503,0.104214,0.174651,0.174651,0.27886500000000003,0.721135
185,42847627148824300921093636376913601640563740728623558181,25,766,764,0.030232,0.013495,0.013495,0.043727,0.956273
185,32083703321789764487338768250718421793945445188847533027,24,724,709,0.136141,0.106276,0.195073,0.331214,0.668786
185,33014805666036752589259540494640708288963751747621341763,25,580,580,0.03116,0.03116,0.0,0.03116,0.96884
185,41464335276070540341399584119313180727925975932568415057,25,443,411,0.021686,0.027171,0.163157,0.184843,0.815157
185,33861582902426483337301296118131448522568614203251711863,25,482,476,0.148902,0.120175,0.20897700000000002,0.35787900000000006,0.6421209999999999
185,46071639138339644800558097284225066199315293701982806079,25,869,869,0.049511,0.049511,0.0,0.049511,0.950489
185,37936033159136473000212002322269943296231496368568922549,25,391,391,0.115784,0.115784,0.0,0.115784,0.884216
185,48350569892826986379872186809679223015058022521047573871,25,531,531,0.201559,0.201559,0.0,0.201559,0.798441
185,41198097084082663709570476103319690345818375254249026263,25,455,455,0.123331,0.123331,0.0,0.123331,0.876669
185,45101352016751018053319721236302099399595057715497241929,25,497,471,0.061405,0.034951,0.107237,0.16864200000000001,0.831358
185,42065769993861888778368368385451592776021006938027669583,25,914,914,0.072137,0.072137,0.0,0.072137,0.927863
185,41907847300045853777854516119774591215451371041706482459,25,656,656,0.098739,0.098739,0.0,0.098739,0.901261
185,48828218167552081470122749610887068068091405463826001571,25,429,429,0.104265,0.104265,0.0,0.104265,0.895735
185,41321776714362126833330727735907708762522999908493584631,25,507,500,0.065197,0.015129,0.015129,0.08032600000000001,0.919674
185,45383217518804476499152706989070758316114620859553366943,25,365,365,0.091148,0.091148,0.0,0.091148,0.908852
186,91860233843352511299828307727646362358888480420031170413,25,666,666,0.232585,0.232585,0.0,0.232585,0.767415
186,80310109483483183267313583353855043236387938949945913511,25,366,366,0.20982,0.20982,0.0,0.20982,0.79018
186,80341684383462084364790814145428006802552449749708478169,25,644,644,0.015274,0.015274,0.0,0.015274,0.984726
186,94274586636737974618847930138230885567012445571032348059,25,563,562,0.065852,0.088742,0.088742,0.154594,0.845406
186,85286064753422311838018802719562606418460845712040300179,25,456,456,0.293035,0.293035,0.0,0.293035,0.7069650000000001
186,95824663807095715873047831217240459086791279500036727837,25,557,557,0.094119,0.094119,0.0,0.094119,0.905881
186,80600641280005619173439191411717632606164953443740925413,25,666,666,0.032492,0.032492,0.0,0.032492,0.967508
186,53363439485857552435882838625033101776848292903405327631,25,486,486,0.098104,0.098104,0.0,0.098104,0.901896
186,84360977267528679389916660229858829202359730331725108419,25,608,578,0.086412,0.11781,0.11781,0.20422200000000001,0.795778
186,79840201135431317961751024566665709261061070004618876607,25,415,399,0.08565,0.174441,0.174441,0.260091,0.7399089999999999
186,86866046861802039662583542752660385034769683216166980061,25,705,705,0.069717,0.069717,0.0,0.069717,0.930283
186,86323619254797487920466332795791126216445907418620989923,25,549,527,0.02983,0.006189,0.090368,0.120198,0.879802
186,96229941655765770007029825039522376331365113196946498957,25,456,456,0.070422,0.070422,0.0,0.070422,0.929578
186,68612351526722038739277226442469049931568086799744053797,25,516,483,0.039292,0.057114,0.337145,0.37643699999999997,0.6235630000000001
186,68105415306841011876975324285506148265126787018204059721,25,698,698,0.048766,0.048766,0.0,0.048766,0.951234
186,82153452353776642549718572430278706898613500637862573111,25,591,591,0.245082,0.245082,0.0,0.245082,0.754918
186,58260742770043455753114412466166256900662844348827175237,25,675,669,0.024307,0.044038,0.044038,0.068345,0.931655
186,92398084669964916514251013016603556504210733394779182767,25,387,362,0.00681,0.118995,0.470028,0.476838,0.523162
186,85070111672001330371958789558357340118850688442337853217,25,418,418,0.080717,0.080717,0.0,0.080717,0.919283
186,77006883355586853676151730714225091231991247740864640619,25,452,452,0.14091,0.14091,0.0,0.14091,0.85909
187,185702567469454758545522669141358609758902348939813864093,25,552,552,0.121919,0.121919,0.0,0.121919,0.878081
187,179941892859217785606681885687143742888315889414346363689,25,1050,1050,0.042086,0.042086,0.0,0.042086,0.957914
187,181526373319561920706249179904543072763946711556143801553,25,556,556,0.250208,0.250208,0.0,0.250208,0.749792
187,167429568427479950155810682841163388259872915659211758439,25,440,428,0.029411,0.099561,0.099561,0.128972,0.871028
187,186979504018673334316662054121094588580490052795915527519,25,598,594,0.116648,0.070877,0.070877,0.187525,0.8124750000000001
187,145169698815553753950995436308896640554249031871232995529,25,616,616,0.047883,0.047883,0.0,0.047883,0.952117
187,189461310023527313299690027067741970827568893636258377063,25,791,791,0.018071,0.018071,0.0,0.018071,0.981929
187,195549547224884539368396804380565596304971046728434683161,25,445,439,0.068192,0.057514,0.057514,0.125706,0.874294
187,178245846474078559274688392189915797290638577194576694293,25,467,467,0.208351,0.208351,0.0,0.208351,0.791649
187,140252436907018775044357018689165543420042260373871440727,25,544,532,0.029272,0.126142,0.283968,0.31324,0.68676
187,192105990641511042361486580149859043063803753731838318981,25,861,825,0.033605,0.020719,0.264947,0.298552,0.7014480000000001
187,178454889426021172984526500874394848133697897783899319511,25,1017,996,0.17425600000000002,0.088094,0.12832500000000002,0.30258100000000004,0.697419
187,147793902755095806954444489354226029687835800736294743133,25,654,654,0.162488,0.162488,0.0,0.162488,0.837512
187,181066564675332279473924972484406057203667755771628163519,25,433,427,0.051215,0.068555,0.068555,0.11977,0.88023
187,168818801318777087057170297997195516793375607488939767557,25,507,472,0.066257,0.032465,0.14342,0.209677,0.790323
187,163084686989748233415040348211861253938756903626114968719,25,430,430,0.033884,0.033884,0.0,0.033884,0.966116
187,188075731576689556162612507442726713223245640460883288489,25,608,600,0.047966,0.05106,0.125596,0.17356200000000002,0.826438
187,132226185708852638537764772743714220747210366978910886177,25,497,492,0.010463,0.062103,0.085483,0.095946,0.904054
187,194698576701919400115040833966319106090888842928840082833,25,487,487,0.099173,0.099173,0.0,0.099173,0.900827
187,125253423035716542158322394161648453041038946552062725559,25,507,507,0.051096,0.051096,0.0,0.051096,0.948904
188,314224750521702231589078779205748577487125730214151848227,25,477,477,0.235019,0.235019,0.0,0.235019,0.764981
188,214725867801677657763150716044378228025925022271604157093,25,381,381,0.084438,0.084438,0.0,0.084438,0.915562
188,337786569927761505444410838242068306234426938889367376089,25,438,438,0.229955,0.229955,0.0,0.229955,0.770045
188,360223106477640603715939086025088234494108141240755800321,25,461,461,0.053541,0.053541,0.0,0.053541,0.946459
188,374124987525817520307508964115960865602386918837898179827,25,671,671,0.163711,0.163711,0.0,0.163711,0.8362890000000001
188,361989780913006793919620222968747185160737595989089084909,25,463,454,0.027392,0.013547,0.100772,0.128164,0.871836
188,317559581118592945343728270732523067627215982144611637637,25,424,409,0.070202,0.057468,0.103935,0.174137,0.825863
188,379999621526733814982174866558604085395375086537465979591,25,411,411,0.025679,0.025679,0.0,0.025679,0.974321
188,366021560344730588643709636731405132352498915207181378779,25,433,433,0.396569,0.396569,0.0,0.396569,0.603431
188,387944003533460640819952009732254475678414088984486177033,25,657,657,0.055719,0.055719,0.0,0.055719,0.944281
188,374845489005902740783352118914562105030081362850475258007,25,684,681,0.045722,0.051417,0.051417,0.097139,0.902861
188,386515816923087548415772467909907858268131406963172669599,25,549,548,0.176346,0.038907,0.038907,0.215253,0.784747
188,221106737983069547058303874626625601611876932304469714993,25,470,470,0.145339,0.145339,0.0,0.145339,0.854661
188,240210128646608330322236250926839186745574038027417949109,25,557,555,0.164499,0.022068,0.022068,0.186567,0.813433
188,318351913440867881282887107239336403432896585513539162139,25,495,473,0.064745,0.030417,0.072808,0.13755299999999998,0.862447
188,378635620380227758123177463104203120047480633879439638329,25,474,474,0.112844,0.112844,0.0,0.112844,0.8871560000000001
188,319199732197973078769687558220972231917492453889455575179,25,475,475,0.206482,0.206482,0.0,0.206482,0.793518
188,381980473612089531334196860824416470009021634012423067737,25,457,457,0.070272,0.070272,0.0,0.070272,0.929728
188,256586033541357135375485125099595006467144223152458416503,25,378,378,0.237158,0.237158,0.0,0.237158,0.762842
188,353636550421510722509208696720104070107782240230147107101,25,526,526,0.10757,0.10757,0.0,0.10757,0.8924300000000001
189,408589902288642681578344276763041902416284671692080986377,25,440,407,0.010336,0.057719,0.214793,0.22512900000000002,0.774871
189,646628678273258141372517202145221034603557799378124614201,25,559,559,0.011054,0.011054,0.0,0.011054,0.988946
189,592635606571861287284224295593110454631652264655249578353,25,530,528,0.025729,0.014961,0.014961,0.04069,0.95931
189,650208432524537748605744087782608274999617116493579199513,25,627,618,0.051878,0.04504,0.061835999999999995,0.113714,0.886286
189,599419609079700662276957964472775050611343385405910300163,25,797,783,0.024152,0.020974,0.151146,0.175298,0.824702
189,591139658903332237066666950704418695507871569867166356959,25,517,517,0.088831,0.088831,0.0,0.088831,0.911169
189,759303095841708533868206131077305245572712516145789616107,25,440,440,0.166101,0.166101,0.0,0.166101,0.833899
189,723374087894581884780114042666006439305170047096296570421,25,441,420,0.025141,0.062622,0.13716799999999998,0.16230899999999998,0.837691
189,642089268364349919722039425710377324200681378773618660631,25,544,544,0.033899,0.033899,0.0,0.033899,0.966101
189,493458509028245692711455247191997853201057771326056542803,25,816,801,0.076358,0.048396,0.048396,0.124754,0.875246
189,775267771444101410063934578993845769575953505357992661799,25,822,822,0.157019,0.157019,0.0,0.157019,0.842981
189,525214235994067347101638348805237964788334546789415420243,25,655,648,0.012596,0.01603,0.01603,0.028626,0.971374
189,510228484199873332122049098813102378921923672052464278333,25,443,443,0.105737,0.105737,0.0,0.105737,0.894263
189,630121824338129668949919059009823882545840337934822277567,25,715,699,0.057029,0.022044,0.11499399999999999,0.17202299999999998,0.827977
189,755634779781799121353112557954459602771587484582257255551,25,411,411,0.039304,0.039304,0.0,0.039304,0.960696
189,612172740703460905652990412541931502012476806243188854431,25,635,629,0.05898,0.016426,0.0761,0.13508,0.86492
189,530704707601162495384297467780173501132805319654798984003,25,458,433,0.048826,0.064436,0.172376,0.221202,0.778798
189,756916004872319657418986856461653189263814971681663763573,25,577,572,0.235268,0.05517,0.05517,0.290438,0.709562
189,490921607897052107753246264180398217237973784027521089099,25,450,445,0.038164,0.089599,0.160588,0.198752,0.801248
189,767702133245506513310164240704062695141079949461903447479,25,508,499,0.059926,0.009556,0.05509,0.11501600000000001,0.884984
190,1107697980005560535935691181882881481298971577503883545431,25,513,511,0.104034,0.049177,0.049177,0.15321099999999999,0.846789
190,1447718595714448727207173851527167403200700108585820235931,25,401,401,0.22496,0.22496,0.0,0.22496,0.77504
190,1067595819970828694093593212927706218036137678171084438953,25,506,479,0.042126,0.082917,0.251888,0.294014,0.705986
190,1236956916814563958009976698763228455869309463346857145209,25,444,424,0.027984000000000002,0.025448,0.264736,0.29272000000000004,0.7072799999999999
190,1303595662239872394152630143462469139534875953977955173719,25,959,953,0.055972,0.018461,0.068657,0.12462899999999999,0.875371
190,1436728764183159269584547372484560757421757510937607299719,25,426,426,0.177625,0.177625,0.0,0.177625,0.822375
190,1358738873900145804437909196195927584579190583894624729549,25,522,518,0.148888,0.040938,0.040938,0.189826,0.810174
190,1309414713325066973570726305039978280113478833538624990717,25,689,689,0.019585,0.019585,0.0,0.019585,0.980415
190,1119233946195882068749589393936438955574244336504433599743,25,534,534,0.245542,0.245542,0.0,0.245542,0.754458
190,1391390333131732070825024754648255205953706845753859235761,25,876,876,0.132057,0.132057,0.0,0.132057,0.867943
190,1219405195991088602219964475590713847204090579216876133247,25,688,688,0.036377,0.036377,0.0,0.036377,0.963623
190,1285952433782265124699401960911465263241667818151785942989,25,502,469,0.056942,0.077853,0.3187900000000001,0.37573200000000007,0.6242679999999999
190,936281692826227408663886118472398327211075139996831483807,25,467,460,0.099527,0.027273,0.027273,0.1268,0.8732
190,1495152348884655255748854019985088902044523205603769307549,25,506,506,0.164207,0.164207,0.0,0.164207,0.835793
190,1543054376408543181151756345226381442258117792563593031941,25,481,481,0.054269,0.054269,0.0,0.054269,0.945731
190,1197900039859831281860297786593556759105357856705065296097,25,369,369,0.385226,0.385226,0.0,0.385226,0.6147739999999999
190,1325762643789188253480076014106355323863094856768820242033,25,414,414,0.24065,0.24065,0.0,0.24065,0.75935
190,1549503894836788136271053205345052692884272523599834807513,25,515,513,0.088934,0.146124,0.146124,0.235058,0.764942
190,1371820001327266974371651800423316814650750283162857664521,25,384,384,0.157092,0.157092,0.0,0.157092,0.842908
190,1319759631078608755615705806993244756656084597458744780879,25,521,500,0.034804,0.062655,0.224914,0.259718,0.740282
191,2180877054471620294689724695606846212849552332318992940407,25,497,497,0.16363499999999997,0.16363499999999997,0.0,0.16363499999999997,0.836365
191,1606385381360148813307516689773707722363849418834436678389,25,418,418,0.103885,0.103885,0.0,0.103885,0.896115
191,2738991831553984659353836548560279154535043688289688027603,25,465,458,0.028165,0.026387,0.036966,0.065131,0.934869
191,2021640631374636353782008830324840969777513038468864748759,25,652,648,0.042965,0.049508,0.049508,0.092473,0.907527
191,2105598972222103150968007207241144213000505023620025661667,25,422,422,0.142371,0.142371,0.0,0.142371,0.857629
191,2954552227750152336095183292848417913001395070298811029879,25,615,609,0.062165,0.005471,0.005471,0.067636,0.932364
191,2604823021534871940153658516882468145972589783978202484923,25,499,499,0.092833,0.092833,0.0,0.092833,0.9071670000000001
191,2697799617327879157081712621189446951709202892838110789249,25,1093,1093,0.121187,0.121187,0.0,0.121187,0.878813
191,2749750578464362511041140809468842163052814508247072125809,25,709,702,0.017732,0.091627,0.091627,0.109359,0.890641
191,2810254725646498720414994000029322939731083303115400227283,25,624,595,0.037631,0.024794,0.217239,0.25487,0.7451300000000001
191,2919723125927389511356972449231841889026550065177689782341,25,632,606,0.06257499999999999,0.067948,0.372706,0.435281,0.564719
191,2384759410471810319375657922573509817577252181814221416381,25,543,543,0.190255,0.190255,0.0,0.190255,0.8097449999999999
191,2870902859138464144898136609805487079043674281379484515257,25,565,564,0.049174,0.01028,0.01028,0.059454,0.940546
191,2531428612228677358426023750691561085464553004835817283823,25,685,685,0.08888,0.08888,0.0,0.08888,0.91112
191,2569199376454128229458263634674647272803671413063904093681,25,483,469,0.07331399999999999,0.056344,0.08534399999999999,0.15865799999999997,0.841342
191,2077139403037075257284520813457747381680630617898050789129,25,582,582,0.043462,0.043462,0.0,0.043462,0.956538
191,2599527300982831600647840629042688948539972657946504879419,25,743,739,0.026343,0.014208,0.014208,0.040551,0.959449
191,2939945259852704861237884063321703407639606324099970984489,25,520,520,0.300392,0.300392,0.0,0.300392,0.699608
191,2806787067261975292631801717103764100516337005958274854877,25,907,904,0.063911,0.017627,0.078559,0.14246999999999999,0.85753
191,3102854422286895681399386946361481173908793767638701190957,25,535,535,0.189524,0.189524,0.0,0.189524,0.810476
192,6053136549975215707114861824618604186550967571524618556511,25,587,574,0.133689,0.234152,0.297464,0.431153,0.568847
192,5772223899679240100865858833866067485733365743633882768503,25,429,417,0.04136,0.115296,0.279238,0.320598,0.6794020000000001
192,4939008137476552065240184537828644764133517214756158762829,25,496,490,0.038249,0.088984,0.174537,0.212786,0.787214
192,6212435194276394115763543059243494938563033646586224859629,25,574,559,0.069848,0.066502,0.11149500000000001,0.181343,0.818657
192,3874204338182140753502701838530384426297759523506113427483,25,628,628,0.099763,0.099763,0.0,0.099763,0.900237
192,3347208880492337566130653746802735549578109517894379499733,25,785,784,0.161512,0.022615,0.022615,0.18412699999999999,0.8158730000000001
192,4306083721119286908591380042584606571729048503575164227711,25,507,496,0.033288,0.045444,0.11394,0.147228,0.852772
192,5163763031624406920207830805702663059843081289928205028959,25,626,626,0.087613,0.087613,0.0,0.087613,0.9123870000000001
192,6130364660359904866071451106195076205876004972250032444803,25,494,494,0.033601,0.033601,0.0,0.033601,0.966399
192,6254696907579855069014156880599952401895926775151729298633,25,580,580,0.109683,0.109683,0.0,0.109683,0.890317
192,4873661477686905481674696353544486097679453418713697857441,25,1093,1093,0.143935,0.143935,0.0,0.143935,0.856065
192,5412175546964427994074789034451167835889491793324688758467,25,799,789,0.040406,0.050964,0.063689,0.104095,0.895905
192,5910884209390437413999109263981667425861292837036749005609,25,578,576,0.162814,0.058899,0.058899,0.221713,0.778287
192,4621285287029859947459316813570982113322073918209718266019,25,559,559,0.268541,0.268541,0.0,0.268541,0.7314590000000001
192,5696283951894185144007889520249234417647198158940715431933,25,440,440,0.059834,0.059834,0.0,0.059834,0.9401660000000001
192,3683958575511235413756595798246241035800834295791075521963,25,463,463,0.115383,0.115383,0.0,0.115383,0.884617
192,4468006165118885684913086683109597497945491118316503789123,25,1043,1002,0.024866,0.047318,0.415711,0.440577,0.559423
192,5488497809815368048793079212529624026388526869419621039691,25,562,550,0.031852,0.020272,0.19706,0.228912,0.771088
192,5659542164522658766094858453465847140623734081033257305487,25,457,457,0.063167,0.063167,0.0,0.063167,0.936833
192,6149807903410653285967321465976396749348286539647506887699,25,638,635,0.087533,0.052585,0.052585,0.140118,0.859882
193,9905013207931875527529191960135739218017812814063208578531,25,663,629,0.067428,0.041244,0.27365999999999996,0.34108799999999995,0.658912
193,10100483858506872648422975068896319443064533148276380832169,25,694,674,0.054099,0.042838,0.187026,0.241125,0.758875
193,11663540999446197162723452607497563376895758675776898312369,25,546,534,0.095242,0.239844,0.341108,0.43635,0.56365
193,10897749645060145624874358483865606849691424744321528304937,25,565,562,0.091784,0.023368,0.044417,0.13620100000000002,0.863799
193,10565624405515099844116517970763527091130891790570283157137,25,488,488,0.220468,0.220468,0.0,0.220468,0.779532
193,12070921450587575263287627747872390786879378063838490617043,25,697,697,0.155632,0.155632,0.0,0.155632,0.844368
193,9664634974777947645604027278555623329607100282762834013441,25,509,509,0.031495,0.031495,0.0,0.031495,0.968505
193,12322960193874180073992358693327396906594292112230707610489,25,648,614,0.01104,0.010422,0.14356200000000002,0.15460200000000002,0.845398
193,8099708654360452993215966572101668396566826381629301683063,25,608,570,0.076336,0.073984,0.339727,0.416063,0.5839369999999999
193,11214351833369361189026414622248506634769198922661651441293,25,527,527,0.085748,0.085748,0.0,0.085748,0.914252
193,9128073803947130372484141505624445498586637123573747380151,25,441,441,0.102115,0.102115,0.0,0.102115,0.897885
193,11312813665303613237304198878301422628970319071234047845347,25,719,700,0.018561,0.012825,0.031316000000000004,0.049877000000000005,0.950123
193,11023902979621732752907862575267849055507922142544485438789,25,571,562,0.007736,0.016697,0.04543,0.053166,0.946834
193,11262927042730954176015822824963334235937052626560568007419,25,567,567,0.031532,0.031532,0.0,0.031532,0.968468
193,10857095320997612707420637232964945337144528989105797131153,25,816,816,0.103692,0.103692,0.0,0.103692,0.896308
193,10494271519339392909894195833014476236187539413566084429379,25,584,584,0.041291,0.041291,0.0,0.041291,0.958709
193,12278064626184964589595523842860542425676931971855436832259,25,610,610,0.093803,0.093803,0.0,0.093803,0.906197
193,8482872608322654051369609585269639790901351219221511846733,25,497,497,0.088229,0.088229,0.0,0.088229,0.911771
193,7306887098618586073076594877395470343989113832174839245017,25,574,555,0.062081,0.06536,0.06536,0.127441,0.872559
193,12409265929614063311478379725438459124196359168832063103151,25,479,478,0.193374,0.186319,0.186319,0.379693,0.6203069999999999
194,20683260459467499029277828805303888053838228828420773810227,25,676,674,0.02034,0.023082,0.023082,0.043422,0.956578
194,21350469721329597074134362589876985354717072338210358108849,26,398,398,0.190811,0.190811,0.0,0.190811,0.8091889999999999
194,18942954816325570836124528681131878336599202626159580306777,25,469,463,0.051288,0.104027,0.19506099999999998,0.24634899999999998,0.7536510000000001
194,24458941949583565962792372221933150989311549041638920536113,26,689,675,0.049382,0.019629,0.140615,0.189997,0.810003
194,21076672769905977070352813226874932564034530295953191284753,25,535,535,0.055603,0.055603,0.0,0.055603,0.944397
194,22249362777783306049117932825890593656249535237757916625729,26,442,418,0.064772,0.074177,0.11894000000000002,0.18371200000000001,0.816288
194,23203422452949787679074210878498136594954609999835899906157,26,610,603,0.079194,0.077662,0.133822,0.21301599999999998,0.786984
194,20868115815896194713106525621357671273079634596135616425361,25,625,619,0.039135,0.112069,0.175767,0.214902,0.785098
194,23192686299066524320738010687390362447126038875074169556253,26,613,605,0.048313,0.015832,0.057915,0.106228,0.893772
194,22340054129412896419322214973520037370083718012993281910367,26,418,418,0.027635,0.027635,0.0,0.027635,0.972365
194,23181673086820734631906360554899103585708564817833096064921,26,1289,1289,0.110829,0.110829,0.0,0.110829,0.889171
194,24582599091151675799091021479482934414662039688624223437687,26,426,426,0.048279,0.048279,0.0,0.048279,0.951721
194,25065435242975997360701202808292864499688676903327335870541,26,495,495,0.089407,0.089407,0.0,0.089407,0.910593
194,18390454080376419958677765335623388001794346466558675435283,25,548,544,0.078138,0.028118,0.028118,0.106256,0.893744
194,22922786508061659363842923473806512470282966011733435851431,26,1073,1042,0.003379,0.007055,0.01781,0.021189,0.978811
194,17061387184720152302891304554226083544383293835520188213651,25,467,443,0.161135,0.01433,0.29038100000000006,0.45151600000000003,0.548484
194,18618516616598255372519874377476542080222536021373325270311,25,464,464,0.387727,0.387727,0.0,0.387727,0.6122730000000001
194,21282237135538130116514856262480953933294724963389201954481,26,554,551,0.035277,0.05336199999999999,0.05336199999999999,0.088639,0.911361
194,20522969516655873169000695377445575228468042248954518479057,25,565,536,0.020488,0.021643,0.129209,0.149697,0.850303
194,14989350088210543607482262847185984320363092765497004877451,25,647,639,0.031109,0.027544,0.027544,0.058653,0.941347
195,43040604789452163741387408621112136409598757059035661677893,26,584,578,0.1334,0.04245,0.07346,0.20686,0.79314
195,49088991794939140574010539690236171966040109026993415914269,26,445,442,0.156243,0.084671,0.084671,0.240914,0.759086
195,48300749567102905436273718192442740995408307546941115427897,26,494,482,0.112453,0.176975,0.176975,0.289428,0.710572
195,48906073225085902924815189872988257194974124450370814611651,26,421,421,0.17558400000000002,0.17558400000000002,0.0,0.17558400000000002,0.824416
195,36863086582293400960306820600939234657564365893479938560799,26,734,706,0.013592,0.050408,0.15390299999999998,0.16749499999999998,0.832505
195,39520094337921324612196662792851626492332520911673811699729,26,885,885,0.032852,0.032852,0.0,0.032852,0.967148
195,48712327583936410948919472729136236367597407084610635272833,26,458,458,0.049706,0.049706,0.0,0.049706,0.950294
195,40655326120160876332407096732056168721873529846326635963177,26,449,435,0.082692,0.039481,0.16884900000000003,0.251541,0.748459
195,49535766793358394398954575009134138350900646325935636614543,26,585,573,0.116622,0.101375,0.17612,0.292742,0.7072579999999999
195,41862719142251391308296850055406978004299551713109836123227,26,582,576,0.073024,0.028484,0.028484,0.101508,0.898492
195,39425775947292327135017849550127493358385136125831647180659,26,469,456,0.058555,0.17889,0.17889,0.237445,0.762555
195,40030915462863037646967083275653053673838289093488559065567,26,612,598,0.064057,0.124617,0.124617,0.188674,0.811326
195,40570734708690516020996671408225641495385595046735671957119,26,459,459,0.101134,0.101134,0.0,0.101134,0.8988659999999999
195,40934085183179492462123851985126002111578252845347853305697,26,486,486,0.236143,0.236143,0.0,0.236143,0.763857
195,35128682060529629825193792168573153198841552039371874266881,26,455,446,0.042892,0.045306,0.045306,0.088198,0.911802
195,33386520498533519946398383478624977467807699443830033789513,26,580,580,0.088234,0.088234,0.0,0.088234,0.911766
195,40141148770606288794672640695647670636575757821310805897243,26,516,516,0.070172,0.070172,0.0,0.070172,0.929828
195,40490518455055723132909066555944613680023787528271085543291,26,564,564,0.175999,0.175999,0.0,0.175999,0.824001
195,47614627301874134935455529116186115164906112363136503150483,26,654,654,0.113077,0.113077,0.0,0.113077,0.886923
195,34473817038037491202068900808519350419613875057302440357481,26,602,602,0.013405,0.013405,0.0,0.013405,0.986595
196,95168415107121660560916881793289203952418490854465168975321,26,685,685,0.04435,0.04435,0.0,0.04435,0.95565
196,90009791547499984548910278716753576073152720702817059055901,26,511,498,0.111035,0.045063,0.045063,0.156098,0.843902
196,87459073763838296701927301523704259554148918532862184975629,26,551,551,0.083882,0.083882,0.0,0.083882,0.916118
196,70309503501777340343079821334567642537559966663221390472973,26,501,477,0.028224,0.064136,0.14530300000000002,0.17352700000000001,0.826473
196,95305038515393842196007534454562012255827385548443606952501,26,605,597,0.008319,0.014762,0.060376,0.068695,0.931305
196,82858880649466251495449216071414702109906561191821038787641,26,397,397,0.06278,0.06278,0.0,0.06278,0.9372199999999999
196,97083793852684433813008089400054003385653724507596918274297,26,684,663,0.016299,0.064262,0.12422899999999999,0.140528,0.859472
196,99466774561138218293682307547255032274447325955533021392447,26,486,486,0.139572,0.139572,0.0,0.139572,0.860428
196,62333097639089791343889610479116623630492359496474506120427,26,844,829,0.044153,0.005997,0.11486400000000002,0.15901700000000002,0.840983
196,98202769533374705029605057892210661368086364721024686834069,26,593,593,0.062819,0.062819,0.0,0.062819,0.937181
196,76205915167282914218102341674425274873438928127960827493699,26,787,784,0.232148,0.088065,0.088065,0.32021299999999997,0.679787
196,99735781901275954167800573841902347907225001572434442739617,26,680,680,0.160764,0.160764,0.0,0.160764,0.839236
196,75523924234554614323219474180414139839611222725124775536109,26,469,469,0.115664,0.115664,0.0,0.115664,0.884336
196,98856416133856584127753735193005691636012090201233990732729,26,443,428,0.116253,0.163414,0.320934,0.437187,0.562813
196,74465721503975476013420915082380026622357493970492148475923,26,621,621,0.105247,0.105247,0.0,0.105247,0.894753
196,93695083979722113939155057731935369089046162236564738423191,26,541,537,0.046218,0.048968,0.048968,0.09518599999999999,0.904814
196,77879392079591903526474505876698267670805166486636028530899,26,494,472,0.129058,0.055202,0.055202,0.18426,0.81574
196,84229306643800747300264590699152695007580757244203842094811,26,552,552,0.102433,0.102433,0.0,0.102433,0.897567
196,94030668663190317444347187347006250211939496898445186865789,26,840,817,0.024766,0.047381,0.122583,0.147349,0.852651
196,100248369583162082393739261464041339014101482772776091948201,26,438,431,0.086142,0.05994,0.154954,0.241096,0.758904
197,167659105655698882339508182915480992256595774433903924122623,26,1544,1534,0.058657,0.01663,0.11645799999999998,0.17511499999999997,0.8248850000000001
197,122449747198975822084132001235051055769374123302428745305941,26,652,652,0.068989,0.068989,0.0,0.068989,0.931011
197,157771390213784769025733801475620067885551276043484431320057,26,522,522,0.224191,0.224191,0.0,0.224191,0.775809
197,195362636325845913268639913567995093493514004135984307800363,26,573,551,0.109744,0.008267,0.373822,0.483566,0.5164340000000001
197,160328182105787324869078655378810538500450812696259544941773,26,496,496,0.204398,0.204398,0.0,0.204398,0.795602
197,184970800291752440068635983309521468062368504646083676644033,26,648,648,0.05903,0.05903,0.0,0.05903,0.94097
197,164144776080649194883406513297516553025716555924591056615183,26,435,431,0.08998600000000001,0.044306,0.07807,0.168056,0.831944
197,140818764650826975296987375129283355966942621459853255150479,26,564,564,0.066475,0.066475,0.0,0.066475,0.9335249999999999
197,189022387984517778950705123442972032908094852334290657306231,26,449,449,0.098524,0.098524,0.0,0.098524,0.9014759999999999
197,172220763612696405396243073018306035394484382521705030045911,26,445,438,0.030428,0.036111,0.084696,0.11512399999999999,0.884876
197,154481106607181704446691691500013964555830349483415881254479,26,744,743,0.08922000000000001,0.089811,0.089811,0.179031,0.8209690000000001
197,138116520840863501578382275910208792542013786200119809943421,26,465,465,0.077371,0.077371,0.0,0.077371,0.922629
197,128167436666847967508432921399395745683533771986744909507099,26,467,467,0.15366,0.15366,0.0,0.15366,0.84634
197,179430245545432323474984038609312519060231752952330260578973,26,644,644,0.007335,0.007335,0.0,0.007335,0.992665
197,164907321185035410613697079130730386934791247649211425433501,26,643,616,0.008309,0.010226,0.090078,0.098387,0.901613
197,149559974584198894049055200074096371180280008283748787845411,26,446,432,0.284361,0.105805,0.105805,0.39016599999999996,0.609834
197,141960287108387193832375793429518062558146806429474522246723,26,506,506,0.095617,0.095617,0.0,0.095617,0.904383
197,117962418323306660486403773161381103053143923297611666689523,26,462,462,0.035619,0.035619,0.0,0.035619,0.964381
197,159003940652452327574248903060253950134870172438916155070369,26,723,688,0.048331,0.016084,0.5273100000000001,0.5756410000000001,0.42435899999999993
197,186310928751907307724815625865601039478473930304908425333493,26,812,812,0.064486,0.064486,0.0,0.064486,0.935514
198,358800385741478548379741226608716034844371071935561085305833,26,623,617,0.075859,0.077623,0.077623,0.153482,0.846518
198,361832547229010809777991703475089455145922714751449984988413,26,419,415,0.170912,0.071342,0.071342,0.24225400000000002,0.757746
198,366234672716741757435258864069198637471462810470347219616629,26,688,679,0.043251,0.044584,0.06122,0.104471,0.895529
198,381944248262064685581254962871209750407378184907165945167889,26,559,559,0.053841,0.053841,0.0,0.053841,0.946159
198,354687072527494597410093290280585584399421663969934020853223,26,598,598,0.161125,0.161125,0.0,0.161125,0.838875
198,379245416457437245542302776449664948360818185536921628076539,26,432,432,0.103107,0.103107,0.0,0.103107,0.8968929999999999
198,276003453857523809899467677088049878845070200584331936691041,26,534,534,0.080807,0.080807,0.0,0.080807,0.919193
198,209990048987204577494427221770767574738889930041728156874193,26,577,577,0.127256,0.127256,0.0,0.127256,0.872744
198,256901948110234610129862767369945243180538397102365122358427,26,484,483,0.098807,0.169306,0.169306,0.26811300000000005,0.731887
198,392896855902880253325160541666344098709384930507930453171681,26,468,468,0.042501,0.042501,0.0,0.042501,0.957499
198,261148592887412956171116968549303549257459540886776423198739,26,509,508,0.0147,0.034596,0.034596,0.049296,0.950704
198,380307295207752593087679241538739081357344508076536875023627,26,597,574,0.163202,0.245204,0.333349,0.496551,0.503449
198,388299617663319746972489463784551990330983404458676571447693,26,517,496,0.048795,0.017935,0.142492,0.191287,0.808713
198,328573357774619762260295479993442675189590010826879831896677,26,534,519,0.019156,0.049033,0.068021,0.087177,0.9128229999999999
198,345095965742713044505246800463174842475462680793869138019261,26,453,453,0.187279,0.187279,0.0,0.187279,0.812721
198,292581670931790651470491827458218900376775743841380672403887,26,503,503,0.082225,0.082225,0.0,0.082225,0.917775
198,390539114582262272077001713638342490864897532470034331261247,26,491,473,0.079114,0.199502,0.199502,0.27861600000000003,0.721384
198,360504086773559647539204736208829484928785732049355565383643,26,395,395,0.071138,0.071138,0.0,0.071138,0.928862
198,235950558879078260282437419803935172239069320587333159451019,26,530,530,0.058158,0.058158,0.0,0.058158,0.941842
198,398227691324642613283526129594013507506766970246599454997939,26,659,643,0.048017,0.024997,0.043605,0.091622,0.908378
199,754357335704061312767906283574368857849729996361323767853021,26,540,540,0.283637,0.283637,0.0,0.283637,0.7163630000000001
199,740449135866891063702563724186205751814739503564925633250647,26,478,453,0.062195,0.044698,0.153818,0.216013,0.783987
199,783572025208462059459081331520531102495696274404533915350617,26,510,493,0.136054,0.080764,0.22358699999999998,0.359641,0.640359
199,689619749063096498116944459976173154436509257531702365821471,26,624,613,0.100807,0.062425,0.082496,0.183303,0.816697
199,792261444591087612509889756571590671010253289767476929883959,26,692,692,0.170229,0.170229,0.0,0.170229,0.829771
199,485165244720747932715066275346273892339756962905587028338027,26,452,452,0.224009,0.224009,0.0,0.224009,0.775991
199,701425127964276666799904563003747018572056891360383272760451,26,1119,1102,0.02631,0.191141,0.191141,0.217451,0.7825489999999999
199,790893896840481035276180066252113476643190200344778153065643,26,924,924,0.21436,0.21436,0.0,0.21436,0.78564
199,763536298621525364342165189094083117188952849209780027677679,26,601,593,0.091897,0.051627,0.11471499999999998,0.206612,0.793388
199,613617912594322713495151233564022371433770815044783317065269,26,827,827,0.046678,0.046678,0.0,0.046678,0.953322
199,701969238772333138157522384223588554623546191713496616248319,26,475,475,0.22745,0.22745,0.0,0.22745,0.77255
199,659743727985962787654640554658683537620374805989756454087933,26,679,679,0.039479,0.039479,0.0,0.039479,0.960521
199,690360274208079369250317450856211794224002008122073050016637,26,522,522,0.14894,0.14894,0.0,0.14894,0.85106
199,500887070634424955740905032565576942995006631697841024678317,26,521,521,0.067754,0.067754,0.0,0.067754,0.932246
199,562515533415072305976115813906881843805019952700501666255663,26,510,509,0.029971,0.017469,0.017469,0.047439999999999996,0.95256
199,687386421009493082281833809951506042909624825066468351426301,26,451,437,0.171398,0.035618,0.053232,0.22463,0.77537
199,627831828857047974697867855909832323916998184071016955354641,26,557,557,0.192967,0.192967,0.0,0.192967,0.807033
199,531493718748199409115070187956201803475378862922781030803881,26,499,499,0.15209,0.15209,0.0,0.15209,0.8479099999999999
199,764298723870080571982440894112670628624228896767629734930611,26,441,425,0.171911,0.141256,0.141256,0.313167,0.686833
199,563561550095967293743840793623207928679303836705271230763571,26,769,762,0.070521,0.037206,0.09099900000000001,0.16152,0.83848
200,1295789132477604807715877944458947246775511838525972200835657,26,631,631,0.124286,0.124286,0.0,0.124286,0.875714
200,1580265433117145949318612574335473147379586407902007615572209,26,560,553,0.044374,0.044619,0.044619,0.08899299999999999,0.911007
200,1031264165415914398404034296717937295434353057321618942293977,26,686,662,0.037559,0.026961,0.177962,0.21552100000000002,0.7844789999999999
200,942274183107708126744367799889859979943002828490182769563693,26,743,715,0.016977,0.062934,0.3771930000000001,0.39417000000000013,0.6058299999999999
200,1243256742262564810336975229173603901549307573958804818142771,26,585,568,0.092796,0.0783,0.12388199999999999,0.21667799999999998,0.7833220000000001
200,1332260463557925975266900697251791362056896106900938778652773,26,696,696,0.033479,0.033479,0.0,0.033479,0.966521
200,1534546510819566200886924830244913417667526810936895301477933,26,457,452,0.193745,0.019838,0.09026500000000001,0.28401,0.71599
200,1457315434423192483527568367362496447605043071246754450536801,26,567,567,0.089493,0.089493,0.0,0.089493,0.910507
200,1515478547137402687976907484166669091143375006869904371011019,26,580,580,0.069324,0.069324,0.0,0.069324,0.9306760000000001
200,1328401728722624823335450602027897002059084341229046226740677,26,501,500,0.022323,0.012846,0.012846,0.035169,0.964831
200,1069405338840333297089210313682851116995000495488370707114107,26,868,865,0.100281,0.026399,0.026399,0.12668,0.87332
200,1577668914616112972976239927299568044527242009386300299995513,26,993,993,0.134247,0.134247,0.0,0.134247,0.865753
200,924932144930952159695588929751342486737404577556159754527249,26,444,435,0.050484,0.075984,0.075984,0.126468,0.873532
200,1430455149298665257668430782969274466789353299446322896956953,26,484,475,0.020042,0.010781,0.033905000000000005,0.05394700000000001,0.946053
200,1471759896903796862187242593818058236014421372969552658348613,26,837,837,0.497335,0.497335,0.0,0.497335,0.5026649999999999
200,1024997524686414507856278528573582273997937245288256214142637,26,547,547,0.085222,0.085222,0.0,0.085222,0.914778
200,1269662956978065591146754145192337292773571460456699566030607,26,531,531,0.147233,0.147233,0.0,0.147233,0.852767
200,1251023694717248924976673861910298094342092199701445949798563,26,706,706,0.039506,0.039506,0.0,0.039506,0.960494
200,1165094867829338354631660035180329869977597764175158753523867,26,548,548,0.30011,0.30011,0.0,0.30011,0.69989
200,1245161625256545119714043746004026254459007086115269518670777,26,662,661,0.018693,0.038624,0.038624,0.057317,0.942683
