Bit_length,N,Lattice_dimension,|b_op - t|^2,|vbest - t|^2,P(b_op),P(vbest),P(|vnew - t|^2 < |b_op - t|^2),P(|vnew - t|^2 <= |b_op - t|^2),P(|vnew - t|^2 > |b_op - t|^2)
150.0,1268771206145175299492684899681878877410684841,21.0,724.0,722.0,0.054367,0.028036,0.028036,0.082403,0.917597
150.0,1403762530472620237905076428332939916844331359,21.0,260.0,260.0,0.284568,0.284568,0.0,0.284568,0.7154320000000001
150.0,918882917500502786903408324526441238854631741,21.0,383.0,376.0,0.043325,0.031052,0.11835599999999999,0.161681,0.838319
150.0,1044411862674117053622929515451672202864979129,21.0,396.0,379.0,0.036728,0.070728,0.369945,0.406673,0.5933269999999999
150.0,1199592981228806239321120961178599459097610483,21.0,596.0,596.0,0.140904,0.140904,0.0,0.140904,0.859096
150.0,912632394066698132144971044037258218777602291,21.0,352.0,352.0,0.108585,0.108585,0.0,0.108585,0.891415
150.0,1033085278351720441874660444922199074374033881,21.0,429.0,429.0,0.077807,0.077807,0.0,0.077807,0.922193
150.0,1039667922595230805682141254323399644574814367,21.0,689.0,689.0,0.06396099999999999,0.06396099999999999,0.0,0.06396099999999999,0.9360390000000001
150.0,1076261801716221769627743498540654753005411033,21.0,569.0,569.0,0.268455,0.268455,0.0,0.268455,0.731545
150.0,868981675879730421007669707059890716656754209,21.0,380.0,380.0,0.062915,0.062915,0.0,0.062915,0.937085
150.0,1198940008513470371886998720870433706529677289,21.0,286.0,285.0,0.034586,0.032346,0.032346,0.06693199999999999,0.933068
150.0,1001065868810988745766471076060380006588792189,21.0,391.0,390.0,0.021704,0.055299,0.055299,0.077003,0.922997
150.0,1018523197675518130041140861676478171959383813,21.0,330.0,314.0,0.124392,0.026716,0.169534,0.293926,0.706074
150.0,999406335763551690568793874408994581594369181,21.0,293.0,293.0,0.12628,0.12628,0.0,0.12628,0.87372
150.0,1386649915270975663546803936212330370020386207,21.0,322.0,322.0,0.039207,0.039207,0.0,0.039207,0.960793
150.0,1252835724482748605844023934169349660374906087,21.0,379.0,379.0,0.044269,0.044269,0.0,0.044269,0.955731
150.0,1420753685420564064872708676390123998125705549,21.0,325.0,323.0,0.142777,0.078826,0.078826,0.221603,0.778397
150.0,1076920912535396901213842625717381087368331181,21.0,388.0,388.0,0.034383,0.034383,0.0,0.034383,0.965617
150.0,1124397583306701037985991208303905429810161357,21.0,362.0,352.0,0.025555,0.030137,0.227563,0.253118,0.746882
150.0,1130353955473240791783568532060655958732460941,21.0,392.0,369.0,0.032987,0.033056,0.189127,0.22211399999999998,0.7778860000000001
151.0,2363319035074246419340419055739401443130238059,21.0,484.0,484.0,0.059545,0.059545,0.0,0.059545,0.940455
151.0,2471201957583473321167345886570639941825218311,21.0,363.0,363.0,0.144146,0.144146,0.0,0.144146,0.855854
151.0,2315715608364087921901708175621836301416617007,21.0,256.0,256.0,0.132508,0.132508,0.0,0.132508,0.867492
151.0,2763171157217537386323259861099914830334818519,21.0,580.0,580.0,0.249981,0.249981,0.0,0.249981,0.750019
151.0,1758775630326182635026447808028302358291781499,21.0,276.0,265.0,0.224503,0.197568,0.233085,0.457588,0.542412
151.0,2188378164211148987192836592303698338909975503,21.0,309.0,309.0,0.093272,0.093272,0.0,0.093272,0.906728
151.0,1829627983140478483810934234803641664206450619,21.0,357.0,346.0,0.213215,0.107584,0.107584,0.320799,0.6792009999999999
151.0,1569735030968914361557174823910579735657956107,21.0,275.0,275.0,0.196817,0.196817,0.0,0.196817,0.803183
151.0,2843239852874861508784440371081621911410347591,21.0,564.0,551.0,0.109703,0.039211,0.071858,0.181561,0.818439
151.0,2624675574003230296718034974584383454961661761,21.0,604.0,574.0,0.025425,0.034493,0.27654999999999996,0.30197499999999994,0.6980250000000001
151.0,1746328694271824837631752461766830788699201941,21.0,491.0,491.0,0.084332,0.084332,0.0,0.084332,0.915668
151.0,2456234120258232727729365675070691784694223131,21.0,627.0,627.0,0.076537,0.076537,0.0,0.076537,0.923463
151.0,2689914182894566195371701173819301836708498979,21.0,375.0,375.0,0.020858,0.020858,0.0,0.020858,0.979142
151.0,2472879649799491864465871187917726124213054643,21.0,370.0,356.0,0.013674,0.022453,0.043569000000000004,0.057243,0.942757
151.0,2641928437820330089399895839369416426912654047,21.0,586.0,580.0,0.056845,0.038331,0.12628799999999998,0.183133,0.816867
151.0,2217024583566038902931835040749210710155293863,21.0,311.0,308.0,0.051878,0.030167,0.053212999999999996,0.10509099999999999,0.894909
151.0,2795955547593262531562466415054318143278579719,21.0,370.0,368.0,0.044341,0.020662,0.020662,0.065003,0.934997
151.0,2754384674264655946791346511962590129499967297,21.0,526.0,523.0,0.067461,0.047914,0.047914,0.11537499999999999,0.884625
151.0,1922698035563121141756137662031262831101446511,21.0,278.0,278.0,0.497685,0.497685,0.0,0.497685,0.5023150000000001
151.0,2578633082003778088940013102956628479805360761,21.0,498.0,498.0,0.072472,0.072472,0.0,0.072472,0.927528
152.0,3650146379785934850995660671580553841765454981,21.0,277.0,277.0,0.034298,0.034298,0.0,0.034298,0.965702
152.0,4447694107941335768274189003948589146948883409,21.0,404.0,401.0,0.157071,0.097521,0.20616299999999999,0.36323399999999995,0.636766
152.0,5304044781028480773455459789567804501864780699,21.0,371.0,371.0,0.188007,0.188007,0.0,0.188007,0.811993
152.0,5225791236691602749703859113684043992716841463,21.0,412.0,399.0,0.100243,0.075808,0.211398,0.311641,0.6883589999999999
152.0,5425403301002418901669361546561888615280596761,21.0,371.0,363.0,0.129409,0.180576,0.180576,0.30998499999999996,0.690015
152.0,5202335230032226630491022567996748864390119873,21.0,420.0,420.0,0.061022,0.061022,0.0,0.061022,0.938978
152.0,4003774395708740189647636396775460720094087057,21.0,316.0,316.0,0.076468,0.076468,0.0,0.076468,0.923532
152.0,5276249290787396224699127825641594167433771223,21.0,338.0,338.0,0.132352,0.132352,0.0,0.132352,0.867648
152.0,4381176969443188923764265381058182084891594073,21.0,467.0,467.0,0.018283,0.018283,0.0,0.018283,0.981717
152.0,5541991812747053012003965966406093820220699999,21.0,288.0,288.0,0.148059,0.148059,0.0,0.148059,0.8519410000000001
152.0,5648300508047326241541247933495397085050508533,21.0,375.0,350.0,0.08587800000000001,0.164601,0.470173,0.5560510000000001,0.4439489999999999
152.0,4837654055687374110886315087296888936559582543,21.0,298.0,291.0,0.170652,0.031811,0.068822,0.239474,0.760526
152.0,3169527753809835033737422227494034075208154897,21.0,347.0,347.0,0.062285,0.062285,0.0,0.062285,0.937715
152.0,4751384359859390003700613749548751936187354063,21.0,344.0,344.0,0.078775,0.078775,0.0,0.078775,0.921225
152.0,5115713692797196694227360148049458957592665221,21.0,309.0,295.0,0.094431,0.092157,0.19381700000000002,0.288248,0.7117519999999999
152.0,5377906651632174967507002058972880963848446937,21.0,441.0,441.0,0.03814,0.03814,0.0,0.03814,0.96186
152.0,4794192939950703723191510856383251915586655239,21.0,370.0,370.0,0.256721,0.256721,0.0,0.256721,0.743279
152.0,4098436965705153817981088577951066512799793241,21.0,464.0,464.0,0.180732,0.180732,0.0,0.180732,0.819268
152.0,4397317578261604652631366972202456990923173239,21.0,585.0,585.0,0.12872,0.12872,0.0,0.12872,0.87128
152.0,5641409895201969238429625932613600677431973529,21.0,367.0,341.0,0.040334999999999996,0.045151,0.417799,0.458134,0.541866
153.0,7688734886215973313958737522072259896979469359,21.0,478.0,468.0,0.0075,0.032605,0.058275,0.065775,0.934225
153.0,9965367899123149749669237053467022764500819709,21.0,296.0,296.0,0.349274,0.349274,0.0,0.349274,0.650726
153.0,8648715940089396413954292296253489279668879831,21.0,325.0,325.0,0.161116,0.161116,0.0,0.161116,0.838884
153.0,9992486217185404533285574560152593379868586411,21.0,283.0,283.0,0.280612,0.280612,0.0,0.280612,0.719388
153.0,8752395201001776336645971436266201719253038903,21.0,281.0,273.0,0.08406,0.069359,0.280061,0.36412100000000003,0.635879
153.0,10307828778112676279744687232183733883997747787,21.0,309.0,296.0,0.17399900000000001,0.053981,0.07688400000000001,0.250883,0.749117
153.0,8927473020776419491333060829150295244420281503,21.0,458.0,458.0,0.024185,0.024185,0.0,0.024185,0.975815
153.0,7853849523366438727173539795218496833560636149,21.0,456.0,456.0,0.090904,0.090904,0.0,0.090904,0.909096
153.0,8674604146514496475964987674111780570888473743,21.0,264.0,264.0,0.153692,0.153692,0.0,0.153692,0.8463080000000001
153.0,8982522494550749295857332138146435777716539013,21.0,316.0,315.0,0.196416,0.110739,0.110739,0.307155,0.6928449999999999
153.0,7465338556163117004724110416934405812498881597,21.0,415.0,415.0,0.276134,0.276134,0.0,0.276134,0.723866
153.0,9002256784614521734062834292945636253381789701,21.0,459.0,459.0,0.096786,0.096786,0.0,0.096786,0.903214
153.0,9730043924092499024899737640031060516457357727,21.0,508.0,503.0,0.075282,0.067622,0.067622,0.142904,0.857096
153.0,7772785559916630760629013439531712505833223283,21.0,334.0,334.0,0.216651,0.216651,0.0,0.216651,0.783349
153.0,6331403492532550906969515225158616949065412553,21.0,329.0,320.0,0.028763,0.015113,0.054671,0.083434,0.916566
153.0,9499729964075602707801866275682306216169333647,21.0,577.0,559.0,0.081322,0.047155,0.232915,0.314237,0.685763
153.0,10623137933847890583214243354934109612727566337,21.0,389.0,378.0,0.054303,0.119138,0.25443299999999996,0.30873599999999995,0.6912640000000001
153.0,8298489176359263229418112630907164868713161869,21.0,436.0,434.0,0.028526,0.07282,0.105249,0.133775,0.866225
153.0,10423403876173039960502215978962041272294895987,21.0,347.0,342.0,0.083114,0.126072,0.231984,0.315098,0.684902
153.0,11331438524408402513759859710883003140234689001,21.0,537.0,536.0,0.134803,0.082007,0.082007,0.21681,0.78319
154.0,20144352470088160067192230120293841747066127093,21.0,375.0,374.0,0.235965,0.213293,0.213293,0.44925800000000005,0.550742
154.0,13741129409913179912586613425642421907057677927,21.0,315.0,315.0,0.211172,0.211172,0.0,0.211172,0.788828
154.0,22555697926472858658256090868373281917048139777,21.0,452.0,452.0,0.041192,0.041192,0.0,0.041192,0.958808
154.0,21622466558921334027105350728738281221011715713,21.0,462.0,457.0,0.12055199999999999,0.051767,0.085202,0.205754,0.794246
154.0,22717282832414613486487854671615889194348202509,21.0,420.0,418.0,0.06741,0.052652,0.12076599999999998,0.18817599999999998,0.811824
154.0,15553662272752172389304818266535674850670048197,21.0,315.0,315.0,0.355182,0.355182,0.0,0.355182,0.644818
154.0,16287234057599780494928529944429983938735953333,21.0,317.0,317.0,0.316655,0.316655,0.0,0.316655,0.683345
154.0,20227306669577710217883266196429106847542507013,21.0,597.0,597.0,0.122166,0.122166,0.0,0.122166,0.877834
154.0,18361999857484992568400964915559137162309312233,21.0,348.0,348.0,0.053527,0.053527,0.0,0.053527,0.946473
154.0,17615067981495998635949724796624661825505231481,21.0,451.0,451.0,0.133923,0.133923,0.0,0.133923,0.866077
154.0,16965780184675510815549338206501125311473383031,21.0,364.0,364.0,0.200731,0.200731,0.0,0.200731,0.799269
154.0,17145713058305669983102778787612006911670513347,21.0,448.0,442.0,0.121149,0.076121,0.076121,0.19727,0.8027299999999999
154.0,20285317985568063024579677341972941193428143231,21.0,291.0,291.0,0.351506,0.351506,0.0,0.351506,0.648494
154.0,19892574816341431255761561129070142233703448899,21.0,486.0,481.0,0.09671,0.065435,0.159378,0.256088,0.743912
154.0,14482484907695104154754286426816369245597742123,21.0,405.0,405.0,0.226422,0.226422,0.0,0.226422,0.773578
154.0,21308599822779449843544699903616188167691769657,21.0,402.0,402.0,0.149653,0.149653,0.0,0.149653,0.850347
154.0,19652552707990061015357354059734076466348869901,21.0,360.0,360.0,0.214867,0.214867,0.0,0.214867,0.785133
154.0,15836062588559999481222001755306755400249974411,21.0,319.0,319.0,0.140559,0.140559,0.0,0.140559,0.859441
154.0,17640605793899812190237760431948486244893089589,21.0,377.0,372.0,0.018185,0.047461,0.047461,0.06564600000000001,0.934354
154.0,13200322048523091361380223530828151918467232499,21.0,268.0,265.0,0.110176,0.052464,0.160101,0.270277,0.729723
155.0,31340595875958809044343360964929799034189512361,21.0,445.0,425.0,0.104041,0.06539,0.45041200000000003,0.5544530000000001,0.4455469999999999
155.0,33883679322606457824492978417378120332359598171,21.0,337.0,333.0,0.129965,0.047688,0.09262899999999999,0.222594,0.777406
155.0,38431961138800983210425437779183955699273663877,21.0,543.0,535.0,0.060774,0.09444000000000001,0.234735,0.295509,0.704491
155.0,44842574992398006827792831817449122409176524571,21.0,356.0,354.0,0.037911,0.027402,0.027402,0.065313,0.934687
155.0,44479412022428483167051033854365771430317272061,21.0,537.0,525.0,0.052223,0.047682,0.21658699999999997,0.26881,0.73119
155.0,39653904137769014668557378511260469269135182431,21.0,298.0,298.0,0.150083,0.150083,0.0,0.150083,0.849917
155.0,36615548944643269126239193831815135044946113087,21.0,288.0,288.0,0.501414,0.501414,0.0,0.501414,0.498586
155.0,35728624388846244763032748679732750007278619919,21.0,326.0,326.0,0.122789,0.122789,0.0,0.122789,0.877211
155.0,39471143362465673450737740007926815837598407923,21.0,418.0,409.0,0.024187,0.021696,0.045989,0.070176,0.929824
155.0,43620356160753924413764228467447052158522613007,21.0,423.0,423.0,0.136327,0.136327,0.0,0.136327,0.863673
155.0,29666396188587728462615862057347321613786496027,21.0,540.0,521.0,0.036448,0.048325,0.194129,0.230577,0.769423
155.0,41677893527522320684434778067984642792936350873,21.0,482.0,482.0,0.142695,0.142695,0.0,0.142695,0.857305
155.0,32675536969479286942701324674137910119680337459,21.0,314.0,314.0,0.069672,0.069672,0.0,0.069672,0.930328
155.0,44919866654372607559021538428305729263662282117,21.0,525.0,525.0,0.046484,0.046484,0.0,0.046484,0.953516
155.0,36452200589072916411983425394632165549777886227,21.0,476.0,452.0,0.053815,0.024868,0.391805,0.44562,0.55438
155.0,33203524258924130270853246380045741567145994259,21.0,434.0,428.0,0.073395,0.042536,0.11459399999999999,0.187989,0.812011
155.0,36946503351030864812990481678628454987070959527,21.0,346.0,346.0,0.081374,0.081374,0.0,0.081374,0.9186259999999999
155.0,44458044889519333576801527839740244268692202469,21.0,621.0,603.0,0.028011,0.074217,0.225507,0.253518,0.746482
155.0,36744155090184780124393526442075144163055399837,21.0,359.0,359.0,0.425061,0.425061,0.0,0.425061,0.574939
155.0,32611265262434541992311659835491097552848382807,21.0,275.0,275.0,0.111002,0.111002,0.0,0.111002,0.888998
156.0,58842411492108631901824870167723622565249820361,21.0,539.0,538.0,0.082404,0.119442,0.119442,0.20184600000000003,0.798154
156.0,58647263901409677188415888297848821138605832667,21.0,340.0,340.0,0.108345,0.108345,0.0,0.108345,0.891655
156.0,60691833191625566815713087621249445278906020923,21.0,440.0,435.0,0.179288,0.05231,0.05231,0.231598,0.768402
156.0,83500911560012017920943706628836329963659227611,21.0,397.0,397.0,0.195884,0.195884,0.0,0.195884,0.804116
156.0,79699952235555146846014724188269022467857700953,21.0,420.0,420.0,0.243506,0.243506,0.0,0.243506,0.756494
156.0,68617923715717279114730426060969764483412652871,21.0,561.0,551.0,0.016409,0.084608,0.084608,0.101017,0.898983
156.0,70292815550175575334435593661308688973972707499,21.0,303.0,303.0,0.087748,0.087748,0.0,0.087748,0.912252
156.0,88395906091853951743306426033388820009527178553,21.0,318.0,310.0,0.087525,0.051589,0.051589,0.13911400000000002,0.860886
156.0,58490997193338963447736793476829606786651843411,21.0,333.0,324.0,0.132197,0.105801,0.250384,0.382581,0.6174189999999999
156.0,88153376653160901709431525294744255033299399513,21.0,438.0,423.0,0.141967,0.071744,0.071744,0.213711,0.786289
156.0,83749952449871415989936799658384575288153567857,21.0,494.0,494.0,0.022947,0.022947,0.0,0.022947,0.977053
156.0,63215896343305696798861673825073441341593157323,21.0,277.0,277.0,0.167749,0.167749,0.0,0.167749,0.832251
156.0,68367618624389291832609274122568807692737410747,21.0,322.0,322.0,0.091754,0.091754,0.0,0.091754,0.908246
156.0,85976042848566498516350067546598036064176697617,21.0,449.0,449.0,0.05412,0.05412,0.0,0.05412,0.94588
156.0,77050956204250174763972617362140681574229342091,21.0,722.0,722.0,0.124889,0.124889,0.0,0.124889,0.875111
156.0,67397778703558464646892241700035691887301648579,21.0,534.0,530.0,0.038263,0.018584,0.058191999999999994,0.09645499999999999,0.903545
156.0,82158015067987949738815070788850184671973579587,21.0,409.0,371.0,0.047533,0.03463,0.26963,0.317163,0.682837
156.0,55015423047501982644190563451191716439122432951,21.0,383.0,382.0,0.058649,0.062199,0.062199,0.120848,0.879152
156.0,85336908532608541436048263259686225667526362047,21.0,587.0,582.0,0.07138,0.047859,0.047859,0.119239,0.880761
156.0,56731211956952175175952662358019177731725234237,21.0,354.0,354.0,0.232481,0.232481,0.0,0.232481,0.7675190000000001
157.0,120282166308024689728299980121863747670916310267,21.0,413.0,413.0,0.126556,0.126556,0.0,0.126556,0.873444
157.0,120820017068622794622130921127946349513431310843,21.0,495.0,483.0,0.042465,0.032073,0.08445299999999999,0.12691799999999998,0.873082
157.0,160354239376266933764514100701359388571858132879,22.0,394.0,394.0,0.084521,0.084521,0.0,0.084521,0.915479
157.0,178540342865713130388740603822271194677254392441,22.0,381.0,376.0,0.042341,0.114093,0.114093,0.156434,0.843566
157.0,133758242352280888913921190835052846329897153133,21.0,467.0,467.0,0.098342,0.098342,0.0,0.098342,0.901658
157.0,119751792167523699090520105500834166573709024723,21.0,335.0,328.0,0.066009,0.034726,0.034726,0.10073499999999999,0.899265
157.0,142866301722166299614859219990227501097218329553,21.0,386.0,386.0,0.120062,0.120062,0.0,0.120062,0.879938
157.0,159460056477105651797755450704992108220297439993,22.0,320.0,312.0,0.054018,0.062417,0.10370599999999999,0.15772399999999998,0.842276
157.0,129765827297228317584448178357227745213663923673,21.0,444.0,429.0,0.095542,0.060966,0.152378,0.24792000000000003,0.75208
157.0,153041151061952724068377978141007513960278537129,21.0,492.0,491.0,0.171193,0.066243,0.066243,0.237436,0.762564
157.0,112556148137934308610401610728139436816885032007,21.0,319.0,319.0,0.088212,0.088212,0.0,0.088212,0.911788
157.0,155016348949192392834761783400231900623445364769,21.0,506.0,495.0,0.029933,0.039133,0.149279,0.17921199999999998,0.8207880000000001
157.0,165332485530732496445379876290371501984439220227,22.0,400.0,394.0,0.07330500000000001,0.08094,0.124393,0.197698,0.802302
157.0,173008319555191101708826910175525434497734262397,22.0,280.0,280.0,0.129085,0.129085,0.0,0.129085,0.870915
157.0,143078279358113528954735774091416278002769110083,21.0,551.0,545.0,0.174502,0.027355,0.027355,0.20185699999999998,0.798143
157.0,139537309577365933739952691194841985292959417899,21.0,295.0,295.0,0.142038,0.142038,0.0,0.142038,0.857962
157.0,150381007425703993922643997626233047809831195563,21.0,289.0,289.0,0.133265,0.133265,0.0,0.133265,0.866735
157.0,125414534553540336555987249708054473022979850233,21.0,357.0,342.0,0.062846,0.056861,0.121515,0.184361,0.815639
157.0,100495160702135079890032717344114075262462068991,21.0,321.0,319.0,0.080553,0.022112,0.022112,0.102665,0.897335
157.0,126081296153973360472994917714723398699218116441,21.0,755.0,751.0,0.031005,0.055209,0.100395,0.1314,0.8686
158.0,244084876567438940415979589793753210761831799169,22.0,357.0,351.0,0.15450599999999998,0.043333,0.043333,0.197839,0.802161
158.0,311889364802148711770367329783808121108240984963,22.0,419.0,419.0,0.27825300000000003,0.27825300000000003,0.0,0.27825300000000003,0.7217469999999999
158.0,315552892616518612169009766705743992617805242163,22.0,286.0,283.0,0.22539900000000002,0.089588,0.213865,0.439264,0.560736
158.0,364568451629159625851465545891850771901219214163,22.0,388.0,374.0,0.052742,0.077175,0.26605799999999996,0.3188,0.6812
158.0,213880798395599609631736184456759089379285659049,22.0,416.0,415.0,0.007603,0.013678,0.013678,0.021281,0.978719
158.0,364596676892949119436289041863521153445811753029,22.0,516.0,513.0,0.07632,0.096026,0.096026,0.172346,0.827654
158.0,215840103126036545942721515629965329944602697057,22.0,544.0,539.0,0.125867,0.027345,0.093222,0.219089,0.780911
158.0,259043540185824666457272444893607678141566205487,22.0,341.0,341.0,0.052996,0.052996,0.0,0.052996,0.947004
158.0,311426830077414386887481553693471517445014703609,22.0,348.0,340.0,0.036249,0.029111,0.029111,0.06536,0.93464
158.0,220678872755010770809359894948879428023872635453,22.0,348.0,346.0,0.075088,0.108265,0.108265,0.183353,0.816647
158.0,324273864736092445034262802970079797120470198979,22.0,411.0,411.0,0.136004,0.136004,0.0,0.136004,0.863996
158.0,335973439137660892963362517099047189556286786761,22.0,301.0,301.0,0.038222,0.038222,0.0,0.038222,0.961778
158.0,282449349227109527988465852865060163003324312407,22.0,331.0,326.0,0.081141,0.13457,0.13457,0.21571099999999999,0.784289
158.0,208746167169143822300193643710778500356712398063,22.0,467.0,448.0,0.026829,0.014095,0.21601499999999998,0.24284399999999998,0.757156
158.0,334111037801880478290657958251924991420673909189,22.0,475.0,475.0,0.25957,0.25957,0.0,0.25957,0.7404299999999999
158.0,278758463930102758470340608089823158233270489379,22.0,309.0,309.0,0.25616,0.25616,0.0,0.25616,0.7438400000000001
158.0,334359694784871699894821359716571301393005547539,22.0,363.0,363.0,0.156878,0.156878,0.0,0.156878,0.843122
158.0,266330340319030988935371369155445034828168547083,22.0,345.0,345.0,0.022726,0.022726,0.0,0.022726,0.977274
158.0,304296786548695733429639288499877719781617137947,22.0,576.0,572.0,0.047726,0.038688,0.038688,0.08641399999999999,0.913586
158.0,363187749995613157299748064319278147359621272623,22.0,645.0,645.0,0.182549,0.182549,0.0,0.182549,0.817451
159.0,686564447258462630098219799118347627120122126259,22.0,503.0,492.0,0.055007,0.067517,0.176657,0.231664,0.768336
159.0,589551271893462661314759463097397605089591304053,22.0,488.0,488.0,0.097357,0.097357,0.0,0.097357,0.902643
159.0,631182522272441179585206326884145264567358144641,22.0,291.0,287.0,0.150923,0.134167,0.19163800000000003,0.342561,0.657439
159.0,436106084503182412560423534629337392438805726397,22.0,489.0,484.0,0.118875,0.046168,0.046168,0.165043,0.834957
159.0,614365874960561724255698902936314085451009978123,22.0,417.0,417.0,0.219795,0.219795,0.0,0.219795,0.780205
159.0,652808814800014009591626662453549818193223047839,22.0,670.0,670.0,0.046421,0.046421,0.0,0.046421,0.953579
159.0,431497693573687811342235449780503037093880478249,22.0,421.0,421.0,0.015156,0.015156,0.0,0.015156,0.984844
159.0,641417960009003073536715539762385574694132608057,22.0,297.0,297.0,0.254635,0.254635,0.0,0.254635,0.745365
159.0,556755493522333610334550996104356886728067513937,22.0,453.0,452.0,0.08448,0.14821,0.14821,0.23269,0.7673099999999999
159.0,518738300042543123329242792010704876266634471203,22.0,512.0,509.0,0.096145,0.057465,0.057465,0.15361,0.84639
159.0,622775601463755434010798895296308923399679148479,22.0,345.0,340.0,0.041589,0.094631,0.128202,0.16979100000000003,0.830209
159.0,721092743353983610239239300767561842232656810121,22.0,367.0,367.0,0.055841,0.055841,0.0,0.055841,0.944159
159.0,725700541872878647978311987906512435448724917323,22.0,306.0,306.0,0.082188,0.082188,0.0,0.082188,0.917812
159.0,680792306276738068787445684933623704836521586517,22.0,385.0,385.0,0.222913,0.222913,0.0,0.222913,0.777087
159.0,609838293034917899422422535971964737888944079431,22.0,549.0,536.0,0.039131,0.055321,0.166957,0.206088,0.793912
159.0,500003566005968344293642166685142120533963613397,22.0,365.0,358.0,0.056687999999999995,0.014719,0.04879599999999999,0.105484,0.894516
159.0,672585552363075626030436013518741587083784197091,22.0,926.0,926.0,0.015044,0.015044,0.0,0.015044,0.984956
159.0,667853203575891446356676483576275288677930218477,22.0,335.0,335.0,0.052492,0.052492,0.0,0.052492,0.947508
159.0,452729177399062213984412625994093209513957053659,22.0,474.0,474.0,0.127258,0.127258,0.0,0.127258,0.872742
159.0,718517666115847144224280227758502807408113808437,22.0,572.0,572.0,0.175441,0.175441,0.0,0.175441,0.824559
160.0,1115913240165002032294944939882858364194015937199,22.0,333.0,322.0,0.057039,0.12995,0.256794,0.31383300000000003,0.686167
160.0,1440912770676709848638629792376134253525608074541,22.0,585.0,585.0,0.062861,0.062861,0.0,0.062861,0.9371389999999999
160.0,933815358984064483011197510331330335221655664157,22.0,366.0,366.0,0.113567,0.113567,0.0,0.113567,0.886433
160.0,969243323728712475535486623630623651719920512731,22.0,379.0,372.0,0.067434,0.056527,0.090297,0.157731,0.8422689999999999
160.0,1076466504888089627494905309713319219664710433643,22.0,364.0,356.0,0.084509,0.090612,0.167487,0.251996,0.748004
160.0,1421116437931458286969196379690998986504855152749,22.0,547.0,543.0,0.043930000000000004,0.038097,0.100897,0.144827,0.855173
160.0,1172553592352544090305146581654443943982800468347,22.0,372.0,363.0,0.05337,0.039322,0.11181300000000001,0.16518300000000002,0.8348169999999999
160.0,909793617870750937141425081136809004936031725807,22.0,854.0,828.0,0.032472,0.081572,0.343164,0.375636,0.6243639999999999
160.0,1057437110620229076506102833609193814696668318251,22.0,403.0,388.0,0.066636,0.034109,0.21695,0.283586,0.716414
160.0,1272489506939449407441353102540516266393948251787,22.0,375.0,375.0,0.200239,0.200239,0.0,0.200239,0.7997609999999999
160.0,1080313044916089688695708805273339794814591207951,22.0,324.0,324.0,0.21196,0.21196,0.0,0.21196,0.78804
160.0,1149353867679185877473020663684612261737991945873,22.0,307.0,307.0,0.094687,0.094687,0.0,0.094687,0.905313
160.0,983949157142389589790721652739207946878875195771,22.0,343.0,343.0,0.042407,0.042407,0.0,0.042407,0.957593
160.0,1361143599389480694086689546211220334021828686817,22.0,408.0,396.0,0.004766,0.091151,0.263437,0.26820299999999997,0.731797
160.0,1021091838147883904869937336936298707335596006313,22.0,426.0,424.0,0.121387,0.053519,0.053519,0.174906,0.825094
160.0,1294988162211010208686476509915675738782236322669,22.0,396.0,396.0,0.163617,0.163617,0.0,0.163617,0.836383
160.0,1122941529731570548110403398235866601161586536011,22.0,347.0,347.0,0.098258,0.098258,0.0,0.098258,0.901742
160.0,1432805530443255062195929071604085524855630107221,22.0,320.0,320.0,0.106914,0.106914,0.0,0.106914,0.893086
160.0,1153032896620140114746318270771321999716861546507,22.0,421.0,421.0,0.054461,0.054461,0.0,0.054461,0.945539
160.0,964310714558373662737593657033125267637818078167,22.0,351.0,351.0,0.102648,0.102648,0.0,0.102648,0.897352
161.0,2549342994142969438502207735324263431486603124709,22.0,338.0,338.0,0.212435,0.212435,0.0,0.212435,0.787565
161.0,2681100216348215889829625802961254331665674276717,22.0,392.0,392.0,0.028058,0.028058,0.0,0.028058,0.971942
161.0,2880298692764464678292391755309173496702002183049,22.0,447.0,447.0,0.00955,0.00955,0.0,0.00955,0.99045
161.0,1772591985057680454231176923477927954936575167497,22.0,298.0,298.0,0.343727,0.343727,0.0,0.343727,0.656273
161.0,2083705746610030102470078930728254734269258767559,22.0,404.0,400.0,0.062973,0.087998,0.159532,0.222505,0.777495
161.0,2592051223899969308896255211589583595849607840917,22.0,519.0,503.0,0.104863,0.058597,0.20630900000000002,0.311172,0.688828
161.0,1964444950659050423101133436896095725128026615861,22.0,323.0,286.0,0.060086,0.206676,0.565706,0.625792,0.374208
161.0,2664894503748551145754658751022334263049302504109,22.0,396.0,396.0,0.053631,0.053631,0.0,0.053631,0.946369
161.0,2890667027374661591725712210164725411830649644971,22.0,457.0,456.0,0.042518,0.021322,0.021322,0.06384000000000001,0.93616
161.0,2315237919643127678001317504649602348775135239989,22.0,410.0,410.0,0.060538,0.060538,0.0,0.060538,0.939462
161.0,2263615665739021443959839330064499024174205984757,22.0,356.0,354.0,0.055553,0.07188800000000001,0.12069400000000001,0.17624700000000001,0.823753
161.0,2715737041694779962072587570440702427479596688267,22.0,368.0,368.0,0.16917,0.16917,0.0,0.16917,0.83083
161.0,2242913431855633380375884470582819076336280851693,22.0,555.0,551.0,0.041035,0.046768,0.089675,0.13071,0.86929
161.0,2196055705110050413211594819707917380387387874647,22.0,488.0,481.0,0.085223,0.064375,0.103599,0.188822,0.811178
161.0,2386559963764208317133465196705396071874399113177,22.0,442.0,442.0,0.274259,0.274259,0.0,0.274259,0.725741
161.0,2496018222066887071360307538619052262154796275933,22.0,441.0,441.0,0.348727,0.348727,0.0,0.348727,0.651273
161.0,2643999513168057204584957107582487653622472397817,22.0,464.0,464.0,0.113266,0.113266,0.0,0.113266,0.886734
161.0,2635743115320503461112643487699959884803825828717,22.0,392.0,392.0,0.046446,0.046446,0.0,0.046446,0.953554
161.0,2825605982926347409937517778879057613012900909681,22.0,419.0,419.0,0.102176,0.102176,0.0,0.102176,0.897824
161.0,1945681273593238791686785823639092496168175333883,22.0,416.0,416.0,0.128728,0.128728,0.0,0.128728,0.871272
162.0,5142726192263316119305765044724202366191059020131,22.0,400.0,392.0,0.129425,0.024727,0.024727,0.154152,0.8458479999999999
162.0,4356714020119985091707387224305757015484033268083,22.0,365.0,334.0,0.004779,0.068995,0.43456400000000006,0.43934300000000004,0.560657
162.0,5760088733269586802798761031015562375783053998981,22.0,396.0,384.0,0.033863,0.021045,0.021045,0.054908,0.945092
162.0,5126536210830929842911126218863559555593079772241,22.0,439.0,432.0,0.167771,0.014147,0.038408,0.206179,0.793821
162.0,4355984306317180250941284630714493550289288293197,22.0,531.0,525.0,0.033433,0.074122,0.074122,0.10755499999999998,0.892445
162.0,5372238624316637074604877264416233805336449398107,22.0,363.0,363.0,0.0672,0.0672,0.0,0.0672,0.9328
162.0,3370953511586955617438834489704567964510236112387,22.0,319.0,319.0,0.007208,0.007208,0.0,0.007208,0.992792
162.0,5654048134438701321190467092520015125597334765619,22.0,896.0,896.0,0.087894,0.087894,0.0,0.087894,0.912106
162.0,5347560175544712010315634817224870510859508906709,22.0,429.0,421.0,0.039905,0.033298,0.17728800000000003,0.21719300000000002,0.782807
162.0,5736419416140119735836049169364015628764346059723,22.0,781.0,769.0,0.013281000000000001,0.008558,0.10478300000000002,0.11806400000000002,0.8819359999999999
162.0,4650109252981784028797300655435682334415722439709,22.0,485.0,485.0,0.104346,0.104346,0.0,0.104346,0.895654
162.0,4851575313540019468754262146798472592699356416503,22.0,446.0,440.0,0.067136,0.039801,0.18038,0.247516,0.7524839999999999
162.0,4620052361353557581946034404083231874642184874639,22.0,448.0,448.0,0.08207,0.08207,0.0,0.08207,0.91793
162.0,5522800988337253824728791418632480547260333713827,22.0,416.0,410.0,0.016147,0.010701,0.010701,0.026848000000000004,0.973152
162.0,5499586014822265836968576304450001678297022377393,22.0,653.0,653.0,0.079412,0.079412,0.0,0.079412,0.920588
162.0,3564133393297332356275713734544213713680389996917,22.0,367.0,367.0,0.060637,0.060637,0.0,0.060637,0.939363
162.0,5515322111725050184603784308918954761722437406837,22.0,388.0,388.0,0.042375,0.042375,0.0,0.042375,0.957625
162.0,4485461183490214672847356727639397071039303926699,22.0,353.0,353.0,0.127111,0.127111,0.0,0.127111,0.872889
162.0,5195480640606091839263058107075820094394110075261,22.0,376.0,364.0,0.026334,0.076641,0.20333400000000001,0.229668,0.770332
162.0,5741107958946558148650160180297387601202820663099,22.0,476.0,465.0,0.05762,0.066248,0.10879,0.16641,0.83359
163.0,9747578468936317254902406784741698921811080904511,22.0,383.0,374.0,0.12498900000000002,0.027429,0.074572,0.19956100000000002,0.800439
163.0,10111701947436338618707597112719816959644907307921,22.0,489.0,489.0,0.055893,0.055893,0.0,0.055893,0.944107
163.0,9500974977324321481710304769960767745184067228853,22.0,360.0,360.0,0.175252,0.175252,0.0,0.175252,0.824748
163.0,10923265258610933252939304751090963667320491815059,22.0,360.0,360.0,0.103225,0.103225,0.0,0.103225,0.896775
163.0,6277296598420519157375291811600475171257085054819,22.0,292.0,292.0,0.119181,0.119181,0.0,0.119181,0.880819
163.0,9231618602773719751425117097585869209969078112883,22.0,451.0,451.0,0.107277,0.107277,0.0,0.107277,0.892723
163.0,10035352768951452538707551978057565508665635317309,22.0,447.0,447.0,0.030513,0.030513,0.0,0.030513,0.969487
163.0,7654209071367977951897371689264431599631570961337,22.0,332.0,331.0,0.197462,0.027285,0.027285,0.224747,0.775253
163.0,10824194889247063645916265364865318315163275587691,22.0,333.0,333.0,0.22853400000000001,0.22853400000000001,0.0,0.22853400000000001,0.771466
163.0,7007067855178084077334907729020251703138388423407,22.0,589.0,589.0,0.06323,0.06323,0.0,0.06323,0.93677
163.0,11563629162960767561469993435982566900206290797341,22.0,329.0,325.0,0.127227,0.141149,0.141149,0.268376,0.731624
163.0,10432647582007091942814866236806348920448169897081,22.0,379.0,379.0,0.185416,0.185416,0.0,0.185416,0.814584
163.0,11013321740409425001654829975108773198879722323169,22.0,488.0,486.0,0.084921,0.128763,0.128763,0.21368399999999999,0.786316
163.0,11388208541060705561819087229232095358667380786273,22.0,550.0,544.0,0.008852,0.027264,0.042124,0.050976,0.949024
163.0,11103735522688372546281614770298463681690271542443,22.0,490.0,490.0,0.153198,0.153198,0.0,0.153198,0.846802
163.0,8215686036974456744106483973928387713743004968589,22.0,435.0,428.0,0.033836,0.101696,0.101696,0.13553199999999999,0.864468
163.0,10366420373188722818237768081269384282174284586279,22.0,496.0,496.0,0.103357,0.103357,0.0,0.103357,0.896643
163.0,9887493049291697627584648336712714992824228820507,22.0,392.0,371.0,0.01821,0.066313,0.084983,0.10319300000000001,0.896807
163.0,11291772697596805962306082330181863662191216703401,22.0,662.0,662.0,0.031382,0.031382,0.0,0.031382,0.968618
163.0,8629299483287912574962165393081179705241759373329,22.0,516.0,510.0,0.008752,0.047417,0.047417,0.056169,0.943831
164.0,20210344270042780228524473590981781384374263250651,22.0,682.0,673.0,0.013295,0.023479,0.08853,0.101825,0.898175
164.0,17385754946083473907588211247263282920082635440931,22.0,454.0,454.0,0.093251,0.093251,0.0,0.093251,0.906749
164.0,15065200337324516365624234372840728893791849883677,22.0,517.0,517.0,0.09932,0.09932,0.0,0.09932,0.90068
164.0,20001274208685757373389824972298109151192644683421,22.0,441.0,441.0,0.200335,0.200335,0.0,0.200335,0.799665
164.0,23206373050027225840725924288883018652907266761573,22.0,379.0,379.0,0.077738,0.077738,0.0,0.077738,0.922262
164.0,22025345891505684794425190360346292788092251835117,22.0,311.0,311.0,0.080722,0.080722,0.0,0.080722,0.919278
164.0,17433500709489283073258616221836367960841092957683,22.0,420.0,416.0,0.13350499999999998,0.07232,0.26035200000000003,0.393857,0.606143
164.0,20619243792726008996626054260855579390889646661671,22.0,506.0,498.0,0.011568,0.007766,0.038516,0.050084000000000004,0.949916
164.0,17851954102483708548111820947964979316071559518321,22.0,496.0,489.0,0.0713,0.054515,0.054515,0.125815,0.874185
164.0,15520227091786292775179646082304899324457570987803,22.0,414.0,409.0,0.13736900000000002,0.014703,0.083366,0.22073500000000001,0.779265
164.0,21025509716353739955780362583473341923163070100707,22.0,489.0,489.0,0.149681,0.149681,0.0,0.149681,0.850319
164.0,14498146431977835998639783360838649091026316741701,22.0,502.0,500.0,0.098465,0.066899,0.066899,0.165364,0.8346359999999999
164.0,19111791960401045569879778943278968002523890458231,22.0,312.0,305.0,0.097263,0.0259,0.084761,0.18202400000000002,0.817976
164.0,16530301572124410378960034538876085010836459672467,22.0,301.0,301.0,0.132723,0.132723,0.0,0.132723,0.867277
164.0,18221873864190480631751119997397311265906143427919,22.0,639.0,624.0,0.045297000000000004,0.076552,0.370674,0.415971,0.584029
164.0,19509002958117864345830026901941875949728480482351,22.0,651.0,645.0,0.23590099999999997,0.040079,0.040079,0.27597999999999995,0.7240200000000001
164.0,22672286378997470934496964350911104497412505665789,22.0,431.0,421.0,0.057994,0.053359,0.053359,0.111353,0.888647
164.0,23046477364042922130498611236049763734841923672321,22.0,558.0,546.0,0.023358,0.05042,0.099304,0.12266200000000001,0.877338
164.0,17549286263321631100185248104947257910955608889553,22.0,367.0,367.0,0.228756,0.228756,0.0,0.228756,0.771244
164.0,21059636316678691840527110401614339175235554714931,22.0,487.0,486.0,0.018551,0.021712,0.021712,0.040263,0.959737
165.0,41832933592112304400801943026671467969363831087923,22.0,334.0,334.0,0.222937,0.222937,0.0,0.222937,0.7770630000000001
165.0,35682862411294951100561921127821057964487467339443,22.0,394.0,391.0,0.051265,0.052196,0.052196,0.103461,0.896539
165.0,42835312913720678185448545784074783359123970744159,22.0,379.0,367.0,0.026504,0.024319,0.047032000000000004,0.073536,0.926464
165.0,40881659780738625128558353749592964839279265435171,22.0,339.0,339.0,0.042974,0.042974,0.0,0.042974,0.957026
165.0,45322494471102900510547891895971824081862698563281,22.0,343.0,343.0,0.033455,0.033455,0.0,0.033455,0.966545
165.0,45929128788840959205376511336193947297685265640951,22.0,942.0,934.0,0.132204,0.060418,0.060418,0.192622,0.807378
165.0,44489998373490387700600426834275888436763809873019,22.0,804.0,804.0,0.037076,0.037076,0.0,0.037076,0.962924
165.0,35790092378947652923809024031202004014344249255817,22.0,461.0,460.0,0.05563,0.018783,0.018783,0.074413,0.9255869999999999
165.0,45161106773899709982331683988937842529673051859151,22.0,505.0,505.0,0.151496,0.151496,0.0,0.151496,0.848504
165.0,41611075822328138418773040753161992670148754649183,22.0,399.0,399.0,0.035101,0.035101,0.0,0.035101,0.964899
165.0,43893688025396579244143003549941949711112694897597,22.0,592.0,577.0,0.008455,0.008622,0.197009,0.20546399999999998,0.794536
165.0,38949108443317524477011125919734633057707138102373,22.0,444.0,444.0,0.141691,0.141691,0.0,0.141691,0.858309
165.0,44506757530726502698455041633661918108484228681201,22.0,572.0,567.0,0.02527,0.014865,0.014865,0.040135000000000004,0.959865
165.0,45700176760813962794447132804379570073089321130619,22.0,410.0,410.0,0.237459,0.237459,0.0,0.237459,0.762541
165.0,36717319074712975178793976563482551630954666600147,22.0,490.0,490.0,0.412764,0.412764,0.0,0.412764,0.587236
165.0,40081717737177734357477768258828819203380673838299,22.0,454.0,449.0,0.063603,0.046225,0.046225,0.10982800000000001,0.890172
165.0,42668271582757088828333733690941986896240697265291,22.0,337.0,337.0,0.021979,0.021979,0.0,0.021979,0.978021
165.0,42066162699265700510000155471171171993026790897181,22.0,335.0,325.0,0.074987,0.037408,0.051591,0.126578,0.873422
165.0,43079437256800894081452117481597778557867932256481,22.0,712.0,710.0,0.108394,0.024732,0.024732,0.133126,0.866874
165.0,39639751732104952918265482468837059446746603506727,22.0,423.0,422.0,0.128063,0.072149,0.072149,0.200212,0.7997879999999999
166.0,64455071458380183185819126791305562795840205337607,22.0,530.0,530.0,0.039912,0.039912,0.0,0.039912,0.960088
166.0,90075771203582122330247262323941154266135655067703,23.0,589.0,575.0,0.042693,0.077745,0.175253,0.217946,0.782054
166.0,72228823129784081606691745887439926673012583025583,22.0,600.0,598.0,0.109126,0.188581,0.188581,0.297707,0.7022930000000001
166.0,69837432774442923128016482628855170461287372899371,22.0,397.0,397.0,0.063238,0.063238,0.0,0.063238,0.936762
166.0,89244922194937743144971782767253188914316795885797,23.0,496.0,496.0,0.039951,0.039951,0.0,0.039951,0.960049
166.0,88746453267789363020668583643470490537450658613921,23.0,420.0,417.0,0.031972,0.056082,0.056082,0.088054,0.911946
166.0,88713786474705850221237608801094392192327303798911,23.0,366.0,366.0,0.073518,0.073518,0.0,0.073518,0.926482
166.0,87557406481398096612837568774546924908523956472679,22.0,481.0,481.0,0.068804,0.068804,0.0,0.068804,0.931196
166.0,83804917377281198336877975468864158449629337119497,22.0,411.0,411.0,0.156043,0.156043,0.0,0.156043,0.8439570000000001
166.0,81569638913156092214718111347132660641468885512997,22.0,377.0,376.0,0.169963,0.069694,0.069694,0.239657,0.760343
166.0,52608719657148563796512530136536674250280158137673,22.0,590.0,590.0,0.035139,0.035139,0.0,0.035139,0.964861
166.0,89221264190598117801701321295581964396857406691793,23.0,366.0,366.0,0.066356,0.066356,0.0,0.066356,0.933644
166.0,91421352408629645983856436933886907626516790327531,23.0,393.0,393.0,0.21334,0.21334,0.0,0.21334,0.78666
166.0,92354408607697290294087669975129842220424154225839,23.0,336.0,335.0,0.050376,0.014277,0.014277,0.064653,0.935347
166.0,90307244958886521065070588400571519599452170426827,23.0,429.0,416.0,0.086213,0.081528,0.101713,0.18792599999999998,0.812074
166.0,61951676507642868191945772939153670793162317140439,22.0,651.0,638.0,0.008497,0.082975,0.303294,0.311791,0.6882090000000001
166.0,57096092534835312898852423687190032724229132615371,22.0,408.0,397.0,0.044903,0.129741,0.22893299999999997,0.27383599999999997,0.726164
166.0,77734094079183033282661848210260105535011878058221,22.0,407.0,407.0,0.124379,0.124379,0.0,0.124379,0.875621
166.0,61439716290799937763975920406477923341938046630307,22.0,504.0,504.0,0.405949,0.405949,0.0,0.405949,0.594051
166.0,92944946903546196014112302841886638418369209076507,23.0,302.0,302.0,0.101402,0.101402,0.0,0.101402,0.898598
167.0,185191770581306272864194984747884925328034141094049,23.0,352.0,348.0,0.054035,0.039526,0.039526,0.093561,0.906439
167.0,150753299534321728385042450116986328932503586710791,23.0,384.0,384.0,0.021838,0.021838,0.0,0.021838,0.978162
167.0,122185038003700368219528064449236784866763422689417,23.0,378.0,370.0,0.175227,0.063801,0.103321,0.278548,0.721452
167.0,178235118269758334366445181520116909697869973267843,23.0,420.0,409.0,0.038318,0.03044,0.048141,0.08645900000000001,0.9135409999999999
167.0,125101284926137051500851455837556179024574472599693,23.0,373.0,373.0,0.030932,0.030932,0.0,0.030932,0.969068
167.0,183608279157579728300471834586610846132033916363009,23.0,423.0,421.0,0.05223,0.028748,0.028748,0.080978,0.919022
167.0,123823837425211259366602079641341299640350463304427,23.0,444.0,444.0,0.046464,0.046464,0.0,0.046464,0.953536
167.0,182738591737141364288038096817725089299414242881199,23.0,346.0,342.0,0.062486,0.20536,0.20536,0.267846,0.732154
167.0,144881986800772159131971678194070421363231610326503,23.0,493.0,486.0,0.058935,0.01637,0.159254,0.21818900000000002,0.781811
167.0,169113029671003783909165383403390189332006078766403,23.0,740.0,728.0,0.032889,0.033655,0.071018,0.103907,0.896093
167.0,180203454172404433999728807424822530543427009853893,23.0,587.0,587.0,0.195571,0.195571,0.0,0.195571,0.8044290000000001
167.0,176740473075257510677017027826065071164478066806109,23.0,324.0,324.0,0.118086,0.118086,0.0,0.118086,0.881914
167.0,154708744984764752253150630606148953411120836248223,23.0,504.0,496.0,0.008414,0.011651,0.032862,0.041276,0.958724
167.0,185822038963156756154989463606402264231845142986571,23.0,509.0,503.0,0.088809,0.034707,0.131322,0.220131,0.779869
167.0,164713641976176077509064527913611509808492198546303,23.0,419.0,419.0,0.083383,0.083383,0.0,0.083383,0.916617
167.0,174143473517067658771245663523001506669684229251583,23.0,294.0,294.0,0.123924,0.123924,0.0,0.123924,0.876076
167.0,134875484299471317108685835177615212803568324951771,23.0,324.0,323.0,0.029022,0.135463,0.135463,0.164485,0.835515
167.0,182071589557326943011646537770784052720010679622671,23.0,437.0,435.0,0.05703,0.011314,0.047734,0.104764,0.895236
167.0,107723548795615044892707554332906198918982581905521,23.0,412.0,406.0,0.029633,0.031969,0.053411,0.083044,0.916956
167.0,110235062257219473750266489148464622602430677309023,23.0,440.0,437.0,0.173474,0.055711,0.055711,0.22918499999999997,0.770815
168.0,355867559027045347481742474164268313169270448267103,23.0,524.0,524.0,0.084404,0.084404,0.0,0.084404,0.915596
168.0,354354498343882825539049178202420048518235057099511,23.0,359.0,359.0,0.099522,0.099522,0.0,0.099522,0.900478
168.0,297316862371625606791660530918145246188551598375827,23.0,471.0,455.0,0.061118,0.023547,0.128718,0.189836,0.810164
168.0,251334070780906996792106667358010626199124871015193,23.0,377.0,375.0,0.040189,0.025533,0.025533,0.065722,0.9342779999999999
168.0,266089629335928959939990984219310389073099671366189,23.0,355.0,355.0,0.092149,0.092149,0.0,0.092149,0.907851
168.0,297312478520764466042800805099268401234237086618769,23.0,484.0,483.0,0.034647,0.018447,0.018447,0.053094,0.946906
168.0,252694597694857518298868919901861055603851696256479,23.0,383.0,383.0,0.023618,0.023618,0.0,0.023618,0.976382
168.0,286391540226265125508001191752822610514127971418977,23.0,449.0,441.0,0.040906,0.015586,0.043253,0.084159,0.915841
168.0,318688943619592236326261968753666579542852488008771,23.0,500.0,493.0,0.157391,0.018308,0.10100800000000001,0.25839900000000005,0.741601
168.0,348197322658922333549563681800422289216265150015297,23.0,494.0,494.0,0.11061299999999999,0.11061299999999999,0.0,0.11061299999999999,0.889387
168.0,368542669960002587168410129566818072485889583789247,23.0,481.0,467.0,0.081333,0.019291,0.07369,0.15502300000000002,0.844977
168.0,268548911990920458790785330758705695531710970965877,23.0,381.0,381.0,0.190056,0.190056,0.0,0.190056,0.809944
168.0,331941207943771650157715950616862772785852585230449,23.0,368.0,368.0,0.090131,0.090131,0.0,0.090131,0.909869
168.0,323877960143720182139921715509016936864755738538083,23.0,371.0,371.0,0.082083,0.082083,0.0,0.082083,0.917917
168.0,363122401231538903702884958200573978698665726858941,23.0,422.0,419.0,0.06208,0.061978,0.090989,0.153069,0.846931
168.0,308228420728279829232936597270463065825898054642939,23.0,353.0,353.0,0.077365,0.077365,0.0,0.077365,0.922635
168.0,283116060916231999061737214282503740357534622019947,23.0,371.0,371.0,0.061691,0.061691,0.0,0.061691,0.938309
168.0,281428688528495768940994883006958194198779974610219,23.0,478.0,472.0,0.12968,0.107724,0.177308,0.306988,0.693012
168.0,326678933726286291994787934645555743351568375175913,23.0,420.0,416.0,0.061503,0.008226,0.08445599999999999,0.145959,0.854041
168.0,242229774464479250019542042945875041752252033094853,23.0,751.0,751.0,0.140352,0.140352,0.0,0.140352,0.859648
169.0,549419723295960540447780008307906211005792776812829,23.0,472.0,472.0,0.164063,0.164063,0.0,0.164063,0.835937
169.0,664865469281161842324657652489314073194401709162263,23.0,607.0,607.0,0.069762,0.069762,0.0,0.069762,0.930238
169.0,526275837673483487444634125901789672050479746789367,23.0,443.0,427.0,0.12566999999999998,0.11937500000000001,0.22608999999999999,0.35175999999999996,0.64824
169.0,677970966743848576239473283142953742552801707940111,23.0,439.0,432.0,0.033879,0.020182,0.08163000000000001,0.115509,0.884491
169.0,657821691628060301322956147101670288895728662024039,23.0,411.0,411.0,0.09139,0.09139,0.0,0.09139,0.90861
169.0,715264587022453456200004920592343027582234072699119,23.0,681.0,667.0,0.058608,0.020064,0.14236200000000002,0.20097,0.79903
169.0,564263055842251392661877742982498545034787789672701,23.0,365.0,361.0,0.042973,0.047974,0.08018800000000001,0.123161,0.876839
169.0,709752893570015397017697204082578787464541589122757,23.0,337.0,337.0,0.043377,0.043377,0.0,0.043377,0.956623
169.0,655017367008869539322579634764112530246507710350587,23.0,431.0,431.0,0.042712,0.042712,0.0,0.042712,0.957288
169.0,657292182528951725976013293116638919927942739731969,23.0,348.0,347.0,0.076214,0.137652,0.137652,0.213866,0.786134
169.0,723786901355715251133499133823457447564442130316753,23.0,875.0,875.0,0.125957,0.125957,0.0,0.125957,0.874043
169.0,523829125978495822418790946811975528394043957096661,23.0,390.0,390.0,0.074824,0.074824,0.0,0.074824,0.925176
169.0,541477377066573582590059723667831900889584456117101,23.0,317.0,317.0,0.086946,0.086946,0.0,0.086946,0.913054
169.0,695788992079943252596035093883032289031003550676639,23.0,442.0,442.0,0.19211299999999998,0.19211299999999998,0.0,0.19211299999999998,0.807887
169.0,694333695686916638920533025197721880230919832136049,23.0,362.0,362.0,0.036211,0.036211,0.0,0.036211,0.963789
169.0,485822670269234256517166328139449043912746690035101,23.0,370.0,370.0,0.08561,0.08561,0.0,0.08561,0.91439
169.0,621048212309618498722906441939308335619301463127923,23.0,457.0,454.0,0.042283,0.010311,0.022546,0.064829,0.935171
169.0,471378305746743164537629288149409115192944188760511,23.0,382.0,382.0,0.089522,0.089522,0.0,0.089522,0.910478
169.0,679166054805478107698598400374518496104565906945673,23.0,330.0,327.0,0.166026,0.045331,0.045331,0.21135700000000002,0.788643
169.0,478874915531854708795103201026072431746838752011189,23.0,467.0,457.0,0.034049,0.03965,0.09315999999999999,0.127209,0.872791
170.0,1289318240951187150423696809121408247188110724374959,23.0,360.0,360.0,0.04905,0.04905,0.0,0.04905,0.95095
170.0,1317598680651458934736004969973115054629720267802427,23.0,410.0,401.0,0.07746499999999999,0.011269,0.08644199999999999,0.16390699999999997,0.836093
170.0,1387016971391792365767686427962070113773978808021599,23.0,419.0,410.0,0.009044,0.029685,0.143775,0.15281899999999998,0.847181
170.0,1301605848278604502292287990083848668281772339668443,23.0,494.0,491.0,0.081948,0.054894,0.054894,0.136842,0.863158
170.0,1454027346176602205583289937091731344133146246553801,23.0,541.0,539.0,0.06424,0.064338,0.064338,0.12857800000000003,0.8714219999999999
170.0,967653528079116878085780463103240904324567568232963,23.0,516.0,516.0,0.031049,0.031049,0.0,0.031049,0.968951
170.0,1261056843454978621289453730316681785701648409889253,23.0,481.0,473.0,0.036902,0.028602,0.151829,0.18873099999999998,0.811269
170.0,837639897222655440981696060794566569158254246200341,23.0,448.0,440.0,0.05710200000000001,0.024974,0.112705,0.169807,0.830193
170.0,1380352939133440466587651274847015029204065064236727,23.0,665.0,665.0,0.223485,0.223485,0.0,0.223485,0.7765150000000001
170.0,1470202321847100083182546960194231350823305902723733,23.0,454.0,454.0,0.166835,0.166835,0.0,0.166835,0.8331649999999999
170.0,1395451141662017337518566124235400507157510063162651,23.0,387.0,382.0,0.096365,0.030724,0.030724,0.127089,0.872911
170.0,1443973581327167714924022043427922410334336886476631,23.0,420.0,412.0,0.02872,0.018564,0.018564,0.047284,0.952716
170.0,1248251220039825096428185208030859202496488462447199,23.0,472.0,471.0,0.044725,0.018763,0.018763,0.063488,0.936512
170.0,1485074191992056020325974520634552289818056666197811,23.0,434.0,434.0,0.102602,0.102602,0.0,0.102602,0.897398
170.0,1254247931868399620218293166952069391063175723231013,23.0,507.0,492.0,0.030945999999999998,0.016853,0.134596,0.165542,0.834458
170.0,1257669066486116581118684542985264257389351752099207,23.0,331.0,331.0,0.174436,0.174436,0.0,0.174436,0.825564
170.0,938770475414108901814693140661602364827961258856599,23.0,331.0,331.0,0.312952,0.312952,0.0,0.312952,0.687048
170.0,1066007335410228423895411628779579916508643551606013,23.0,411.0,411.0,0.057648,0.057648,0.0,0.057648,0.942352
170.0,1055641473154584299321451059456907378615225873359927,23.0,445.0,445.0,0.089132,0.089132,0.0,0.089132,0.910868
170.0,1450909537806030357996742850817171901677376101936973,23.0,348.0,330.0,0.039706000000000005,0.066881,0.25174100000000005,0.29144700000000007,0.708553
171.0,2320628485992640066699844867503781431624090632616007,23.0,407.0,407.0,0.070542,0.070542,0.0,0.070542,0.929458
171.0,2687357138509969949945838036658262421119489089392571,23.0,379.0,379.0,0.068706,0.068706,0.0,0.068706,0.931294
171.0,2179890418570410841271805505892530931206234443075251,23.0,496.0,487.0,0.07279,0.009763,0.009763,0.08255299999999999,0.917447
171.0,2643553863724729454040982582317963102955115497112137,23.0,631.0,631.0,0.163982,0.163982,0.0,0.163982,0.836018
171.0,2460627882183105189199201566900305707431196028435837,23.0,479.0,479.0,0.049859,0.049859,0.0,0.049859,0.950141
171.0,2339826321982801679364695234505710301355859790744791,23.0,674.0,674.0,0.06761,0.06761,0.0,0.06761,0.93239
171.0,2758900339445195828507819823171495863952057663997793,23.0,368.0,368.0,0.136368,0.136368,0.0,0.136368,0.863632
171.0,1842882812388021598690092464110026835556610550203901,23.0,649.0,649.0,0.212787,0.212787,0.0,0.212787,0.7872129999999999
171.0,2527348162893818585716726864029885307488142009814867,23.0,346.0,346.0,0.070794,0.070794,0.0,0.070794,0.929206
171.0,2837554568622031909115383188427508045834871248866231,23.0,361.0,361.0,0.166572,0.166572,0.0,0.166572,0.8334280000000001
171.0,1980107624548085725945997103475068875829188531206579,23.0,892.0,892.0,0.116003,0.116003,0.0,0.116003,0.883997
171.0,2569544928058170304082873120455860591460518083182909,23.0,514.0,498.0,0.07991599999999999,0.085653,0.25820899999999997,0.33812499999999995,0.661875
171.0,2690941433828007792933739463035154894668803736090667,23.0,360.0,356.0,0.055784,0.075617,0.075617,0.131401,0.868599
171.0,2790043200701068932081541267461948287073389647656629,23.0,321.0,321.0,0.023041,0.023041,0.0,0.023041,0.976959
171.0,2090916108644774601950745809429826244133327238488009,23.0,415.0,415.0,0.117702,0.117702,0.0,0.117702,0.882298
171.0,2565736058589956952109798640055629482853606450052707,23.0,496.0,476.0,0.032784,0.020583,0.17509199999999994,0.20787599999999995,0.792124
171.0,2857998842268811336179375833801691573922890863274847,23.0,694.0,683.0,0.026268,0.022901,0.074562,0.10083,0.89917
171.0,2396493466906125285828056384566870470681794130877669,23.0,439.0,426.0,0.042744000000000004,0.053916,0.080086,0.12283000000000001,0.87717
171.0,2690381636823230507251275613355703537300523990202027,23.0,517.0,517.0,0.167367,0.167367,0.0,0.167367,0.832633
171.0,2534044398151279155788338071872494168885731333317717,23.0,508.0,508.0,0.087355,0.087355,0.0,0.087355,0.912645
172.0,4462022261486228276470696903183179974341102550314813,23.0,557.0,555.0,0.043719,0.092219,0.092219,0.135938,0.864062
172.0,4973934130046512061706003746504778764546358353047069,23.0,488.0,488.0,0.156674,0.156674,0.0,0.156674,0.843326
172.0,5648094522288795174255363457633460814882962588225833,23.0,534.0,534.0,0.061927,0.061927,0.0,0.061927,0.938073
172.0,4726592204009198207872992689944913141786425094656837,23.0,797.0,797.0,0.228095,0.228095,0.0,0.228095,0.7719050000000001
172.0,5594622054792930920033030420069168546546514996297059,23.0,374.0,357.0,0.073085,0.050322,0.10324,0.176325,0.8236749999999999
172.0,5195538082333779164457732930160988690944352296084861,23.0,378.0,375.0,0.17998,0.068775,0.068775,0.248755,0.7512449999999999
172.0,4025284698876107182620642633377455297801856255767501,23.0,456.0,447.0,0.157731,0.125146,0.125146,0.28287700000000005,0.717123
172.0,4383786029746298282865883459946099335415639923579151,23.0,509.0,507.0,0.145593,0.047308,0.047308,0.192901,0.807099
172.0,4240211809755560196715516460800231502364014252588639,23.0,406.0,406.0,0.057602,0.057602,0.0,0.057602,0.942398
172.0,5548533853252799042694444930927799861408846535815007,23.0,383.0,383.0,0.19088,0.19088,0.0,0.19088,0.8091200000000001
172.0,5437902847130435025801669508069442332314935248409143,23.0,451.0,449.0,0.11429399999999999,0.035709,0.035709,0.150003,0.849997
172.0,4141743792397074660421973109728086317758715931017277,23.0,409.0,409.0,0.035559,0.035559,0.0,0.035559,0.964441
172.0,4778987191980938572456617933856060465243353739312487,23.0,457.0,449.0,0.062697,0.033524,0.033524,0.096221,0.903779
172.0,4739381656678028395979571409181320777773237194812847,23.0,386.0,385.0,0.071693,0.028863,0.028863,0.100556,0.899444
172.0,4804326313493129486456115335738865566041096602990667,23.0,715.0,711.0,0.066128,0.044773,0.044773,0.110901,0.889099
172.0,4104752537262135739627532234359506058920546702141581,23.0,390.0,390.0,0.092198,0.092198,0.0,0.092198,0.907802
172.0,3803744058813253158320678543084926588928670333519661,23.0,411.0,411.0,0.089153,0.089153,0.0,0.089153,0.910847
172.0,4385465259125919643879994689875257236736934784890611,23.0,477.0,477.0,0.029649,0.029649,0.0,0.029649,0.970351
172.0,5279890751954713468197389506413223751577777606451787,23.0,429.0,419.0,0.04416,0.055066,0.055066,0.099226,0.900774
172.0,4160916851387881458666582220339040710916709604934989,23.0,456.0,456.0,0.045741,0.045741,0.0,0.045741,0.954259
173.0,10923792501645012754794107569655030715119609536422907,23.0,387.0,387.0,0.121067,0.121067,0.0,0.121067,0.878933
173.0,10049473751846112538141515321974984014498020571782187,23.0,341.0,341.0,0.085145,0.085145,0.0,0.085145,0.914855
173.0,11478453237002096953758919917104639903243507350422841,23.0,637.0,637.0,0.234482,0.234482,0.0,0.234482,0.765518
173.0,10169455292752448241266658515571649753093170083937973,23.0,357.0,346.0,0.13264199999999998,0.030128,0.063675,0.19631699999999996,0.803683
173.0,11141435091489660417203162826279290403361648348555217,23.0,404.0,404.0,0.293498,0.293498,0.0,0.293498,0.706502
173.0,11845946756557169576442319415563300804632186316185761,23.0,357.0,356.0,0.09795000000000001,0.033189,0.033189,0.131139,0.868861
173.0,6606020196711476677748380921663035663590800650212861,23.0,468.0,468.0,0.15811,0.15811,0.0,0.15811,0.84189
173.0,9223304994372936325365139311788951438575340466147653,23.0,363.0,363.0,0.025179,0.025179,0.0,0.025179,0.974821
173.0,9937936138453613172200974798887957858538887333434453,23.0,436.0,429.0,0.040708,0.035354,0.080096,0.120804,0.879196
173.0,11559606582085509839598371324267429245568074606311239,23.0,368.0,360.0,0.05875,0.072493,0.16692400000000002,0.225674,0.774326
173.0,8567518689055579897923237570331424934191919130124683,23.0,374.0,374.0,0.069183,0.069183,0.0,0.069183,0.930817
173.0,7757833041287954123219330741833398980401403365844671,23.0,495.0,483.0,0.035594,0.020128,0.069238,0.104832,0.895168
173.0,9316049178944443793561813909420289680048038873209887,23.0,692.0,692.0,0.126295,0.126295,0.0,0.126295,0.873705
173.0,9928833671075698004690547493411708722996168864524191,23.0,441.0,435.0,0.106779,0.107466,0.134458,0.24123699999999998,0.7587630000000001
173.0,8082599286688078272326597296230019194455017969460353,23.0,399.0,399.0,0.086922,0.086922,0.0,0.086922,0.9130780000000001
173.0,11722980560595969629675859144256076147885119391535181,23.0,580.0,554.0,0.028876,0.024215,0.162268,0.19114399999999998,0.808856
173.0,9593608908661975634163739787876317382759712663032617,23.0,800.0,800.0,0.013316,0.013316,0.0,0.013316,0.986684
173.0,7514341258039837561785554369913705517231217351886269,23.0,514.0,514.0,0.089689,0.089689,0.0,0.089689,0.910311
173.0,10788110854762710095666872487306279223201853493970649,23.0,417.0,417.0,0.104368,0.104368,0.0,0.104368,0.895632
173.0,10830515307409583755599110009630409242843757129551833,23.0,407.0,403.0,0.09406,0.11198,0.181676,0.275736,0.724264
174.0,22104611793997230117343176470598753099597657699857767,23.0,373.0,372.0,0.121565,0.105102,0.105102,0.226667,0.773333
174.0,18763942404536135019296013058405167365237739426352961,23.0,375.0,375.0,0.137691,0.137691,0.0,0.137691,0.862309
174.0,14688504101174039979833028914301622192512344235844163,23.0,539.0,531.0,0.066528,0.13451000000000002,0.17875200000000002,0.24528000000000003,0.75472
174.0,16722058225437982034822488549751786303201587785473951,23.0,450.0,450.0,0.127943,0.127943,0.0,0.127943,0.872057
174.0,21509336382097775444053571500023183533792843315954141,23.0,660.0,660.0,0.233356,0.233356,0.0,0.233356,0.766644
174.0,22850977655225044606098189565776865301144522899108753,23.0,365.0,365.0,0.030132,0.030132,0.0,0.030132,0.969868
174.0,17279223071662642072680635911044372251032271203557523,23.0,364.0,364.0,0.057382,0.057382,0.0,0.057382,0.942618
174.0,22947441514018658653094720368483897068968757283032113,23.0,355.0,350.0,0.043317,0.023615,0.023615,0.066932,0.933068
174.0,18341314976728685056786009125261875389901729222197411,23.0,502.0,495.0,0.100023,0.097332,0.14397,0.243993,0.756007
174.0,21198313883423610607647845217061584129219727405462807,23.0,696.0,696.0,0.030796,0.030796,0.0,0.030796,0.969204
174.0,12839400785843164820295834351653620428577969094536553,23.0,522.0,506.0,0.02653,0.021247,0.193082,0.219612,0.780388
174.0,23322450000830661268788758752052782250935597472051533,23.0,309.0,309.0,0.307631,0.307631,0.0,0.307631,0.692369
174.0,16333148817978325754024309091523862744059567919963111,23.0,541.0,541.0,0.057902,0.057902,0.0,0.057902,0.942098
174.0,14462970911237542989272454421381604521266425359311389,23.0,525.0,523.0,0.019812,0.006075,0.010870999999999999,0.030683,0.969317
174.0,18949560281665792004413178756295887592891979934348561,23.0,369.0,369.0,0.120981,0.120981,0.0,0.120981,0.879019
174.0,21408407116291656012109167833580671913503017751545967,23.0,458.0,458.0,0.123904,0.123904,0.0,0.123904,0.876096
174.0,22631651939782172827484157664433587783833485119069961,23.0,444.0,438.0,0.061621,0.058126,0.058126,0.11974699999999999,0.880253
174.0,21837034941512546186024799051115680122246295015518093,23.0,417.0,417.0,0.459229,0.459229,0.0,0.459229,0.540771
174.0,23437804484573336991839150008388329128133779513222523,23.0,684.0,684.0,0.199258,0.199258,0.0,0.199258,0.8007420000000001
174.0,21670228153893009427879223165719671325428625794224927,23.0,383.0,383.0,0.077927,0.077927,0.0,0.077927,0.922073
175.0,40488067071432624121676494427962676744307992814206389,23.0,490.0,490.0,0.122558,0.122558,0.0,0.122558,0.877442
175.0,47880832610030432571309186253738451904700554037260907,23.0,386.0,386.0,0.042923,0.042923,0.0,0.042923,0.957077
175.0,45878748309865752441663931039655772029562012040164497,23.0,431.0,417.0,0.025393,0.013114,0.28714799999999996,0.31254099999999996,0.687459
175.0,44519607957401945468255440685812779498238330725202451,23.0,700.0,700.0,0.026189,0.026189,0.0,0.026189,0.973811
175.0,38437122674547888080483896869357910936491022366930391,23.0,535.0,525.0,0.031122,0.033796,0.102192,0.13331400000000002,0.866686
175.0,47064113916853618606448841022057749802258231599045617,23.0,355.0,354.0,0.155029,0.118535,0.118535,0.27356400000000003,0.726436
175.0,38418920847258974395155918878755125806886124993281449,23.0,508.0,508.0,0.399819,0.399819,0.0,0.399819,0.6001810000000001
175.0,29860959886171008880417800461459339604720394693120859,23.0,493.0,472.0,0.030931,0.033303,0.27256100000000005,0.30349200000000004,0.6965079999999999
175.0,47523346294694090590598436816448664799865583071536947,23.0,385.0,373.0,0.114979,0.037532,0.12527,0.240249,0.7597510000000001
175.0,40430147177650634814659419575820969943704601075586779,23.0,483.0,475.0,0.060071,0.02783,0.078192,0.138263,0.861737
175.0,30673381581036186694644718658867052922438672540632679,23.0,351.0,343.0,0.089658,0.045597,0.045597,0.13525500000000001,0.864745
175.0,46321511197924674401868707445937064255819847549207181,23.0,549.0,542.0,0.017261,0.03108,0.078089,0.09535,0.90465
175.0,40793108447338904457818158698839208728924655609269741,23.0,465.0,465.0,0.112598,0.112598,0.0,0.112598,0.887402
175.0,47563799216222959471208717042267403920241999763230907,23.0,379.0,371.0,0.104385,0.095559,0.119699,0.224084,0.775916
175.0,44747799795754951639143084884684883018614820083166937,23.0,363.0,363.0,0.345006,0.345006,0.0,0.345006,0.6549940000000001
175.0,46867320328474189488708379756417548186877640469492347,23.0,459.0,447.0,0.102281,0.04136,0.04136,0.143641,0.856359
175.0,46542356956969036203230698142264416107162071627147053,23.0,398.0,381.0,0.04535700000000001,0.017818,0.06133600000000001,0.10669300000000001,0.893307
175.0,45701878003472651488780363802977956628041054016481659,23.0,473.0,473.0,0.123136,0.123136,0.0,0.123136,0.876864
175.0,25458726975309530242094669164823103336392162094875803,23.0,423.0,423.0,0.011319,0.011319,0.0,0.011319,0.988681
175.0,39959523049873920871877996128842998488581987804339877,23.0,427.0,414.0,0.031502,0.085625,0.085625,0.11712700000000001,0.882873
176.0,87990886338847859195592642389102593039937487082558279,24.0,476.0,463.0,0.016117,0.048771,0.12242000000000001,0.13853700000000002,0.861463
176.0,92564124955148991262968874807483374435803628161108999,24.0,928.0,925.0,0.017813,0.016694,0.016694,0.034506999999999996,0.965493
176.0,94129007589456961191977269147297543003266132666549953,24.0,394.0,391.0,0.015262,0.013815,0.013815,0.029077,0.970923
176.0,93819484016161644344551753829300322151041926203410181,24.0,422.0,422.0,0.265811,0.265811,0.0,0.265811,0.734189
176.0,73157616268457907406971375723178615684280166706710493,24.0,392.0,392.0,0.057105,0.057105,0.0,0.057105,0.942895
176.0,61542774938750705714463225629776244056185970967253653,24.0,490.0,489.0,0.036298,0.044253,0.044253,0.080551,0.919449
176.0,71800771048867515580859417044203063847762338647077403,24.0,359.0,359.0,0.048559,0.048559,0.0,0.048559,0.951441
176.0,77258340421405866522724393177859419720883968347782627,24.0,498.0,498.0,0.043919,0.043919,0.0,0.043919,0.956081
176.0,89837078281524964039898044063254336032471057480771579,24.0,663.0,663.0,0.163368,0.163368,0.0,0.163368,0.836632
176.0,67631371474217585591492093931057414532556760623695867,24.0,359.0,359.0,0.277106,0.277106,0.0,0.277106,0.7228939999999999
176.0,89832926575159265651841476273066740015357110318540347,24.0,617.0,600.0,0.035648,0.016303,0.20095000000000002,0.23659800000000003,0.7634019999999999
176.0,67118204137332948793553589627698826319196161548428537,24.0,371.0,371.0,0.111897,0.111897,0.0,0.111897,0.888103
176.0,87774156256777768160436756789989062372701963996758741,24.0,535.0,535.0,0.041699,0.041699,0.0,0.041699,0.958301
176.0,70572719969624332011199901351228566052874877227465031,24.0,448.0,448.0,0.136604,0.136604,0.0,0.136604,0.863396
176.0,86250046064114433343982710398437258754379418231496971,24.0,398.0,390.0,0.056208,0.032763,0.032763,0.088971,0.911029
176.0,87134348646583113354803029928666774546954085244353883,24.0,342.0,342.0,0.031961,0.031961,0.0,0.031961,0.968039
176.0,71901633824806274691548687743309648812921855456127637,24.0,391.0,391.0,0.25563,0.25563,0.0,0.25563,0.74437
176.0,90150270285363435056040734184802693760325360863282387,24.0,494.0,494.0,0.007219,0.007219,0.0,0.007219,0.992781
176.0,94046017590480304561168089303295538090394575865219973,24.0,477.0,462.0,0.024577,0.036357,0.053454,0.078031,0.921969
176.0,64190892782173257959767693618630438907905705925983597,24.0,430.0,430.0,0.069392,0.069392,0.0,0.069392,0.930608
177.0,119125070369688751792163725903852573808324382853761851,24.0,518.0,499.0,0.09099399999999999,0.071396,0.071396,0.16238999999999998,0.83761
177.0,182726819299327515165849812245648871121491177942129611,24.0,479.0,479.0,0.157456,0.157456,0.0,0.157456,0.842544
177.0,188893960779618570376876195763394634184667143767990939,24.0,463.0,463.0,0.095218,0.095218,0.0,0.095218,0.904782
177.0,177226234109374423417710011618572758541886871555971773,24.0,516.0,515.0,0.021388,0.020045,0.020045,0.041433,0.958567
177.0,170417219917741538865104682908758540815889415996081587,24.0,484.0,474.0,0.010537999999999999,0.013141,0.042927,0.053465,0.946535
177.0,184456472780322533717507274449727396706948277959651997,24.0,704.0,704.0,0.058601,0.058601,0.0,0.058601,0.941399
177.0,172591822599216441031826476355149233765150072380634947,24.0,438.0,438.0,0.027133,0.027133,0.0,0.027133,0.972867
177.0,160262516696147396603234199689194202325829336961400089,24.0,414.0,414.0,0.122717,0.122717,0.0,0.122717,0.877283
177.0,189488332491885140927092409494182632690603024073949519,24.0,433.0,432.0,0.022294,0.021687,0.021687,0.043981000000000006,0.956019
177.0,158860589548227817116386228914199311016251079037823631,24.0,400.0,400.0,0.024169,0.024169,0.0,0.024169,0.975831
177.0,131023867650554721773986626498755865101732014114852169,24.0,489.0,489.0,0.227732,0.227732,0.0,0.227732,0.772268
177.0,185419546061793924107275707453523293583979540373323441,24.0,422.0,410.0,0.026797,0.13744,0.30163999999999996,0.328437,0.671563
177.0,130739606859025377984032427604557137652684751978400777,24.0,503.0,501.0,0.008601,0.013525,0.025856,0.034457,0.965543
177.0,148738595022486208740372312134935505218833565972371451,24.0,442.0,441.0,0.026961,0.022922,0.022922,0.049883,0.950117
177.0,167245458534901805246177899856773690854765016929409441,24.0,561.0,549.0,0.08595499999999999,0.087206,0.141014,0.22696899999999998,0.773031
177.0,167743233925335463625480222303950384908571933339861327,24.0,421.0,421.0,0.058949,0.058949,0.0,0.058949,0.941051
177.0,127846725145209783213161083219697857237418143943954471,24.0,562.0,562.0,0.035313,0.035313,0.0,0.035313,0.964687
177.0,175371321030994867998753692974243811078511522480617843,24.0,485.0,435.0,0.012597,0.031188,0.5863100000000001,0.5989070000000001,0.4010929999999999
177.0,116000582161408742104082789047643826044722595827305757,24.0,489.0,489.0,0.030519,0.030519,0.0,0.030519,0.969481
177.0,170372630777230523245695634046185057408362313049454403,24.0,611.0,611.0,0.019829,0.019829,0.0,0.019829,0.980171
178.0,326370916554170909248800565447441227366364752100439299,24.0,358.0,358.0,0.052627,0.052627,0.0,0.052627,0.947373
178.0,351133543531254740082619452808507153835828169762359977,24.0,341.0,341.0,0.264814,0.264814,0.0,0.264814,0.735186
178.0,336454357966569634923263904170681101591018051550982463,24.0,517.0,517.0,0.051664,0.051664,0.0,0.051664,0.948336
178.0,287084766998192650266030523003134421022082997050134521,24.0,477.0,473.0,0.054745,0.064146,0.064146,0.118891,0.881109
178.0,352927538094715815006260624760445835128691040320016481,24.0,435.0,430.0,0.065924,0.028018,0.047239,0.113163,0.886837
178.0,338358782479052619339175922612376094187822886673941721,24.0,575.0,575.0,0.161632,0.161632,0.0,0.161632,0.838368
178.0,350983244504690877302934108411058885737259142622352279,24.0,403.0,400.0,0.09491,0.110048,0.110048,0.204958,0.795042
178.0,362113241669248116131584645381866273037844314273508653,24.0,813.0,807.0,0.063077,0.06784,0.146486,0.209563,0.7904370000000001
178.0,354699753705738888969549737288396049484417614825528751,24.0,515.0,515.0,0.087264,0.087264,0.0,0.087264,0.912736
178.0,331690661156431736210765004245137972208022366664402553,24.0,993.0,988.0,0.008272,0.011136,0.034131,0.042403,0.957597
178.0,332675546545853496255458413537230392333963633325833083,24.0,393.0,393.0,0.04356,0.04356,0.0,0.04356,0.95644
178.0,313703344571742936697405437124510360823965169983069999,24.0,954.0,954.0,0.021995,0.021995,0.0,0.021995,0.978005
178.0,380254134293999860410999253285210970240457628198742663,24.0,448.0,448.0,0.04686,0.04686,0.0,0.04686,0.95314
178.0,360641711799225046890015181472030377655985832139240759,24.0,608.0,608.0,0.036644,0.036644,0.0,0.036644,0.963356
178.0,263917085618902017901372402907639485241329433989841083,24.0,513.0,513.0,0.051884,0.051884,0.0,0.051884,0.948116
178.0,266288106436622503269927529785703488384905659026805291,24.0,475.0,475.0,0.026362,0.026362,0.0,0.026362,0.973638
178.0,344304805683409519331394242367711732435948148819916561,24.0,486.0,486.0,0.171861,0.171861,0.0,0.171861,0.828139
178.0,341709744235492519708940578050014342971004111389339661,24.0,328.0,328.0,0.110652,0.110652,0.0,0.110652,0.889348
178.0,310967967663884862956076583774857977926596023977520621,24.0,700.0,700.0,0.185977,0.185977,0.0,0.185977,0.8140229999999999
178.0,327279608257895351469611029322246368521417106545791761,24.0,682.0,673.0,0.018964,0.016162,0.030879999999999998,0.049844,0.950156
179.0,558936428874945996924383768356203135254350439671785479,24.0,366.0,366.0,0.072401,0.072401,0.0,0.072401,0.9275990000000001
179.0,674926639517348090731177770827913991101246148882287283,24.0,980.0,974.0,0.016203,0.00801,0.044291,0.06049399999999999,0.939506
179.0,520778796933569712475497803976339448328715986002072523,24.0,554.0,547.0,0.049709,0.065914,0.065914,0.115623,0.884377
179.0,748335037461936801408133793949275373189490397012798993,24.0,587.0,587.0,0.27002899999999996,0.27002899999999996,0.0,0.27002899999999996,0.729971
179.0,750121838409245984074572114070043722336783466522324083,24.0,555.0,541.0,0.061352,0.010045,0.17741600000000002,0.238768,0.761232
179.0,652699193242756150846355283234498871767984936149202997,24.0,373.0,370.0,0.06848,0.027581,0.027581,0.09606100000000001,0.903939
179.0,701012462554551393326136469593585664907414625879938377,24.0,571.0,549.0,0.08412200000000002,0.050697,0.23211299999999996,0.316235,0.683765
179.0,651811943098199803843122079676572375058573432081265941,24.0,335.0,335.0,0.048068,0.048068,0.0,0.048068,0.951932
179.0,551025100698026169975841797211316492193395216233257361,24.0,688.0,681.0,0.036931,0.063698,0.063698,0.100629,0.899371
179.0,568232849243253819024806302642399573345242309126608059,24.0,453.0,453.0,0.069248,0.069248,0.0,0.069248,0.930752
179.0,639820098139219068308973252189078237340004822241496393,24.0,359.0,335.0,0.017927,0.138624,0.549106,0.567033,0.432967
179.0,761792849352011360883518708616350161974544759945523083,24.0,427.0,427.0,0.07232,0.07232,0.0,0.07232,0.9276800000000001
179.0,628942419048318189765862150028221450462352308232102681,24.0,346.0,346.0,0.197411,0.197411,0.0,0.197411,0.802589
179.0,566889538234990454641052189675936791837860452121325949,24.0,470.0,468.0,0.09825300000000001,0.058259,0.058259,0.156512,0.843488
179.0,716452162573779008868293903020235512769764173696217249,24.0,627.0,627.0,0.037223,0.037223,0.0,0.037223,0.962777
179.0,621413530195004739611180163225538908969413935549872629,24.0,896.0,896.0,0.030358,0.030358,0.0,0.030358,0.969642
179.0,645609036446719663018922094515491080262538063860555597,24.0,374.0,374.0,0.055944,0.055944,0.0,0.055944,0.944056
179.0,555489032258653592242576233173121867113539610787783833,24.0,386.0,386.0,0.132455,0.132455,0.0,0.132455,0.867545
179.0,535750173793033032362966709603096420101001099801784643,24.0,536.0,520.0,0.035297999999999996,0.040006,0.161488,0.196786,0.803214
179.0,456506540313436296309522192769161449949543126587051023,24.0,417.0,417.0,0.096975,0.096975,0.0,0.096975,0.903025
180.0,1358996782341013393471064892946133021632416224066738371,24.0,753.0,743.0,0.097402,0.021453,0.09034400000000001,0.18774600000000002,0.812254
180.0,1147190830767755812327995081041386320310165753132541849,24.0,638.0,638.0,0.034369,0.034369,0.0,0.034369,0.965631
180.0,1403925300691032372140940928473865553985310895500181911,24.0,459.0,459.0,0.055548,0.055548,0.0,0.055548,0.944452
180.0,1495775451737959760457511687274350579183536185139242641,24.0,427.0,414.0,0.037211,0.040841,0.20056600000000002,0.23777700000000002,0.762223
180.0,1110739563446777289531838627303749633950291508344598743,24.0,488.0,488.0,0.016501,0.016501,0.0,0.016501,0.983499
180.0,1194024369143971552927889417542591741693717575625673111,24.0,467.0,467.0,0.035891,0.035891,0.0,0.035891,0.964109
180.0,1260166637346508034925373413900190230508510171798948477,24.0,732.0,732.0,0.084908,0.084908,0.0,0.084908,0.915092
180.0,1455316476136829091460607052510092178765985268783561317,24.0,516.0,502.0,0.014434,0.017506,0.08388800000000002,0.09832200000000002,0.901678
180.0,1309093992710635640836698146159549405123972272927404881,24.0,496.0,484.0,0.12428900000000001,0.014892,0.03791,0.162199,0.837801
180.0,1390894799146412153168495467213932724874405876411579611,24.0,490.0,487.0,0.091127,0.043542,0.043542,0.13466899999999998,0.8653310000000001
180.0,1520134781616046526108129582711299483597548910524846853,24.0,425.0,425.0,0.049021,0.049021,0.0,0.049021,0.950979
180.0,1505439219343167470373459269572451082957623944381924673,24.0,411.0,407.0,0.02735,0.050874,0.050874,0.078224,0.921776
180.0,1057025848491395991324830754425862907965800790964989169,24.0,415.0,414.0,0.034838,0.022928,0.022928,0.057766,0.942234
180.0,1022335052507123413464678276586097658581994406812064513,24.0,412.0,412.0,0.050988000000000006,0.050988000000000006,0.0,0.050988000000000006,0.949012
180.0,986820806071662897465598796288744366007908716888546481,24.0,789.0,784.0,0.005951,0.018893,0.018893,0.024843999999999998,0.975156
180.0,1524644692974396926561992448558626212968367576768526879,24.0,397.0,387.0,0.038685,0.041017,0.070823,0.109508,0.8904920000000001
180.0,1314131625546751137305337304108371769311553500059572603,24.0,433.0,429.0,0.052996,0.050136,0.055229,0.108225,0.891775
180.0,1159287238259464432648787656029088912397674342457115643,24.0,445.0,441.0,0.136396,0.069402,0.069402,0.20579799999999998,0.7942020000000001
180.0,1475197377405499619513187533655878473208974647166678079,24.0,400.0,400.0,0.101289,0.101289,0.0,0.101289,0.898711
180.0,1092513974848862293580063101113260203144966532297855803,24.0,575.0,575.0,0.042388999999999996,0.042388999999999996,0.0,0.042388999999999996,0.957611
181.0,2146755962617820701939724558369889009769651618593397373,24.0,485.0,476.0,0.027958,0.041445,0.065109,0.093067,0.906933
181.0,2072316348390379785942053767435731590279096222618626363,24.0,495.0,491.0,0.033288,0.038038,0.078072,0.11136,0.88864
181.0,2877046995656031836501313697137912148919872998967745519,24.0,556.0,556.0,0.026431,0.026431,0.0,0.026431,0.973569
181.0,2880369969123252961817754651476818952571924308651017163,24.0,462.0,462.0,0.021543,0.021543,0.0,0.021543,0.978457
181.0,2861708897811122498028015229576663189712718130603358513,24.0,569.0,566.0,0.054073,0.03096,0.03096,0.085033,0.914967
181.0,2806788267767978306991980520946809467457007629229500787,24.0,673.0,668.0,0.093593,0.018187,0.094269,0.187862,0.812138
181.0,2302747288573481437114058572318921809401333842388506063,24.0,550.0,550.0,0.128632,0.128632,0.0,0.128632,0.871368
181.0,2533946943181812616782556407056335292416812676112585527,24.0,430.0,419.0,0.076762,0.043293,0.106297,0.183059,0.816941
181.0,2487771293557144436196457222451407643840343448896262201,24.0,391.0,391.0,0.023399,0.023399,0.0,0.023399,0.976601
181.0,2345607456560758996293272875237597113634991575593930503,24.0,409.0,398.0,0.036716,0.043946,0.070978,0.107694,0.892306
181.0,2451877345078985122707203168343312742955044811033249477,24.0,515.0,487.0,0.046856999999999996,0.19842,0.295638,0.342495,0.657505
181.0,2340974696399471038404420962322551749504771560040272007,24.0,512.0,512.0,0.112665,0.112665,0.0,0.112665,0.887335
181.0,2477342015750519040996010692078739219032174672206011307,24.0,595.0,595.0,0.04729,0.04729,0.0,0.04729,0.95271
181.0,2296086844355268411990274677061153842585626962159704019,24.0,405.0,404.0,0.060541,0.020824,0.020824,0.08136499999999999,0.918635
181.0,2857327712261479603462914395058626994702465220337337739,24.0,578.0,576.0,0.159383,0.085352,0.085352,0.24473499999999998,0.7552650000000001
181.0,1869241629214427269662931336533353684013970622159921317,24.0,523.0,515.0,0.038979,0.071376,0.084656,0.123635,0.8763650000000001
181.0,2136463886038630304242691639030926383783507376355925571,24.0,418.0,418.0,0.046466,0.046466,0.0,0.046466,0.953534
181.0,2877127110897588495873508614076070239692397854333669421,24.0,875.0,868.0,0.02566,0.013755,0.042824,0.068484,0.931516
181.0,2391506213382517426158791151215598942262031718622544827,24.0,488.0,478.0,0.061979,0.029962,0.063509,0.125488,0.874512
181.0,2948841039361971531410668839665611640358315799683010259,24.0,552.0,552.0,0.036129,0.036129,0.0,0.036129,0.963871
182.0,4191292476346020518783656275665657989599723159847851667,24.0,550.0,539.0,0.017328,0.018362,0.036134,0.053461999999999996,0.946538
182.0,4368915889305698991841916329930420223695538711679696073,24.0,405.0,397.0,0.030561,0.018328,0.018328,0.048889,0.951111
182.0,4603173397210774045412589779080265237568427782430487923,24.0,620.0,617.0,0.050438,0.024124,0.024124,0.07456199999999999,0.925438
182.0,4412747380103085417736789338590629677444833420942921431,24.0,630.0,630.0,0.045619,0.045619,0.0,0.045619,0.954381
182.0,5274862496484527199284351082466041501734256417850671079,24.0,331.0,331.0,0.103401,0.103401,0.0,0.103401,0.896599
182.0,4800792925814278444401434125143406347751419932688595051,24.0,401.0,391.0,0.0536,0.088248,0.088248,0.141848,0.858152
182.0,3653812005152759308354861844496272098804036966408036451,24.0,520.0,520.0,0.095571,0.095571,0.0,0.095571,0.904429
182.0,4646737653138437262079866979167515682324029521366613887,24.0,617.0,617.0,0.012715,0.012715,0.0,0.012715,0.987285
182.0,5244063665198047536361296769370401123699361439281027921,24.0,389.0,389.0,0.104654,0.104654,0.0,0.104654,0.895346
182.0,5043512217423355819857280369022042682912863299358815427,24.0,580.0,580.0,0.051566,0.051566,0.0,0.051566,0.948434
182.0,5381424364337562423689277556082862960704173067855407963,24.0,411.0,408.0,0.075975,0.130871,0.130871,0.20684599999999997,0.793154
182.0,5605622646710231703717995108618170373087268192211651819,24.0,429.0,429.0,0.142343,0.142343,0.0,0.142343,0.857657
182.0,5372876402521245557172885073810823234220306537484862171,24.0,519.0,519.0,0.029868,0.029868,0.0,0.029868,0.970132
182.0,5193787393634226710856637245122360855837884143711668923,24.0,418.0,402.0,0.011811,0.033561,0.16092800000000002,0.172739,0.827261
182.0,4901526449801380100603842024908873735304969564340783837,24.0,517.0,517.0,0.084658,0.084658,0.0,0.084658,0.915342
182.0,6116842254080121661991651815972543754648149039661461711,24.0,522.0,522.0,0.1606,0.1606,0.0,0.1606,0.8394
182.0,4848300292233620118117558303318082764588214458439723993,24.0,700.0,691.0,0.10915000000000001,0.131216,0.158473,0.267623,0.7323770000000001
182.0,5455870824923288995533498136798277725990387457579154641,24.0,369.0,369.0,0.146053,0.146053,0.0,0.146053,0.853947
182.0,3785938512649873423258671464276287016184708730225383793,24.0,371.0,371.0,0.077385,0.077385,0.0,0.077385,0.922615
182.0,4491160981645514588938837869554023508980963008773065231,24.0,572.0,572.0,0.096566,0.096566,0.0,0.096566,0.903434
183.0,9166723778901347230936039451531749253767512951187044911,24.0,351.0,351.0,0.22506,0.22506,0.0,0.22506,0.77494
183.0,10455930224123599063565031820487918262028421842464564737,24.0,942.0,940.0,0.022128,0.010764,0.010764,0.032892,0.967108
183.0,7427674099806058459503172382903188275128363209564310927,24.0,359.0,359.0,0.109741,0.109741,0.0,0.109741,0.890259
183.0,10617285421144533269412481609230267820807269357289585027,24.0,513.0,504.0,0.116614,0.077126,0.11554,0.232154,0.767846
183.0,11010471763583359046491348791311818146317648218012267883,24.0,587.0,580.0,0.036287,0.015052,0.037652,0.073939,0.926061
183.0,10332376251302120495254834326196282275734767686242549761,24.0,337.0,337.0,0.13298,0.13298,0.0,0.13298,0.86702
183.0,11749977713551691032971054523891664935137255323436579743,24.0,638.0,638.0,0.043899,0.043899,0.0,0.043899,0.956101
183.0,10038010870002094481651798134300472801725442018653785307,24.0,459.0,459.0,0.038861,0.038861,0.0,0.038861,0.961139
183.0,10982511715433447835689163250582120464921150302579077343,24.0,389.0,386.0,0.060007,0.020633,0.060427999999999996,0.12043499999999999,0.879565
183.0,8953983959087052116701047035345005923200525137226524679,24.0,548.0,548.0,0.027365,0.027365,0.0,0.027365,0.972635
183.0,8876846022270762570247578740470934525848460110861548643,24.0,716.0,707.0,0.127642,0.023836,0.023836,0.151478,0.848522
183.0,7272641689296160343480501161670052491504793391277318831,24.0,436.0,436.0,0.331239,0.331239,0.0,0.331239,0.6687609999999999
183.0,12244318449419593826201370835952825834440723200097525199,24.0,568.0,568.0,0.024632,0.024632,0.0,0.024632,0.975368
183.0,11599990885992088420849467859622548958581504884697039151,24.0,527.0,504.0,0.02347,0.100772,0.356615,0.380085,0.619915
183.0,7605813317180000005669607627882043830747996242518578099,24.0,586.0,586.0,0.035204,0.035204,0.0,0.035204,0.964796
183.0,12182702859135303445823465643541896884548888148712896953,24.0,367.0,367.0,0.01414,0.01414,0.0,0.01414,0.98586
183.0,9709983608535670096749131929304035374023228870737229987,24.0,501.0,501.0,0.047463,0.047463,0.0,0.047463,0.952537
183.0,10464773632474194098893561476862794550508738502141675107,24.0,591.0,588.0,0.109117,0.054792,0.054792,0.163909,0.836091
183.0,9586059037733377655369346899873870070324449037164235107,24.0,348.0,348.0,0.045147,0.045147,0.0,0.045147,0.954853
183.0,9699446562764165401251791317533912674237385429964214831,24.0,400.0,400.0,0.048137,0.048137,0.0,0.048137,0.951863
184.0,18626849292167387044123969723309390925329349903285206507,24.0,358.0,355.0,0.074119,0.047609,0.047609,0.121728,0.8782719999999999
184.0,18804282751054831530309800753579061511332519271103678431,24.0,547.0,547.0,0.067953,0.067953,0.0,0.067953,0.932047
184.0,18252028929067861875789984563223162861221576906848127717,24.0,679.0,670.0,0.038027,0.174869,0.4810210000000001,0.5190480000000001,0.48095199999999994
184.0,24181446627067838775417564967666980419690582548365581197,24.0,494.0,494.0,0.025847,0.025847,0.0,0.025847,0.974153
184.0,23005878760564119588403003965951554728473230184759392953,24.0,589.0,589.0,0.088482,0.088482,0.0,0.088482,0.911518
184.0,23936510072986768214421716184424106299398221539866239897,24.0,494.0,480.0,0.051665,0.032948,0.175584,0.22724899999999998,0.772751
184.0,16234034926709714462589794505359125056267838558020716281,24.0,650.0,636.0,0.009266,0.015058,0.076602,0.085868,0.914132
184.0,23428690111692592128116212619775791367144015582938967239,24.0,463.0,450.0,0.01118,0.010868,0.116332,0.12751200000000001,0.8724879999999999
184.0,18912759825437398136803515023873579742325104166174841671,24.0,477.0,477.0,0.07028,0.07028,0.0,0.07028,0.92972
184.0,19927044154018425176840956388997557677674288593187597089,24.0,431.0,431.0,0.071559,0.071559,0.0,0.071559,0.928441
184.0,19536799308159701904048108852677303754701680967104128127,24.0,441.0,432.0,0.017075,0.05853,0.170755,0.18783,0.8121700000000001
184.0,19071823677149723706403511825275713145306081300414131937,24.0,565.0,560.0,0.022844,0.011571,0.011571,0.034415,0.965585
184.0,20612269609108741202241460271673864594887702871452882101,24.0,445.0,445.0,0.030874,0.030874,0.0,0.030874,0.969126
184.0,18920239559229041789878510751170285007946834591953601329,24.0,656.0,656.0,0.058851,0.058851,0.0,0.058851,0.941149
184.0,22611644979880324889689047625329907958432993333469481211,24.0,427.0,412.0,0.047259999999999996,0.030321,0.21747,0.26473,0.73527
184.0,22464664451229199112637114050957084764371480284978460343,24.0,396.0,396.0,0.047502,0.047502,0.0,0.047502,0.952498
184.0,20229563940142821382398535762812188204560973744420706551,24.0,538.0,538.0,0.049581,0.049581,0.0,0.049581,0.950419
184.0,14302906747822375527736225805395822106070407268478927343,24.0,445.0,445.0,0.05178,0.05178,0.0,0.05178,0.94822
184.0,22648934796018516144639607669733048190885481628018590453,24.0,476.0,476.0,0.083498,0.083498,0.0,0.083498,0.916502
184.0,15697907949934382447029781871211500370846936672724531567,24.0,440.0,438.0,0.026861,0.045767,0.045767,0.072628,0.927372
185.0,39302817494925418904731805103331681348585472258348444957,25.0,616.0,606.0,0.014051,0.017332,0.044915,0.058966,0.941034
185.0,39163563717688705635413025356219451066821712937228964227,25.0,518.0,506.0,0.014856,0.053178,0.192133,0.206989,0.793011
185.0,43686826810459062412827238710551696728616518667617692019,25.0,584.0,584.0,0.028757,0.028757,0.0,0.028757,0.971243
185.0,44530085274113978279620207534979690950635532686975502813,25.0,352.0,352.0,0.044986,0.044986,0.0,0.044986,0.955014
185.0,43570715964626102904381136448155751424171061828655209841,25.0,479.0,479.0,0.057953,0.057953,0.0,0.057953,0.942047
185.0,42847627148824300921093636376913601640563740728623558181,25.0,769.0,763.0,0.018004,0.028254,0.111604,0.129608,0.870392
185.0,32083703321789764487338768250718421793945445188847533027,24.0,682.0,682.0,0.13954,0.13954,0.0,0.13954,0.86046
185.0,33014805666036752589259540494640708288963751747621341763,25.0,585.0,570.0,0.052434,0.017648,0.154522,0.206956,0.793044
185.0,41464335276070540341399584119313180727925975932568415057,25.0,402.0,402.0,0.069144,0.069144,0.0,0.069144,0.930856
185.0,33861582902426483337301296118131448522568614203251711863,25.0,464.0,464.0,0.066948,0.066948,0.0,0.066948,0.933052
185.0,46071639138339644800558097284225066199315293701982806079,25.0,873.0,869.0,0.054659,0.036671,0.036671,0.09133,0.90867
185.0,37936033159136473000212002322269943296231496368568922549,25.0,383.0,383.0,0.104966,0.104966,0.0,0.104966,0.895034
185.0,48350569892826986379872186809679223015058022521047573871,25.0,502.0,502.0,0.105531,0.105531,0.0,0.105531,0.894469
185.0,41198097084082663709570476103319690345818375254249026263,25.0,437.0,437.0,0.048103,0.048103,0.0,0.048103,0.951897
185.0,45101352016751018053319721236302099399595057715497241929,25.0,470.0,466.0,0.010519,0.029756,0.050498,0.061017,0.938983
185.0,42065769993861888778368368385451592776021006938027669583,25.0,898.0,898.0,0.024717,0.024717,0.0,0.024717,0.975283
185.0,41907847300045853777854516119774591215451371041706482459,25.0,653.0,653.0,0.047594,0.047594,0.0,0.047594,0.952406
185.0,48828218167552081470122749610887068068091405463826001571,25.0,420.0,400.0,0.019691,0.073004,0.19064699999999998,0.21033799999999997,0.7896620000000001
185.0,41321776714362126833330727735907708762522999908493584631,25.0,500.0,486.0,0.008624,0.020248,0.043019999999999996,0.051643999999999995,0.948356
185.0,45383217518804476499152706989070758316114620859553366943,25.0,340.0,340.0,0.032945,0.032945,0.0,0.032945,0.967055
186.0,91860233843352511299828307727646362358888480420031170413,25.0,647.0,647.0,0.226817,0.226817,0.0,0.226817,0.773183
186.0,80310109483483183267313583353855043236387938949945913511,25.0,362.0,362.0,0.087816,0.087816,0.0,0.087816,0.912184
186.0,80341684383462084364790814145428006802552449749708478169,25.0,648.0,637.0,0.008913,0.012761,0.046263,0.055176,0.944824
186.0,94274586636737974618847930138230885567012445571032348059,25.0,552.0,548.0,0.034858,0.072964,0.072964,0.107822,0.892178
186.0,85286064753422311838018802719562606418460845712040300179,25.0,455.0,455.0,0.031572,0.031572,0.0,0.031572,0.968428
186.0,95824663807095715873047831217240459086791279500036727837,25.0,563.0,559.0,0.030641,0.014731,0.08273900000000001,0.11338000000000001,0.88662
186.0,80600641280005619173439191411717632606164953443740925413,25.0,653.0,653.0,0.004445,0.004445,0.0,0.004445,0.995555
186.0,53363439485857552435882838625033101776848292903405327631,25.0,486.0,486.0,0.078197,0.078197,0.0,0.078197,0.921803
186.0,84360977267528679389916660229858829202359730331725108419,25.0,591.0,591.0,0.033804,0.033804,0.0,0.033804,0.966196
186.0,79840201135431317961751024566665709261061070004618876607,25.0,390.0,390.0,0.055257,0.055257,0.0,0.055257,0.944743
186.0,86866046861802039662583542752660385034769683216166980061,25.0,701.0,701.0,0.074724,0.074724,0.0,0.074724,0.925276
186.0,86323619254797487920466332795791126216445907418620989923,25.0,507.0,503.0,0.032862,0.018584,0.018584,0.051446000000000006,0.948554
186.0,96229941655765770007029825039522376331365113196946498957,25.0,439.0,424.0,0.055918,0.089625,0.197612,0.25353000000000003,0.74647
186.0,68612351526722038739277226442469049931568086799744053797,25.0,492.0,479.0,0.057647000000000004,0.02989,0.08208800000000001,0.139735,0.8602650000000001
186.0,68105415306841011876975324285506148265126787018204059721,25.0,684.0,681.0,0.027915,0.019895,0.019895,0.04781,0.95219
186.0,82153452353776642549718572430278706898613500637862573111,25.0,585.0,585.0,0.110848,0.110848,0.0,0.110848,0.8891519999999999
186.0,58260742770043455753114412466166256900662844348827175237,25.0,656.0,656.0,0.086393,0.086393,0.0,0.086393,0.9136070000000001
186.0,92398084669964916514251013016603556504210733394779182767,25.0,354.0,350.0,0.057845,0.086313,0.086313,0.144158,0.855842
186.0,85070111672001330371958789558357340118850688442337853217,25.0,406.0,406.0,0.054657,0.054657,0.0,0.054657,0.945343
186.0,77006883355586853676151730714225091231991247740864640619,25.0,409.0,409.0,0.111697,0.111697,0.0,0.111697,0.888303
187.0,185702567469454758545522669141358609758902348939813864093,25.0,539.0,539.0,0.131234,0.131234,0.0,0.131234,0.868766
187.0,179941892859217785606681885687143742888315889414346363689,25.0,1050.0,1050.0,0.074264,0.074264,0.0,0.074264,0.925736
187.0,181526373319561920706249179904543072763946711556143801553,25.0,573.0,565.0,0.025273,0.086466,0.213468,0.23874099999999998,0.761259
187.0,167429568427479950155810682841163388259872915659211758439,25.0,422.0,422.0,0.043766,0.043766,0.0,0.043766,0.956234
187.0,186979504018673334316662054121094588580490052795915527519,25.0,592.0,589.0,0.053201,0.012914,0.023027,0.07622799999999999,0.923772
187.0,145169698815553753950995436308896640554249031871232995529,25.0,614.0,610.0,0.057302,0.02637,0.02637,0.083672,0.916328
187.0,189461310023527313299690027067741970827568893636258377063,25.0,776.0,770.0,0.004177,0.006855,0.006855,0.011032,0.988968
187.0,195549547224884539368396804380565596304971046728434683161,25.0,428.0,428.0,0.131239,0.131239,0.0,0.131239,0.868761
187.0,178245846474078559274688392189915797290638577194576694293,25.0,442.0,442.0,0.083003,0.083003,0.0,0.083003,0.9169970000000001
187.0,140252436907018775044357018689165543420042260373871440727,25.0,521.0,518.0,0.055479,0.040254,0.040254,0.095733,0.904267
187.0,192105990641511042361486580149859043063803753731838318981,25.0,824.0,822.0,0.01384,0.038063,0.049102,0.062942,0.937058
187.0,178454889426021172984526500874394848133697897783899319511,25.0,990.0,977.0,0.015494,0.019128,0.049489,0.064983,0.935017
187.0,147793902755095806954444489354226029687835800736294743133,25.0,639.0,639.0,0.061387,0.061387,0.0,0.061387,0.938613
187.0,181066564675332279473924972484406057203667755771628163519,25.0,421.0,421.0,0.042494,0.042494,0.0,0.042494,0.957506
187.0,168818801318777087057170297997195516793375607488939767557,25.0,444.0,444.0,0.073146,0.073146,0.0,0.073146,0.926854
187.0,163084686989748233415040348211861253938756903626114968719,25.0,416.0,408.0,0.052784,0.114036,0.114036,0.16682,0.83318
187.0,188075731576689556162612507442726713223245640460883288489,25.0,585.0,585.0,0.093127,0.093127,0.0,0.093127,0.906873
187.0,132226185708852638537764772743714220747210366978910886177,25.0,472.0,470.0,0.131076,0.085506,0.085506,0.216582,0.783418
187.0,194698576701919400115040833966319106090888842928840082833,25.0,466.0,466.0,0.062101,0.062101,0.0,0.062101,0.937899
187.0,125253423035716542158322394161648453041038946552062725559,25.0,494.0,494.0,0.011371,0.011371,0.0,0.011371,0.988629
188.0,314224750521702231589078779205748577487125730214151848227,25.0,477.0,477.0,0.07765,0.07765,0.0,0.07765,0.92235
188.0,214725867801677657763150716044378228025925022271604157093,25.0,377.0,375.0,0.141036,0.07388,0.07388,0.214916,0.785084
188.0,337786569927761505444410838242068306234426938889367376089,25.0,415.0,415.0,0.094672,0.094672,0.0,0.094672,0.905328
188.0,360223106477640603715939086025088234494108141240755800321,25.0,449.0,449.0,0.203227,0.203227,0.0,0.203227,0.796773
188.0,374124987525817520307508964115960865602386918837898179827,25.0,668.0,648.0,0.050256999999999996,0.029531,0.086824,0.137081,0.862919
188.0,361989780913006793919620222968747185160737595989089084909,25.0,435.0,426.0,0.036797,0.12624,0.225113,0.26191000000000003,0.7380899999999999
188.0,317559581118592945343728270732523067627215982144611637637,25.0,399.0,399.0,0.16222,0.16222,0.0,0.16222,0.83778
188.0,379999621526733814982174866558604085395375086537465979591,25.0,408.0,408.0,0.055178,0.055178,0.0,0.055178,0.944822
188.0,366021560344730588643709636731405132352498915207181378779,25.0,441.0,425.0,0.04635,0.034134,0.058664999999999995,0.105015,0.894985
188.0,387944003533460640819952009732254475678414088984486177033,25.0,642.0,642.0,0.072894,0.072894,0.0,0.072894,0.927106
188.0,374845489005902740783352118914562105030081362850475258007,25.0,664.0,664.0,0.063796,0.063796,0.0,0.063796,0.936204
188.0,386515816923087548415772467909907858268131406963172669599,25.0,538.0,538.0,0.070764,0.070764,0.0,0.070764,0.929236
188.0,221106737983069547058303874626625601611876932304469714993,25.0,458.0,458.0,0.033783,0.033783,0.0,0.033783,0.966217
188.0,240210128646608330322236250926839186745574038027417949109,25.0,547.0,536.0,0.035487,0.029596,0.039292,0.074779,0.925221
188.0,318351913440867881282887107239336403432896585513539162139,25.0,458.0,458.0,0.148776,0.148776,0.0,0.148776,0.851224
188.0,378635620380227758123177463104203120047480633879439638329,25.0,488.0,480.0,0.012305,0.051297,0.051297,0.063602,0.936398
188.0,319199732197973078769687558220972231917492453889455575179,25.0,458.0,458.0,0.081073,0.081073,0.0,0.081073,0.918927
188.0,381980473612089531334196860824416470009021634012423067737,25.0,444.0,444.0,0.063284,0.063284,0.0,0.063284,0.936716
188.0,256586033541357135375485125099595006467144223152458416503,25.0,371.0,361.0,0.08724499999999999,0.04798,0.173755,0.261,0.739
188.0,353636550421510722509208696720104070107782240230147107101,25.0,514.0,514.0,0.044855,0.044855,0.0,0.044855,0.955145
189.0,408589902288642681578344276763041902416284671692080986377,25.0,403.0,403.0,0.015451,0.015451,0.0,0.015451,0.984549
189.0,646628678273258141372517202145221034603557799378124614201,25.0,539.0,539.0,0.047796,0.047796,0.0,0.047796,0.952204
189.0,592635606571861287284224295593110454631652264655249578353,25.0,514.0,508.0,0.022808,0.010378,0.034276999999999995,0.057085,0.942915
189.0,650208432524537748605744087782608274999617116493579199513,25.0,611.0,608.0,0.059032,0.017109,0.031975,0.091007,0.9089929999999999
189.0,599419609079700662276957964472775050611343385405910300163,25.0,770.0,760.0,0.006214,0.010346,0.014915999999999999,0.02113,0.97887
189.0,591139658903332237066666950704418695507871569867166356959,25.0,508.0,508.0,0.052837,0.052837,0.0,0.052837,0.947163
189.0,759303095841708533868206131077305245572712516145789616107,25.0,419.0,419.0,0.097143,0.097143,0.0,0.097143,0.902857
189.0,723374087894581884780114042666006439305170047096296570421,25.0,396.0,396.0,0.024115,0.024115,0.0,0.024115,0.975885
189.0,642089268364349919722039425710377324200681378773618660631,25.0,537.0,532.0,0.126344,0.022084,0.022084,0.148428,0.851572
189.0,493458509028245692711455247191997853201057771326056542803,25.0,779.0,779.0,0.150493,0.150493,0.0,0.150493,0.849507
189.0,775267771444101410063934578993845769575953505357992661799,25.0,823.0,808.0,0.012051,0.006874,0.08013500000000001,0.09218600000000002,0.907814
189.0,525214235994067347101638348805237964788334546789415420243,25.0,657.0,643.0,0.015112,0.022161,0.096113,0.111225,0.888775
189.0,510228484199873332122049098813102378921923672052464278333,25.0,424.0,424.0,0.050806,0.050806,0.0,0.050806,0.949194
189.0,630121824338129668949919059009823882545840337934822277567,25.0,697.0,688.0,0.035835,0.016285,0.12116199999999999,0.156997,0.843003
189.0,755634779781799121353112557954459602771587484582257255551,25.0,408.0,405.0,0.10824600000000001,0.075687,0.11840500000000001,0.22665100000000002,0.773349
189.0,612172740703460905652990412541931502012476806243188854431,25.0,623.0,622.0,0.083584,0.015966,0.015966,0.09955,0.90045
189.0,530704707601162495384297467780173501132805319654798984003,25.0,414.0,414.0,0.057288,0.057288,0.0,0.057288,0.942712
189.0,756916004872319657418986856461653189263814971681663763573,25.0,553.0,553.0,0.075526,0.075526,0.0,0.075526,0.924474
189.0,490921607897052107753246264180398217237973784027521089099,25.0,428.0,428.0,0.105519,0.105519,0.0,0.105519,0.894481
189.0,767702133245506513310164240704062695141079949461903447479,25.0,484.0,484.0,0.042424,0.042424,0.0,0.042424,0.957576
190.0,1107697980005560535935691181882881481298971577503883545431,25.0,512.0,512.0,0.154133,0.154133,0.0,0.154133,0.845867
190.0,1447718595714448727207173851527167403200700108585820235931,25.0,405.0,403.0,0.065596,0.014565,0.014565,0.080161,0.919839
190.0,1067595819970828694093593212927706218036137678171084438953,25.0,467.0,465.0,0.017572,0.020314,0.043718999999999994,0.061291,0.938709
190.0,1236956916814563958009976698763228455869309463346857145209,25.0,402.0,393.0,0.050216,0.033857,0.033857,0.084073,0.915927
190.0,1303595662239872394152630143462469139534875953977955173719,25.0,955.0,941.0,0.019563999999999998,0.010909,0.076241,0.095805,0.904195
190.0,1436728764183159269584547372484560757421757510937607299719,25.0,427.0,412.0,0.029574000000000003,0.02265,0.13579399999999997,0.16536799999999996,0.834632
190.0,1358738873900145804437909196195927584579190583894624729549,25.0,527.0,510.0,0.065022,0.037388,0.18465,0.249672,0.750328
190.0,1309414713325066973570726305039978280113478833538624990717,25.0,668.0,668.0,0.009046,0.009046,0.0,0.009046,0.990954
190.0,1119233946195882068749589393936438955574244336504433599743,25.0,548.0,533.0,0.066744,0.083287,0.272108,0.33885200000000004,0.661148
190.0,1391390333131732070825024754648255205953706845753859235761,25.0,871.0,868.0,0.010394,0.010206,0.010206,0.0206,0.9794
190.0,1219405195991088602219964475590713847204090579216876133247,25.0,696.0,687.0,0.061248,0.015002,0.10630400000000001,0.167552,0.832448
190.0,1285952433782265124699401960911465263241667818151785942989,25.0,459.0,459.0,0.076541,0.076541,0.0,0.076541,0.923459
190.0,936281692826227408663886118472398327211075139996831483807,25.0,448.0,439.0,0.11396500000000001,0.032382,0.11536000000000002,0.22932500000000003,0.770675
190.0,1495152348884655255748854019985088902044523205603769307549,25.0,498.0,498.0,0.012535,0.012535,0.0,0.012535,0.987465
190.0,1543054376408543181151756345226381442258117792563593031941,25.0,464.0,464.0,0.09017,0.09017,0.0,0.09017,0.90983
190.0,1197900039859831281860297786593556759105357856705065296097,25.0,371.0,371.0,0.061028,0.061028,0.0,0.061028,0.938972
190.0,1325762643789188253480076014106355323863094856768820242033,25.0,414.0,405.0,0.028635,0.020932,0.041387,0.070022,0.929978
190.0,1549503894836788136271053205345052692884272523599834807513,25.0,515.0,492.0,0.07028100000000001,0.03395,0.464796,0.535077,0.464923
190.0,1371820001327266974371651800423316814650750283162857664521,25.0,400.0,391.0,0.022644,0.080387,0.170695,0.193339,0.806661
190.0,1319759631078608755615705806993244756656084597458744780879,25.0,486.0,478.0,0.014916,0.021478,0.034694,0.04961,0.95039
191.0,2180877054471620294689724695606846212849552332318992940407,25.0,468.0,468.0,0.039454,0.039454,0.0,0.039454,0.960546
191.0,1606385381360148813307516689773707722363849418834436678389,25.0,425.0,413.0,0.070041,0.06044,0.17784400000000003,0.24788500000000002,0.752115
191.0,2738991831553984659353836548560279154535043688289688027603,25.0,420.0,420.0,0.125255,0.125255,0.0,0.125255,0.874745
191.0,2021640631374636353782008830324840969777513038468864748759,25.0,631.0,631.0,0.030774,0.030774,0.0,0.030774,0.969226
191.0,2105598972222103150968007207241144213000505023620025661667,25.0,425.0,422.0,0.026187,0.023818,0.023818,0.050004999999999994,0.949995
191.0,2954552227750152336095183292848417913001395070298811029879,25.0,585.0,585.0,0.020547,0.020547,0.0,0.020547,0.979453
191.0,2604823021534871940153658516882468145972589783978202484923,25.0,491.0,483.0,0.027451,0.027053,0.09960799999999999,0.12705899999999998,0.872941
191.0,2697799617327879157081712621189446951709202892838110789249,25.0,1094.0,1094.0,0.080452,0.080452,0.0,0.080452,0.919548
191.0,2749750578464362511041140809468842163052814508247072125809,25.0,688.0,688.0,0.06591,0.06591,0.0,0.06591,0.93409
191.0,2810254725646498720414994000029322939731083303115400227283,25.0,583.0,583.0,0.041294,0.041294,0.0,0.041294,0.9587060000000001
191.0,2919723125927389511356972449231841889026550065177689782341,25.0,584.0,584.0,0.009411,0.009411,0.0,0.009411,0.990589
191.0,2384759410471810319375657922573509817577252181814221416381,25.0,527.0,527.0,0.015288,0.015288,0.0,0.015288,0.984712
191.0,2870902859138464144898136609805487079043674281379484515257,25.0,535.0,532.0,0.095321,0.042997,0.042997,0.138318,0.8616820000000001
191.0,2531428612228677358426023750691561085464553004835817283823,25.0,664.0,662.0,0.011175000000000001,0.002962,0.013319,0.024494000000000002,0.975506
191.0,2569199376454128229458263634674647272803671413063904093681,25.0,459.0,459.0,0.01341,0.01341,0.0,0.01341,0.98659
191.0,2077139403037075257284520813457747381680630617898050789129,25.0,579.0,572.0,0.010712,0.031025,0.060502,0.071214,0.928786
191.0,2599527300982831600647840629042688948539972657946504879419,25.0,723.0,721.0,0.019132,0.05977,0.05977,0.078902,0.921098
191.0,2939945259852704861237884063321703407639606324099970984489,25.0,502.0,496.0,0.110221,0.107004,0.107004,0.217225,0.782775
191.0,2806787067261975292631801717103764100516337005958274854877,25.0,861.0,861.0,0.069176,0.069176,0.0,0.069176,0.930824
191.0,3102854422286895681399386946361481173908793767638701190957,25.0,526.0,526.0,0.104194,0.104194,0.0,0.104194,0.895806
192.0,6053136549975215707114861824618604186550967571524618556511,25.0,556.0,556.0,0.090752,0.090752,0.0,0.090752,0.9092480000000001
192.0,5772223899679240100865858833866067485733365743633882768503,25.0,383.0,383.0,0.034699,0.034699,0.0,0.034699,0.965301
192.0,4939008137476552065240184537828644764133517214756158762829,25.0,455.0,455.0,0.046877,0.046877,0.0,0.046877,0.9531229999999999
192.0,6212435194276394115763543059243494938563033646586224859629,25.0,544.0,544.0,0.050902,0.050902,0.0,0.050902,0.949098
192.0,3874204338182140753502701838530384426297759523506113427483,25.0,637.0,632.0,0.006682,0.010832,0.044166000000000004,0.050848000000000004,0.949152
192.0,3347208880492337566130653746802735549578109517894379499733,25.0,771.0,771.0,0.019675,0.019675,0.0,0.019675,0.980325
192.0,4306083721119286908591380042584606571729048503575164227711,25.0,496.0,467.0,0.053243,0.06983,0.20162099999999997,0.254864,0.745136
192.0,5163763031624406920207830805702663059843081289928205028959,25.0,633.0,615.0,0.010326,0.015198,0.055428,0.06575399999999999,0.934246
192.0,6130364660359904866071451106195076205876004972250032444803,25.0,501.0,493.0,0.03221,0.075723,0.075723,0.107933,0.8920669999999999
192.0,6254696907579855069014156880599952401895926775151729298633,25.0,574.0,562.0,0.026324,0.046778,0.13900600000000002,0.16533000000000003,0.83467
192.0,4873661477686905481674696353544486097679453418713697857441,25.0,1094.0,1082.0,0.065229,0.007245,0.047658,0.11288699999999999,0.887113
192.0,5412175546964427994074789034451167835889491793324688758467,25.0,782.0,774.0,0.066331,0.022789,0.022789,0.08912,0.91088
192.0,5910884209390437413999109263981667425861292837036749005609,25.0,552.0,552.0,0.086723,0.086723,0.0,0.086723,0.913277
192.0,4621285287029859947459316813570982113322073918209718266019,25.0,564.0,562.0,0.045465,0.011516,0.011516,0.056981,0.943019
192.0,5696283951894185144007889520249234417647198158940715431933,25.0,428.0,428.0,0.049117,0.049117,0.0,0.049117,0.950883
192.0,3683958575511235413756595798246241035800834295791075521963,25.0,460.0,460.0,0.033899,0.033899,0.0,0.033899,0.966101
192.0,4468006165118885684913086683109597497945491118316503789123,25.0,1002.0,997.0,0.011899,0.010688,0.010688,0.022587,0.977413
192.0,5488497809815368048793079212529624026388526869419621039691,25.0,550.0,531.0,0.021641,0.045072,0.142378,0.164019,0.835981
192.0,5659542164522658766094858453465847140623734081033257305487,25.0,435.0,435.0,0.062379,0.062379,0.0,0.062379,0.937621
192.0,6149807903410653285967321465976396749348286539647506887699,25.0,615.0,615.0,0.055062,0.055062,0.0,0.055062,0.9449380000000001
193.0,9905013207931875527529191960135739218017812814063208578531,25.0,627.0,627.0,0.047887,0.047887,0.0,0.047887,0.952113
193.0,10100483858506872648422975068896319443064533148276380832169,25.0,663.0,663.0,0.073176,0.073176,0.0,0.073176,0.926824
193.0,11663540999446197162723452607497563376895758675776898312369,25.0,496.0,496.0,0.109086,0.109086,0.0,0.109086,0.890914
193.0,10897749645060145624874358483865606849691424744321528304937,25.0,547.0,547.0,0.038944,0.038944,0.0,0.038944,0.961056
193.0,10565624405515099844116517970763527091130891790570283157137,25.0,473.0,473.0,0.025695,0.025695,0.0,0.025695,0.974305
193.0,12070921450587575263287627747872390786879378063838490617043,25.0,700.0,689.0,0.015244,0.006976,0.006976,0.02222,0.97778
193.0,9664634974777947645604027278555623329607100282762834013441,25.0,500.0,479.0,0.031813,0.032461,0.176514,0.208327,0.791673
193.0,12322960193874180073992358693327396906594292112230707610489,25.0,616.0,598.0,0.039947,0.011754,0.04972700000000001,0.089674,0.910326
193.0,8099708654360452993215966572101668396566826381629301683063,25.0,551.0,551.0,0.110733,0.110733,0.0,0.110733,0.889267
193.0,11214351833369361189026414622248506634769198922661651441293,25.0,487.0,487.0,0.129549,0.129549,0.0,0.129549,0.870451
193.0,9128073803947130372484141505624445498586637123573747380151,25.0,423.0,423.0,0.053495,0.053495,0.0,0.053495,0.946505
193.0,11312813665303613237304198878301422628970319071234047845347,25.0,701.0,701.0,0.014902,0.014902,0.0,0.014902,0.985098
193.0,11023902979621732752907862575267849055507922142544485438789,25.0,540.0,540.0,0.036448,0.036448,0.0,0.036448,0.963552
193.0,11262927042730954176015822824963334235937052626560568007419,25.0,549.0,549.0,0.052632,0.052632,0.0,0.052632,0.947368
193.0,10857095320997612707420637232964945337144528989105797131153,25.0,822.0,802.0,0.026363,0.028494,0.095263,0.121626,0.878374
193.0,10494271519339392909894195833014476236187539413566084429379,25.0,548.0,548.0,0.086555,0.086555,0.0,0.086555,0.913445
193.0,12278064626184964589595523842860542425676931971855436832259,25.0,609.0,609.0,0.033962,0.033962,0.0,0.033962,0.966038
193.0,8482872608322654051369609585269639790901351219221511846733,25.0,473.0,473.0,0.152776,0.152776,0.0,0.152776,0.847224
193.0,7306887098618586073076594877395470343989113832174839245017,25.0,538.0,538.0,0.094039,0.094039,0.0,0.094039,0.905961
193.0,12409265929614063311478379725438459124196359168832063103151,25.0,477.0,477.0,0.064114,0.064114,0.0,0.064114,0.935886
194.0,20683260459467499029277828805303888053838228828420773810227,25.0,658.0,653.0,0.053784,0.065282,0.065282,0.119066,0.880934
194.0,21350469721329597074134362589876985354717072338210358108849,26.0,392.0,391.0,0.06414,0.018225,0.018225,0.08236500000000001,0.917635
194.0,18942954816325570836124528681131878336599202626159580306777,25.0,449.0,449.0,0.015448,0.015448,0.0,0.015448,0.984552
194.0,24458941949583565962792372221933150989311549041638920536113,26.0,652.0,649.0,0.075829,0.085888,0.085888,0.161717,0.838283
194.0,21076672769905977070352813226874932564034530295953191284753,25.0,524.0,517.0,0.01123,0.009096,0.009096,0.020326,0.979674
194.0,22249362777783306049117932825890593656249535237757916625729,26.0,407.0,407.0,0.131366,0.131366,0.0,0.131366,0.868634
194.0,23203422452949787679074210878498136594954609999835899906157,26.0,596.0,591.0,0.020859,0.036338,0.036338,0.057197,0.9428030000000001
194.0,20868115815896194713106525621357671273079634596135616425361,25.0,601.0,601.0,0.066759,0.066759,0.0,0.066759,0.933241
194.0,23192686299066524320738010687390362447126038875074169556253,26.0,598.0,598.0,0.030687,0.030687,0.0,0.030687,0.969313
194.0,22340054129412896419322214973520037370083718012993281910367,26.0,411.0,409.0,0.051994,0.01962,0.01962,0.071614,0.928386
194.0,23181673086820734631906360554899103585708564817833096064921,26.0,1299.0,1282.0,0.019042,0.037154,0.143042,0.162084,0.837916
194.0,24582599091151675799091021479482934414662039688624223437687,26.0,405.0,405.0,0.066742,0.066742,0.0,0.066742,0.933258
194.0,25065435242975997360701202808292864499688676903327335870541,26.0,486.0,486.0,0.125007,0.125007,0.0,0.125007,0.874993
194.0,18390454080376419958677765335623388001794346466558675435283,25.0,538.0,535.0,0.053622,0.034637,0.034637,0.088259,0.911741
194.0,22922786508061659363842923473806512470282966011733435851431,26.0,1026.0,1026.0,0.066546,0.066546,0.0,0.066546,0.933454
194.0,17061387184720152302891304554226083544383293835520188213651,25.0,452.0,430.0,0.050157999999999994,0.033854,0.21148400000000006,0.26164200000000004,0.738358
194.0,18618516616598255372519874377476542080222536021373325270311,25.0,461.0,461.0,0.081622,0.081622,0.0,0.081622,0.918378
194.0,21282237135538130116514856262480953933294724963389201954481,26.0,510.0,510.0,0.051036,0.051036,0.0,0.051036,0.948964
194.0,20522969516655873169000695377445575228468042248954518479057,25.0,532.0,530.0,0.03499,0.056736,0.056736,0.091726,0.908274
194.0,14989350088210543607482262847185984320363092765497004877451,25.0,632.0,627.0,0.022245,0.035384,0.063567,0.085812,0.914188
195.0,43040604789452163741387408621112136409598757059035661677893,26.0,565.0,550.0,0.050889,0.021199,0.061772,0.112661,0.887339
195.0,49088991794939140574010539690236171966040109026993415914269,26.0,431.0,431.0,0.045016,0.045016,0.0,0.045016,0.954984
195.0,48300749567102905436273718192442740995408307546941115427897,26.0,488.0,482.0,0.034989,0.017973,0.017973,0.052961999999999995,0.947038
195.0,48906073225085902924815189872988257194974124450370814611651,26.0,413.0,406.0,0.069129,0.033174,0.05148,0.120609,0.879391
195.0,36863086582293400960306820600939234657564365893479938560799,26.0,702.0,695.0,0.022691,0.042899,0.042899,0.06559,0.93441
195.0,39520094337921324612196662792851626492332520911673811699729,26.0,878.0,861.0,0.009415,0.03149,0.071209,0.080624,0.919376
195.0,48712327583936410948919472729136236367597407084610635272833,26.0,459.0,459.0,0.022114,0.022114,0.0,0.022114,0.977886
195.0,40655326120160876332407096732056168721873529846326635963177,26.0,429.0,425.0,0.03513,0.062192,0.062192,0.09732199999999999,0.902678
195.0,49535766793358394398954575009134138350900646325935636614543,26.0,578.0,578.0,0.026356,0.026356,0.0,0.026356,0.973644
195.0,41862719142251391308296850055406978004299551713109836123227,26.0,553.0,553.0,0.024009,0.024009,0.0,0.024009,0.975991
195.0,39425775947292327135017849550127493358385136125831647180659,26.0,452.0,447.0,0.0433,0.021441,0.021441,0.06474099999999999,0.9352590000000001
195.0,40030915462863037646967083275653053673838289093488559065567,26.0,593.0,588.0,0.044856,0.056309,0.056309,0.101165,0.898835
195.0,40570734708690516020996671408225641495385595046735671957119,26.0,422.0,422.0,0.037407,0.037407,0.0,0.037407,0.962593
195.0,40934085183179492462123851985126002111578252845347853305697,26.0,476.0,476.0,0.060491,0.060491,0.0,0.060491,0.939509
195.0,35128682060529629825193792168573153198841552039371874266881,26.0,441.0,428.0,0.020399,0.025509,0.08155399999999999,0.10195299999999999,0.898047
195.0,33386520498533519946398383478624977467807699443830033789513,26.0,557.0,557.0,0.057878,0.057878,0.0,0.057878,0.942122
195.0,40141148770606288794672640695647670636575757821310805897243,26.0,508.0,505.0,0.020944,0.016079,0.025033,0.045977000000000004,0.954023
195.0,40490518455055723132909066555944613680023787528271085543291,26.0,555.0,555.0,0.023224,0.023224,0.0,0.023224,0.976776
195.0,47614627301874134935455529116186115164906112363136503150483,26.0,633.0,626.0,0.116759,0.137678,0.137678,0.254437,0.745563
195.0,34473817038037491202068900808519350419613875057302440357481,26.0,563.0,563.0,0.014551,0.014551,0.0,0.014551,0.985449
196.0,95168415107121660560916881793289203952418490854465168975321,26.0,661.0,661.0,0.081224,0.081224,0.0,0.081224,0.918776
196.0,90009791547499984548910278716753576073152720702817059055901,26.0,495.0,495.0,0.018204,0.018204,0.0,0.018204,0.981796
196.0,87459073763838296701927301523704259554148918532862184975629,26.0,521.0,521.0,0.05058,0.05058,0.0,0.05058,0.94942
196.0,70309503501777340343079821334567642537559966663221390472973,26.0,455.0,455.0,0.055608,0.055608,0.0,0.055608,0.944392
196.0,95305038515393842196007534454562012255827385548443606952501,26.0,565.0,565.0,0.037268,0.037268,0.0,0.037268,0.962732
196.0,82858880649466251495449216071414702109906561191821038787641,26.0,383.0,383.0,0.037298,0.037298,0.0,0.037298,0.962702
196.0,97083793852684433813008089400054003385653724507596918274297,26.0,649.0,649.0,0.057619,0.057619,0.0,0.057619,0.942381
196.0,99466774561138218293682307547255032274447325955533021392447,26.0,466.0,466.0,0.091285,0.091285,0.0,0.091285,0.9087149999999999
196.0,62333097639089791343889610479116623630492359496474506120427,26.0,804.0,800.0,0.034111,0.016875,0.016875,0.050986000000000004,0.949014
196.0,98202769533374705029605057892210661368086364721024686834069,26.0,574.0,572.0,0.022153,0.009418,0.014719,0.036872,0.963128
196.0,76205915167282914218102341674425274873438928127960827493699,26.0,784.0,784.0,0.014082,0.014082,0.0,0.014082,0.985918
196.0,99735781901275954167800573841902347907225001572434442739617,26.0,685.0,673.0,0.087078,0.078671,0.19540800000000003,0.282486,0.717514
196.0,75523924234554614323219474180414139839611222725124775536109,26.0,456.0,456.0,0.081175,0.081175,0.0,0.081175,0.918825
196.0,98856416133856584127753735193005691636012090201233990732729,26.0,418.0,418.0,0.065267,0.065267,0.0,0.065267,0.934733
196.0,74465721503975476013420915082380026622357493970492148475923,26.0,622.0,600.0,0.019691,0.046309,0.103676,0.123367,0.876633
196.0,93695083979722113939155057731935369089046162236564738423191,26.0,531.0,519.0,0.014523,0.022837,0.022837,0.03736,0.96264
196.0,77879392079591903526474505876698267670805166486636028530899,26.0,471.0,471.0,0.145522,0.145522,0.0,0.145522,0.854478
196.0,84229306643800747300264590699152695007580757244203842094811,26.0,543.0,537.0,0.026709,0.019926,0.019926,0.046634999999999996,0.953365
196.0,94030668663190317444347187347006250211939496898445186865789,26.0,808.0,808.0,0.044029,0.044029,0.0,0.044029,0.955971
196.0,100248369583162082393739261464041339014101482772776091948201,26.0,428.0,414.0,0.040228,0.11416,0.242589,0.282817,0.717183
197.0,167659105655698882339508182915480992256595774433903924122623,26.0,1512.0,1512.0,0.011117,0.011117,0.0,0.011117,0.988883
197.0,122449747198975822084132001235051055769374123302428745305941,26.0,656.0,652.0,0.003429,0.019685,0.019685,0.023114000000000003,0.976886
197.0,157771390213784769025733801475620067885551276043484431320057,26.0,498.0,498.0,0.028869,0.028869,0.0,0.028869,0.971131
197.0,195362636325845913268639913567995093493514004135984307800363,26.0,535.0,535.0,0.048389,0.048389,0.0,0.048389,0.951611
197.0,160328182105787324869078655378810538500450812696259544941773,26.0,475.0,475.0,0.05801,0.05801,0.0,0.05801,0.94199
197.0,184970800291752440068635983309521468062368504646083676644033,26.0,628.0,628.0,0.011043,0.011043,0.0,0.011043,0.988957
197.0,164144776080649194883406513297516553025716555924591056615183,26.0,428.0,428.0,0.023788,0.023788,0.0,0.023788,0.976212
197.0,140818764650826975296987375129283355966942621459853255150479,26.0,546.0,546.0,0.019194,0.019194,0.0,0.019194,0.980806
197.0,189022387984517778950705123442972032908094852334290657306231,26.0,426.0,426.0,0.332173,0.332173,0.0,0.332173,0.667827
197.0,172220763612696405396243073018306035394484382521705030045911,26.0,434.0,423.0,0.073187,0.037382,0.15035099999999998,0.223538,0.776462
197.0,154481106607181704446691691500013964555830349483415881254479,26.0,721.0,721.0,0.011444,0.011444,0.0,0.011444,0.988556
197.0,138116520840863501578382275910208792542013786200119809943421,26.0,467.0,467.0,0.036452,0.036452,0.0,0.036452,0.963548
197.0,128167436666847967508432921399395745683533771986744909507099,26.0,464.0,460.0,0.029578,0.044989,0.071184,0.10076199999999999,0.899238
197.0,179430245545432323474984038609312519060231752952330260578973,26.0,614.0,614.0,0.014609,0.014609,0.0,0.014609,0.985391
197.0,164907321185035410613697079130730386934791247649211425433501,26.0,622.0,609.0,0.021248,0.01323,0.05463499999999999,0.07588299999999999,0.924117
197.0,149559974584198894049055200074096371180280008283748787845411,26.0,410.0,410.0,0.269563,0.269563,0.0,0.269563,0.730437
197.0,141960287108387193832375793429518062558146806429474522246723,26.0,496.0,495.0,0.14032,0.059814,0.059814,0.200134,0.799866
197.0,117962418323306660486403773161381103053143923297611666689523,26.0,468.0,455.0,0.05299,0.040527,0.094854,0.147844,0.852156
197.0,159003940652452327574248903060253950134870172438916155070369,26.0,665.0,662.0,0.017976,0.051888,0.051888,0.069864,0.930136
197.0,186310928751907307724815625865601039478473930304908425333493,26.0,796.0,796.0,0.011239,0.011239,0.0,0.011239,0.988761
198.0,358800385741478548379741226608716034844371071935561085305833,26.0,586.0,586.0,0.055724,0.055724,0.0,0.055724,0.944276
198.0,361832547229010809777991703475089455145922714751449984988413,26.0,390.0,390.0,0.070807,0.070807,0.0,0.070807,0.929193
198.0,366234672716741757435258864069198637471462810470347219616629,26.0,679.0,667.0,0.008836,0.009595,0.009595,0.018431,0.981569
198.0,381944248262064685581254962871209750407378184907165945167889,26.0,573.0,553.0,0.017285000000000002,0.009483,0.09752100000000001,0.11480600000000002,0.885194
198.0,354687072527494597410093290280585584399421663969934020853223,26.0,573.0,564.0,0.021252,0.128719,0.44487899999999997,0.46613099999999996,0.533869
198.0,379245416457437245542302776449664948360818185536921628076539,26.0,397.0,397.0,0.065604,0.065604,0.0,0.065604,0.934396
198.0,276003453857523809899467677088049878845070200584331936691041,26.0,521.0,496.0,0.049455,0.038999,0.11863,0.16808499999999998,0.831915
198.0,209990048987204577494427221770767574738889930041728156874193,26.0,582.0,582.0,0.073409,0.073409,0.0,0.073409,0.9265909999999999
198.0,256901948110234610129862767369945243180538397102365122358427,26.0,463.0,449.0,0.031511,0.016791,0.016791,0.048302,0.951698
198.0,392896855902880253325160541666344098709384930507930453171681,26.0,458.0,452.0,0.050564,0.06058,0.121259,0.171823,0.8281769999999999
198.0,261148592887412956171116968549303549257459540886776423198739,26.0,491.0,483.0,0.027207,0.008057,0.030825,0.058032,0.941968
198.0,380307295207752593087679241538739081357344508076536875023627,26.0,558.0,558.0,0.089988,0.089988,0.0,0.089988,0.910012
198.0,388299617663319746972489463784551990330983404458676571447693,26.0,495.0,495.0,0.011443,0.011443,0.0,0.011443,0.988557
198.0,328573357774619762260295479993442675189590010826879831896677,26.0,516.0,516.0,0.024503,0.024503,0.0,0.024503,0.975497
198.0,345095965742713044505246800463174842475462680793869138019261,26.0,457.0,453.0,0.076699,0.057049,0.057049,0.133748,0.866252
198.0,292581670931790651470491827458218900376775743841380672403887,26.0,498.0,494.0,0.023927,0.008663,0.017654000000000003,0.04158100000000001,0.958419
198.0,390539114582262272077001713638342490864897532470034331261247,26.0,456.0,456.0,0.058962,0.058962,0.0,0.058962,0.941038
198.0,360504086773559647539204736208829484928785732049355565383643,26.0,386.0,386.0,0.152114,0.152114,0.0,0.152114,0.847886
198.0,235950558879078260282437419803935172239069320587333159451019,26.0,535.0,525.0,0.144201,0.021193,0.115105,0.259306,0.740694
198.0,398227691324642613283526129594013507506766970246599454997939,26.0,640.0,639.0,0.053207000000000004,0.015248,0.015248,0.068455,0.931545
199.0,754357335704061312767906283574368857849729996361323767853021,26.0,543.0,543.0,0.144816,0.144816,0.0,0.144816,0.8551839999999999
199.0,740449135866891063702563724186205751814739503564925633250647,26.0,442.0,442.0,0.055877,0.055877,0.0,0.055877,0.944123
199.0,783572025208462059459081331520531102495696274404533915350617,26.0,489.0,489.0,0.056985,0.056985,0.0,0.056985,0.943015
199.0,689619749063096498116944459976173154436509257531702365821471,26.0,572.0,572.0,0.02844,0.02844,0.0,0.02844,0.97156
199.0,792261444591087612509889756571590671010253289767476929883959,26.0,684.0,684.0,0.061161,0.061161,0.0,0.061161,0.938839
199.0,485165244720747932715066275346273892339756962905587028338027,26.0,448.0,444.0,0.075714,0.015542,0.015542,0.091256,0.908744
199.0,701425127964276666799904563003747018572056891360383272760451,26.0,1086.0,1072.0,0.027173,0.0212,0.086303,0.11347600000000001,0.886524
199.0,790893896840481035276180066252113476643190200344778153065643,26.0,913.0,913.0,0.004238,0.004238,0.0,0.004238,0.995762
199.0,763536298621525364342165189094083117188952849209780027677679,26.0,583.0,583.0,0.009937,0.009937,0.0,0.009937,0.990063
199.0,613617912594322713495151233564022371433770815044783317065269,26.0,811.0,808.0,0.028637,0.006777,0.006777,0.035414,0.9645859999999999
199.0,701969238772333138157522384223588554623546191713496616248319,26.0,461.0,457.0,0.012011,0.026137,0.026137,0.038148,0.961852
199.0,659743727985962787654640554658683537620374805989756454087933,26.0,677.0,668.0,0.021741,0.020657,0.053707,0.075448,0.924552
199.0,690360274208079369250317450856211794224002008122073050016637,26.0,512.0,512.0,0.268554,0.268554,0.0,0.268554,0.731446
199.0,500887070634424955740905032565576942995006631697841024678317,26.0,488.0,488.0,0.061228,0.061228,0.0,0.061228,0.938772
199.0,562515533415072305976115813906881843805019952700501666255663,26.0,474.0,474.0,0.030408,0.030408,0.0,0.030408,0.969592
199.0,687386421009493082281833809951506042909624825066468351426301,26.0,419.0,409.0,0.050094,0.028875,0.028875,0.078969,0.921031
199.0,627831828857047974697867855909832323916998184071016955354641,26.0,552.0,552.0,0.05554,0.05554,0.0,0.05554,0.94446
199.0,531493718748199409115070187956201803475378862922781030803881,26.0,503.0,493.0,0.023211,0.035761,0.15070799999999998,0.173919,0.8260810000000001
199.0,764298723870080571982440894112670628624228896767629734930611,26.0,420.0,420.0,0.121746,0.121746,0.0,0.121746,0.878254
199.0,563561550095967293743840793623207928679303836705271230763571,26.0,746.0,746.0,0.010673,0.010673,0.0,0.010673,0.989327
200.0,1295789132477604807715877944458947246775511838525972200835657,26.0,615.0,615.0,0.032229,0.032229,0.0,0.032229,0.967771
200.0,1580265433117145949318612574335473147379586407902007615572209,26.0,548.0,548.0,0.048229,0.048229,0.0,0.048229,0.951771
200.0,1031264165415914398404034296717937295434353057321618942293977,26.0,641.0,641.0,0.024312,0.024312,0.0,0.024312,0.975688
200.0,942274183107708126744367799889859979943002828490182769563693,26.0,704.0,704.0,0.010716,0.010716,0.0,0.010716,0.989284
200.0,1243256742262564810336975229173603901549307573958804818142771,26.0,583.0,576.0,0.002877,0.006119,0.013903,0.01678,0.98322
200.0,1332260463557925975266900697251791362056896106900938778652773,26.0,677.0,677.0,0.063659,0.063659,0.0,0.063659,0.936341
200.0,1534546510819566200886924830244913417667526810936895301477933,26.0,422.0,422.0,0.036335,0.036335,0.0,0.036335,0.963665
200.0,1457315434423192483527568367362496447605043071246754450536801,26.0,575.0,555.0,0.043846,0.0425,0.17573700000000003,0.21958300000000003,0.7804169999999999
200.0,1515478547137402687976907484166669091143375006869904371011019,26.0,566.0,561.0,0.027673,0.021007,0.048208,0.075881,0.924119
200.0,1328401728722624823335450602027897002059084341229046226740677,26.0,490.0,490.0,0.022323,0.022323,0.0,0.022323,0.977677
200.0,1069405338840333297089210313682851116995000495488370707114107,26.0,852.0,852.0,0.144458,0.144458,0.0,0.144458,0.855542
200.0,1577668914616112972976239927299568044527242009386300299995513,26.0,1004.0,995.0,0.023228,0.00685,0.018106,0.041333999999999996,0.958666
200.0,924932144930952159695588929751342486737404577556159754527249,26.0,431.0,431.0,0.01762,0.01762,0.0,0.01762,0.98238
200.0,1430455149298665257668430782969274466789353299446322896956953,26.0,446.0,446.0,0.018233,0.018233,0.0,0.018233,0.9817670000000001
200.0,1471759896903796862187242593818058236014421372969552658348613,26.0,844.0,844.0,0.026303,0.026303,0.0,0.026303,0.973697
200.0,1024997524686414507856278528573582273997937245288256214142637,26.0,547.0,547.0,0.088982,0.088982,0.0,0.088982,0.911018
200.0,1269662956978065591146754145192337292773571460456699566030607,26.0,523.0,523.0,0.022091,0.022091,0.0,0.022091,0.977909
200.0,1251023694717248924976673861910298094342092199701445949798563,26.0,692.0,688.0,0.023403,0.010513,0.010513,0.033916,0.9660839999999999
200.0,1165094867829338354631660035180329869977597764175158753523867,26.0,540.0,540.0,0.026488,0.026488,0.0,0.026488,0.973512
200.0,1245161625256545119714043746004026254459007086115269518670777,26.0,632.0,632.0,0.026449,0.026449,0.0,0.026449,0.973551
