Bit_length,N,Lattice_dimension,|b_op - t|^2,|vbest - t|^2,P(b_op),P(vbest),P(|vnew - t|^2 < |b_op - t|^2),P(|vnew - t|^2 <= |b_op - t|^2),P(|vnew - t|^2 > |b_op - t|^2)
150.0,1268771206145175299492684899681878877410684841,21.0,724.0,722.0,0.053324,0.025391,0.025391,0.07871500000000001,0.921285
150.0,1403762530472620237905076428332939916844331359,21.0,260.0,260.0,0.247493,0.247493,0.0,0.247493,0.752507
150.0,918882917500502786903408324526441238854631741,21.0,383.0,376.0,0.045212,0.035819,0.118541,0.16375299999999998,0.836247
150.0,1044411862674117053622929515451672202864979129,21.0,396.0,379.0,0.041344,0.062183,0.336172,0.377516,0.622484
150.0,1199592981228806239321120961178599459097610483,21.0,596.0,596.0,0.12026,0.12026,0.0,0.12026,0.87974
150.0,912632394066698132144971044037258218777602291,21.0,352.0,352.0,0.090259,0.090259,0.0,0.090259,0.909741
150.0,1033085278351720441874660444922199074374033881,21.0,429.0,429.0,0.066057,0.066057,0.0,0.066057,0.933943
150.0,1039667922595230805682141254323399644574814367,21.0,689.0,689.0,0.067263,0.067263,0.0,0.067263,0.932737
150.0,1076261801716221769627743498540654753005411033,21.0,569.0,569.0,0.27343399999999995,0.27343399999999995,0.0,0.27343399999999995,0.726566
150.0,868981675879730421007669707059890716656754209,21.0,380.0,380.0,0.058645,0.058645,0.0,0.058645,0.9413549999999999
150.0,1198940008513470371886998720870433706529677289,21.0,286.0,285.0,0.031717,0.028567,0.028567,0.060284000000000004,0.939716
150.0,1001065868810988745766471076060380006588792189,21.0,391.0,390.0,0.024056,0.052409,0.052409,0.076465,0.923535
150.0,1018523197675518130041140861676478171959383813,21.0,330.0,314.0,0.125757,0.029052,0.18092,0.306677,0.693323
150.0,999406335763551690568793874408994581594369181,21.0,293.0,293.0,0.115658,0.115658,0.0,0.115658,0.884342
150.0,1386649915270975663546803936212330370020386207,21.0,322.0,322.0,0.043553,0.043553,0.0,0.043553,0.956447
150.0,1252835724482748605844023934169349660374906087,21.0,379.0,379.0,0.044445,0.044445,0.0,0.044445,0.955555
150.0,1420753685420564064872708676390123998125705549,21.0,325.0,323.0,0.133449,0.083879,0.083879,0.21732800000000002,0.782672
150.0,1076920912535396901213842625717381087368331181,21.0,388.0,388.0,0.034276,0.034276,0.0,0.034276,0.965724
150.0,1124397583306701037985991208303905429810161357,21.0,362.0,352.0,0.027154,0.0313,0.209359,0.236513,0.763487
150.0,1130353955473240791783568532060655958732460941,21.0,392.0,369.0,0.032357,0.033334,0.20585200000000003,0.23820900000000003,0.761791
151.0,2363319035074246419340419055739401443130238059,21.0,484.0,484.0,0.05705,0.05705,0.0,0.05705,0.94295
151.0,2471201957583473321167345886570639941825218311,21.0,363.0,363.0,0.139405,0.139405,0.0,0.139405,0.860595
151.0,2315715608364087921901708175621836301416617007,21.0,256.0,256.0,0.117924,0.117924,0.0,0.117924,0.882076
151.0,2763171157217537386323259861099914830334818519,21.0,580.0,580.0,0.238185,0.238185,0.0,0.238185,0.761815
151.0,1758775630326182635026447808028302358291781499,21.0,276.0,265.0,0.194934,0.190016,0.22971799999999998,0.424652,0.575348
151.0,2188378164211148987192836592303698338909975503,21.0,309.0,309.0,0.088943,0.088943,0.0,0.088943,0.911057
151.0,1829627983140478483810934234803641664206450619,21.0,357.0,346.0,0.18503,0.098106,0.098106,0.283136,0.716864
151.0,1569735030968914361557174823910579735657956107,21.0,275.0,275.0,0.18741,0.18741,0.0,0.18741,0.81259
151.0,2843239852874861508784440371081621911410347591,21.0,564.0,551.0,0.10395599999999999,0.035357,0.063196,0.167152,0.832848
151.0,2624675574003230296718034974584383454961661761,21.0,604.0,574.0,0.028023999999999997,0.033592,0.26975699999999986,0.29778099999999985,0.7022190000000001
151.0,1746328694271824837631752461766830788699201941,21.0,491.0,491.0,0.076994,0.076994,0.0,0.076994,0.923006
151.0,2456234120258232727729365675070691784694223131,21.0,627.0,627.0,0.078427,0.078427,0.0,0.078427,0.921573
151.0,2689914182894566195371701173819301836708498979,21.0,375.0,375.0,0.022199,0.022199,0.0,0.022199,0.977801
151.0,2472879649799491864465871187917726124213054643,21.0,370.0,356.0,0.015191,0.018126,0.040451,0.055642,0.944358
151.0,2641928437820330089399895839369416426912654047,21.0,586.0,580.0,0.056246000000000004,0.029993,0.096747,0.152993,0.8470070000000001
151.0,2217024583566038902931835040749210710155293863,21.0,311.0,308.0,0.04201,0.027576,0.050572,0.092582,0.9074180000000001
151.0,2795955547593262531562466415054318143278579719,21.0,370.0,368.0,0.041714,0.023419,0.023419,0.065133,0.934867
151.0,2754384674264655946791346511962590129499967297,21.0,526.0,523.0,0.064641,0.049085,0.049085,0.113726,0.886274
151.0,1922698035563121141756137662031262831101446511,21.0,278.0,278.0,0.478601,0.478601,0.0,0.478601,0.521399
151.0,2578633082003778088940013102956628479805360761,21.0,498.0,498.0,0.075665,0.075665,0.0,0.075665,0.924335
152.0,3650146379785934850995660671580553841765454981,21.0,277.0,277.0,0.032241,0.032241,0.0,0.032241,0.967759
152.0,4447694107941335768274189003948589146948883409,21.0,404.0,401.0,0.15220299999999998,0.086409,0.172764,0.324967,0.675033
152.0,5304044781028480773455459789567804501864780699,21.0,371.0,371.0,0.176466,0.176466,0.0,0.176466,0.823534
152.0,5225791236691602749703859113684043992716841463,21.0,412.0,399.0,0.082855,0.063027,0.18051999999999996,0.26337499999999997,0.7366250000000001
152.0,5425403301002418901669361546561888615280596761,21.0,371.0,363.0,0.137243,0.177059,0.177059,0.31430199999999997,0.685698
152.0,5202335230032226630491022567996748864390119873,21.0,420.0,420.0,0.059005,0.059005,0.0,0.059005,0.940995
152.0,4003774395708740189647636396775460720094087057,21.0,316.0,316.0,0.068703,0.068703,0.0,0.068703,0.931297
152.0,5276249290787396224699127825641594167433771223,21.0,338.0,338.0,0.130687,0.130687,0.0,0.130687,0.869313
152.0,4381176969443188923764265381058182084891594073,21.0,467.0,467.0,0.021092,0.021092,0.0,0.021092,0.978908
152.0,5541991812747053012003965966406093820220699999,21.0,288.0,288.0,0.12408,0.12408,0.0,0.12408,0.87592
152.0,5648300508047326241541247933495397085050508533,21.0,375.0,350.0,0.075044,0.151664,0.43418799999999996,0.5092319999999999,0.4907680000000001
152.0,4837654055687374110886315087296888936559582543,21.0,298.0,291.0,0.189818,0.038071,0.07552400000000001,0.26534199999999997,0.734658
152.0,3169527753809835033737422227494034075208154897,21.0,347.0,347.0,0.057925,0.057925,0.0,0.057925,0.942075
152.0,4751384359859390003700613749548751936187354063,21.0,344.0,344.0,0.061639,0.061639,0.0,0.061639,0.938361
152.0,5115713692797196694227360148049458957592665221,21.0,309.0,295.0,0.085977,0.080621,0.18154399999999998,0.267521,0.732479
152.0,5377906651632174967507002058972880963848446937,21.0,441.0,441.0,0.035999,0.035999,0.0,0.035999,0.964001
152.0,4794192939950703723191510856383251915586655239,21.0,370.0,370.0,0.244084,0.244084,0.0,0.244084,0.755916
152.0,4098436965705153817981088577951066512799793241,21.0,464.0,464.0,0.156105,0.156105,0.0,0.156105,0.8438950000000001
152.0,4397317578261604652631366972202456990923173239,21.0,585.0,585.0,0.115185,0.115185,0.0,0.115185,0.884815
152.0,5641409895201969238429625932613600677431973529,21.0,367.0,341.0,0.042114,0.049888,0.40248899999999993,0.4446029999999999,0.5553970000000001
153.0,7688734886215973313958737522072259896979469359,21.0,478.0,468.0,0.007678,0.035953,0.063393,0.07107100000000001,0.928929
153.0,9965367899123149749669237053467022764500819709,21.0,296.0,296.0,0.312725,0.312725,0.0,0.312725,0.6872750000000001
153.0,8648715940089396413954292296253489279668879831,21.0,325.0,325.0,0.134112,0.134112,0.0,0.134112,0.865888
153.0,9992486217185404533285574560152593379868586411,21.0,283.0,283.0,0.248968,0.248968,0.0,0.248968,0.751032
153.0,8752395201001776336645971436266201719253038903,21.0,281.0,273.0,0.08126,0.062264,0.275819,0.357079,0.6429210000000001
153.0,10307828778112676279744687232183733883997747787,21.0,309.0,296.0,0.164095,0.055351,0.080871,0.244966,0.755034
153.0,8927473020776419491333060829150295244420281503,21.0,458.0,458.0,0.021966,0.021966,0.0,0.021966,0.978034
153.0,7853849523366438727173539795218496833560636149,21.0,456.0,456.0,0.07601,0.07601,0.0,0.07601,0.92399
153.0,8674604146514496475964987674111780570888473743,21.0,264.0,264.0,0.149055,0.149055,0.0,0.149055,0.8509450000000001
153.0,8982522494550749295857332138146435777716539013,21.0,316.0,315.0,0.185107,0.093628,0.093628,0.278735,0.721265
153.0,7465338556163117004724110416934405812498881597,21.0,415.0,415.0,0.258023,0.258023,0.0,0.258023,0.741977
153.0,9002256784614521734062834292945636253381789701,21.0,459.0,459.0,0.091904,0.091904,0.0,0.091904,0.908096
153.0,9730043924092499024899737640031060516457357727,21.0,508.0,503.0,0.072274,0.06588,0.06588,0.138154,0.861846
153.0,7772785559916630760629013439531712505833223283,21.0,334.0,334.0,0.206154,0.206154,0.0,0.206154,0.793846
153.0,6331403492532550906969515225158616949065412553,21.0,329.0,320.0,0.029921,0.015039,0.053769,0.08369,0.91631
153.0,9499729964075602707801866275682306216169333647,21.0,577.0,559.0,0.070311,0.04933,0.222945,0.293256,0.706744
153.0,10623137933847890583214243354934109612727566337,21.0,389.0,378.0,0.048004,0.092462,0.19470500000000002,0.242709,0.7572909999999999
153.0,8298489176359263229418112630907164868713161869,21.0,436.0,434.0,0.029403,0.06080000000000001,0.094501,0.123904,0.876096
153.0,10423403876173039960502215978962041272294895987,21.0,347.0,342.0,0.084272,0.128151,0.24798499999999998,0.33225699999999997,0.667743
153.0,11331438524408402513759859710883003140234689001,21.0,537.0,536.0,0.131797,0.067984,0.067984,0.199781,0.800219
154.0,20144352470088160067192230120293841747066127093,21.0,375.0,374.0,0.229484,0.207506,0.207506,0.43699,0.56301
154.0,13741129409913179912586613425642421907057677927,21.0,315.0,315.0,0.18426,0.18426,0.0,0.18426,0.81574
154.0,22555697926472858658256090868373281917048139777,21.0,452.0,452.0,0.042267,0.042267,0.0,0.042267,0.957733
154.0,21622466558921334027105350728738281221011715713,21.0,462.0,457.0,0.11658199999999999,0.054279,0.102312,0.21889399999999998,0.7811060000000001
154.0,22717282832414613486487854671615889194348202509,21.0,420.0,418.0,0.0667,0.052218,0.115919,0.18261899999999998,0.817381
154.0,15553662272752172389304818266535674850670048197,21.0,315.0,315.0,0.271868,0.271868,0.0,0.271868,0.728132
154.0,16287234057599780494928529944429983938735953333,21.0,317.0,317.0,0.269837,0.269837,0.0,0.269837,0.730163
154.0,20227306669577710217883266196429106847542507013,21.0,597.0,597.0,0.090677,0.090677,0.0,0.090677,0.909323
154.0,18361999857484992568400964915559137162309312233,21.0,348.0,348.0,0.052053,0.052053,0.0,0.052053,0.947947
154.0,17615067981495998635949724796624661825505231481,21.0,451.0,451.0,0.089883,0.089883,0.0,0.089883,0.910117
154.0,16965780184675510815549338206501125311473383031,21.0,364.0,364.0,0.193094,0.193094,0.0,0.193094,0.806906
154.0,17145713058305669983102778787612006911670513347,21.0,448.0,442.0,0.101008,0.065608,0.065608,0.166616,0.833384
154.0,20285317985568063024579677341972941193428143231,21.0,291.0,291.0,0.320319,0.320319,0.0,0.320319,0.679681
154.0,19892574816341431255761561129070142233703448899,21.0,486.0,481.0,0.097061,0.070892,0.16554799999999997,0.262609,0.737391
154.0,14482484907695104154754286426816369245597742123,21.0,405.0,405.0,0.201049,0.201049,0.0,0.201049,0.798951
154.0,21308599822779449843544699903616188167691769657,21.0,402.0,402.0,0.12852,0.12852,0.0,0.12852,0.87148
154.0,19652552707990061015357354059734076466348869901,21.0,360.0,360.0,0.217169,0.217169,0.0,0.217169,0.782831
154.0,15836062588559999481222001755306755400249974411,21.0,319.0,319.0,0.159155,0.159155,0.0,0.159155,0.8408450000000001
154.0,17640605793899812190237760431948486244893089589,21.0,377.0,372.0,0.019151,0.046278,0.046278,0.065429,0.934571
154.0,13200322048523091361380223530828151918467232499,21.0,268.0,265.0,0.116638,0.054559,0.137817,0.254455,0.745545
155.0,31340595875958809044343360964929799034189512361,21.0,445.0,425.0,0.09692100000000001,0.069028,0.43425600000000003,0.531177,0.468823
155.0,33883679322606457824492978417378120332359598171,21.0,337.0,333.0,0.12451,0.049432,0.093856,0.218366,0.7816339999999999
155.0,38431961138800983210425437779183955699273663877,21.0,543.0,535.0,0.04075,0.09321800000000001,0.20113399999999998,0.241884,0.758116
155.0,44842574992398006827792831817449122409176524571,21.0,356.0,354.0,0.042025,0.029544,0.029544,0.071569,0.928431
155.0,44479412022428483167051033854365771430317272061,21.0,537.0,525.0,0.05161,0.038293,0.189099,0.240709,0.7592909999999999
155.0,39653904137769014668557378511260469269135182431,21.0,298.0,298.0,0.1378,0.1378,0.0,0.1378,0.8622
155.0,36615548944643269126239193831815135044946113087,21.0,288.0,288.0,0.42103,0.42103,0.0,0.42103,0.57897
155.0,35728624388846244763032748679732750007278619919,21.0,326.0,326.0,0.118074,0.118074,0.0,0.118074,0.881926
155.0,39471143362465673450737740007926815837598407923,21.0,418.0,409.0,0.023384000000000002,0.023194,0.048187999999999995,0.071572,0.928428
155.0,43620356160753924413764228467447052158522613007,21.0,423.0,423.0,0.11543300000000001,0.11543300000000001,0.0,0.11543300000000001,0.884567
155.0,29666396188587728462615862057347321613786496027,21.0,540.0,521.0,0.034774,0.053024,0.21003100000000005,0.24480500000000005,0.755195
155.0,41677893527522320684434778067984642792936350873,21.0,482.0,482.0,0.140101,0.140101,0.0,0.140101,0.859899
155.0,32675536969479286942701324674137910119680337459,21.0,314.0,314.0,0.061007,0.061007,0.0,0.061007,0.938993
155.0,44919866654372607559021538428305729263662282117,21.0,525.0,525.0,0.04684,0.04684,0.0,0.04684,0.95316
155.0,36452200589072916411983425394632165549777886227,21.0,476.0,452.0,0.05704,0.026134,0.41781,0.47485,0.52515
155.0,33203524258924130270853246380045741567145994259,21.0,434.0,428.0,0.063357,0.04091,0.113625,0.176982,0.823018
155.0,36946503351030864812990481678628454987070959527,21.0,346.0,346.0,0.08196600000000001,0.08196600000000001,0.0,0.08196600000000001,0.918034
155.0,44458044889519333576801527839740244268692202469,21.0,621.0,603.0,0.034718,0.08064,0.24371999999999996,0.27843799999999996,0.721562
155.0,36744155090184780124393526442075144163055399837,21.0,359.0,359.0,0.43785,0.43785,0.0,0.43785,0.5621499999999999
155.0,32611265262434541992311659835491097552848382807,21.0,275.0,275.0,0.114677,0.114677,0.0,0.114677,0.885323
156.0,58842411492108631901824870167723622565249820361,21.0,539.0,538.0,0.067546,0.107829,0.107829,0.175375,0.8246249999999999
156.0,58647263901409677188415888297848821138605832667,21.0,340.0,340.0,0.101053,0.101053,0.0,0.101053,0.8989469999999999
156.0,60691833191625566815713087621249445278906020923,21.0,440.0,435.0,0.160679,0.049573,0.049573,0.210252,0.789748
156.0,83500911560012017920943706628836329963659227611,21.0,397.0,397.0,0.173138,0.173138,0.0,0.173138,0.826862
156.0,79699952235555146846014724188269022467857700953,21.0,420.0,420.0,0.211036,0.211036,0.0,0.211036,0.788964
156.0,68617923715717279114730426060969764483412652871,21.0,561.0,551.0,0.018192,0.068671,0.068671,0.086863,0.913137
156.0,70292815550175575334435593661308688973972707499,21.0,303.0,303.0,0.084697,0.084697,0.0,0.084697,0.915303
156.0,88395906091853951743306426033388820009527178553,21.0,318.0,310.0,0.081452,0.051873,0.051873,0.133325,0.866675
156.0,58490997193338963447736793476829606786651843411,21.0,333.0,324.0,0.110224,0.09768,0.211979,0.322203,0.677797
156.0,88153376653160901709431525294744255033299399513,21.0,438.0,423.0,0.127809,0.069387,0.069387,0.197196,0.802804
156.0,83749952449871415989936799658384575288153567857,21.0,494.0,494.0,0.021854,0.021854,0.0,0.021854,0.978146
156.0,63215896343305696798861673825073441341593157323,21.0,277.0,277.0,0.153699,0.153699,0.0,0.153699,0.846301
156.0,68367618624389291832609274122568807692737410747,21.0,322.0,322.0,0.091228,0.091228,0.0,0.091228,0.908772
156.0,85976042848566498516350067546598036064176697617,21.0,449.0,449.0,0.054125,0.054125,0.0,0.054125,0.945875
156.0,77050956204250174763972617362140681574229342091,21.0,722.0,722.0,0.119448,0.119448,0.0,0.119448,0.880552
156.0,67397778703558464646892241700035691887301648579,21.0,534.0,530.0,0.035781,0.020451,0.063553,0.099334,0.900666
156.0,82158015067987949738815070788850184671973579587,21.0,409.0,371.0,0.042120000000000005,0.036237,0.269159,0.311279,0.688721
156.0,55015423047501982644190563451191716439122432951,21.0,383.0,382.0,0.055432,0.056511,0.056511,0.111943,0.888057
156.0,85336908532608541436048263259686225667526362047,21.0,587.0,582.0,0.066134,0.048508,0.048508,0.114642,0.885358
156.0,56731211956952175175952662358019177731725234237,21.0,354.0,354.0,0.220463,0.220463,0.0,0.220463,0.779537
157.0,120282166308024689728299980121863747670916310267,21.0,413.0,413.0,0.137792,0.137792,0.0,0.137792,0.862208
157.0,120820017068622794622130921127946349513431310843,21.0,495.0,483.0,0.05019,0.041334,0.09855200000000001,0.148742,0.851258
157.0,160354239376266933764514100701359388571858132879,22.0,394.0,394.0,0.086633,0.086633,0.0,0.086633,0.913367
157.0,178540342865713130388740603822271194677254392441,22.0,381.0,376.0,0.038226,0.093811,0.093811,0.13203700000000002,0.867963
157.0,133758242352280888913921190835052846329897153133,21.0,467.0,467.0,0.087126,0.087126,0.0,0.087126,0.912874
157.0,119751792167523699090520105500834166573709024723,21.0,335.0,328.0,0.071355,0.03464,0.03464,0.105995,0.8940049999999999
157.0,142866301722166299614859219990227501097218329553,21.0,386.0,386.0,0.101972,0.101972,0.0,0.101972,0.898028
157.0,159460056477105651797755450704992108220297439993,22.0,320.0,312.0,0.056862,0.064659,0.104962,0.161824,0.838176
157.0,129765827297228317584448178357227745213663923673,21.0,444.0,429.0,0.087509,0.06271,0.14910700000000002,0.23661600000000002,0.763384
157.0,153041151061952724068377978141007513960278537129,21.0,492.0,491.0,0.174367,0.067882,0.067882,0.242249,0.7577510000000001
157.0,112556148137934308610401610728139436816885032007,21.0,319.0,319.0,0.098833,0.098833,0.0,0.098833,0.901167
157.0,155016348949192392834761783400231900623445364769,21.0,506.0,495.0,0.028667,0.0358,0.15383300000000003,0.18250000000000002,0.8175
157.0,165332485530732496445379876290371501984439220227,22.0,400.0,394.0,0.076246,0.08690200000000001,0.126137,0.20238299999999998,0.797617
157.0,173008319555191101708826910175525434497734262397,22.0,280.0,280.0,0.132982,0.132982,0.0,0.132982,0.8670180000000001
157.0,143078279358113528954735774091416278002769110083,21.0,551.0,545.0,0.160348,0.027795,0.027795,0.188143,0.811857
157.0,139537309577365933739952691194841985292959417899,21.0,295.0,295.0,0.13473,0.13473,0.0,0.13473,0.86527
157.0,150381007425703993922643997626233047809831195563,21.0,289.0,289.0,0.107965,0.107965,0.0,0.107965,0.892035
157.0,125414534553540336555987249708054473022979850233,21.0,357.0,342.0,0.059267,0.048615,0.11188,0.171147,0.8288530000000001
157.0,100495160702135079890032717344114075262462068991,21.0,321.0,319.0,0.077443,0.021621,0.021621,0.099064,0.900936
157.0,126081296153973360472994917714723398699218116441,21.0,755.0,751.0,0.029866,0.056487,0.09923099999999999,0.129097,0.870903
158.0,244084876567438940415979589793753210761831799169,22.0,357.0,351.0,0.144046,0.042285,0.042285,0.18633100000000002,0.813669
158.0,311889364802148711770367329783808121108240984963,22.0,419.0,419.0,0.267447,0.267447,0.0,0.267447,0.732553
158.0,315552892616518612169009766705743992617805242163,22.0,286.0,283.0,0.215065,0.086025,0.20256000000000002,0.417625,0.582375
158.0,364568451629159625851465545891850771901219214163,22.0,388.0,374.0,0.048295,0.07475000000000001,0.256155,0.30445,0.69555
158.0,213880798395599609631736184456759089379285659049,22.0,416.0,415.0,0.008501,0.013542,0.013542,0.022043,0.977957
158.0,364596676892949119436289041863521153445811753029,22.0,516.0,513.0,0.066007,0.096352,0.096352,0.16235899999999998,0.8376410000000001
158.0,215840103126036545942721515629965329944602697057,22.0,544.0,539.0,0.127029,0.029764,0.094585,0.221614,0.778386
158.0,259043540185824666457272444893607678141566205487,22.0,341.0,341.0,0.050362,0.050362,0.0,0.050362,0.949638
158.0,311426830077414386887481553693471517445014703609,22.0,348.0,340.0,0.033741,0.033267,0.033267,0.067008,0.932992
158.0,220678872755010770809359894948879428023872635453,22.0,348.0,346.0,0.071045,0.101997,0.101997,0.173042,0.826958
158.0,324273864736092445034262802970079797120470198979,22.0,411.0,411.0,0.1264,0.1264,0.0,0.1264,0.8735999999999999
158.0,335973439137660892963362517099047189556286786761,22.0,301.0,301.0,0.038323,0.038323,0.0,0.038323,0.961677
158.0,282449349227109527988465852865060163003324312407,22.0,331.0,326.0,0.071174,0.127753,0.127753,0.19892700000000002,0.8010729999999999
158.0,208746167169143822300193643710778500356712398063,22.0,467.0,448.0,0.024628999999999998,0.012774,0.22268600000000002,0.247315,0.752685
158.0,334111037801880478290657958251924991420673909189,22.0,475.0,475.0,0.217652,0.217652,0.0,0.217652,0.782348
158.0,278758463930102758470340608089823158233270489379,22.0,309.0,309.0,0.280895,0.280895,0.0,0.280895,0.719105
158.0,334359694784871699894821359716571301393005547539,22.0,363.0,363.0,0.151789,0.151789,0.0,0.151789,0.848211
158.0,266330340319030988935371369155445034828168547083,22.0,345.0,345.0,0.02354,0.02354,0.0,0.02354,0.97646
158.0,304296786548695733429639288499877719781617137947,22.0,576.0,572.0,0.042146,0.029526,0.029526,0.071672,0.928328
158.0,363187749995613157299748064319278147359621272623,22.0,645.0,645.0,0.156498,0.156498,0.0,0.156498,0.843502
159.0,686564447258462630098219799118347627120122126259,22.0,503.0,492.0,0.043767,0.055681,0.15511999999999998,0.19888699999999998,0.801113
159.0,589551271893462661314759463097397605089591304053,22.0,488.0,488.0,0.094728,0.094728,0.0,0.094728,0.905272
159.0,631182522272441179585206326884145264567358144641,22.0,291.0,287.0,0.145106,0.14405,0.193804,0.33891000000000004,0.66109
159.0,436106084503182412560423534629337392438805726397,22.0,489.0,484.0,0.113912,0.042734,0.042734,0.156646,0.8433539999999999
159.0,614365874960561724255698902936314085451009978123,22.0,417.0,417.0,0.205143,0.205143,0.0,0.205143,0.794857
159.0,652808814800014009591626662453549818193223047839,22.0,670.0,670.0,0.043497,0.043497,0.0,0.043497,0.956503
159.0,431497693573687811342235449780503037093880478249,22.0,421.0,421.0,0.016214,0.016214,0.0,0.016214,0.983786
159.0,641417960009003073536715539762385574694132608057,22.0,297.0,297.0,0.260056,0.260056,0.0,0.260056,0.7399439999999999
159.0,556755493522333610334550996104356886728067513937,22.0,453.0,452.0,0.076274,0.13402699999999998,0.13402699999999998,0.21030099999999996,0.789699
159.0,518738300042543123329242792010704876266634471203,22.0,512.0,509.0,0.091044,0.057536,0.057536,0.14858,0.8514200000000001
159.0,622775601463755434010798895296308923399679148479,22.0,345.0,340.0,0.034565,0.085002,0.11582999999999999,0.150395,0.8496049999999999
159.0,721092743353983610239239300767561842232656810121,22.0,367.0,367.0,0.05251,0.05251,0.0,0.05251,0.9474899999999999
159.0,725700541872878647978311987906512435448724917323,22.0,306.0,306.0,0.065123,0.065123,0.0,0.065123,0.934877
159.0,680792306276738068787445684933623704836521586517,22.0,385.0,385.0,0.187258,0.187258,0.0,0.187258,0.812742
159.0,609838293034917899422422535971964737888944079431,22.0,549.0,536.0,0.034189,0.048878,0.155554,0.189743,0.810257
159.0,500003566005968344293642166685142120533963613397,22.0,365.0,358.0,0.04960199999999999,0.015953,0.05322199999999999,0.10282399999999998,0.897176
159.0,672585552363075626030436013518741587083784197091,22.0,926.0,926.0,0.013916,0.013916,0.0,0.013916,0.986084
159.0,667853203575891446356676483576275288677930218477,22.0,335.0,335.0,0.044148,0.044148,0.0,0.044148,0.955852
159.0,452729177399062213984412625994093209513957053659,22.0,474.0,474.0,0.090186,0.090186,0.0,0.090186,0.909814
159.0,718517666115847144224280227758502807408113808437,22.0,572.0,572.0,0.12221,0.12221,0.0,0.12221,0.87779
160.0,1115913240165002032294944939882858364194015937199,22.0,333.0,322.0,0.045154,0.109519,0.222848,0.26800199999999996,0.731998
160.0,1440912770676709848638629792376134253525608074541,22.0,585.0,585.0,0.05128,0.05128,0.0,0.05128,0.94872
160.0,933815358984064483011197510331330335221655664157,22.0,366.0,366.0,0.110091,0.110091,0.0,0.110091,0.8899090000000001
160.0,969243323728712475535486623630623651719920512731,22.0,379.0,372.0,0.076014,0.053371,0.087123,0.163137,0.836863
160.0,1076466504888089627494905309713319219664710433643,22.0,364.0,356.0,0.068145,0.088275,0.162846,0.230991,0.769009
160.0,1421116437931458286969196379690998986504855152749,22.0,547.0,543.0,0.046734,0.043659,0.10581600000000001,0.15255000000000002,0.84745
160.0,1172553592352544090305146581654443943982800468347,22.0,372.0,363.0,0.053290000000000004,0.029428,0.10627099999999999,0.159561,0.8404389999999999
160.0,909793617870750937141425081136809004936031725807,22.0,854.0,828.0,0.024253999999999998,0.047764,0.228819,0.253073,0.746927
160.0,1057437110620229076506102833609193814696668318251,22.0,403.0,388.0,0.068696,0.034458,0.21077299999999996,0.27946899999999997,0.720531
160.0,1272489506939449407441353102540516266393948251787,22.0,375.0,375.0,0.17981,0.17981,0.0,0.17981,0.82019
160.0,1080313044916089688695708805273339794814591207951,22.0,324.0,324.0,0.256766,0.256766,0.0,0.256766,0.743234
160.0,1149353867679185877473020663684612261737991945873,22.0,307.0,307.0,0.091342,0.091342,0.0,0.091342,0.908658
160.0,983949157142389589790721652739207946878875195771,22.0,343.0,343.0,0.040341,0.040341,0.0,0.040341,0.959659
160.0,1361143599389480694086689546211220334021828686817,22.0,408.0,396.0,0.004929,0.089482,0.251614,0.256543,0.743457
160.0,1021091838147883904869937336936298707335596006313,22.0,426.0,424.0,0.10725399999999999,0.045697,0.045697,0.152951,0.8470489999999999
160.0,1294988162211010208686476509915675738782236322669,22.0,396.0,396.0,0.15429,0.15429,0.0,0.15429,0.84571
160.0,1122941529731570548110403398235866601161586536011,22.0,347.0,347.0,0.087276,0.087276,0.0,0.087276,0.912724
160.0,1432805530443255062195929071604085524855630107221,22.0,320.0,320.0,0.107015,0.107015,0.0,0.107015,0.892985
160.0,1153032896620140114746318270771321999716861546507,22.0,421.0,421.0,0.054493,0.054493,0.0,0.054493,0.945507
160.0,964310714558373662737593657033125267637818078167,22.0,351.0,351.0,0.088324,0.088324,0.0,0.088324,0.911676
161.0,2549342994142969438502207735324263431486603124709,22.0,338.0,338.0,0.169899,0.169899,0.0,0.169899,0.830101
161.0,2681100216348215889829625802961254331665674276717,22.0,392.0,392.0,0.028266,0.028266,0.0,0.028266,0.971734
161.0,2880298692764464678292391755309173496702002183049,22.0,447.0,447.0,0.010416,0.010416,0.0,0.010416,0.989584
161.0,1772591985057680454231176923477927954936575167497,22.0,298.0,298.0,0.302986,0.302986,0.0,0.302986,0.697014
161.0,2083705746610030102470078930728254734269258767559,22.0,404.0,400.0,0.065417,0.075888,0.13971499999999998,0.20513199999999998,0.794868
161.0,2592051223899969308896255211589583595849607840917,22.0,519.0,503.0,0.0862,0.065987,0.23269700000000001,0.318897,0.681103
161.0,1964444950659050423101133436896095725128026615861,22.0,323.0,286.0,0.054164000000000004,0.205056,0.5436420000000001,0.5978060000000001,0.40219399999999994
161.0,2664894503748551145754658751022334263049302504109,22.0,396.0,396.0,0.049757,0.049757,0.0,0.049757,0.950243
161.0,2890667027374661591725712210164725411830649644971,22.0,457.0,456.0,0.03641,0.019319,0.019319,0.055729,0.944271
161.0,2315237919643127678001317504649602348775135239989,22.0,410.0,410.0,0.058241,0.058241,0.0,0.058241,0.941759
161.0,2263615665739021443959839330064499024174205984757,22.0,356.0,354.0,0.058344,0.078296,0.12770900000000002,0.18605300000000002,0.813947
161.0,2715737041694779962072587570440702427479596688267,22.0,368.0,368.0,0.165466,0.165466,0.0,0.165466,0.834534
161.0,2242913431855633380375884470582819076336280851693,22.0,555.0,551.0,0.04001,0.044723,0.089,0.12900999999999999,0.87099
161.0,2196055705110050413211594819707917380387387874647,22.0,488.0,481.0,0.078799,0.053806,0.09363199999999999,0.172431,0.827569
161.0,2386559963764208317133465196705396071874399113177,22.0,442.0,442.0,0.274779,0.274779,0.0,0.274779,0.725221
161.0,2496018222066887071360307538619052262154796275933,22.0,441.0,441.0,0.322623,0.322623,0.0,0.322623,0.677377
161.0,2643999513168057204584957107582487653622472397817,22.0,464.0,464.0,0.10761,0.10761,0.0,0.10761,0.89239
161.0,2635743115320503461112643487699959884803825828717,22.0,392.0,392.0,0.048951,0.048951,0.0,0.048951,0.951049
161.0,2825605982926347409937517778879057613012900909681,22.0,419.0,419.0,0.091505,0.091505,0.0,0.091505,0.908495
161.0,1945681273593238791686785823639092496168175333883,22.0,416.0,416.0,0.11733,0.11733,0.0,0.11733,0.88267
162.0,5142726192263316119305765044724202366191059020131,22.0,400.0,392.0,0.119338,0.021144,0.021144,0.140482,0.859518
162.0,4356714020119985091707387224305757015484033268083,22.0,365.0,334.0,0.006555999999999999,0.054965,0.430201,0.436757,0.5632429999999999
162.0,5760088733269586802798761031015562375783053998981,22.0,396.0,384.0,0.034934,0.023174,0.023174,0.058108,0.941892
162.0,5126536210830929842911126218863559555593079772241,22.0,439.0,432.0,0.139956,0.01283,0.034938,0.174894,0.825106
162.0,4355984306317180250941284630714493550289288293197,22.0,531.0,525.0,0.030435,0.072071,0.072071,0.102506,0.897494
162.0,5372238624316637074604877264416233805336449398107,22.0,363.0,363.0,0.061282,0.061282,0.0,0.061282,0.9387179999999999
162.0,3370953511586955617438834489704567964510236112387,22.0,319.0,319.0,0.008452,0.008452,0.0,0.008452,0.991548
162.0,5654048134438701321190467092520015125597334765619,22.0,896.0,896.0,0.082002,0.082002,0.0,0.082002,0.917998
162.0,5347560175544712010315634817224870510859508906709,22.0,429.0,421.0,0.036474,0.032912,0.16884900000000003,0.20532300000000003,0.794677
162.0,5736419416140119735836049169364015628764346059723,22.0,781.0,769.0,0.014075,0.007461,0.102241,0.116316,0.883684
162.0,4650109252981784028797300655435682334415722439709,22.0,485.0,485.0,0.100379,0.100379,0.0,0.100379,0.899621
162.0,4851575313540019468754262146798472592699356416503,22.0,446.0,440.0,0.067318,0.038969,0.180212,0.24753000000000003,0.75247
162.0,4620052361353557581946034404083231874642184874639,22.0,448.0,448.0,0.078791,0.078791,0.0,0.078791,0.921209
162.0,5522800988337253824728791418632480547260333713827,22.0,416.0,410.0,0.0162,0.011572,0.011572,0.027771999999999998,0.972228
162.0,5499586014822265836968576304450001678297022377393,22.0,653.0,653.0,0.072655,0.072655,0.0,0.072655,0.927345
162.0,3564133393297332356275713734544213713680389996917,22.0,367.0,367.0,0.052422,0.052422,0.0,0.052422,0.947578
162.0,5515322111725050184603784308918954761722437406837,22.0,388.0,388.0,0.043773,0.043773,0.0,0.043773,0.956227
162.0,4485461183490214672847356727639397071039303926699,22.0,353.0,353.0,0.076722,0.076722,0.0,0.076722,0.923278
162.0,5195480640606091839263058107075820094394110075261,22.0,376.0,364.0,0.027608,0.070325,0.192168,0.219776,0.780224
162.0,5741107958946558148650160180297387601202820663099,22.0,476.0,465.0,0.063467,0.066852,0.11562599999999999,0.179093,0.820907
163.0,9747578468936317254902406784741698921811080904511,22.0,383.0,374.0,0.12276499999999999,0.03102,0.082595,0.20536,0.79464
163.0,10111701947436338618707597112719816959644907307921,22.0,489.0,489.0,0.049717,0.049717,0.0,0.049717,0.950283
163.0,9500974977324321481710304769960767745184067228853,22.0,360.0,360.0,0.157801,0.157801,0.0,0.157801,0.842199
163.0,10923265258610933252939304751090963667320491815059,22.0,360.0,360.0,0.104117,0.104117,0.0,0.104117,0.895883
163.0,6277296598420519157375291811600475171257085054819,22.0,292.0,292.0,0.104416,0.104416,0.0,0.104416,0.895584
163.0,9231618602773719751425117097585869209969078112883,22.0,451.0,451.0,0.111161,0.111161,0.0,0.111161,0.888839
163.0,10035352768951452538707551978057565508665635317309,22.0,447.0,447.0,0.027173,0.027173,0.0,0.027173,0.972827
163.0,7654209071367977951897371689264431599631570961337,22.0,332.0,331.0,0.161993,0.025423,0.025423,0.187416,0.812584
163.0,10824194889247063645916265364865318315163275587691,22.0,333.0,333.0,0.223429,0.223429,0.0,0.223429,0.776571
163.0,7007067855178084077334907729020251703138388423407,22.0,589.0,589.0,0.052779,0.052779,0.0,0.052779,0.947221
163.0,11563629162960767561469993435982566900206290797341,22.0,329.0,325.0,0.116974,0.125839,0.125839,0.242813,0.757187
163.0,10432647582007091942814866236806348920448169897081,22.0,379.0,379.0,0.135047,0.135047,0.0,0.135047,0.864953
163.0,11013321740409425001654829975108773198879722323169,22.0,488.0,486.0,0.079635,0.123177,0.123177,0.202812,0.797188
163.0,11388208541060705561819087229232095358667380786273,22.0,550.0,544.0,0.011341,0.028116,0.043394999999999996,0.05473599999999999,0.945264
163.0,11103735522688372546281614770298463681690271542443,22.0,490.0,490.0,0.123114,0.123114,0.0,0.123114,0.876886
163.0,8215686036974456744106483973928387713743004968589,22.0,435.0,428.0,0.036267,0.09801099999999999,0.09801099999999999,0.13427799999999998,0.865722
163.0,10366420373188722818237768081269384282174284586279,22.0,496.0,496.0,0.100433,0.100433,0.0,0.100433,0.899567
163.0,9887493049291697627584648336712714992824228820507,22.0,392.0,371.0,0.018886,0.056191,0.07320299999999999,0.09208899999999999,0.907911
163.0,11291772697596805962306082330181863662191216703401,22.0,662.0,662.0,0.029871,0.029871,0.0,0.029871,0.970129
163.0,8629299483287912574962165393081179705241759373329,22.0,516.0,510.0,0.010024,0.04256,0.04256,0.052584,0.947416
164.0,20210344270042780228524473590981781384374263250651,22.0,682.0,673.0,0.01362,0.024121,0.089983,0.103603,0.896397
164.0,17385754946083473907588211247263282920082635440931,22.0,454.0,454.0,0.079064,0.079064,0.0,0.079064,0.920936
164.0,15065200337324516365624234372840728893791849883677,22.0,517.0,517.0,0.100711,0.100711,0.0,0.100711,0.899289
164.0,20001274208685757373389824972298109151192644683421,22.0,441.0,441.0,0.17292,0.17292,0.0,0.17292,0.82708
164.0,23206373050027225840725924288883018652907266761573,22.0,379.0,379.0,0.064928,0.064928,0.0,0.064928,0.935072
164.0,22025345891505684794425190360346292788092251835117,22.0,311.0,311.0,0.076465,0.076465,0.0,0.076465,0.923535
164.0,17433500709489283073258616221836367960841092957683,22.0,420.0,416.0,0.13853,0.060305,0.23538199999999998,0.37391199999999997,0.626088
164.0,20619243792726008996626054260855579390889646661671,22.0,506.0,498.0,0.012668,0.006864,0.040647,0.053315,0.946685
164.0,17851954102483708548111820947964979316071559518321,22.0,496.0,489.0,0.067734,0.056993,0.056993,0.124727,0.875273
164.0,15520227091786292775179646082304899324457570987803,22.0,414.0,409.0,0.135644,0.01438,0.080956,0.2166,0.7834
164.0,21025509716353739955780362583473341923163070100707,22.0,489.0,489.0,0.126958,0.126958,0.0,0.126958,0.873042
164.0,14498146431977835998639783360838649091026316741701,22.0,502.0,500.0,0.091965,0.064935,0.064935,0.1569,0.8431
164.0,19111791960401045569879778943278968002523890458231,22.0,312.0,305.0,0.09058100000000001,0.027651,0.090844,0.181425,0.818575
164.0,16530301572124410378960034538876085010836459672467,22.0,301.0,301.0,0.12275,0.12275,0.0,0.12275,0.87725
164.0,18221873864190480631751119997397311265906143427919,22.0,639.0,624.0,0.047211,0.070288,0.35497200000000007,0.40218300000000007,0.5978169999999999
164.0,19509002958117864345830026901941875949728480482351,22.0,651.0,645.0,0.23517500000000002,0.035215,0.035215,0.27039,0.72961
164.0,22672286378997470934496964350911104497412505665789,22.0,431.0,421.0,0.053504,0.057861,0.057861,0.111365,0.888635
164.0,23046477364042922130498611236049763734841923672321,22.0,558.0,546.0,0.022358,0.048282,0.09614400000000001,0.11850200000000001,0.881498
164.0,17549286263321631100185248104947257910955608889553,22.0,367.0,367.0,0.177272,0.177272,0.0,0.177272,0.822728
164.0,21059636316678691840527110401614339175235554714931,22.0,487.0,486.0,0.017079,0.022817,0.022817,0.039896,0.960104
165.0,41832933592112304400801943026671467969363831087923,22.0,334.0,334.0,0.201217,0.201217,0.0,0.201217,0.798783
165.0,35682862411294951100561921127821057964487467339443,22.0,394.0,391.0,0.047914,0.058552,0.058552,0.106466,0.893534
165.0,42835312913720678185448545784074783359123970744159,22.0,379.0,367.0,0.025939,0.027929,0.051033999999999996,0.076973,0.923027
165.0,40881659780738625128558353749592964839279265435171,22.0,339.0,339.0,0.045091,0.045091,0.0,0.045091,0.954909
165.0,45322494471102900510547891895971824081862698563281,22.0,343.0,343.0,0.030699,0.030699,0.0,0.030699,0.969301
165.0,45929128788840959205376511336193947297685265640951,22.0,942.0,934.0,0.120508,0.056099,0.056099,0.17660700000000001,0.823393
165.0,44489998373490387700600426834275888436763809873019,22.0,804.0,804.0,0.032897,0.032897,0.0,0.032897,0.967103
165.0,35790092378947652923809024031202004014344249255817,22.0,461.0,460.0,0.051892,0.017123,0.017123,0.06901499999999999,0.930985
165.0,45161106773899709982331683988937842529673051859151,22.0,505.0,505.0,0.135921,0.135921,0.0,0.135921,0.864079
165.0,41611075822328138418773040753161992670148754649183,22.0,399.0,399.0,0.033993,0.033993,0.0,0.033993,0.966007
165.0,43893688025396579244143003549941949711112694897597,22.0,592.0,577.0,0.00803,0.009127,0.21163600000000002,0.21966600000000003,0.780334
165.0,38949108443317524477011125919734633057707138102373,22.0,444.0,444.0,0.142875,0.142875,0.0,0.142875,0.857125
165.0,44506757530726502698455041633661918108484228681201,22.0,572.0,567.0,0.026813,0.017098,0.017098,0.043911,0.956089
165.0,45700176760813962794447132804379570073089321130619,22.0,410.0,410.0,0.206955,0.206955,0.0,0.206955,0.793045
165.0,36717319074712975178793976563482551630954666600147,22.0,490.0,490.0,0.370785,0.370785,0.0,0.370785,0.6292150000000001
165.0,40081717737177734357477768258828819203380673838299,22.0,454.0,449.0,0.06601,0.044058,0.044058,0.110068,0.889932
165.0,42668271582757088828333733690941986896240697265291,22.0,337.0,337.0,0.021153,0.021153,0.0,0.021153,0.978847
165.0,42066162699265700510000155471171171993026790897181,22.0,335.0,325.0,0.08268099999999999,0.042495,0.056852,0.139533,0.860467
165.0,43079437256800894081452117481597778557867932256481,22.0,712.0,710.0,0.09782199999999999,0.023014,0.023014,0.120836,0.8791640000000001
165.0,39639751732104952918265482468837059446746603506727,22.0,423.0,422.0,0.119132,0.063552,0.063552,0.182684,0.8173159999999999
166.0,64455071458380183185819126791305562795840205337607,22.0,530.0,530.0,0.043012,0.043012,0.0,0.043012,0.956988
166.0,90075771203582122330247262323941154266135655067703,23.0,589.0,575.0,0.041136,0.066442,0.15803399999999998,0.19916999999999999,0.80083
166.0,72228823129784081606691745887439926673012583025583,22.0,600.0,598.0,0.102744,0.185909,0.185909,0.288653,0.711347
166.0,69837432774442923128016482628855170461287372899371,22.0,397.0,397.0,0.055416,0.055416,0.0,0.055416,0.944584
166.0,89244922194937743144971782767253188914316795885797,23.0,496.0,496.0,0.038639,0.038639,0.0,0.038639,0.961361
166.0,88746453267789363020668583643470490537450658613921,23.0,420.0,417.0,0.025572,0.054505,0.054505,0.080077,0.919923
166.0,88713786474705850221237608801094392192327303798911,23.0,366.0,366.0,0.067443,0.067443,0.0,0.067443,0.932557
166.0,87557406481398096612837568774546924908523956472679,22.0,481.0,481.0,0.076068,0.076068,0.0,0.076068,0.923932
166.0,83804917377281198336877975468864158449629337119497,22.0,411.0,411.0,0.131692,0.131692,0.0,0.131692,0.868308
166.0,81569638913156092214718111347132660641468885512997,22.0,377.0,376.0,0.160315,0.07273,0.07273,0.233045,0.766955
166.0,52608719657148563796512530136536674250280158137673,22.0,590.0,590.0,0.038669,0.038669,0.0,0.038669,0.961331
166.0,89221264190598117801701321295581964396857406691793,23.0,366.0,366.0,0.06326,0.06326,0.0,0.06326,0.93674
166.0,91421352408629645983856436933886907626516790327531,23.0,393.0,393.0,0.217758,0.217758,0.0,0.217758,0.782242
166.0,92354408607697290294087669975129842220424154225839,23.0,336.0,335.0,0.05117,0.012966,0.012966,0.064136,0.935864
166.0,90307244958886521065070588400571519599452170426827,23.0,429.0,416.0,0.094307,0.083062,0.10481399999999999,0.199121,0.800879
166.0,61951676507642868191945772939153670793162317140439,22.0,651.0,638.0,0.008239,0.079358,0.300848,0.309087,0.690913
166.0,57096092534835312898852423687190032724229132615371,22.0,408.0,397.0,0.045845,0.114367,0.209099,0.254944,0.7450559999999999
166.0,77734094079183033282661848210260105535011878058221,22.0,407.0,407.0,0.126724,0.126724,0.0,0.126724,0.8732759999999999
166.0,61439716290799937763975920406477923341938046630307,22.0,504.0,504.0,0.403603,0.403603,0.0,0.403603,0.5963970000000001
166.0,92944946903546196014112302841886638418369209076507,23.0,302.0,302.0,0.096717,0.096717,0.0,0.096717,0.9032830000000001
167.0,185191770581306272864194984747884925328034141094049,23.0,352.0,348.0,0.056529,0.041622,0.041622,0.098151,0.901849
167.0,150753299534321728385042450116986328932503586710791,23.0,384.0,384.0,0.022542,0.022542,0.0,0.022542,0.977458
167.0,122185038003700368219528064449236784866763422689417,23.0,378.0,370.0,0.160952,0.067807,0.105564,0.26651600000000003,0.733484
167.0,178235118269758334366445181520116909697869973267843,23.0,420.0,409.0,0.035394,0.033579,0.053015999999999994,0.08840999999999999,0.91159
167.0,125101284926137051500851455837556179024574472599693,23.0,373.0,373.0,0.028576,0.028576,0.0,0.028576,0.971424
167.0,183608279157579728300471834586610846132033916363009,23.0,423.0,421.0,0.04964,0.02193,0.02193,0.07157,0.92843
167.0,123823837425211259366602079641341299640350463304427,23.0,444.0,444.0,0.048686999999999994,0.048686999999999994,0.0,0.048686999999999994,0.951313
167.0,182738591737141364288038096817725089299414242881199,23.0,346.0,342.0,0.054538,0.184386,0.184386,0.238924,0.761076
167.0,144881986800772159131971678194070421363231610326503,23.0,493.0,486.0,0.050215,0.016991,0.162863,0.21307800000000002,0.786922
167.0,169113029671003783909165383403390189332006078766403,23.0,740.0,728.0,0.029441,0.026958,0.06413,0.093571,0.906429
167.0,180203454172404433999728807424822530543427009853893,23.0,587.0,587.0,0.126179,0.126179,0.0,0.126179,0.873821
167.0,176740473075257510677017027826065071164478066806109,23.0,324.0,324.0,0.098718,0.098718,0.0,0.098718,0.901282
167.0,154708744984764752253150630606148953411120836248223,23.0,504.0,496.0,0.008871,0.013358,0.037648,0.046519000000000005,0.953481
167.0,185822038963156756154989463606402264231845142986571,23.0,509.0,503.0,0.079152,0.038036,0.12969,0.208842,0.791158
167.0,164713641976176077509064527913611509808492198546303,23.0,419.0,419.0,0.079844,0.079844,0.0,0.079844,0.920156
167.0,174143473517067658771245663523001506669684229251583,23.0,294.0,294.0,0.130163,0.130163,0.0,0.130163,0.869837
167.0,134875484299471317108685835177615212803568324951771,23.0,324.0,323.0,0.025256,0.15822,0.15822,0.183476,0.816524
167.0,182071589557326943011646537770784052720010679622671,23.0,437.0,435.0,0.058713,0.015345,0.045909,0.10462199999999999,0.895378
167.0,107723548795615044892707554332906198918982581905521,23.0,412.0,406.0,0.032845,0.032678,0.054116,0.086961,0.913039
167.0,110235062257219473750266489148464622602430677309023,23.0,440.0,437.0,0.170036,0.046465,0.046465,0.216501,0.783499
168.0,355867559027045347481742474164268313169270448267103,23.0,524.0,524.0,0.086447,0.086447,0.0,0.086447,0.9135530000000001
168.0,354354498343882825539049178202420048518235057099511,23.0,359.0,359.0,0.105172,0.105172,0.0,0.105172,0.894828
168.0,297316862371625606791660530918145246188551598375827,23.0,471.0,455.0,0.057263,0.022494,0.12933899999999998,0.186602,0.8133980000000001
168.0,251334070780906996792106667358010626199124871015193,23.0,377.0,375.0,0.043708,0.030542,0.030542,0.07425,0.92575
168.0,266089629335928959939990984219310389073099671366189,23.0,355.0,355.0,0.085126,0.085126,0.0,0.085126,0.914874
168.0,297312478520764466042800805099268401234237086618769,23.0,484.0,483.0,0.031949,0.018594,0.018594,0.050543,0.949457
168.0,252694597694857518298868919901861055603851696256479,23.0,383.0,383.0,0.021922,0.021922,0.0,0.021922,0.978078
168.0,286391540226265125508001191752822610514127971418977,23.0,449.0,441.0,0.041822,0.015842,0.045188,0.08701,0.91299
168.0,318688943619592236326261968753666579542852488008771,23.0,500.0,493.0,0.14075600000000002,0.020048,0.09917000000000001,0.23992600000000003,0.7600739999999999
168.0,348197322658922333549563681800422289216265150015297,23.0,494.0,494.0,0.101272,0.101272,0.0,0.101272,0.898728
168.0,368542669960002587168410129566818072485889583789247,23.0,481.0,467.0,0.073226,0.018208,0.073154,0.14638,0.85362
168.0,268548911990920458790785330758705695531710970965877,23.0,381.0,381.0,0.186916,0.186916,0.0,0.186916,0.813084
168.0,331941207943771650157715950616862772785852585230449,23.0,368.0,368.0,0.080695,0.080695,0.0,0.080695,0.919305
168.0,323877960143720182139921715509016936864755738538083,23.0,371.0,371.0,0.076549,0.076549,0.0,0.076549,0.923451
168.0,363122401231538903702884958200573978698665726858941,23.0,422.0,419.0,0.057161,0.063654,0.095933,0.153094,0.8469059999999999
168.0,308228420728279829232936597270463065825898054642939,23.0,353.0,353.0,0.078309,0.078309,0.0,0.078309,0.921691
168.0,283116060916231999061737214282503740357534622019947,23.0,371.0,371.0,0.055178,0.055178,0.0,0.055178,0.944822
168.0,281428688528495768940994883006958194198779974610219,23.0,478.0,472.0,0.106366,0.08888,0.141567,0.24793300000000001,0.752067
168.0,326678933726286291994787934645555743351568375175913,23.0,420.0,416.0,0.053106,0.007533,0.089639,0.142745,0.857255
168.0,242229774464479250019542042945875041752252033094853,23.0,751.0,751.0,0.121289,0.121289,0.0,0.121289,0.878711
169.0,549419723295960540447780008307906211005792776812829,23.0,472.0,472.0,0.15144,0.15144,0.0,0.15144,0.84856
169.0,664865469281161842324657652489314073194401709162263,23.0,607.0,607.0,0.064663,0.064663,0.0,0.064663,0.935337
169.0,526275837673483487444634125901789672050479746789367,23.0,443.0,427.0,0.11640199999999999,0.116147,0.206672,0.323074,0.676926
169.0,677970966743848576239473283142953742552801707940111,23.0,439.0,432.0,0.035297,0.023692,0.080322,0.115619,0.884381
169.0,657821691628060301322956147101670288895728662024039,23.0,411.0,411.0,0.096463,0.096463,0.0,0.096463,0.903537
169.0,715264587022453456200004920592343027582234072699119,23.0,681.0,667.0,0.055548,0.018584,0.13098100000000001,0.186529,0.813471
169.0,564263055842251392661877742982498545034787789672701,23.0,365.0,361.0,0.03438,0.045054,0.074963,0.109343,0.890657
169.0,709752893570015397017697204082578787464541589122757,23.0,337.0,337.0,0.046511,0.046511,0.0,0.046511,0.953489
169.0,655017367008869539322579634764112530246507710350587,23.0,431.0,431.0,0.038394,0.038394,0.0,0.038394,0.961606
169.0,657292182528951725976013293116638919927942739731969,23.0,348.0,347.0,0.083365,0.145635,0.145635,0.22899999999999998,0.771
169.0,723786901355715251133499133823457447564442130316753,23.0,875.0,875.0,0.115074,0.115074,0.0,0.115074,0.884926
169.0,523829125978495822418790946811975528394043957096661,23.0,390.0,390.0,0.064682,0.064682,0.0,0.064682,0.935318
169.0,541477377066573582590059723667831900889584456117101,23.0,317.0,317.0,0.070247,0.070247,0.0,0.070247,0.929753
169.0,695788992079943252596035093883032289031003550676639,23.0,442.0,442.0,0.18918200000000002,0.18918200000000002,0.0,0.18918200000000002,0.810818
169.0,694333695686916638920533025197721880230919832136049,23.0,362.0,362.0,0.043041,0.043041,0.0,0.043041,0.956959
169.0,485822670269234256517166328139449043912746690035101,23.0,370.0,370.0,0.093487,0.093487,0.0,0.093487,0.906513
169.0,621048212309618498722906441939308335619301463127923,23.0,457.0,454.0,0.041717,0.012681,0.026542999999999997,0.06825999999999999,0.93174
169.0,471378305746743164537629288149409115192944188760511,23.0,382.0,382.0,0.078265,0.078265,0.0,0.078265,0.921735
169.0,679166054805478107698598400374518496104565906945673,23.0,330.0,327.0,0.146456,0.04393,0.04393,0.190386,0.8096140000000001
169.0,478874915531854708795103201026072431746838752011189,23.0,467.0,457.0,0.034719,0.037689,0.09149199999999999,0.126211,0.873789
170.0,1289318240951187150423696809121408247188110724374959,23.0,360.0,360.0,0.049369,0.049369,0.0,0.049369,0.950631
170.0,1317598680651458934736004969973115054629720267802427,23.0,410.0,401.0,0.074496,0.012777,0.089184,0.16368,0.83632
170.0,1387016971391792365767686427962070113773978808021599,23.0,419.0,410.0,0.010724,0.028549,0.150424,0.161148,0.8388519999999999
170.0,1301605848278604502292287990083848668281772339668443,23.0,494.0,491.0,0.083064,0.05494,0.05494,0.13800400000000002,0.861996
170.0,1454027346176602205583289937091731344133146246553801,23.0,541.0,539.0,0.062119,0.064465,0.064465,0.126584,0.873416
170.0,967653528079116878085780463103240904324567568232963,23.0,516.0,516.0,0.029274,0.029274,0.0,0.029274,0.970726
170.0,1261056843454978621289453730316681785701648409889253,23.0,481.0,473.0,0.033902,0.027799,0.161951,0.195853,0.804147
170.0,837639897222655440981696060794566569158254246200341,23.0,448.0,440.0,0.052253999999999995,0.02239,0.103055,0.15530899999999997,0.8446910000000001
170.0,1380352939133440466587651274847015029204065064236727,23.0,665.0,665.0,0.194697,0.194697,0.0,0.194697,0.805303
170.0,1470202321847100083182546960194231350823305902723733,23.0,454.0,454.0,0.126567,0.126567,0.0,0.126567,0.873433
170.0,1395451141662017337518566124235400507157510063162651,23.0,387.0,382.0,0.095599,0.032256,0.032256,0.127855,0.872145
170.0,1443973581327167714924022043427922410334336886476631,23.0,420.0,412.0,0.026244,0.019994,0.019994,0.046238,0.953762
170.0,1248251220039825096428185208030859202496488462447199,23.0,472.0,471.0,0.046109,0.022815,0.022815,0.068924,0.931076
170.0,1485074191992056020325974520634552289818056666197811,23.0,434.0,434.0,0.089169,0.089169,0.0,0.089169,0.910831
170.0,1254247931868399620218293166952069391063175723231013,23.0,507.0,492.0,0.033298,0.019434,0.141822,0.17512,0.8248800000000001
170.0,1257669066486116581118684542985264257389351752099207,23.0,331.0,331.0,0.178098,0.178098,0.0,0.178098,0.821902
170.0,938770475414108901814693140661602364827961258856599,23.0,331.0,331.0,0.311339,0.311339,0.0,0.311339,0.688661
170.0,1066007335410228423895411628779579916508643551606013,23.0,411.0,411.0,0.045188,0.045188,0.0,0.045188,0.954812
170.0,1055641473154584299321451059456907378615225873359927,23.0,445.0,445.0,0.082126,0.082126,0.0,0.082126,0.917874
170.0,1450909537806030357996742850817171901677376101936973,23.0,348.0,330.0,0.033911000000000004,0.067552,0.25719200000000003,0.29110300000000006,0.7088969999999999
171.0,2320628485992640066699844867503781431624090632616007,23.0,407.0,407.0,0.061408,0.061408,0.0,0.061408,0.938592
171.0,2687357138509969949945838036658262421119489089392571,23.0,379.0,379.0,0.067384,0.067384,0.0,0.067384,0.932616
171.0,2179890418570410841271805505892530931206234443075251,23.0,496.0,487.0,0.068539,0.009798,0.009798,0.078337,0.921663
171.0,2643553863724729454040982582317963102955115497112137,23.0,631.0,631.0,0.117212,0.117212,0.0,0.117212,0.882788
171.0,2460627882183105189199201566900305707431196028435837,23.0,479.0,479.0,0.04559,0.04559,0.0,0.04559,0.95441
171.0,2339826321982801679364695234505710301355859790744791,23.0,674.0,674.0,0.042441,0.042441,0.0,0.042441,0.957559
171.0,2758900339445195828507819823171495863952057663997793,23.0,368.0,368.0,0.136161,0.136161,0.0,0.136161,0.863839
171.0,1842882812388021598690092464110026835556610550203901,23.0,649.0,649.0,0.182832,0.182832,0.0,0.182832,0.817168
171.0,2527348162893818585716726864029885307488142009814867,23.0,346.0,346.0,0.061682,0.061682,0.0,0.061682,0.938318
171.0,2837554568622031909115383188427508045834871248866231,23.0,361.0,361.0,0.143747,0.143747,0.0,0.143747,0.8562529999999999
171.0,1980107624548085725945997103475068875829188531206579,23.0,892.0,892.0,0.109969,0.109969,0.0,0.109969,0.890031
171.0,2569544928058170304082873120455860591460518083182909,23.0,514.0,498.0,0.062549,0.058847,0.18295299999999998,0.24550199999999997,0.754498
171.0,2690941433828007792933739463035154894668803736090667,23.0,360.0,356.0,0.055029999999999996,0.06991900000000001,0.06991900000000001,0.124949,0.875051
171.0,2790043200701068932081541267461948287073389647656629,23.0,321.0,321.0,0.021919,0.021919,0.0,0.021919,0.978081
171.0,2090916108644774601950745809429826244133327238488009,23.0,415.0,415.0,0.115954,0.115954,0.0,0.115954,0.884046
171.0,2565736058589956952109798640055629482853606450052707,23.0,496.0,476.0,0.033661,0.022292,0.174906,0.208567,0.791433
171.0,2857998842268811336179375833801691573922890863274847,23.0,694.0,683.0,0.024591,0.024296,0.077206,0.101797,0.898203
171.0,2396493466906125285828056384566870470681794130877669,23.0,439.0,426.0,0.037389,0.048331,0.075018,0.112407,0.887593
171.0,2690381636823230507251275613355703537300523990202027,23.0,517.0,517.0,0.166073,0.166073,0.0,0.166073,0.833927
171.0,2534044398151279155788338071872494168885731333317717,23.0,508.0,508.0,0.089731,0.089731,0.0,0.089731,0.910269
172.0,4462022261486228276470696903183179974341102550314813,23.0,557.0,555.0,0.043765,0.091969,0.091969,0.135734,0.864266
172.0,4973934130046512061706003746504778764546358353047069,23.0,488.0,488.0,0.13711,0.13711,0.0,0.13711,0.8628899999999999
172.0,5648094522288795174255363457633460814882962588225833,23.0,534.0,534.0,0.059891,0.059891,0.0,0.059891,0.940109
172.0,4726592204009198207872992689944913141786425094656837,23.0,797.0,797.0,0.222057,0.222057,0.0,0.222057,0.777943
172.0,5594622054792930920033030420069168546546514996297059,23.0,374.0,357.0,0.08090600000000002,0.050436,0.10735900000000001,0.18826500000000002,0.811735
172.0,5195538082333779164457732930160988690944352296084861,23.0,378.0,375.0,0.165696,0.061725,0.061725,0.227421,0.772579
172.0,4025284698876107182620642633377455297801856255767501,23.0,456.0,447.0,0.14442,0.120353,0.120353,0.264773,0.7352270000000001
172.0,4383786029746298282865883459946099335415639923579151,23.0,509.0,507.0,0.131657,0.044189,0.044189,0.175846,0.824154
172.0,4240211809755560196715516460800231502364014252588639,23.0,406.0,406.0,0.053675,0.053675,0.0,0.053675,0.946325
172.0,5548533853252799042694444930927799861408846535815007,23.0,383.0,383.0,0.186433,0.186433,0.0,0.186433,0.813567
172.0,5437902847130435025801669508069442332314935248409143,23.0,451.0,449.0,0.106713,0.041084,0.041084,0.147797,0.852203
172.0,4141743792397074660421973109728086317758715931017277,23.0,409.0,409.0,0.032277,0.032277,0.0,0.032277,0.967723
172.0,4778987191980938572456617933856060465243353739312487,23.0,457.0,449.0,0.056201,0.038455,0.038455,0.094656,0.905344
172.0,4739381656678028395979571409181320777773237194812847,23.0,386.0,385.0,0.071757,0.032797,0.032797,0.10455400000000001,0.895446
172.0,4804326313493129486456115335738865566041096602990667,23.0,715.0,711.0,0.064836,0.043692,0.043692,0.10852800000000001,0.891472
172.0,4104752537262135739627532234359506058920546702141581,23.0,390.0,390.0,0.082099,0.082099,0.0,0.082099,0.917901
172.0,3803744058813253158320678543084926588928670333519661,23.0,411.0,411.0,0.081336,0.081336,0.0,0.081336,0.918664
172.0,4385465259125919643879994689875257236736934784890611,23.0,477.0,477.0,0.030752,0.030752,0.0,0.030752,0.969248
172.0,5279890751954713468197389506413223751577777606451787,23.0,429.0,419.0,0.047356,0.057736,0.057736,0.105092,0.894908
172.0,4160916851387881458666582220339040710916709604934989,23.0,456.0,456.0,0.044847,0.044847,0.0,0.044847,0.955153
173.0,10923792501645012754794107569655030715119609536422907,23.0,387.0,387.0,0.091382,0.091382,0.0,0.091382,0.908618
173.0,10049473751846112538141515321974984014498020571782187,23.0,341.0,341.0,0.089959,0.089959,0.0,0.089959,0.910041
173.0,11478453237002096953758919917104639903243507350422841,23.0,637.0,637.0,0.22429700000000002,0.22429700000000002,0.0,0.22429700000000002,0.775703
173.0,10169455292752448241266658515571649753093170083937973,23.0,357.0,346.0,0.136301,0.029841,0.06409100000000001,0.20039200000000001,0.799608
173.0,11141435091489660417203162826279290403361648348555217,23.0,404.0,404.0,0.242711,0.242711,0.0,0.242711,0.757289
173.0,11845946756557169576442319415563300804632186316185761,23.0,357.0,356.0,0.09069200000000001,0.029683,0.029683,0.12037500000000001,0.879625
173.0,6606020196711476677748380921663035663590800650212861,23.0,468.0,468.0,0.151689,0.151689,0.0,0.151689,0.848311
173.0,9223304994372936325365139311788951438575340466147653,23.0,363.0,363.0,0.02469,0.02469,0.0,0.02469,0.97531
173.0,9937936138453613172200974798887957858538887333434453,23.0,436.0,429.0,0.035154000000000005,0.034613,0.076559,0.111713,0.888287
173.0,11559606582085509839598371324267429245568074606311239,23.0,368.0,360.0,0.066902,0.072778,0.158142,0.22504400000000002,0.774956
173.0,8567518689055579897923237570331424934191919130124683,23.0,374.0,374.0,0.068814,0.068814,0.0,0.068814,0.931186
173.0,7757833041287954123219330741833398980401403365844671,23.0,495.0,483.0,0.033047,0.022418,0.071416,0.104463,0.895537
173.0,9316049178944443793561813909420289680048038873209887,23.0,692.0,692.0,0.112239,0.112239,0.0,0.112239,0.887761
173.0,9928833671075698004690547493411708722996168864524191,23.0,441.0,435.0,0.09772600000000001,0.085294,0.112856,0.210582,0.789418
173.0,8082599286688078272326597296230019194455017969460353,23.0,399.0,399.0,0.096336,0.096336,0.0,0.096336,0.903664
173.0,11722980560595969629675859144256076147885119391535181,23.0,580.0,554.0,0.029562,0.025808,0.16645600000000005,0.19601800000000005,0.803982
173.0,9593608908661975634163739787876317382759712663032617,23.0,800.0,800.0,0.0119,0.0119,0.0,0.0119,0.9881
173.0,7514341258039837561785554369913705517231217351886269,23.0,514.0,514.0,0.092671,0.092671,0.0,0.092671,0.907329
173.0,10788110854762710095666872487306279223201853493970649,23.0,417.0,417.0,0.098028,0.098028,0.0,0.098028,0.901972
173.0,10830515307409583755599110009630409242843757129551833,23.0,407.0,403.0,0.090233,0.103086,0.16960799999999998,0.259841,0.740159
174.0,22104611793997230117343176470598753099597657699857767,23.0,373.0,372.0,0.094003,0.095489,0.095489,0.189492,0.810508
174.0,18763942404536135019296013058405167365237739426352961,23.0,375.0,375.0,0.114217,0.114217,0.0,0.114217,0.885783
174.0,14688504101174039979833028914301622192512344235844163,23.0,539.0,531.0,0.070099,0.125706,0.169186,0.239285,0.760715
174.0,16722058225437982034822488549751786303201587785473951,23.0,450.0,450.0,0.102942,0.102942,0.0,0.102942,0.897058
174.0,21509336382097775444053571500023183533792843315954141,23.0,660.0,660.0,0.233588,0.233588,0.0,0.233588,0.766412
174.0,22850977655225044606098189565776865301144522899108753,23.0,365.0,365.0,0.028753,0.028753,0.0,0.028753,0.971247
174.0,17279223071662642072680635911044372251032271203557523,23.0,364.0,364.0,0.050025,0.050025,0.0,0.050025,0.949975
174.0,22947441514018658653094720368483897068968757283032113,23.0,355.0,350.0,0.040839,0.02489,0.02489,0.065729,0.934271
174.0,18341314976728685056786009125261875389901729222197411,23.0,502.0,495.0,0.09484,0.079908,0.12782100000000002,0.222661,0.777339
174.0,21198313883423610607647845217061584129219727405462807,23.0,696.0,696.0,0.030512,0.030512,0.0,0.030512,0.969488
174.0,12839400785843164820295834351653620428577969094536553,23.0,522.0,506.0,0.023457,0.023281,0.17404699999999998,0.19750399999999999,0.802496
174.0,23322450000830661268788758752052782250935597472051533,23.0,309.0,309.0,0.221254,0.221254,0.0,0.221254,0.7787459999999999
174.0,16333148817978325754024309091523862744059567919963111,23.0,541.0,541.0,0.070403,0.070403,0.0,0.070403,0.929597
174.0,14462970911237542989272454421381604521266425359311389,23.0,525.0,523.0,0.021976,0.00712,0.012617,0.034593,0.965407
174.0,18949560281665792004413178756295887592891979934348561,23.0,369.0,369.0,0.103665,0.103665,0.0,0.103665,0.896335
174.0,21408407116291656012109167833580671913503017751545967,23.0,458.0,458.0,0.099054,0.099054,0.0,0.099054,0.900946
174.0,22631651939782172827484157664433587783833485119069961,23.0,444.0,438.0,0.053195,0.053945,0.053945,0.10714,0.89286
174.0,21837034941512546186024799051115680122246295015518093,23.0,417.0,417.0,0.38294799999999996,0.38294799999999996,0.0,0.38294799999999996,0.617052
174.0,23437804484573336991839150008388329128133779513222523,23.0,684.0,684.0,0.21383,0.21383,0.0,0.21383,0.78617
174.0,21670228153893009427879223165719671325428625794224927,23.0,383.0,383.0,0.066241,0.066241,0.0,0.066241,0.933759
175.0,40488067071432624121676494427962676744307992814206389,23.0,490.0,490.0,0.127468,0.127468,0.0,0.127468,0.872532
175.0,47880832610030432571309186253738451904700554037260907,23.0,386.0,386.0,0.034066,0.034066,0.0,0.034066,0.965934
175.0,45878748309865752441663931039655772029562012040164497,23.0,431.0,417.0,0.025825999999999998,0.011084,0.25647300000000006,0.2822990000000001,0.7177009999999999
175.0,44519607957401945468255440685812779498238330725202451,23.0,700.0,700.0,0.023057,0.023057,0.0,0.023057,0.976943
175.0,38437122674547888080483896869357910936491022366930391,23.0,535.0,525.0,0.036905,0.038773,0.11891700000000001,0.15582200000000002,0.844178
175.0,47064113916853618606448841022057749802258231599045617,23.0,355.0,354.0,0.148737,0.103033,0.103033,0.25177,0.74823
175.0,38418920847258974395155918878755125806886124993281449,23.0,508.0,508.0,0.356099,0.356099,0.0,0.356099,0.6439010000000001
175.0,29860959886171008880417800461459339604720394693120859,23.0,493.0,472.0,0.033539,0.034679,0.28264500000000004,0.316184,0.683816
175.0,47523346294694090590598436816448664799865583071536947,23.0,385.0,373.0,0.121192,0.044026,0.143088,0.26427999999999996,0.73572
175.0,40430147177650634814659419575820969943704601075586779,23.0,483.0,475.0,0.06203,0.030823,0.082484,0.144514,0.855486
175.0,30673381581036186694644718658867052922438672540632679,23.0,351.0,343.0,0.095723,0.043768,0.043768,0.139491,0.860509
175.0,46321511197924674401868707445937064255819847549207181,23.0,549.0,542.0,0.017209,0.030936,0.08036800000000001,0.09757700000000001,0.902423
175.0,40793108447338904457818158698839208728924655609269741,23.0,465.0,465.0,0.106009,0.106009,0.0,0.106009,0.893991
175.0,47563799216222959471208717042267403920241999763230907,23.0,379.0,371.0,0.102968,0.089548,0.11057,0.213538,0.786462
175.0,44747799795754951639143084884684883018614820083166937,23.0,363.0,363.0,0.330631,0.330631,0.0,0.330631,0.669369
175.0,46867320328474189488708379756417548186877640469492347,23.0,459.0,447.0,0.088071,0.039185,0.039185,0.12725599999999998,0.872744
175.0,46542356956969036203230698142264416107162071627147053,23.0,398.0,381.0,0.050633,0.01777,0.061799,0.112432,0.887568
175.0,45701878003472651488780363802977956628041054016481659,23.0,473.0,473.0,0.111829,0.111829,0.0,0.111829,0.888171
175.0,25458726975309530242094669164823103336392162094875803,23.0,423.0,423.0,0.011701,0.011701,0.0,0.011701,0.988299
175.0,39959523049873920871877996128842998488581987804339877,23.0,427.0,414.0,0.028344,0.079928,0.079928,0.10827200000000001,0.891728
176.0,87990886338847859195592642389102593039937487082558279,24.0,476.0,463.0,0.017122,0.050538,0.11487800000000001,0.132,0.868
176.0,92564124955148991262968874807483374435803628161108999,24.0,928.0,925.0,0.016451,0.016038,0.016038,0.032489000000000004,0.967511
176.0,94129007589456961191977269147297543003266132666549953,24.0,394.0,391.0,0.012952,0.014554,0.014554,0.027506,0.972494
176.0,93819484016161644344551753829300322151041926203410181,24.0,422.0,422.0,0.235648,0.235648,0.0,0.235648,0.764352
176.0,73157616268457907406971375723178615684280166706710493,24.0,392.0,392.0,0.058284,0.058284,0.0,0.058284,0.941716
176.0,61542774938750705714463225629776244056185970967253653,24.0,490.0,489.0,0.036892,0.05029,0.05029,0.08718200000000001,0.912818
176.0,71800771048867515580859417044203063847762338647077403,24.0,359.0,359.0,0.040007,0.040007,0.0,0.040007,0.959993
176.0,77258340421405866522724393177859419720883968347782627,24.0,498.0,498.0,0.044522,0.044522,0.0,0.044522,0.955478
176.0,89837078281524964039898044063254336032471057480771579,24.0,663.0,663.0,0.14731,0.14731,0.0,0.14731,0.85269
176.0,67631371474217585591492093931057414532556760623695867,24.0,359.0,359.0,0.209507,0.209507,0.0,0.209507,0.790493
176.0,89832926575159265651841476273066740015357110318540347,24.0,617.0,600.0,0.038769,0.020657,0.21228400000000003,0.251053,0.748947
176.0,67118204137332948793553589627698826319196161548428537,24.0,371.0,371.0,0.104012,0.104012,0.0,0.104012,0.895988
176.0,87774156256777768160436756789989062372701963996758741,24.0,535.0,535.0,0.04149,0.04149,0.0,0.04149,0.95851
176.0,70572719969624332011199901351228566052874877227465031,24.0,448.0,448.0,0.113358,0.113358,0.0,0.113358,0.886642
176.0,86250046064114433343982710398437258754379418231496971,24.0,398.0,390.0,0.050616,0.033207,0.033207,0.08382300000000001,0.916177
176.0,87134348646583113354803029928666774546954085244353883,24.0,342.0,342.0,0.029246,0.029246,0.0,0.029246,0.970754
176.0,71901633824806274691548687743309648812921855456127637,24.0,391.0,391.0,0.203706,0.203706,0.0,0.203706,0.7962940000000001
176.0,90150270285363435056040734184802693760325360863282387,24.0,494.0,494.0,0.007981,0.007981,0.0,0.007981,0.992019
176.0,94046017590480304561168089303295538090394575865219973,24.0,477.0,462.0,0.024032,0.035763,0.052293000000000006,0.076325,0.923675
176.0,64190892782173257959767693618630438907905705925983597,24.0,430.0,430.0,0.06439,0.06439,0.0,0.06439,0.93561
177.0,119125070369688751792163725903852573808324382853761851,24.0,518.0,499.0,0.078341,0.06114,0.06114,0.139481,0.860519
177.0,182726819299327515165849812245648871121491177942129611,24.0,479.0,479.0,0.1301,0.1301,0.0,0.1301,0.8699
177.0,188893960779618570376876195763394634184667143767990939,24.0,463.0,463.0,0.061875,0.061875,0.0,0.061875,0.938125
177.0,177226234109374423417710011618572758541886871555971773,24.0,516.0,515.0,0.021557,0.020421,0.020421,0.041978,0.958022
177.0,170417219917741538865104682908758540815889415996081587,24.0,484.0,474.0,0.01245,0.013532,0.044195,0.056645,0.9433549999999999
177.0,184456472780322533717507274449727396706948277959651997,24.0,704.0,704.0,0.054233,0.054233,0.0,0.054233,0.945767
177.0,172591822599216441031826476355149233765150072380634947,24.0,438.0,438.0,0.027677,0.027677,0.0,0.027677,0.972323
177.0,160262516696147396603234199689194202325829336961400089,24.0,414.0,414.0,0.09861,0.09861,0.0,0.09861,0.90139
177.0,189488332491885140927092409494182632690603024073949519,24.0,433.0,432.0,0.021516,0.022859,0.022859,0.044375,0.955625
177.0,158860589548227817116386228914199311016251079037823631,24.0,400.0,400.0,0.029116,0.029116,0.0,0.029116,0.970884
177.0,131023867650554721773986626498755865101732014114852169,24.0,489.0,489.0,0.218816,0.218816,0.0,0.218816,0.781184
177.0,185419546061793924107275707453523293583979540373323441,24.0,422.0,410.0,0.021817,0.112847,0.277679,0.299496,0.700504
177.0,130739606859025377984032427604557137652684751978400777,24.0,503.0,501.0,0.008277,0.014695,0.029852999999999998,0.03813,0.96187
177.0,148738595022486208740372312134935505218833565972371451,24.0,442.0,441.0,0.029475,0.024524,0.024524,0.053999000000000005,0.946001
177.0,167245458534901805246177899856773690854765016929409441,24.0,561.0,549.0,0.07775699999999999,0.080592,0.129521,0.207278,0.792722
177.0,167743233925335463625480222303950384908571933339861327,24.0,421.0,421.0,0.059928,0.059928,0.0,0.059928,0.940072
177.0,127846725145209783213161083219697857237418143943954471,24.0,562.0,562.0,0.035395,0.035395,0.0,0.035395,0.964605
177.0,175371321030994867998753692974243811078511522480617843,24.0,485.0,435.0,0.013105,0.026948,0.552654,0.565759,0.434241
177.0,116000582161408742104082789047643826044722595827305757,24.0,489.0,489.0,0.034505,0.034505,0.0,0.034505,0.965495
177.0,170372630777230523245695634046185057408362313049454403,24.0,611.0,611.0,0.018746,0.018746,0.0,0.018746,0.981254
178.0,326370916554170909248800565447441227366364752100439299,24.0,358.0,358.0,0.052782,0.052782,0.0,0.052782,0.947218
178.0,351133543531254740082619452808507153835828169762359977,24.0,341.0,341.0,0.245749,0.245749,0.0,0.245749,0.754251
178.0,336454357966569634923263904170681101591018051550982463,24.0,517.0,517.0,0.052673,0.052673,0.0,0.052673,0.947327
178.0,287084766998192650266030523003134421022082997050134521,24.0,477.0,473.0,0.050759,0.058566,0.058566,0.109325,0.890675
178.0,352927538094715815006260624760445835128691040320016481,24.0,435.0,430.0,0.06828300000000001,0.033491,0.053974,0.122257,0.8777429999999999
178.0,338358782479052619339175922612376094187822886673941721,24.0,575.0,575.0,0.139448,0.139448,0.0,0.139448,0.860552
178.0,350983244504690877302934108411058885737259142622352279,24.0,403.0,400.0,0.084209,0.106797,0.106797,0.191006,0.808994
178.0,362113241669248116131584645381866273037844314273508653,24.0,813.0,807.0,0.053319,0.068544,0.144764,0.198083,0.801917
178.0,354699753705738888969549737288396049484417614825528751,24.0,515.0,515.0,0.089423,0.089423,0.0,0.089423,0.910577
178.0,331690661156431736210765004245137972208022366664402553,24.0,993.0,988.0,0.008058,0.012,0.036985000000000004,0.045043,0.9549570000000001
178.0,332675546545853496255458413537230392333963633325833083,24.0,393.0,393.0,0.039654,0.039654,0.0,0.039654,0.960346
178.0,313703344571742936697405437124510360823965169983069999,24.0,954.0,954.0,0.019617,0.019617,0.0,0.019617,0.980383
178.0,380254134293999860410999253285210970240457628198742663,24.0,448.0,448.0,0.048912,0.048912,0.0,0.048912,0.951088
178.0,360641711799225046890015181472030377655985832139240759,24.0,608.0,608.0,0.037847,0.037847,0.0,0.037847,0.962153
178.0,263917085618902017901372402907639485241329433989841083,24.0,513.0,513.0,0.048658,0.048658,0.0,0.048658,0.951342
178.0,266288106436622503269927529785703488384905659026805291,24.0,475.0,475.0,0.033616,0.033616,0.0,0.033616,0.966384
178.0,344304805683409519331394242367711732435948148819916561,24.0,486.0,486.0,0.156858,0.156858,0.0,0.156858,0.8431420000000001
178.0,341709744235492519708940578050014342971004111389339661,24.0,328.0,328.0,0.102945,0.102945,0.0,0.102945,0.897055
178.0,310967967663884862956076583774857977926596023977520621,24.0,700.0,700.0,0.166276,0.166276,0.0,0.166276,0.833724
178.0,327279608257895351469611029322246368521417106545791761,24.0,682.0,673.0,0.016179,0.015818,0.028548999999999998,0.044728,0.955272
179.0,558936428874945996924383768356203135254350439671785479,24.0,366.0,366.0,0.084748,0.084748,0.0,0.084748,0.915252
179.0,674926639517348090731177770827913991101246148882287283,24.0,980.0,974.0,0.01529,0.006012,0.040942000000000006,0.056232000000000004,0.9437679999999999
179.0,520778796933569712475497803976339448328715986002072523,24.0,554.0,547.0,0.046807,0.072127,0.072127,0.118934,0.881066
179.0,748335037461936801408133793949275373189490397012798993,24.0,587.0,587.0,0.273366,0.273366,0.0,0.273366,0.726634
179.0,750121838409245984074572114070043722336783466522324083,24.0,555.0,541.0,0.062781,0.011721,0.181259,0.24404,0.75596
179.0,652699193242756150846355283234498871767984936149202997,24.0,373.0,370.0,0.073826,0.032415,0.032415,0.106241,0.893759
179.0,701012462554551393326136469593585664907414625879938377,24.0,571.0,549.0,0.089107,0.045235,0.21783300000000003,0.30694000000000005,0.69306
179.0,651811943098199803843122079676572375058573432081265941,24.0,335.0,335.0,0.042953,0.042953,0.0,0.042953,0.957047
179.0,551025100698026169975841797211316492193395216233257361,24.0,688.0,681.0,0.034252,0.064441,0.064441,0.098693,0.901307
179.0,568232849243253819024806302642399573345242309126608059,24.0,453.0,453.0,0.057372,0.057372,0.0,0.057372,0.942628
179.0,639820098139219068308973252189078237340004822241496393,24.0,359.0,335.0,0.017741,0.124838,0.506581,0.524322,0.47567800000000005
179.0,761792849352011360883518708616350161974544759945523083,24.0,427.0,427.0,0.064965,0.064965,0.0,0.064965,0.9350350000000001
179.0,628942419048318189765862150028221450462352308232102681,24.0,346.0,346.0,0.198569,0.198569,0.0,0.198569,0.801431
179.0,566889538234990454641052189675936791837860452121325949,24.0,470.0,468.0,0.101656,0.053877,0.053877,0.155533,0.844467
179.0,716452162573779008868293903020235512769764173696217249,24.0,627.0,627.0,0.036467,0.036467,0.0,0.036467,0.963533
179.0,621413530195004739611180163225538908969413935549872629,24.0,896.0,896.0,0.034314,0.034314,0.0,0.034314,0.965686
179.0,645609036446719663018922094515491080262538063860555597,24.0,374.0,374.0,0.051757,0.051757,0.0,0.051757,0.948243
179.0,555489032258653592242576233173121867113539610787783833,24.0,386.0,386.0,0.124531,0.124531,0.0,0.124531,0.875469
179.0,535750173793033032362966709603096420101001099801784643,24.0,536.0,520.0,0.035885,0.043093,0.16912,0.205005,0.794995
179.0,456506540313436296309522192769161449949543126587051023,24.0,417.0,417.0,0.091676,0.091676,0.0,0.091676,0.908324
180.0,1358996782341013393471064892946133021632416224066738371,24.0,753.0,743.0,0.085873,0.022272,0.08918400000000001,0.17505700000000002,0.824943
180.0,1147190830767755812327995081041386320310165753132541849,24.0,638.0,638.0,0.032129,0.032129,0.0,0.032129,0.967871
180.0,1403925300691032372140940928473865553985310895500181911,24.0,459.0,459.0,0.042755,0.042755,0.0,0.042755,0.957245
180.0,1495775451737959760457511687274350579183536185139242641,24.0,427.0,414.0,0.031356,0.037941,0.190138,0.221494,0.778506
180.0,1110739563446777289531838627303749633950291508344598743,24.0,488.0,488.0,0.017152,0.017152,0.0,0.017152,0.9828479999999999
180.0,1194024369143971552927889417542591741693717575625673111,24.0,467.0,467.0,0.040612,0.040612,0.0,0.040612,0.959388
180.0,1260166637346508034925373413900190230508510171798948477,24.0,732.0,732.0,0.089315,0.089315,0.0,0.089315,0.910685
180.0,1455316476136829091460607052510092178765985268783561317,24.0,516.0,502.0,0.013368,0.016982,0.080252,0.09362000000000001,0.90638
180.0,1309093992710635640836698146159549405123972272927404881,24.0,496.0,484.0,0.11569900000000001,0.017068,0.041473,0.157172,0.842828
180.0,1390894799146412153168495467213932724874405876411579611,24.0,490.0,487.0,0.088922,0.043666,0.043666,0.132588,0.867412
180.0,1520134781616046526108129582711299483597548910524846853,24.0,425.0,425.0,0.044535,0.044535,0.0,0.044535,0.955465
180.0,1505439219343167470373459269572451082957623944381924673,24.0,411.0,407.0,0.028049,0.043508,0.043508,0.071557,0.928443
180.0,1057025848491395991324830754425862907965800790964989169,24.0,415.0,414.0,0.031847,0.023995,0.023995,0.055842,0.944158
180.0,1022335052507123413464678276586097658581994406812064513,24.0,412.0,412.0,0.044714000000000004,0.044714000000000004,0.0,0.044714000000000004,0.955286
180.0,986820806071662897465598796288744366007908716888546481,24.0,789.0,784.0,0.005968,0.020021,0.020021,0.025989,0.974011
180.0,1524644692974396926561992448558626212968367576768526879,24.0,397.0,387.0,0.031602,0.034221,0.058774,0.090376,0.909624
180.0,1314131625546751137305337304108371769311553500059572603,24.0,433.0,429.0,0.052439,0.052946,0.056469,0.108908,0.891092
180.0,1159287238259464432648787656029088912397674342457115643,24.0,445.0,441.0,0.135183,0.073262,0.073262,0.208445,0.791555
180.0,1475197377405499619513187533655878473208974647166678079,24.0,400.0,400.0,0.10305600000000001,0.10305600000000001,0.0,0.10305600000000001,0.896944
180.0,1092513974848862293580063101113260203144966532297855803,24.0,575.0,575.0,0.045576,0.045576,0.0,0.045576,0.954424
181.0,2146755962617820701939724558369889009769651618593397373,24.0,485.0,476.0,0.026043,0.039484,0.062774,0.088817,0.911183
181.0,2072316348390379785942053767435731590279096222618626363,24.0,495.0,491.0,0.035892,0.043744,0.080938,0.11682999999999999,0.88317
181.0,2877046995656031836501313697137912148919872998967745519,24.0,556.0,556.0,0.030555,0.030555,0.0,0.030555,0.969445
181.0,2880369969123252961817754651476818952571924308651017163,24.0,462.0,462.0,0.026209,0.026209,0.0,0.026209,0.973791
181.0,2861708897811122498028015229576663189712718130603358513,24.0,569.0,566.0,0.053014,0.034021,0.034021,0.087035,0.912965
181.0,2806788267767978306991980520946809467457007629229500787,24.0,673.0,668.0,0.094486,0.018194,0.101043,0.195529,0.8044709999999999
181.0,2302747288573481437114058572318921809401333842388506063,24.0,550.0,550.0,0.125633,0.125633,0.0,0.125633,0.874367
181.0,2533946943181812616782556407056335292416812676112585527,24.0,430.0,419.0,0.080324,0.046841,0.11375199999999999,0.194076,0.805924
181.0,2487771293557144436196457222451407643840343448896262201,24.0,391.0,391.0,0.022518,0.022518,0.0,0.022518,0.977482
181.0,2345607456560758996293272875237597113634991575593930503,24.0,409.0,398.0,0.033282,0.04267,0.070492,0.103774,0.896226
181.0,2451877345078985122707203168343312742955044811033249477,24.0,515.0,487.0,0.040354,0.15452,0.239625,0.279979,0.720021
181.0,2340974696399471038404420962322551749504771560040272007,24.0,512.0,512.0,0.105596,0.105596,0.0,0.105596,0.894404
181.0,2477342015750519040996010692078739219032174672206011307,24.0,595.0,595.0,0.039288,0.039288,0.0,0.039288,0.960712
181.0,2296086844355268411990274677061153842585626962159704019,24.0,405.0,404.0,0.050443,0.022897,0.022897,0.07334,0.92666
181.0,2857327712261479603462914395058626994702465220337337739,24.0,578.0,576.0,0.151862,0.070717,0.070717,0.222579,0.777421
181.0,1869241629214427269662931336533353684013970622159921317,24.0,523.0,515.0,0.035871,0.0659,0.07932600000000001,0.11519700000000001,0.884803
181.0,2136463886038630304242691639030926383783507376355925571,24.0,418.0,418.0,0.0489,0.0489,0.0,0.0489,0.9511000000000001
181.0,2877127110897588495873508614076070239692397854333669421,24.0,875.0,868.0,0.025846,0.015917,0.049441000000000006,0.075287,0.924713
181.0,2391506213382517426158791151215598942262031718622544827,24.0,488.0,478.0,0.060675,0.030535,0.06174,0.122415,0.8775850000000001
181.0,2948841039361971531410668839665611640358315799683010259,24.0,552.0,552.0,0.033502,0.033502,0.0,0.033502,0.966498
182.0,4191292476346020518783656275665657989599723159847851667,24.0,550.0,539.0,0.017116,0.018123,0.032258999999999996,0.049374999999999995,0.950625
182.0,4368915889305698991841916329930420223695538711679696073,24.0,405.0,397.0,0.029003,0.017486,0.017486,0.046489,0.953511
182.0,4603173397210774045412589779080265237568427782430487923,24.0,620.0,617.0,0.047853,0.02362,0.02362,0.071473,0.928527
182.0,4412747380103085417736789338590629677444833420942921431,24.0,630.0,630.0,0.04626,0.04626,0.0,0.04626,0.95374
182.0,5274862496484527199284351082466041501734256417850671079,24.0,331.0,331.0,0.094869,0.094869,0.0,0.094869,0.905131
182.0,4800792925814278444401434125143406347751419932688595051,24.0,401.0,391.0,0.053609,0.073171,0.073171,0.12678,0.87322
182.0,3653812005152759308354861844496272098804036966408036451,24.0,520.0,520.0,0.083101,0.083101,0.0,0.083101,0.916899
182.0,4646737653138437262079866979167515682324029521366613887,24.0,617.0,617.0,0.013412,0.013412,0.0,0.013412,0.986588
182.0,5244063665198047536361296769370401123699361439281027921,24.0,389.0,389.0,0.085244,0.085244,0.0,0.085244,0.914756
182.0,5043512217423355819857280369022042682912863299358815427,24.0,580.0,580.0,0.052508,0.052508,0.0,0.052508,0.947492
182.0,5381424364337562423689277556082862960704173067855407963,24.0,411.0,408.0,0.068912,0.108972,0.108972,0.177884,0.8221160000000001
182.0,5605622646710231703717995108618170373087268192211651819,24.0,429.0,429.0,0.131812,0.131812,0.0,0.131812,0.868188
182.0,5372876402521245557172885073810823234220306537484862171,24.0,519.0,519.0,0.031957,0.031957,0.0,0.031957,0.968043
182.0,5193787393634226710856637245122360855837884143711668923,24.0,418.0,402.0,0.011231,0.032166,0.149199,0.16043,0.83957
182.0,4901526449801380100603842024908873735304969564340783837,24.0,517.0,517.0,0.077053,0.077053,0.0,0.077053,0.922947
182.0,6116842254080121661991651815972543754648149039661461711,24.0,522.0,522.0,0.142435,0.142435,0.0,0.142435,0.857565
182.0,4848300292233620118117558303318082764588214458439723993,24.0,700.0,691.0,0.110734,0.119807,0.14929699999999999,0.260031,0.739969
182.0,5455870824923288995533498136798277725990387457579154641,24.0,369.0,369.0,0.127651,0.127651,0.0,0.127651,0.872349
182.0,3785938512649873423258671464276287016184708730225383793,24.0,371.0,371.0,0.071537,0.071537,0.0,0.071537,0.928463
182.0,4491160981645514588938837869554023508980963008773065231,24.0,572.0,572.0,0.091123,0.091123,0.0,0.091123,0.908877
183.0,9166723778901347230936039451531749253767512951187044911,24.0,351.0,351.0,0.203622,0.203622,0.0,0.203622,0.796378
183.0,10455930224123599063565031820487918262028421842464564737,24.0,942.0,940.0,0.022714,0.011573,0.011573,0.034287,0.965713
183.0,7427674099806058459503172382903188275128363209564310927,24.0,359.0,359.0,0.091865,0.091865,0.0,0.091865,0.908135
183.0,10617285421144533269412481609230267820807269357289585027,24.0,513.0,504.0,0.114618,0.079232,0.12309099999999999,0.237709,0.762291
183.0,11010471763583359046491348791311818146317648218012267883,24.0,587.0,580.0,0.037049,0.016749,0.039256,0.076305,0.923695
183.0,10332376251302120495254834326196282275734767686242549761,24.0,337.0,337.0,0.115884,0.115884,0.0,0.115884,0.884116
183.0,11749977713551691032971054523891664935137255323436579743,24.0,638.0,638.0,0.03743,0.03743,0.0,0.03743,0.96257
183.0,10038010870002094481651798134300472801725442018653785307,24.0,459.0,459.0,0.038537,0.038537,0.0,0.038537,0.961463
183.0,10982511715433447835689163250582120464921150302579077343,24.0,389.0,386.0,0.057522,0.025392,0.067512,0.125034,0.874966
183.0,8953983959087052116701047035345005923200525137226524679,24.0,548.0,548.0,0.026443,0.026443,0.0,0.026443,0.973557
183.0,8876846022270762570247578740470934525848460110861548643,24.0,716.0,707.0,0.106665,0.02563,0.02563,0.132295,0.867705
183.0,7272641689296160343480501161670052491504793391277318831,24.0,436.0,436.0,0.306682,0.306682,0.0,0.306682,0.693318
183.0,12244318449419593826201370835952825834440723200097525199,24.0,568.0,568.0,0.020908,0.020908,0.0,0.020908,0.979092
183.0,11599990885992088420849467859622548958581504884697039151,24.0,527.0,504.0,0.023715,0.096547,0.33558899999999997,0.35930399999999996,0.640696
183.0,7605813317180000005669607627882043830747996242518578099,24.0,586.0,586.0,0.033038,0.033038,0.0,0.033038,0.966962
183.0,12182702859135303445823465643541896884548888148712896953,24.0,367.0,367.0,0.013333,0.013333,0.0,0.013333,0.986667
183.0,9709983608535670096749131929304035374023228870737229987,24.0,501.0,501.0,0.049245,0.049245,0.0,0.049245,0.950755
183.0,10464773632474194098893561476862794550508738502141675107,24.0,591.0,588.0,0.106032,0.055903,0.055903,0.161935,0.8380650000000001
183.0,9586059037733377655369346899873870070324449037164235107,24.0,348.0,348.0,0.043044,0.043044,0.0,0.043044,0.956956
183.0,9699446562764165401251791317533912674237385429964214831,24.0,400.0,400.0,0.042638,0.042638,0.0,0.042638,0.957362
184.0,18626849292167387044123969723309390925329349903285206507,24.0,358.0,355.0,0.072585,0.04405,0.04405,0.11663499999999999,0.883365
184.0,18804282751054831530309800753579061511332519271103678431,24.0,547.0,547.0,0.07288900000000001,0.07288900000000001,0.0,0.07288900000000001,0.927111
184.0,18252028929067861875789984563223162861221576906848127717,24.0,679.0,670.0,0.044943,0.161243,0.45447399999999993,0.49941699999999994,0.500583
184.0,24181446627067838775417564967666980419690582548365581197,24.0,494.0,494.0,0.024532,0.024532,0.0,0.024532,0.975468
184.0,23005878760564119588403003965951554728473230184759392953,24.0,589.0,589.0,0.076048,0.076048,0.0,0.076048,0.923952
184.0,23936510072986768214421716184424106299398221539866239897,24.0,494.0,480.0,0.040011000000000005,0.026584,0.155781,0.19579200000000002,0.804208
184.0,16234034926709714462589794505359125056267838558020716281,24.0,650.0,636.0,0.011412,0.014753,0.07930500000000001,0.09071700000000002,0.909283
184.0,23428690111692592128116212619775791367144015582938967239,24.0,463.0,450.0,0.012278,0.012047,0.12454000000000003,0.13681800000000002,0.863182
184.0,18912759825437398136803515023873579742325104166174841671,24.0,477.0,477.0,0.060537,0.060537,0.0,0.060537,0.939463
184.0,19927044154018425176840956388997557677674288593187597089,24.0,431.0,431.0,0.057963,0.057963,0.0,0.057963,0.942037
184.0,19536799308159701904048108852677303754701680967104128127,24.0,441.0,432.0,0.016233,0.066156,0.170872,0.187105,0.812895
184.0,19071823677149723706403511825275713145306081300414131937,24.0,565.0,560.0,0.020181,0.012698,0.012698,0.032879,0.967121
184.0,20612269609108741202241460271673864594887702871452882101,24.0,445.0,445.0,0.027701,0.027701,0.0,0.027701,0.972299
184.0,18920239559229041789878510751170285007946834591953601329,24.0,656.0,656.0,0.055204,0.055204,0.0,0.055204,0.944796
184.0,22611644979880324889689047625329907958432993333469481211,24.0,427.0,412.0,0.053658,0.031157,0.221503,0.275161,0.724839
184.0,22464664451229199112637114050957084764371480284978460343,24.0,396.0,396.0,0.04502,0.04502,0.0,0.04502,0.95498
184.0,20229563940142821382398535762812188204560973744420706551,24.0,538.0,538.0,0.048014,0.048014,0.0,0.048014,0.951986
184.0,14302906747822375527736225805395822106070407268478927343,24.0,445.0,445.0,0.046381,0.046381,0.0,0.046381,0.953619
184.0,22648934796018516144639607669733048190885481628018590453,24.0,476.0,476.0,0.072547,0.072547,0.0,0.072547,0.927453
184.0,15697907949934382447029781871211500370846936672724531567,24.0,440.0,438.0,0.025775,0.045292,0.045292,0.07106699999999999,0.928933
185.0,39302817494925418904731805103331681348585472258348444957,25.0,616.0,606.0,0.011189,0.02128,0.051663,0.062852,0.937148
185.0,39163563717688705635413025356219451066821712937228964227,25.0,518.0,506.0,0.016856,0.053546,0.19404800000000003,0.21090400000000004,0.789096
185.0,43686826810459062412827238710551696728616518667617692019,25.0,584.0,584.0,0.029667,0.029667,0.0,0.029667,0.970333
185.0,44530085274113978279620207534979690950635532686975502813,25.0,352.0,352.0,0.0405,0.0405,0.0,0.0405,0.9595
185.0,43570715964626102904381136448155751424171061828655209841,25.0,479.0,479.0,0.044974,0.044974,0.0,0.044974,0.955026
185.0,42847627148824300921093636376913601640563740728623558181,25.0,769.0,763.0,0.020166,0.027434,0.102794,0.12296,0.87704
185.0,32083703321789764487338768250718421793945445188847533027,24.0,682.0,682.0,0.123372,0.123372,0.0,0.123372,0.876628
185.0,33014805666036752589259540494640708288963751747621341763,25.0,585.0,570.0,0.047387,0.018524,0.15363600000000002,0.201023,0.798977
185.0,41464335276070540341399584119313180727925975932568415057,25.0,402.0,402.0,0.06397,0.06397,0.0,0.06397,0.93603
185.0,33861582902426483337301296118131448522568614203251711863,25.0,464.0,464.0,0.055312,0.055312,0.0,0.055312,0.944688
185.0,46071639138339644800558097284225066199315293701982806079,25.0,873.0,869.0,0.054393,0.039498,0.039498,0.093891,0.906109
185.0,37936033159136473000212002322269943296231496368568922549,25.0,383.0,383.0,0.102646,0.102646,0.0,0.102646,0.897354
185.0,48350569892826986379872186809679223015058022521047573871,25.0,502.0,502.0,0.086275,0.086275,0.0,0.086275,0.913725
185.0,41198097084082663709570476103319690345818375254249026263,25.0,437.0,437.0,0.044523,0.044523,0.0,0.044523,0.955477
185.0,45101352016751018053319721236302099399595057715497241929,25.0,470.0,466.0,0.010705,0.032113,0.05514,0.065845,0.934155
185.0,42065769993861888778368368385451592776021006938027669583,25.0,898.0,898.0,0.02668,0.02668,0.0,0.02668,0.97332
185.0,41907847300045853777854516119774591215451371041706482459,25.0,653.0,653.0,0.038555,0.038555,0.0,0.038555,0.961445
185.0,48828218167552081470122749610887068068091405463826001571,25.0,420.0,400.0,0.019369,0.072765,0.181879,0.201248,0.798752
185.0,41321776714362126833330727735907708762522999908493584631,25.0,500.0,486.0,0.010672000000000001,0.020834,0.042625,0.053297000000000004,0.946703
185.0,45383217518804476499152706989070758316114620859553366943,25.0,340.0,340.0,0.034679,0.034679,0.0,0.034679,0.965321
186.0,91860233843352511299828307727646362358888480420031170413,25.0,647.0,647.0,0.19609,0.19609,0.0,0.19609,0.80391
186.0,80310109483483183267313583353855043236387938949945913511,25.0,362.0,362.0,0.078779,0.078779,0.0,0.078779,0.921221
186.0,80341684383462084364790814145428006802552449749708478169,25.0,648.0,637.0,0.00894,0.013037,0.047643,0.056582999999999994,0.943417
186.0,94274586636737974618847930138230885567012445571032348059,25.0,552.0,548.0,0.02779,0.069397,0.069397,0.097187,0.902813
186.0,85286064753422311838018802719562606418460845712040300179,25.0,455.0,455.0,0.032893,0.032893,0.0,0.032893,0.967107
186.0,95824663807095715873047831217240459086791279500036727837,25.0,563.0,559.0,0.031867,0.014893,0.082914,0.114781,0.885219
186.0,80600641280005619173439191411717632606164953443740925413,25.0,653.0,653.0,0.004934,0.004934,0.0,0.004934,0.995066
186.0,53363439485857552435882838625033101776848292903405327631,25.0,486.0,486.0,0.07927,0.07927,0.0,0.07927,0.92073
186.0,84360977267528679389916660229858829202359730331725108419,25.0,591.0,591.0,0.040325,0.040325,0.0,0.040325,0.9596750000000001
186.0,79840201135431317961751024566665709261061070004618876607,25.0,390.0,390.0,0.05092,0.05092,0.0,0.05092,0.94908
186.0,86866046861802039662583542752660385034769683216166980061,25.0,701.0,701.0,0.08416399999999999,0.08416399999999999,0.0,0.08416399999999999,0.915836
186.0,86323619254797487920466332795791126216445907418620989923,25.0,507.0,503.0,0.031553,0.01947,0.01947,0.051023,0.948977
186.0,96229941655765770007029825039522376331365113196946498957,25.0,439.0,424.0,0.044986,0.068839,0.159984,0.20496999999999999,0.79503
186.0,68612351526722038739277226442469049931568086799744053797,25.0,492.0,479.0,0.054726000000000004,0.030511,0.089209,0.143935,0.856065
186.0,68105415306841011876975324285506148265126787018204059721,25.0,684.0,681.0,0.031142,0.022653,0.022653,0.053794999999999996,0.946205
186.0,82153452353776642549718572430278706898613500637862573111,25.0,585.0,585.0,0.107765,0.107765,0.0,0.107765,0.892235
186.0,58260742770043455753114412466166256900662844348827175237,25.0,656.0,656.0,0.083785,0.083785,0.0,0.083785,0.916215
186.0,92398084669964916514251013016603556504210733394779182767,25.0,354.0,350.0,0.060339,0.073929,0.073929,0.134268,0.865732
186.0,85070111672001330371958789558357340118850688442337853217,25.0,406.0,406.0,0.045521,0.045521,0.0,0.045521,0.954479
186.0,77006883355586853676151730714225091231991247740864640619,25.0,409.0,409.0,0.108474,0.108474,0.0,0.108474,0.891526
187.0,185702567469454758545522669141358609758902348939813864093,25.0,539.0,539.0,0.10867,0.10867,0.0,0.10867,0.89133
187.0,179941892859217785606681885687143742888315889414346363689,25.0,1050.0,1050.0,0.070821,0.070821,0.0,0.070821,0.929179
187.0,181526373319561920706249179904543072763946711556143801553,25.0,573.0,565.0,0.022389,0.086159,0.20715999999999998,0.22954899999999998,0.770451
187.0,167429568427479950155810682841163388259872915659211758439,25.0,422.0,422.0,0.045933,0.045933,0.0,0.045933,0.954067
187.0,186979504018673334316662054121094588580490052795915527519,25.0,592.0,589.0,0.049454,0.012695,0.02462,0.074074,0.925926
187.0,145169698815553753950995436308896640554249031871232995529,25.0,614.0,610.0,0.052368,0.025115,0.025115,0.077483,0.922517
187.0,189461310023527313299690027067741970827568893636258377063,25.0,776.0,770.0,0.004554,0.008909,0.008909,0.013463,0.986537
187.0,195549547224884539368396804380565596304971046728434683161,25.0,428.0,428.0,0.095674,0.095674,0.0,0.095674,0.904326
187.0,178245846474078559274688392189915797290638577194576694293,25.0,442.0,442.0,0.079569,0.079569,0.0,0.079569,0.920431
187.0,140252436907018775044357018689165543420042260373871440727,25.0,521.0,518.0,0.052675,0.041385,0.041385,0.09406,0.90594
187.0,192105990641511042361486580149859043063803753731838318981,25.0,824.0,822.0,0.014738,0.034663,0.046694,0.061432,0.938568
187.0,178454889426021172984526500874394848133697897783899319511,25.0,990.0,977.0,0.014856,0.016107,0.046216,0.061072,0.938928
187.0,147793902755095806954444489354226029687835800736294743133,25.0,639.0,639.0,0.054754,0.054754,0.0,0.054754,0.945246
187.0,181066564675332279473924972484406057203667755771628163519,25.0,421.0,421.0,0.041066,0.041066,0.0,0.041066,0.958934
187.0,168818801318777087057170297997195516793375607488939767557,25.0,444.0,444.0,0.071421,0.071421,0.0,0.071421,0.928579
187.0,163084686989748233415040348211861253938756903626114968719,25.0,416.0,408.0,0.053786,0.112279,0.112279,0.16606500000000002,0.833935
187.0,188075731576689556162612507442726713223245640460883288489,25.0,585.0,585.0,0.101139,0.101139,0.0,0.101139,0.898861
187.0,132226185708852638537764772743714220747210366978910886177,25.0,472.0,470.0,0.130555,0.079491,0.079491,0.210046,0.789954
187.0,194698576701919400115040833966319106090888842928840082833,25.0,466.0,466.0,0.053559,0.053559,0.0,0.053559,0.946441
187.0,125253423035716542158322394161648453041038946552062725559,25.0,494.0,494.0,0.011869,0.011869,0.0,0.011869,0.988131
188.0,314224750521702231589078779205748577487125730214151848227,25.0,477.0,477.0,0.066739,0.066739,0.0,0.066739,0.933261
188.0,214725867801677657763150716044378228025925022271604157093,25.0,377.0,375.0,0.154522,0.07802,0.07802,0.232542,0.767458
188.0,337786569927761505444410838242068306234426938889367376089,25.0,415.0,415.0,0.085844,0.085844,0.0,0.085844,0.914156
188.0,360223106477640603715939086025088234494108141240755800321,25.0,449.0,449.0,0.185408,0.185408,0.0,0.185408,0.814592
188.0,374124987525817520307508964115960865602386918837898179827,25.0,668.0,648.0,0.047081,0.033363,0.092119,0.1392,0.8608
188.0,361989780913006793919620222968747185160737595989089084909,25.0,435.0,426.0,0.036393,0.12153,0.229767,0.26616,0.73384
188.0,317559581118592945343728270732523067627215982144611637637,25.0,399.0,399.0,0.136811,0.136811,0.0,0.136811,0.863189
188.0,379999621526733814982174866558604085395375086537465979591,25.0,408.0,408.0,0.047996,0.047996,0.0,0.047996,0.952004
188.0,366021560344730588643709636731405132352498915207181378779,25.0,441.0,425.0,0.048413,0.033203,0.055281000000000004,0.10369400000000001,0.896306
188.0,387944003533460640819952009732254475678414088984486177033,25.0,642.0,642.0,0.064797,0.064797,0.0,0.064797,0.935203
188.0,374845489005902740783352118914562105030081362850475258007,25.0,664.0,664.0,0.059569,0.059569,0.0,0.059569,0.940431
188.0,386515816923087548415772467909907858268131406963172669599,25.0,538.0,538.0,0.061676,0.061676,0.0,0.061676,0.938324
188.0,221106737983069547058303874626625601611876932304469714993,25.0,458.0,458.0,0.03083,0.03083,0.0,0.03083,0.96917
188.0,240210128646608330322236250926839186745574038027417949109,25.0,547.0,536.0,0.030588,0.035117,0.045057,0.075645,0.924355
188.0,318351913440867881282887107239336403432896585513539162139,25.0,458.0,458.0,0.149816,0.149816,0.0,0.149816,0.850184
188.0,378635620380227758123177463104203120047480633879439638329,25.0,488.0,480.0,0.012585,0.045964,0.045964,0.058549,0.941451
188.0,319199732197973078769687558220972231917492453889455575179,25.0,458.0,458.0,0.08047,0.08047,0.0,0.08047,0.91953
188.0,381980473612089531334196860824416470009021634012423067737,25.0,444.0,444.0,0.062825,0.062825,0.0,0.062825,0.937175
188.0,256586033541357135375485125099595006467144223152458416503,25.0,371.0,361.0,0.082354,0.048821,0.17325800000000002,0.255612,0.744388
188.0,353636550421510722509208696720104070107782240230147107101,25.0,514.0,514.0,0.044202,0.044202,0.0,0.044202,0.955798
189.0,408589902288642681578344276763041902416284671692080986377,25.0,403.0,403.0,0.015757,0.015757,0.0,0.015757,0.984243
189.0,646628678273258141372517202145221034603557799378124614201,25.0,539.0,539.0,0.052011,0.052011,0.0,0.052011,0.947989
189.0,592635606571861287284224295593110454631652264655249578353,25.0,514.0,508.0,0.023274999999999997,0.010452,0.036743000000000005,0.060018,0.939982
189.0,650208432524537748605744087782608274999617116493579199513,25.0,611.0,608.0,0.051463999999999996,0.015521,0.028106,0.07957,0.92043
189.0,599419609079700662276957964472775050611343385405910300163,25.0,770.0,760.0,0.007451,0.012126,0.017666,0.025117,0.9748829999999999
189.0,591139658903332237066666950704418695507871569867166356959,25.0,508.0,508.0,0.053184,0.053184,0.0,0.053184,0.946816
189.0,759303095841708533868206131077305245572712516145789616107,25.0,419.0,419.0,0.090175,0.090175,0.0,0.090175,0.909825
189.0,723374087894581884780114042666006439305170047096296570421,25.0,396.0,396.0,0.02419,0.02419,0.0,0.02419,0.97581
189.0,642089268364349919722039425710377324200681378773618660631,25.0,537.0,532.0,0.115841,0.027463,0.027463,0.143304,0.856696
189.0,493458509028245692711455247191997853201057771326056542803,25.0,779.0,779.0,0.137075,0.137075,0.0,0.137075,0.8629249999999999
189.0,775267771444101410063934578993845769575953505357992661799,25.0,823.0,808.0,0.014457999999999999,0.007797,0.086566,0.101024,0.898976
189.0,525214235994067347101638348805237964788334546789415420243,25.0,657.0,643.0,0.012928,0.023363,0.089636,0.10256399999999999,0.897436
189.0,510228484199873332122049098813102378921923672052464278333,25.0,424.0,424.0,0.047573,0.047573,0.0,0.047573,0.952427
189.0,630121824338129668949919059009823882545840337934822277567,25.0,697.0,688.0,0.032855,0.019578,0.127347,0.16020199999999998,0.839798
189.0,755634779781799121353112557954459602771587484582257255551,25.0,408.0,405.0,0.097011,0.064271,0.092429,0.18944,0.81056
189.0,612172740703460905652990412541931502012476806243188854431,25.0,623.0,622.0,0.06221,0.014365,0.014365,0.076575,0.9234249999999999
189.0,530704707601162495384297467780173501132805319654798984003,25.0,414.0,414.0,0.061353,0.061353,0.0,0.061353,0.938647
189.0,756916004872319657418986856461653189263814971681663763573,25.0,553.0,553.0,0.067217,0.067217,0.0,0.067217,0.932783
189.0,490921607897052107753246264180398217237973784027521089099,25.0,428.0,428.0,0.099186,0.099186,0.0,0.099186,0.900814
189.0,767702133245506513310164240704062695141079949461903447479,25.0,484.0,484.0,0.040168,0.040168,0.0,0.040168,0.959832
190.0,1107697980005560535935691181882881481298971577503883545431,25.0,512.0,512.0,0.1533,0.1533,0.0,0.1533,0.8467
190.0,1447718595714448727207173851527167403200700108585820235931,25.0,405.0,403.0,0.066889,0.013289,0.013289,0.080178,0.919822
190.0,1067595819970828694093593212927706218036137678171084438953,25.0,467.0,465.0,0.017493,0.015646,0.036002,0.053495,0.946505
190.0,1236956916814563958009976698763228455869309463346857145209,25.0,402.0,393.0,0.040535,0.033505,0.033505,0.07404,0.92596
190.0,1303595662239872394152630143462469139534875953977955173719,25.0,955.0,941.0,0.02117,0.011032,0.079649,0.10081899999999999,0.899181
190.0,1436728764183159269584547372484560757421757510937607299719,25.0,427.0,412.0,0.029128,0.020629,0.13906900000000003,0.16819700000000004,0.831803
190.0,1358738873900145804437909196195927584579190583894624729549,25.0,527.0,510.0,0.06586,0.038545,0.188133,0.253993,0.746007
190.0,1309414713325066973570726305039978280113478833538624990717,25.0,668.0,668.0,0.009613,0.009613,0.0,0.009613,0.990387
190.0,1119233946195882068749589393936438955574244336504433599743,25.0,548.0,533.0,0.061757,0.079139,0.25337,0.315127,0.6848730000000001
190.0,1391390333131732070825024754648255205953706845753859235761,25.0,871.0,868.0,0.011461,0.011288,0.011288,0.022749,0.977251
190.0,1219405195991088602219964475590713847204090579216876133247,25.0,696.0,687.0,0.064653,0.015025,0.10472199999999998,0.169375,0.830625
190.0,1285952433782265124699401960911465263241667818151785942989,25.0,459.0,459.0,0.071531,0.071531,0.0,0.071531,0.928469
190.0,936281692826227408663886118472398327211075139996831483807,25.0,448.0,439.0,0.12412400000000001,0.032617,0.11665900000000001,0.24078300000000002,0.759217
190.0,1495152348884655255748854019985088902044523205603769307549,25.0,498.0,498.0,0.013029,0.013029,0.0,0.013029,0.986971
190.0,1543054376408543181151756345226381442258117792563593031941,25.0,464.0,464.0,0.0842,0.0842,0.0,0.0842,0.9158
190.0,1197900039859831281860297786593556759105357856705065296097,25.0,371.0,371.0,0.06993,0.06993,0.0,0.06993,0.93007
190.0,1325762643789188253480076014106355323863094856768820242033,25.0,414.0,405.0,0.031746,0.022102,0.042851,0.074597,0.925403
190.0,1549503894836788136271053205345052692884272523599834807513,25.0,515.0,492.0,0.064399,0.025727,0.3927549999999999,0.4571539999999999,0.5428460000000002
190.0,1371820001327266974371651800423316814650750283162857664521,25.0,400.0,391.0,0.023134,0.065315,0.148169,0.17130299999999998,0.828697
190.0,1319759631078608755615705806993244756656084597458744780879,25.0,486.0,478.0,0.014746,0.019632,0.033454,0.0482,0.9518
191.0,2180877054471620294689724695606846212849552332318992940407,25.0,468.0,468.0,0.041633,0.041633,0.0,0.041633,0.958367
191.0,1606385381360148813307516689773707722363849418834436678389,25.0,425.0,413.0,0.07542199999999999,0.055269,0.17822,0.253642,0.7463580000000001
191.0,2738991831553984659353836548560279154535043688289688027603,25.0,420.0,420.0,0.11768,0.11768,0.0,0.11768,0.88232
191.0,2021640631374636353782008830324840969777513038468864748759,25.0,631.0,631.0,0.027703,0.027703,0.0,0.027703,0.972297
191.0,2105598972222103150968007207241144213000505023620025661667,25.0,425.0,422.0,0.025535,0.025733,0.025733,0.051267999999999994,0.948732
191.0,2954552227750152336095183292848417913001395070298811029879,25.0,585.0,585.0,0.019974,0.019974,0.0,0.019974,0.980026
191.0,2604823021534871940153658516882468145972589783978202484923,25.0,491.0,483.0,0.024985,0.024457,0.09836299999999999,0.12334799999999999,0.876652
191.0,2697799617327879157081712621189446951709202892838110789249,25.0,1094.0,1094.0,0.079083,0.079083,0.0,0.079083,0.920917
191.0,2749750578464362511041140809468842163052814508247072125809,25.0,688.0,688.0,0.057209,0.057209,0.0,0.057209,0.942791
191.0,2810254725646498720414994000029322939731083303115400227283,25.0,583.0,583.0,0.031817,0.031817,0.0,0.031817,0.968183
191.0,2919723125927389511356972449231841889026550065177689782341,25.0,584.0,584.0,0.009942,0.009942,0.0,0.009942,0.990058
191.0,2384759410471810319375657922573509817577252181814221416381,25.0,527.0,527.0,0.014962,0.014962,0.0,0.014962,0.985038
191.0,2870902859138464144898136609805487079043674281379484515257,25.0,535.0,532.0,0.09123,0.044999,0.044999,0.136229,0.8637710000000001
191.0,2531428612228677358426023750691561085464553004835817283823,25.0,664.0,662.0,0.013993,0.003509,0.014401,0.028394000000000003,0.971606
191.0,2569199376454128229458263634674647272803671413063904093681,25.0,459.0,459.0,0.01591,0.01591,0.0,0.01591,0.98409
191.0,2077139403037075257284520813457747381680630617898050789129,25.0,579.0,572.0,0.010755,0.027799,0.056978,0.067733,0.932267
191.0,2599527300982831600647840629042688948539972657946504879419,25.0,723.0,721.0,0.019576,0.054314,0.054314,0.07389,0.92611
191.0,2939945259852704861237884063321703407639606324099970984489,25.0,502.0,496.0,0.109893,0.10004400000000001,0.10004400000000001,0.209937,0.790063
191.0,2806787067261975292631801717103764100516337005958274854877,25.0,861.0,861.0,0.070443,0.070443,0.0,0.070443,0.929557
191.0,3102854422286895681399386946361481173908793767638701190957,25.0,526.0,526.0,0.105507,0.105507,0.0,0.105507,0.894493
192.0,6053136549975215707114861824618604186550967571524618556511,25.0,556.0,556.0,0.096545,0.096545,0.0,0.096545,0.903455
192.0,5772223899679240100865858833866067485733365743633882768503,25.0,383.0,383.0,0.03484,0.03484,0.0,0.03484,0.96516
192.0,4939008137476552065240184537828644764133517214756158762829,25.0,455.0,455.0,0.036917,0.036917,0.0,0.036917,0.963083
192.0,6212435194276394115763543059243494938563033646586224859629,25.0,544.0,544.0,0.043967,0.043967,0.0,0.043967,0.956033
192.0,3874204338182140753502701838530384426297759523506113427483,25.0,637.0,632.0,0.007273,0.012127,0.044074,0.051347000000000004,0.948653
192.0,3347208880492337566130653746802735549578109517894379499733,25.0,771.0,771.0,0.02236,0.02236,0.0,0.02236,0.97764
192.0,4306083721119286908591380042584606571729048503575164227711,25.0,496.0,467.0,0.053807999999999995,0.064802,0.20099499999999998,0.254803,0.745197
192.0,5163763031624406920207830805702663059843081289928205028959,25.0,633.0,615.0,0.010157,0.015501,0.05608899999999999,0.066246,0.933754
192.0,6130364660359904866071451106195076205876004972250032444803,25.0,501.0,493.0,0.033304,0.078703,0.078703,0.112007,0.887993
192.0,6254696907579855069014156880599952401895926775151729298633,25.0,574.0,562.0,0.027985,0.039809,0.12671100000000002,0.15469600000000003,0.8453039999999999
192.0,4873661477686905481674696353544486097679453418713697857441,25.0,1094.0,1082.0,0.061731,0.009591,0.050265,0.111996,0.888004
192.0,5412175546964427994074789034451167835889491793324688758467,25.0,782.0,774.0,0.060041000000000004,0.026579,0.026579,0.08662,0.91338
192.0,5910884209390437413999109263981667425861292837036749005609,25.0,552.0,552.0,0.071299,0.071299,0.0,0.071299,0.928701
192.0,4621285287029859947459316813570982113322073918209718266019,25.0,564.0,562.0,0.041778,0.013625,0.013625,0.055403,0.944597
192.0,5696283951894185144007889520249234417647198158940715431933,25.0,428.0,428.0,0.047814,0.047814,0.0,0.047814,0.952186
192.0,3683958575511235413756595798246241035800834295791075521963,25.0,460.0,460.0,0.033631,0.033631,0.0,0.033631,0.966369
192.0,4468006165118885684913086683109597497945491118316503789123,25.0,1002.0,997.0,0.012243,0.010442,0.010442,0.022685,0.977315
192.0,5488497809815368048793079212529624026388526869419621039691,25.0,550.0,531.0,0.020541999999999998,0.043169,0.14249500000000004,0.16303700000000004,0.8369629999999999
192.0,5659542164522658766094858453465847140623734081033257305487,25.0,435.0,435.0,0.055143,0.055143,0.0,0.055143,0.9448570000000001
192.0,6149807903410653285967321465976396749348286539647506887699,25.0,615.0,615.0,0.051211,0.051211,0.0,0.051211,0.948789
193.0,9905013207931875527529191960135739218017812814063208578531,25.0,627.0,627.0,0.049881,0.049881,0.0,0.049881,0.950119
193.0,10100483858506872648422975068896319443064533148276380832169,25.0,663.0,663.0,0.070562,0.070562,0.0,0.070562,0.929438
193.0,11663540999446197162723452607497563376895758675776898312369,25.0,496.0,496.0,0.097074,0.097074,0.0,0.097074,0.902926
193.0,10897749645060145624874358483865606849691424744321528304937,25.0,547.0,547.0,0.040637,0.040637,0.0,0.040637,0.959363
193.0,10565624405515099844116517970763527091130891790570283157137,25.0,473.0,473.0,0.026397,0.026397,0.0,0.026397,0.973603
193.0,12070921450587575263287627747872390786879378063838490617043,25.0,700.0,689.0,0.01589,0.009131,0.009131,0.025021,0.974979
193.0,9664634974777947645604027278555623329607100282762834013441,25.0,500.0,479.0,0.033409,0.031407,0.18182800000000002,0.215237,0.784763
193.0,12322960193874180073992358693327396906594292112230707610489,25.0,616.0,598.0,0.042908999999999996,0.013261,0.048165000000000006,0.091074,0.908926
193.0,8099708654360452993215966572101668396566826381629301683063,25.0,551.0,551.0,0.111556,0.111556,0.0,0.111556,0.888444
193.0,11214351833369361189026414622248506634769198922661651441293,25.0,487.0,487.0,0.123385,0.123385,0.0,0.123385,0.876615
193.0,9128073803947130372484141505624445498586637123573747380151,25.0,423.0,423.0,0.046836,0.046836,0.0,0.046836,0.953164
193.0,11312813665303613237304198878301422628970319071234047845347,25.0,701.0,701.0,0.014177,0.014177,0.0,0.014177,0.985823
193.0,11023902979621732752907862575267849055507922142544485438789,25.0,540.0,540.0,0.032502,0.032502,0.0,0.032502,0.967498
193.0,11262927042730954176015822824963334235937052626560568007419,25.0,549.0,549.0,0.048889,0.048889,0.0,0.048889,0.951111
193.0,10857095320997612707420637232964945337144528989105797131153,25.0,822.0,802.0,0.030434,0.031854,0.102368,0.132802,0.867198
193.0,10494271519339392909894195833014476236187539413566084429379,25.0,548.0,548.0,0.081483,0.081483,0.0,0.081483,0.918517
193.0,12278064626184964589595523842860542425676931971855436832259,25.0,609.0,609.0,0.029799,0.029799,0.0,0.029799,0.970201
193.0,8482872608322654051369609585269639790901351219221511846733,25.0,473.0,473.0,0.127821,0.127821,0.0,0.127821,0.872179
193.0,7306887098618586073076594877395470343989113832174839245017,25.0,538.0,538.0,0.090008,0.090008,0.0,0.090008,0.909992
193.0,12409265929614063311478379725438459124196359168832063103151,25.0,477.0,477.0,0.065784,0.065784,0.0,0.065784,0.934216
194.0,20683260459467499029277828805303888053838228828420773810227,25.0,658.0,653.0,0.045093,0.060186,0.060186,0.10527900000000001,0.894721
194.0,21350469721329597074134362589876985354717072338210358108849,26.0,392.0,391.0,0.061268,0.017326,0.017326,0.078594,0.921406
194.0,18942954816325570836124528681131878336599202626159580306777,25.0,449.0,449.0,0.013037,0.013037,0.0,0.013037,0.986963
194.0,24458941949583565962792372221933150989311549041638920536113,26.0,652.0,649.0,0.053024,0.076379,0.076379,0.129403,0.8705970000000001
194.0,21076672769905977070352813226874932564034530295953191284753,25.0,524.0,517.0,0.011821,0.009923,0.009923,0.021744,0.978256
194.0,22249362777783306049117932825890593656249535237757916625729,26.0,407.0,407.0,0.100645,0.100645,0.0,0.100645,0.899355
194.0,23203422452949787679074210878498136594954609999835899906157,26.0,596.0,591.0,0.021725,0.037979,0.037979,0.059704,0.940296
194.0,20868115815896194713106525621357671273079634596135616425361,25.0,601.0,601.0,0.060399,0.060399,0.0,0.060399,0.939601
194.0,23192686299066524320738010687390362447126038875074169556253,26.0,598.0,598.0,0.032432,0.032432,0.0,0.032432,0.967568
194.0,22340054129412896419322214973520037370083718012993281910367,26.0,411.0,409.0,0.044881,0.022139,0.022139,0.06702,0.93298
194.0,23181673086820734631906360554899103585708564817833096064921,26.0,1299.0,1282.0,0.017762,0.031166,0.14113900000000001,0.15890100000000001,0.841099
194.0,24582599091151675799091021479482934414662039688624223437687,26.0,405.0,405.0,0.061074,0.061074,0.0,0.061074,0.938926
194.0,25065435242975997360701202808292864499688676903327335870541,26.0,486.0,486.0,0.10414,0.10414,0.0,0.10414,0.89586
194.0,18390454080376419958677765335623388001794346466558675435283,25.0,538.0,535.0,0.052691,0.032748,0.032748,0.085439,0.914561
194.0,22922786508061659363842923473806512470282966011733435851431,26.0,1026.0,1026.0,0.056347,0.056347,0.0,0.056347,0.943653
194.0,17061387184720152302891304554226083544383293835520188213651,25.0,452.0,430.0,0.051205,0.044501,0.22070099999999995,0.271906,0.728094
194.0,18618516616598255372519874377476542080222536021373325270311,25.0,461.0,461.0,0.073793,0.073793,0.0,0.073793,0.926207
194.0,21282237135538130116514856262480953933294724963389201954481,26.0,510.0,510.0,0.047517,0.047517,0.0,0.047517,0.952483
194.0,20522969516655873169000695377445575228468042248954518479057,25.0,532.0,530.0,0.03384,0.054392,0.054392,0.088232,0.911768
194.0,14989350088210543607482262847185984320363092765497004877451,25.0,632.0,627.0,0.025652,0.036215,0.067361,0.09301300000000001,0.906987
195.0,43040604789452163741387408621112136409598757059035661677893,26.0,565.0,550.0,0.054223,0.02075,0.061562000000000006,0.115785,0.884215
195.0,49088991794939140574010539690236171966040109026993415914269,26.0,431.0,431.0,0.040585,0.040585,0.0,0.040585,0.959415
195.0,48300749567102905436273718192442740995408307546941115427897,26.0,488.0,482.0,0.036692,0.017689,0.017689,0.054381,0.945619
195.0,48906073225085902924815189872988257194974124450370814611651,26.0,413.0,406.0,0.068197,0.032494,0.051936,0.12013299999999999,0.879867
195.0,36863086582293400960306820600939234657564365893479938560799,26.0,702.0,695.0,0.024217,0.033979,0.033979,0.058196,0.941804
195.0,39520094337921324612196662792851626492332520911673811699729,26.0,878.0,861.0,0.010638,0.034296,0.072797,0.083435,0.916565
195.0,48712327583936410948919472729136236367597407084610635272833,26.0,459.0,459.0,0.023148,0.023148,0.0,0.023148,0.976852
195.0,40655326120160876332407096732056168721873529846326635963177,26.0,429.0,425.0,0.030453,0.060873,0.060873,0.09132599999999999,0.908674
195.0,49535766793358394398954575009134138350900646325935636614543,26.0,578.0,578.0,0.028433,0.028433,0.0,0.028433,0.971567
195.0,41862719142251391308296850055406978004299551713109836123227,26.0,553.0,553.0,0.024647,0.024647,0.0,0.024647,0.975353
195.0,39425775947292327135017849550127493358385136125831647180659,26.0,452.0,447.0,0.042339,0.016127,0.016127,0.058466000000000004,0.941534
195.0,40030915462863037646967083275653053673838289093488559065567,26.0,593.0,588.0,0.039085,0.047662,0.047662,0.086747,0.913253
195.0,40570734708690516020996671408225641495385595046735671957119,26.0,422.0,422.0,0.044633,0.044633,0.0,0.044633,0.955367
195.0,40934085183179492462123851985126002111578252845347853305697,26.0,476.0,476.0,0.062235,0.062235,0.0,0.062235,0.937765
195.0,35128682060529629825193792168573153198841552039371874266881,26.0,441.0,428.0,0.018855,0.023667,0.07918800000000001,0.098043,0.901957
195.0,33386520498533519946398383478624977467807699443830033789513,26.0,557.0,557.0,0.061061,0.061061,0.0,0.061061,0.938939
195.0,40141148770606288794672640695647670636575757821310805897243,26.0,508.0,505.0,0.019941,0.014969,0.023495000000000002,0.043436,0.956564
195.0,40490518455055723132909066555944613680023787528271085543291,26.0,555.0,555.0,0.022443,0.022443,0.0,0.022443,0.977557
195.0,47614627301874134935455529116186115164906112363136503150483,26.0,633.0,626.0,0.08896,0.113384,0.113384,0.202344,0.797656
195.0,34473817038037491202068900808519350419613875057302440357481,26.0,563.0,563.0,0.017411,0.017411,0.0,0.017411,0.982589
196.0,95168415107121660560916881793289203952418490854465168975321,26.0,661.0,661.0,0.073304,0.073304,0.0,0.073304,0.926696
196.0,90009791547499984548910278716753576073152720702817059055901,26.0,495.0,495.0,0.016963,0.016963,0.0,0.016963,0.983037
196.0,87459073763838296701927301523704259554148918532862184975629,26.0,521.0,521.0,0.048485,0.048485,0.0,0.048485,0.951515
196.0,70309503501777340343079821334567642537559966663221390472973,26.0,455.0,455.0,0.0495,0.0495,0.0,0.0495,0.9505
196.0,95305038515393842196007534454562012255827385548443606952501,26.0,565.0,565.0,0.032804,0.032804,0.0,0.032804,0.967196
196.0,82858880649466251495449216071414702109906561191821038787641,26.0,383.0,383.0,0.034076,0.034076,0.0,0.034076,0.965924
196.0,97083793852684433813008089400054003385653724507596918274297,26.0,649.0,649.0,0.058291,0.058291,0.0,0.058291,0.941709
196.0,99466774561138218293682307547255032274447325955533021392447,26.0,466.0,466.0,0.070433,0.070433,0.0,0.070433,0.929567
196.0,62333097639089791343889610479116623630492359496474506120427,26.0,804.0,800.0,0.034503,0.016709,0.016709,0.051212,0.948788
196.0,98202769533374705029605057892210661368086364721024686834069,26.0,574.0,572.0,0.022260000000000002,0.009778,0.015929,0.038189,0.961811
196.0,76205915167282914218102341674425274873438928127960827493699,26.0,784.0,784.0,0.015224999999999999,0.015224999999999999,0.0,0.015224999999999999,0.984775
196.0,99735781901275954167800573841902347907225001572434442739617,26.0,685.0,673.0,0.085867,0.068688,0.165015,0.250882,0.749118
196.0,75523924234554614323219474180414139839611222725124775536109,26.0,456.0,456.0,0.074573,0.074573,0.0,0.074573,0.925427
196.0,98856416133856584127753735193005691636012090201233990732729,26.0,418.0,418.0,0.060548,0.060548,0.0,0.060548,0.939452
196.0,74465721503975476013420915082380026622357493970492148475923,26.0,622.0,600.0,0.021281,0.046274,0.117704,0.138985,0.861015
196.0,93695083979722113939155057731935369089046162236564738423191,26.0,531.0,519.0,0.014693,0.025901,0.025901,0.040594,0.959406
196.0,77879392079591903526474505876698267670805166486636028530899,26.0,471.0,471.0,0.129496,0.129496,0.0,0.129496,0.870504
196.0,84229306643800747300264590699152695007580757244203842094811,26.0,543.0,537.0,0.023979,0.01705,0.01705,0.041028999999999996,0.958971
196.0,94030668663190317444347187347006250211939496898445186865789,26.0,808.0,808.0,0.041358,0.041358,0.0,0.041358,0.958642
196.0,100248369583162082393739261464041339014101482772776091948201,26.0,428.0,414.0,0.044702,0.097878,0.216983,0.261685,0.738315
197.0,167659105655698882339508182915480992256595774433903924122623,26.0,1512.0,1512.0,0.011331,0.011331,0.0,0.011331,0.988669
197.0,122449747198975822084132001235051055769374123302428745305941,26.0,656.0,652.0,0.003931,0.020511,0.020511,0.024442000000000002,0.975558
197.0,157771390213784769025733801475620067885551276043484431320057,26.0,498.0,498.0,0.030896,0.030896,0.0,0.030896,0.969104
197.0,195362636325845913268639913567995093493514004135984307800363,26.0,535.0,535.0,0.043402,0.043402,0.0,0.043402,0.956598
197.0,160328182105787324869078655378810538500450812696259544941773,26.0,475.0,475.0,0.050022,0.050022,0.0,0.050022,0.949978
197.0,184970800291752440068635983309521468062368504646083676644033,26.0,628.0,628.0,0.011562,0.011562,0.0,0.011562,0.988438
197.0,164144776080649194883406513297516553025716555924591056615183,26.0,428.0,428.0,0.021193,0.021193,0.0,0.021193,0.978807
197.0,140818764650826975296987375129283355966942621459853255150479,26.0,546.0,546.0,0.01834,0.01834,0.0,0.01834,0.98166
197.0,189022387984517778950705123442972032908094852334290657306231,26.0,426.0,426.0,0.310888,0.310888,0.0,0.310888,0.689112
197.0,172220763612696405396243073018306035394484382521705030045911,26.0,434.0,423.0,0.067814,0.037766,0.138493,0.20630700000000002,0.793693
197.0,154481106607181704446691691500013964555830349483415881254479,26.0,721.0,721.0,0.012893,0.012893,0.0,0.012893,0.987107
197.0,138116520840863501578382275910208792542013786200119809943421,26.0,467.0,467.0,0.039835,0.039835,0.0,0.039835,0.960165
197.0,128167436666847967508432921399395745683533771986744909507099,26.0,464.0,460.0,0.026027,0.04311,0.07219,0.098217,0.901783
197.0,179430245545432323474984038609312519060231752952330260578973,26.0,614.0,614.0,0.014445,0.014445,0.0,0.014445,0.985555
197.0,164907321185035410613697079130730386934791247649211425433501,26.0,622.0,609.0,0.020047999999999996,0.012347,0.05501299999999999,0.07506099999999999,0.924939
197.0,149559974584198894049055200074096371180280008283748787845411,26.0,410.0,410.0,0.261107,0.261107,0.0,0.261107,0.738893
197.0,141960287108387193832375793429518062558146806429474522246723,26.0,496.0,495.0,0.123878,0.04408,0.04408,0.167958,0.832042
197.0,117962418323306660486403773161381103053143923297611666689523,26.0,468.0,455.0,0.048585,0.040904,0.097797,0.146382,0.853618
197.0,159003940652452327574248903060253950134870172438916155070369,26.0,665.0,662.0,0.020841,0.051342,0.051342,0.072183,0.927817
197.0,186310928751907307724815625865601039478473930304908425333493,26.0,796.0,796.0,0.011301,0.011301,0.0,0.011301,0.988699
198.0,358800385741478548379741226608716034844371071935561085305833,26.0,586.0,586.0,0.061223,0.061223,0.0,0.061223,0.938777
198.0,361832547229010809777991703475089455145922714751449984988413,26.0,390.0,390.0,0.070224,0.070224,0.0,0.070224,0.929776
198.0,366234672716741757435258864069198637471462810470347219616629,26.0,679.0,667.0,0.009823,0.010974,0.010974,0.020797,0.979203
198.0,381944248262064685581254962871209750407378184907165945167889,26.0,573.0,553.0,0.016346,0.013293,0.114371,0.130717,0.869283
198.0,354687072527494597410093290280585584399421663969934020853223,26.0,573.0,564.0,0.021365,0.137884,0.455323,0.476688,0.523312
198.0,379245416457437245542302776449664948360818185536921628076539,26.0,397.0,397.0,0.055892,0.055892,0.0,0.055892,0.944108
198.0,276003453857523809899467677088049878845070200584331936691041,26.0,521.0,496.0,0.045503,0.037249,0.11651999999999998,0.16202299999999997,0.837977
198.0,209990048987204577494427221770767574738889930041728156874193,26.0,582.0,582.0,0.056503,0.056503,0.0,0.056503,0.943497
198.0,256901948110234610129862767369945243180538397102365122358427,26.0,463.0,449.0,0.030367,0.0185,0.0185,0.048867,0.951133
198.0,392896855902880253325160541666344098709384930507930453171681,26.0,458.0,452.0,0.048671,0.062894,0.12365400000000001,0.172325,0.8276749999999999
198.0,261148592887412956171116968549303549257459540886776423198739,26.0,491.0,483.0,0.025583,0.008562,0.032302,0.057885,0.942115
198.0,380307295207752593087679241538739081357344508076536875023627,26.0,558.0,558.0,0.081512,0.081512,0.0,0.081512,0.918488
198.0,388299617663319746972489463784551990330983404458676571447693,26.0,495.0,495.0,0.00985,0.00985,0.0,0.00985,0.99015
198.0,328573357774619762260295479993442675189590010826879831896677,26.0,516.0,516.0,0.02313,0.02313,0.0,0.02313,0.97687
198.0,345095965742713044505246800463174842475462680793869138019261,26.0,457.0,453.0,0.078215,0.056541,0.056541,0.13475600000000001,0.865244
198.0,292581670931790651470491827458218900376775743841380672403887,26.0,498.0,494.0,0.029603,0.009336,0.018090000000000002,0.047693,0.952307
198.0,390539114582262272077001713638342490864897532470034331261247,26.0,456.0,456.0,0.061712,0.061712,0.0,0.061712,0.938288
198.0,360504086773559647539204736208829484928785732049355565383643,26.0,386.0,386.0,0.134382,0.134382,0.0,0.134382,0.865618
198.0,235950558879078260282437419803935172239069320587333159451019,26.0,535.0,525.0,0.118589,0.022044,0.10648599999999998,0.22507499999999997,0.7749250000000001
198.0,398227691324642613283526129594013507506766970246599454997939,26.0,640.0,639.0,0.049645999999999996,0.015897,0.015897,0.06554299999999999,0.934457
199.0,754357335704061312767906283574368857849729996361323767853021,26.0,543.0,543.0,0.129095,0.129095,0.0,0.129095,0.870905
199.0,740449135866891063702563724186205751814739503564925633250647,26.0,442.0,442.0,0.052493,0.052493,0.0,0.052493,0.947507
199.0,783572025208462059459081331520531102495696274404533915350617,26.0,489.0,489.0,0.056019,0.056019,0.0,0.056019,0.943981
199.0,689619749063096498116944459976173154436509257531702365821471,26.0,572.0,572.0,0.028199,0.028199,0.0,0.028199,0.971801
199.0,792261444591087612509889756571590671010253289767476929883959,26.0,684.0,684.0,0.056647,0.056647,0.0,0.056647,0.943353
199.0,485165244720747932715066275346273892339756962905587028338027,26.0,448.0,444.0,0.06745,0.012277,0.012277,0.07972699999999999,0.920273
199.0,701425127964276666799904563003747018572056891360383272760451,26.0,1086.0,1072.0,0.025926,0.020513,0.07970499999999998,0.10563099999999999,0.894369
199.0,790893896840481035276180066252113476643190200344778153065643,26.0,913.0,913.0,0.005083,0.005083,0.0,0.005083,0.994917
199.0,763536298621525364342165189094083117188952849209780027677679,26.0,583.0,583.0,0.008336,0.008336,0.0,0.008336,0.991664
199.0,613617912594322713495151233564022371433770815044783317065269,26.0,811.0,808.0,0.028247,0.006886,0.006886,0.035133,0.964867
199.0,701969238772333138157522384223588554623546191713496616248319,26.0,461.0,457.0,0.010522,0.024107,0.024107,0.034629,0.965371
199.0,659743727985962787654640554658683537620374805989756454087933,26.0,677.0,668.0,0.020733,0.017242,0.048697000000000004,0.06943,0.93057
199.0,690360274208079369250317450856211794224002008122073050016637,26.0,512.0,512.0,0.223996,0.223996,0.0,0.223996,0.776004
199.0,500887070634424955740905032565576942995006631697841024678317,26.0,488.0,488.0,0.05674,0.05674,0.0,0.05674,0.94326
199.0,562515533415072305976115813906881843805019952700501666255663,26.0,474.0,474.0,0.027468,0.027468,0.0,0.027468,0.972532
199.0,687386421009493082281833809951506042909624825066468351426301,26.0,419.0,409.0,0.045491,0.029542,0.029542,0.07503299999999999,0.924967
199.0,627831828857047974697867855909832323916998184071016955354641,26.0,552.0,552.0,0.047783,0.047783,0.0,0.047783,0.952217
199.0,531493718748199409115070187956201803475378862922781030803881,26.0,503.0,493.0,0.025653000000000002,0.039801,0.166966,0.192619,0.807381
199.0,764298723870080571982440894112670628624228896767629734930611,26.0,420.0,420.0,0.096185,0.096185,0.0,0.096185,0.903815
199.0,563561550095967293743840793623207928679303836705271230763571,26.0,746.0,746.0,0.011267,0.011267,0.0,0.011267,0.988733
200.0,1295789132477604807715877944458947246775511838525972200835657,26.0,615.0,615.0,0.030647,0.030647,0.0,0.030647,0.969353
200.0,1580265433117145949318612574335473147379586407902007615572209,26.0,548.0,548.0,0.051621,0.051621,0.0,0.051621,0.948379
200.0,1031264165415914398404034296717937295434353057321618942293977,26.0,641.0,641.0,0.023166,0.023166,0.0,0.023166,0.976834
200.0,942274183107708126744367799889859979943002828490182769563693,26.0,704.0,704.0,0.010997,0.010997,0.0,0.010997,0.989003
200.0,1243256742262564810336975229173603901549307573958804818142771,26.0,583.0,576.0,0.002707,0.00604,0.015211,0.017918,0.982082
200.0,1332260463557925975266900697251791362056896106900938778652773,26.0,677.0,677.0,0.053245,0.053245,0.0,0.053245,0.946755
200.0,1534546510819566200886924830244913417667526810936895301477933,26.0,422.0,422.0,0.036591,0.036591,0.0,0.036591,0.963409
200.0,1457315434423192483527568367362496447605043071246754450536801,26.0,575.0,555.0,0.046634999999999996,0.045367,0.18565700000000002,0.232292,0.7677080000000001
200.0,1515478547137402687976907484166669091143375006869904371011019,26.0,566.0,561.0,0.027212,0.020974,0.049093,0.076305,0.923695
200.0,1328401728722624823335450602027897002059084341229046226740677,26.0,490.0,490.0,0.019228,0.019228,0.0,0.019228,0.980772
200.0,1069405338840333297089210313682851116995000495488370707114107,26.0,852.0,852.0,0.113507,0.113507,0.0,0.113507,0.886493
200.0,1577668914616112972976239927299568044527242009386300299995513,26.0,1004.0,995.0,0.025584,0.006133,0.017757000000000002,0.043341000000000005,0.956659
200.0,924932144930952159695588929751342486737404577556159754527249,26.0,431.0,431.0,0.016833,0.016833,0.0,0.016833,0.983167
200.0,1430455149298665257668430782969274466789353299446322896956953,26.0,446.0,446.0,0.014995,0.014995,0.0,0.014995,0.985005
200.0,1471759896903796862187242593818058236014421372969552658348613,26.0,844.0,844.0,0.024431,0.024431,0.0,0.024431,0.975569
200.0,1024997524686414507856278528573582273997937245288256214142637,26.0,547.0,547.0,0.075366,0.075366,0.0,0.075366,0.924634
200.0,1269662956978065591146754145192337292773571460456699566030607,26.0,523.0,523.0,0.021248,0.021248,0.0,0.021248,0.978752
200.0,1251023694717248924976673861910298094342092199701445949798563,26.0,692.0,688.0,0.023847,0.010814,0.010814,0.034661,0.965339
200.0,1165094867829338354631660035180329869977597764175158753523867,26.0,540.0,540.0,0.029525,0.029525,0.0,0.029525,0.970475
200.0,1245161625256545119714043746004026254459007086115269518670777,26.0,632.0,632.0,0.025889,0.025889,0.0,0.025889,0.974111
