Bit_length,N,Lattice_dimension,|b_op - t|^2,|vbest - t|^2,P(b_op),P(vbest),P(|vnew - t|^2 < |b_op - t|^2),P(|vnew - t|^2 <= |b_op - t|^2),P(|vnew - t|^2 > |b_op - t|^2)
150,1268771206145175299492684899681878877410684841,21,728,728,0.089082,0.089082,0.0,0.089082,0.910918
150,1403762530472620237905076428332939916844331359,21,310,297,0.081209,0.113888,0.162284,0.24349300000000001,0.756507
150,918882917500502786903408324526441238854631741,21,407,397,0.062424,0.062307,0.062307,0.12473100000000001,0.875269
150,1044411862674117053622929515451672202864979129,21,397,397,0.07152,0.07152,0.0,0.07152,0.92848
150,1199592981228806239321120961178599459097610483,21,601,601,0.023993,0.023993,0.0,0.023993,0.976007
150,912632394066698132144971044037258218777602291,21,384,384,0.086178,0.086178,0.0,0.086178,0.913822
150,1033085278351720441874660444922199074374033881,21,454,454,0.035071,0.035071,0.0,0.035071,0.964929
150,1039667922595230805682141254323399644574814367,21,704,702,0.084884,0.201004,0.201004,0.285888,0.7141120000000001
150,1076261801716221769627743498540654753005411033,21,605,584,0.024211,0.031217,0.348626,0.372837,0.627163
150,868981675879730421007669707059890716656754209,21,391,391,0.09115,0.09115,0.0,0.09115,0.90885
150,1198940008513470371886998720870433706529677289,21,318,309,0.072257,0.087082,0.316282,0.388539,0.611461
150,1001065868810988745766471076060380006588792189,21,391,391,0.079124,0.079124,0.0,0.079124,0.920876
150,1018523197675518130041140861676478171959383813,21,315,315,0.236457,0.236457,0.0,0.236457,0.763543
150,999406335763551690568793874408994581594369181,21,305,305,0.331906,0.331906,0.0,0.331906,0.668094
150,1386649915270975663546803936212330370020386207,21,333,333,0.079614,0.079614,0.0,0.079614,0.920386
150,1252835724482748605844023934169349660374906087,21,379,379,0.252502,0.252502,0.0,0.252502,0.747498
150,1420753685420564064872708676390123998125705549,21,349,349,0.139907,0.139907,0.0,0.139907,0.860093
150,1076920912535396901213842625717381087368331181,21,417,417,0.097274,0.097274,0.0,0.097274,0.902726
150,1124397583306701037985991208303905429810161357,21,352,352,0.143513,0.143513,0.0,0.143513,0.856487
150,1130353955473240791783568532060655958732460941,21,408,408,0.120096,0.120096,0.0,0.120096,0.879904
151,2363319035074246419340419055739401443130238059,21,544,505,0.034735,0.009244,0.309132,0.34386700000000003,0.656133
151,2471201957583473321167345886570639941825218311,21,396,396,0.05266,0.05266,0.0,0.05266,0.94734
151,2315715608364087921901708175621836301416617007,21,292,292,0.047067,0.047067,0.0,0.047067,0.952933
151,2763171157217537386323259861099914830334818519,21,613,595,0.037135,0.036522,0.036522,0.073657,0.926343
151,1758775630326182635026447808028302358291781499,21,296,296,0.093126,0.093126,0.0,0.093126,0.906874
151,2188378164211148987192836592303698338909975503,21,332,318,0.112621,0.046575,0.046575,0.159196,0.840804
151,1829627983140478483810934234803641664206450619,21,355,355,0.087412,0.087412,0.0,0.087412,0.912588
151,1569735030968914361557174823910579735657956107,21,310,304,0.215648,0.119819,0.119819,0.335467,0.664533
151,2843239852874861508784440371081621911410347591,21,581,581,0.100322,0.100322,0.0,0.100322,0.899678
151,2624675574003230296718034974584383454961661761,21,577,577,0.065031,0.065031,0.0,0.065031,0.9349689999999999
151,1746328694271824837631752461766830788699201941,21,497,492,0.026981,0.030333,0.048889,0.07587,0.92413
151,2456234120258232727729365675070691784694223131,21,661,651,0.043692,0.051514,0.083019,0.126711,0.873289
151,2689914182894566195371701173819301836708498979,21,414,397,0.051438000000000005,0.018745,0.22491699999999998,0.27635499999999996,0.7236450000000001
151,2472879649799491864465871187917726124213054643,21,388,383,0.044175,0.042482,0.042482,0.086657,0.913343
151,2641928437820330089399895839369416426912654047,21,603,596,0.080462,0.086428,0.086428,0.16689,0.83311
151,2217024583566038902931835040749210710155293863,21,329,329,0.162514,0.162514,0.0,0.162514,0.837486
151,2795955547593262531562466415054318143278579719,21,418,393,0.022401,0.037343,0.190648,0.21304900000000002,0.786951
151,2754384674264655946791346511962590129499967297,21,527,527,0.050276,0.050276,0.0,0.050276,0.949724
151,1922698035563121141756137662031262831101446511,21,321,321,0.018675,0.018675,0.0,0.018675,0.981325
151,2578633082003778088940013102956628479805360761,21,526,526,0.072504,0.072504,0.0,0.072504,0.927496
152,3650146379785934850995660671580553841765454981,21,332,327,0.044818,0.082897,0.164286,0.20910399999999998,0.790896
152,4447694107941335768274189003948589146948883409,21,397,397,0.26039,0.26039,0.0,0.26039,0.73961
152,5304044781028480773455459789567804501864780699,21,391,379,0.17223,0.037191,0.037191,0.209421,0.790579
152,5225791236691602749703859113684043992716841463,21,404,404,0.161603,0.161603,0.0,0.161603,0.8383970000000001
152,5425403301002418901669361546561888615280596761,21,404,374,0.054983,0.047597,0.229791,0.28477399999999997,0.715226
152,5202335230032226630491022567996748864390119873,21,446,446,0.213466,0.213466,0.0,0.213466,0.7865340000000001
152,4003774395708740189647636396775460720094087057,21,338,333,0.036299,0.009519,0.009519,0.045818,0.954182
152,5276249290787396224699127825641594167433771223,21,372,372,0.126674,0.126674,0.0,0.126674,0.873326
152,4381176969443188923764265381058182084891594073,21,455,455,0.137247,0.137247,0.0,0.137247,0.862753
152,5541991812747053012003965966406093820220699999,21,301,301,0.370229,0.370229,0.0,0.370229,0.6297710000000001
152,5648300508047326241541247933495397085050508533,21,379,379,0.208725,0.208725,0.0,0.208725,0.791275
152,4837654055687374110886315087296888936559582543,21,331,291,0.05534,0.072222,0.29887899999999995,0.35421899999999995,0.645781
152,3169527753809835033737422227494034075208154897,21,365,365,0.036047,0.036047,0.0,0.036047,0.963953
152,4751384359859390003700613749548751936187354063,21,353,353,0.232288,0.232288,0.0,0.232288,0.767712
152,5115713692797196694227360148049458957592665221,21,314,307,0.042973,0.052102,0.196753,0.239726,0.760274
152,5377906651632174967507002058972880963848446937,21,461,451,0.068229,0.016494,0.016494,0.08472299999999999,0.915277
152,4794192939950703723191510856383251915586655239,21,375,375,0.187867,0.187867,0.0,0.187867,0.812133
152,4098436965705153817981088577951066512799793241,21,486,467,0.168579,0.282905,0.282905,0.451484,0.548516
152,4397317578261604652631366972202456990923173239,21,607,602,0.046116,0.030607,0.030607,0.076723,0.923277
152,5641409895201969238429625932613600677431973529,21,369,358,0.094346,0.132641,0.336592,0.430938,0.569062
153,7688734886215973313958737522072259896979469359,21,488,488,0.110727,0.110727,0.0,0.110727,0.889273
153,9965367899123149749669237053467022764500819709,21,364,340,0.010081,0.027993,0.10447699999999999,0.114558,0.8854420000000001
153,8648715940089396413954292296253489279668879831,21,364,355,0.105269,0.133278,0.185733,0.291002,0.708998
153,9992486217185404533285574560152593379868586411,21,312,303,0.172223,0.062849,0.062849,0.235072,0.764928
153,8752395201001776336645971436266201719253038903,21,273,273,0.08079,0.08079,0.0,0.08079,0.91921
153,10307828778112676279744687232183733883997747787,21,304,304,0.148221,0.148221,0.0,0.148221,0.8517790000000001
153,8927473020776419491333060829150295244420281503,21,499,462,0.05419000000000001,0.004369,0.267914,0.322104,0.677896
153,7853849523366438727173539795218496833560636149,21,509,489,0.08908300000000001,0.021795,0.23067500000000002,0.31975800000000004,0.680242
153,8674604146514496475964987674111780570888473743,21,283,283,0.078209,0.078209,0.0,0.078209,0.921791
153,8982522494550749295857332138146435777716539013,21,326,326,0.119947,0.119947,0.0,0.119947,0.880053
153,7465338556163117004724110416934405812498881597,21,443,443,0.232178,0.232178,0.0,0.232178,0.767822
153,9002256784614521734062834292945636253381789701,21,482,471,0.085404,0.06978,0.06978,0.155184,0.844816
153,9730043924092499024899737640031060516457357727,21,518,518,0.223762,0.223762,0.0,0.223762,0.776238
153,7772785559916630760629013439531712505833223283,21,335,335,0.27116,0.27116,0.0,0.27116,0.7288399999999999
153,6331403492532550906969515225158616949065412553,21,348,340,0.089227,0.067553,0.067553,0.15678,0.84322
153,9499729964075602707801866275682306216169333647,21,580,580,0.106765,0.106765,0.0,0.106765,0.893235
153,10623137933847890583214243354934109612727566337,21,398,398,0.084537,0.084537,0.0,0.084537,0.915463
153,8298489176359263229418112630907164868713161869,21,425,425,0.176459,0.176459,0.0,0.176459,0.823541
153,10423403876173039960502215978962041272294895987,21,351,351,0.093274,0.093274,0.0,0.093274,0.906726
153,11331438524408402513759859710883003140234689001,21,566,555,0.010844,0.036855,0.127923,0.138767,0.861233
154,20144352470088160067192230120293841747066127093,21,398,394,0.037948,0.015619,0.015619,0.053567000000000004,0.946433
154,13741129409913179912586613425642421907057677927,21,331,331,0.511391,0.511391,0.0,0.511391,0.48860899999999996
154,22555697926472858658256090868373281917048139777,21,484,480,0.022802999999999997,0.005056,0.060027000000000004,0.08283,0.91717
154,21622466558921334027105350728738281221011715713,21,470,470,0.083538,0.083538,0.0,0.083538,0.916462
154,22717282832414613486487854671615889194348202509,21,432,432,0.083486,0.083486,0.0,0.083486,0.916514
154,15553662272752172389304818266535674850670048197,21,324,324,0.047772,0.047772,0.0,0.047772,0.952228
154,16287234057599780494928529944429983938735953333,21,356,338,0.051249,0.015206,0.07280500000000001,0.12405400000000001,0.875946
154,20227306669577710217883266196429106847542507013,21,591,591,0.026012,0.026012,0.0,0.026012,0.973988
154,18361999857484992568400964915559137162309312233,21,359,359,0.048036,0.048036,0.0,0.048036,0.951964
154,17615067981495998635949724796624661825505231481,21,515,475,0.053817000000000004,0.042989,0.5480360000000001,0.6018530000000001,0.3981469999999999
154,16965780184675510815549338206501125311473383031,21,416,416,0.005099,0.005099,0.0,0.005099,0.994901
154,17145713058305669983102778787612006911670513347,21,475,452,0.15122,0.076845,0.076845,0.228065,0.771935
154,20285317985568063024579677341972941193428143231,21,300,300,0.216469,0.216469,0.0,0.216469,0.783531
154,19892574816341431255761561129070142233703448899,21,484,484,0.188786,0.188786,0.0,0.188786,0.811214
154,14482484907695104154754286426816369245597742123,21,429,429,0.088166,0.088166,0.0,0.088166,0.911834
154,21308599822779449843544699903616188167691769657,21,446,427,0.10237299999999999,0.074714,0.074714,0.177087,0.822913
154,19652552707990061015357354059734076466348869901,21,368,368,0.050451,0.050451,0.0,0.050451,0.949549
154,15836062588559999481222001755306755400249974411,21,351,348,0.111032,0.079867,0.079867,0.19089899999999999,0.8091010000000001
154,17640605793899812190237760431948486244893089589,21,390,390,0.024795,0.024795,0.0,0.024795,0.975205
154,13200322048523091361380223530828151918467232499,21,285,277,0.007145,0.00936,0.00936,0.016505,0.983495
155,31340595875958809044343360964929799034189512361,21,438,436,0.163822,0.055041,0.055041,0.218863,0.781137
155,33883679322606457824492978417378120332359598171,21,356,350,0.196026,0.051156,0.051156,0.247182,0.752818
155,38431961138800983210425437779183955699273663877,21,536,536,0.118762,0.118762,0.0,0.118762,0.881238
155,44842574992398006827792831817449122409176524571,21,385,377,0.02531,0.01009,0.021395,0.046704999999999997,0.953295
155,44479412022428483167051033854365771430317272061,21,544,544,0.029773,0.029773,0.0,0.029773,0.970227
155,39653904137769014668557378511260469269135182431,21,326,299,0.053302,0.052594,0.227579,0.280881,0.7191190000000001
155,36615548944643269126239193831815135044946113087,21,338,329,0.09842000000000001,0.129278,0.129278,0.227698,0.772302
155,35728624388846244763032748679732750007278619919,21,328,328,0.121828,0.121828,0.0,0.121828,0.878172
155,39471143362465673450737740007926815837598407923,21,455,439,0.053473,0.004317,0.060697999999999995,0.114171,0.885829
155,43620356160753924413764228467447052158522613007,21,452,431,0.067142,0.117395,0.117395,0.184537,0.815463
155,29666396188587728462615862057347321613786496027,21,547,545,0.082726,0.018066,0.018066,0.10079199999999999,0.899208
155,41677893527522320684434778067984642792936350873,21,527,494,0.03149,0.042291,0.204863,0.23635299999999998,0.763647
155,32675536969479286942701324674137910119680337459,21,332,332,0.21786,0.21786,0.0,0.21786,0.7821400000000001
155,44919866654372607559021538428305729263662282117,21,528,528,0.360023,0.360023,0.0,0.360023,0.639977
155,36452200589072916411983425394632165549777886227,21,468,468,0.119418,0.119418,0.0,0.119418,0.880582
155,33203524258924130270853246380045741567145994259,21,443,434,0.232506,0.060938,0.060938,0.293444,0.706556
155,36946503351030864812990481678628454987070959527,21,394,364,0.036536,0.036401,0.3360349999999999,0.37257099999999993,0.627429
155,44458044889519333576801527839740244268692202469,21,636,623,0.013145,0.01425,0.070913,0.08405800000000001,0.915942
155,36744155090184780124393526442075144163055399837,21,366,366,0.06358,0.06358,0.0,0.06358,0.93642
155,32611265262434541992311659835491097552848382807,21,277,277,0.075906,0.075906,0.0,0.075906,0.924094
156,58842411492108631901824870167723622565249820361,21,541,541,0.061788,0.061788,0.0,0.061788,0.938212
156,58647263901409677188415888297848821138605832667,21,353,338,0.07509,0.292436,0.292436,0.36752599999999996,0.632474
156,60691833191625566815713087621249445278906020923,21,443,443,0.10743,0.10743,0.0,0.10743,0.89257
156,83500911560012017920943706628836329963659227611,21,420,420,0.06792,0.06792,0.0,0.06792,0.93208
156,79699952235555146846014724188269022467857700953,21,458,450,0.027732,0.028712,0.028712,0.056444,0.943556
156,68617923715717279114730426060969764483412652871,21,562,562,0.07729,0.07729,0.0,0.07729,0.92271
156,70292815550175575334435593661308688973972707499,21,329,324,0.057807,0.175495,0.175495,0.233302,0.766698
156,88395906091853951743306426033388820009527178553,21,334,334,0.246722,0.246722,0.0,0.246722,0.753278
156,58490997193338963447736793476829606786651843411,21,361,361,0.109705,0.109705,0.0,0.109705,0.8902950000000001
156,88153376653160901709431525294744255033299399513,21,438,438,0.104389,0.104389,0.0,0.104389,0.895611
156,83749952449871415989936799658384575288153567857,21,493,493,0.119421,0.119421,0.0,0.119421,0.880579
156,63215896343305696798861673825073441341593157323,21,286,286,0.0565,0.0565,0.0,0.0565,0.9435
156,68367618624389291832609274122568807692737410747,21,344,344,0.042734,0.042734,0.0,0.042734,0.957266
156,85976042848566498516350067546598036064176697617,21,456,454,0.028585,0.033659,0.033659,0.062244,0.937756
156,77050956204250174763972617362140681574229342091,21,728,728,0.196425,0.196425,0.0,0.196425,0.803575
156,67397778703558464646892241700035691887301648579,21,550,550,0.0937,0.0937,0.0,0.0937,0.9063
156,82158015067987949738815070788850184671973579587,21,403,403,0.082802,0.082802,0.0,0.082802,0.917198
156,55015423047501982644190563451191716439122432951,21,383,382,0.033742,0.027834,0.027834,0.061576000000000006,0.938424
156,85336908532608541436048263259686225667526362047,21,607,607,0.180079,0.180079,0.0,0.180079,0.819921
156,56731211956952175175952662358019177731725234237,21,380,380,0.053572,0.053572,0.0,0.053572,0.946428
157,120282166308024689728299980121863747670916310267,21,434,434,0.109103,0.109103,0.0,0.109103,0.890897
157,120820017068622794622130921127946349513431310843,21,531,507,0.017563,0.066187,0.16947999999999996,0.18704299999999996,0.812957
157,160354239376266933764514100701359388571858132879,22,426,426,0.117259,0.117259,0.0,0.117259,0.882741
157,178540342865713130388740603822271194677254392441,22,404,400,0.050131,0.030797,0.030797,0.080928,0.919072
157,133758242352280888913921190835052846329897153133,21,484,475,0.065942,0.070095,0.070095,0.13603700000000002,0.863963
157,119751792167523699090520105500834166573709024723,21,351,351,0.187293,0.187293,0.0,0.187293,0.8127070000000001
157,142866301722166299614859219990227501097218329553,21,429,420,0.032504,0.017788,0.062951,0.09545499999999998,0.904545
157,159460056477105651797755450704992108220297439993,22,353,353,0.096856,0.096856,0.0,0.096856,0.903144
157,129765827297228317584448178357227745213663923673,21,452,443,0.030461,0.032393,0.073772,0.104233,0.895767
157,153041151061952724068377978141007513960278537129,21,515,504,0.0603,0.091455,0.12611999999999998,0.18641999999999997,0.81358
157,112556148137934308610401610728139436816885032007,21,331,331,0.104609,0.104609,0.0,0.104609,0.895391
157,155016348949192392834761783400231900623445364769,21,555,520,0.02522,0.070664,0.33869600000000005,0.3639160000000001,0.6360839999999999
157,165332485530732496445379876290371501984439220227,22,392,392,0.035821,0.035821,0.0,0.035821,0.964179
157,173008319555191101708826910175525434497734262397,22,287,287,0.025443,0.025443,0.0,0.025443,0.974557
157,143078279358113528954735774091416278002769110083,21,576,544,0.018708,0.026617,0.152932,0.17164000000000001,0.82836
157,139537309577365933739952691194841985292959417899,21,283,283,0.086933,0.086933,0.0,0.086933,0.913067
157,150381007425703993922643997626233047809831195563,21,319,304,0.068967,0.022473,0.082901,0.151868,0.848132
157,125414534553540336555987249708054473022979850233,21,352,352,0.14582,0.14582,0.0,0.14582,0.8541799999999999
157,100495160702135079890032717344114075262462068991,21,344,344,0.323691,0.323691,0.0,0.323691,0.676309
157,126081296153973360472994917714723398699218116441,21,780,772,0.029602,0.016338,0.0637,0.09330200000000001,0.906698
158,244084876567438940415979589793753210761831799169,22,393,390,0.127059,0.080463,0.080463,0.207522,0.792478
158,311889364802148711770367329783808121108240984963,22,427,425,0.15821,0.051728,0.051728,0.20993799999999999,0.790062
158,315552892616518612169009766705743992617805242163,22,292,292,0.301777,0.301777,0.0,0.301777,0.698223
158,364568451629159625851465545891850771901219214163,22,374,371,0.151917,0.075383,0.075383,0.2273,0.7726999999999999
158,213880798395599609631736184456759089379285659049,22,435,435,0.040039,0.040039,0.0,0.040039,0.959961
158,364596676892949119436289041863521153445811753029,22,520,520,0.0832,0.0832,0.0,0.0832,0.9168000000000001
158,215840103126036545942721515629965329944602697057,22,572,561,0.030998,0.044439,0.194301,0.225299,0.774701
158,259043540185824666457272444893607678141566205487,22,346,346,0.099061,0.099061,0.0,0.099061,0.900939
158,311426830077414386887481553693471517445014703609,22,373,367,0.044028,0.025208,0.09609100000000001,0.140119,0.859881
158,220678872755010770809359894948879428023872635453,22,355,352,0.068063,0.066493,0.066493,0.134556,0.865444
158,324273864736092445034262802970079797120470198979,22,439,439,0.148726,0.148726,0.0,0.148726,0.851274
158,335973439137660892963362517099047189556286786761,22,323,323,0.045772,0.045772,0.0,0.045772,0.954228
158,282449349227109527988465852865060163003324312407,22,324,324,0.172744,0.172744,0.0,0.172744,0.827256
158,208746167169143822300193643710778500356712398063,22,467,462,0.062281,0.017187,0.029598,0.091879,0.908121
158,334111037801880478290657958251924991420673909189,22,488,488,0.071959,0.071959,0.0,0.071959,0.928041
158,278758463930102758470340608089823158233270489379,22,355,319,0.102489,0.043311,0.23548799999999998,0.33797699999999997,0.662023
158,334359694784871699894821359716571301393005547539,22,411,399,0.16563299999999997,0.027038,0.09418099999999999,0.259814,0.740186
158,266330340319030988935371369155445034828168547083,22,372,372,0.03794,0.03794,0.0,0.03794,0.96206
158,304296786548695733429639288499877719781617137947,22,580,580,0.15371,0.15371,0.0,0.15371,0.84629
158,363187749995613157299748064319278147359621272623,22,662,662,0.053618,0.053618,0.0,0.053618,0.9463820000000001
159,686564447258462630098219799118347627120122126259,22,495,495,0.068468,0.068468,0.0,0.068468,0.931532
159,589551271893462661314759463097397605089591304053,22,483,483,0.136716,0.136716,0.0,0.136716,0.8632839999999999
159,631182522272441179585206326884145264567358144641,22,318,300,0.033312,0.051811,0.09806600000000001,0.13137800000000002,0.868622
159,436106084503182412560423534629337392438805726397,22,508,508,0.050627,0.050627,0.0,0.050627,0.949373
159,614365874960561724255698902936314085451009978123,22,438,426,0.083679,0.03635,0.16996099999999997,0.25364,0.74636
159,652808814800014009591626662453549818193223047839,22,675,675,0.110383,0.110383,0.0,0.110383,0.889617
159,431497693573687811342235449780503037093880478249,22,422,422,0.103022,0.103022,0.0,0.103022,0.896978
159,641417960009003073536715539762385574694132608057,22,318,318,0.0366,0.0366,0.0,0.0366,0.9634
159,556755493522333610334550996104356886728067513937,22,446,446,0.195226,0.195226,0.0,0.195226,0.804774
159,518738300042543123329242792010704876266634471203,22,531,512,0.067067,0.112044,0.112044,0.17911100000000002,0.820889
159,622775601463755434010798895296308923399679148479,22,370,367,0.019822,0.015601,0.048997,0.06881899999999999,0.931181
159,721092743353983610239239300767561842232656810121,22,371,371,0.143285,0.143285,0.0,0.143285,0.856715
159,725700541872878647978311987906512435448724917323,22,360,344,0.097743,0.026347,0.343038,0.440781,0.559219
159,680792306276738068787445684933623704836521586517,22,402,402,0.09392,0.09392,0.0,0.09392,0.90608
159,609838293034917899422422535971964737888944079431,22,564,554,0.029562,0.058585,0.17111700000000002,0.20067900000000002,0.799321
159,500003566005968344293642166685142120533963613397,22,375,366,0.03666,0.097934,0.313481,0.35014100000000004,0.649859
159,672585552363075626030436013518741587083784197091,22,956,956,0.065616,0.065616,0.0,0.065616,0.934384
159,667853203575891446356676483576275288677930218477,22,369,369,0.058412,0.058412,0.0,0.058412,0.941588
159,452729177399062213984412625994093209513957053659,22,491,490,0.024389,0.042585,0.042585,0.066974,0.933026
159,718517666115847144224280227758502807408113808437,22,604,595,0.028872000000000002,0.026041,0.026041,0.054913000000000003,0.945087
160,1115913240165002032294944939882858364194015937199,22,356,337,0.026325,0.047421,0.159696,0.186021,0.813979
160,1440912770676709848638629792376134253525608074541,22,628,626,0.026006,0.087775,0.087775,0.11378100000000001,0.886219
160,933815358984064483011197510331330335221655664157,22,410,404,0.117429,0.061285,0.15872899999999998,0.276158,0.723842
160,969243323728712475535486623630623651719920512731,22,368,368,0.40801,0.40801,0.0,0.40801,0.59199
160,1076466504888089627494905309713319219664710433643,22,374,373,0.107393,0.094509,0.094509,0.201902,0.798098
160,1421116437931458286969196379690998986504855152749,22,564,553,0.040421,0.026489,0.083318,0.123739,0.876261
160,1172553592352544090305146581654443943982800468347,22,384,384,0.152961,0.152961,0.0,0.152961,0.847039
160,909793617870750937141425081136809004936031725807,22,846,837,0.084803,0.064252,0.09212300000000001,0.17692600000000003,0.823074
160,1057437110620229076506102833609193814696668318251,22,409,408,0.218926,0.05488,0.05488,0.273806,0.726194
160,1272489506939449407441353102540516266393948251787,22,392,392,0.083958,0.083958,0.0,0.083958,0.916042
160,1080313044916089688695708805273339794814591207951,22,334,334,0.078953,0.078953,0.0,0.078953,0.921047
160,1149353867679185877473020663684612261737991945873,22,322,316,0.067099,0.098069,0.098069,0.165168,0.834832
160,983949157142389589790721652739207946878875195771,22,355,349,0.094792,0.08321,0.08321,0.178002,0.821998
160,1361143599389480694086689546211220334021828686817,22,405,405,0.269608,0.269608,0.0,0.269608,0.7303919999999999
160,1021091838147883904869937336936298707335596006313,22,467,448,0.040776,0.017604,0.23666900000000002,0.277445,0.7225550000000001
160,1294988162211010208686476509915675738782236322669,22,401,401,0.309361,0.309361,0.0,0.309361,0.690639
160,1122941529731570548110403398235866601161586536011,22,350,350,0.096622,0.096622,0.0,0.096622,0.903378
160,1432805530443255062195929071604085524855630107221,22,361,361,0.079515,0.079515,0.0,0.079515,0.920485
160,1153032896620140114746318270771321999716861546507,22,437,437,0.161547,0.161547,0.0,0.161547,0.838453
160,964310714558373662737593657033125267637818078167,22,374,361,0.050534,0.087695,0.154267,0.20480099999999998,0.795199
161,2549342994142969438502207735324263431486603124709,22,349,349,0.076023,0.076023,0.0,0.076023,0.923977
161,2681100216348215889829625802961254331665674276717,22,434,433,0.03504,0.005774,0.005774,0.040814,0.959186
161,2880298692764464678292391755309173496702002183049,22,454,454,0.058122,0.058122,0.0,0.058122,0.941878
161,1772591985057680454231176923477927954936575167497,22,298,298,0.250255,0.250255,0.0,0.250255,0.749745
161,2083705746610030102470078930728254734269258767559,22,405,405,0.189783,0.189783,0.0,0.189783,0.810217
161,2592051223899969308896255211589583595849607840917,22,531,522,0.037241,0.025177,0.10976000000000001,0.14700100000000002,0.852999
161,1964444950659050423101133436896095725128026615861,22,320,320,0.042553,0.042553,0.0,0.042553,0.957447
161,2664894503748551145754658751022334263049302504109,22,410,396,0.065151,0.078138,0.096806,0.16195700000000002,0.838043
161,2890667027374661591725712210164725411830649644971,22,453,453,0.105907,0.105907,0.0,0.105907,0.894093
161,2315237919643127678001317504649602348775135239989,22,419,419,0.180511,0.180511,0.0,0.180511,0.819489
161,2263615665739021443959839330064499024174205984757,22,355,353,0.202774,0.090641,0.090641,0.293415,0.706585
161,2715737041694779962072587570440702427479596688267,22,412,399,0.039833,0.080359,0.13337,0.173203,0.826797
161,2242913431855633380375884470582819076336280851693,22,563,563,0.049393,0.049393,0.0,0.049393,0.950607
161,2196055705110050413211594819707917380387387874647,22,478,478,0.101443,0.101443,0.0,0.101443,0.898557
161,2386559963764208317133465196705396071874399113177,22,454,454,0.089355,0.089355,0.0,0.089355,0.910645
161,2496018222066887071360307538619052262154796275933,22,460,451,0.043091,0.132182,0.132182,0.17527299999999998,0.824727
161,2643999513168057204584957107582487653622472397817,22,473,473,0.033267,0.033267,0.0,0.033267,0.966733
161,2635743115320503461112643487699959884803825828717,22,412,412,0.158035,0.158035,0.0,0.158035,0.841965
161,2825605982926347409937517778879057613012900909681,22,434,433,0.018681,0.013999,0.013999,0.03268,0.96732
161,1945681273593238791686785823639092496168175333883,22,455,455,0.044942,0.044942,0.0,0.044942,0.955058
162,5142726192263316119305765044724202366191059020131,22,431,431,0.133643,0.133643,0.0,0.133643,0.866357
162,4356714020119985091707387224305757015484033268083,22,354,354,0.227361,0.227361,0.0,0.227361,0.772639
162,5760088733269586802798761031015562375783053998981,22,411,399,0.139791,0.080618,0.080618,0.220409,0.779591
162,5126536210830929842911126218863559555593079772241,22,462,449,0.049142,0.017208,0.029664000000000003,0.078806,0.921194
162,4355984306317180250941284630714493550289288293197,22,529,529,0.09708,0.09708,0.0,0.09708,0.90292
162,5372238624316637074604877264416233805336449398107,22,393,381,0.026778,0.042419,0.135527,0.162305,0.837695
162,3370953511586955617438834489704567964510236112387,22,366,348,0.034613,0.130613,0.243158,0.277771,0.722229
162,5654048134438701321190467092520015125597334765619,22,929,919,0.035657,0.02421,0.032812999999999995,0.06847,0.93153
162,5347560175544712010315634817224870510859508906709,22,426,426,0.13303,0.13303,0.0,0.13303,0.86697
162,5736419416140119735836049169364015628764346059723,22,814,797,0.017746,0.020058,0.079361,0.097107,0.902893
162,4650109252981784028797300655435682334415722439709,22,507,504,0.122909,0.022595,0.022595,0.145504,0.854496
162,4851575313540019468754262146798472592699356416503,22,445,445,0.085181,0.085181,0.0,0.085181,0.914819
162,4620052361353557581946034404083231874642184874639,22,470,462,0.250774,0.027551,0.027551,0.278325,0.7216750000000001
162,5522800988337253824728791418632480547260333713827,22,417,417,0.169481,0.169481,0.0,0.169481,0.830519
162,5499586014822265836968576304450001678297022377393,22,658,658,0.050905,0.050905,0.0,0.050905,0.949095
162,3564133393297332356275713734544213713680389996917,22,385,385,0.089041,0.089041,0.0,0.089041,0.910959
162,5515322111725050184603784308918954761722437406837,22,422,413,0.088841,0.025182,0.025182,0.114023,0.885977
162,4485461183490214672847356727639397071039303926699,22,390,390,0.110168,0.110168,0.0,0.110168,0.889832
162,5195480640606091839263058107075820094394110075261,22,379,374,0.096755,0.057233,0.057233,0.15398799999999999,0.846012
162,5741107958946558148650160180297387601202820663099,22,469,469,0.096556,0.096556,0.0,0.096556,0.903444
163,9747578468936317254902406784741698921811080904511,22,423,408,0.066675,0.06058,0.14144400000000001,0.208119,0.7918810000000001
163,10111701947436338618707597112719816959644907307921,22,494,494,0.112985,0.112985,0.0,0.112985,0.887015
163,9500974977324321481710304769960767745184067228853,22,389,383,0.062433,0.071346,0.071346,0.133779,0.866221
163,10923265258610933252939304751090963667320491815059,22,370,370,0.13941,0.13941,0.0,0.13941,0.86059
163,6277296598420519157375291811600475171257085054819,22,328,328,0.122153,0.122153,0.0,0.122153,0.877847
163,9231618602773719751425117097585869209969078112883,22,456,449,0.081345,0.054547,0.086394,0.167739,0.832261
163,10035352768951452538707551978057565508665635317309,22,472,465,0.035028,0.080069,0.080069,0.115097,0.884903
163,7654209071367977951897371689264431599631570961337,22,337,337,0.065629,0.065629,0.0,0.065629,0.934371
163,10824194889247063645916265364865318315163275587691,22,393,363,0.064788,0.078594,0.122607,0.18739499999999998,0.812605
163,7007067855178084077334907729020251703138388423407,22,588,588,0.085207,0.085207,0.0,0.085207,0.914793
163,11563629162960767561469993435982566900206290797341,22,339,339,0.201916,0.201916,0.0,0.201916,0.798084
163,10432647582007091942814866236806348920448169897081,22,412,409,0.074361,0.043535,0.18117799999999998,0.25553899999999996,0.744461
163,11013321740409425001654829975108773198879722323169,22,486,486,0.191098,0.191098,0.0,0.191098,0.808902
163,11388208541060705561819087229232095358667380786273,22,566,566,0.179978,0.179978,0.0,0.179978,0.820022
163,11103735522688372546281614770298463681690271542443,22,512,512,0.136845,0.136845,0.0,0.136845,0.863155
163,8215686036974456744106483973928387713743004968589,22,459,449,0.09201,0.048437,0.048437,0.140447,0.859553
163,10366420373188722818237768081269384282174284586279,22,524,518,0.048668,0.08886,0.08886,0.13752799999999998,0.862472
163,9887493049291697627584648336712714992824228820507,22,384,384,0.061503,0.061503,0.0,0.061503,0.938497
163,11291772697596805962306082330181863662191216703401,22,705,685,0.020273,0.013525,0.089788,0.110061,0.889939
163,8629299483287912574962165393081179705241759373329,22,539,539,0.185893,0.185893,0.0,0.185893,0.814107
164,20210344270042780228524473590981781384374263250651,22,712,674,0.012501,0.00905,0.165167,0.17766800000000002,0.822332
164,17385754946083473907588211247263282920082635440931,22,449,449,0.085929,0.085929,0.0,0.085929,0.914071
164,15065200337324516365624234372840728893791849883677,22,549,549,0.116848,0.116848,0.0,0.116848,0.883152
164,20001274208685757373389824972298109151192644683421,22,467,444,0.06018,0.09511,0.271261,0.331441,0.668559
164,23206373050027225840725924288883018652907266761573,22,416,416,0.063271,0.063271,0.0,0.063271,0.936729
164,22025345891505684794425190360346292788092251835117,22,343,343,0.131467,0.131467,0.0,0.131467,0.868533
164,17433500709489283073258616221836367960841092957683,22,417,417,0.193684,0.193684,0.0,0.193684,0.806316
164,20619243792726008996626054260855579390889646661671,22,519,514,0.044247,0.018048,0.078754,0.123001,0.876999
164,17851954102483708548111820947964979316071559518321,22,520,506,0.024944,0.042607,0.14872200000000002,0.17366600000000001,0.826334
164,15520227091786292775179646082304899324457570987803,22,414,414,0.132082,0.132082,0.0,0.132082,0.867918
164,21025509716353739955780362583473341923163070100707,22,511,508,0.116304,0.076965,0.076965,0.19326900000000002,0.806731
164,14498146431977835998639783360838649091026316741701,22,513,513,0.121571,0.121571,0.0,0.121571,0.878429
164,19111791960401045569879778943278968002523890458231,22,326,326,0.046908,0.046908,0.0,0.046908,0.953092
164,16530301572124410378960034538876085010836459672467,22,349,349,0.028092,0.028092,0.0,0.028092,0.971908
164,18221873864190480631751119997397311265906143427919,22,640,640,0.19164,0.19164,0.0,0.19164,0.80836
164,19509002958117864345830026901941875949728480482351,22,679,679,0.077724,0.077724,0.0,0.077724,0.922276
164,22672286378997470934496964350911104497412505665789,22,422,422,0.126502,0.126502,0.0,0.126502,0.873498
164,23046477364042922130498611236049763734841923672321,22,584,571,0.017826,0.021493,0.264725,0.282551,0.717449
164,17549286263321631100185248104947257910955608889553,22,373,373,0.227186,0.227186,0.0,0.227186,0.772814
164,21059636316678691840527110401614339175235554714931,22,480,480,0.145728,0.145728,0.0,0.145728,0.854272
165,41832933592112304400801943026671467969363831087923,22,360,360,0.03308,0.03308,0.0,0.03308,0.96692
165,35682862411294951100561921127821057964487467339443,22,420,408,0.158033,0.22176600000000002,0.22176600000000002,0.379799,0.620201
165,42835312913720678185448545784074783359123970744159,22,383,383,0.18417,0.18417,0.0,0.18417,0.81583
165,40881659780738625128558353749592964839279265435171,22,366,364,0.042203,0.092692,0.092692,0.134895,0.865105
165,45322494471102900510547891895971824081862698563281,22,360,343,0.031203,0.012144,0.063109,0.094312,0.905688
165,45929128788840959205376511336193947297685265640951,22,950,946,0.039298,0.010731,0.010731,0.050029,0.949971
165,44489998373490387700600426834275888436763809873019,22,807,807,0.038313,0.038313,0.0,0.038313,0.961687
165,35790092378947652923809024031202004014344249255817,22,484,473,0.09744,0.025275,0.025275,0.12271499999999999,0.877285
165,45161106773899709982331683988937842529673051859151,22,517,517,0.114808,0.114808,0.0,0.114808,0.885192
165,41611075822328138418773040753161992670148754649183,22,427,427,0.028256,0.028256,0.0,0.028256,0.971744
165,43893688025396579244143003549941949711112694897597,22,595,595,0.065594,0.065594,0.0,0.065594,0.934406
165,38949108443317524477011125919734633057707138102373,22,460,460,0.034736,0.034736,0.0,0.034736,0.965264
165,44506757530726502698455041633661918108484228681201,22,606,587,0.046413,0.031591,0.15146899999999996,0.19788199999999997,0.802118
165,45700176760813962794447132804379570073089321130619,22,452,450,0.132326,0.017019,0.030233,0.162559,0.837441
165,36717319074712975178793976563482551630954666600147,22,518,518,0.054733,0.054733,0.0,0.054733,0.945267
165,40081717737177734357477768258828819203380673838299,22,467,467,0.051339,0.051339,0.0,0.051339,0.948661
165,42668271582757088828333733690941986896240697265291,22,344,344,0.415172,0.415172,0.0,0.415172,0.584828
165,42066162699265700510000155471171171993026790897181,22,335,335,0.074818,0.074818,0.0,0.074818,0.925182
165,43079437256800894081452117481597778557867932256481,22,761,721,0.028354999999999998,0.049972,0.21247000000000002,0.240825,0.7591749999999999
165,39639751732104952918265482468837059446746603506727,22,455,455,0.054601,0.054601,0.0,0.054601,0.945399
166,64455071458380183185819126791305562795840205337607,22,556,556,0.018328,0.018328,0.0,0.018328,0.981672
166,90075771203582122330247262323941154266135655067703,23,584,577,0.107368,0.045261,0.045261,0.15262900000000001,0.847371
166,72228823129784081606691745887439926673012583025583,22,602,602,0.120749,0.120749,0.0,0.120749,0.879251
166,69837432774442923128016482628855170461287372899371,22,459,431,0.042522,0.04675,0.308551,0.351073,0.648927
166,89244922194937743144971782767253188914316795885797,23,520,502,0.047687,0.061051,0.061051,0.108738,0.891262
166,88746453267789363020668583643470490537450658613921,23,430,428,0.044942,0.033739,0.033739,0.078681,0.921319
166,88713786474705850221237608801094392192327303798911,23,433,409,0.023836999999999997,0.015129,0.09761800000000001,0.12145500000000001,0.878545
166,87557406481398096612837568774546924908523956472679,22,501,501,0.234623,0.234623,0.0,0.234623,0.765377
166,83804917377281198336877975468864158449629337119497,22,429,429,0.170289,0.170289,0.0,0.170289,0.829711
166,81569638913156092214718111347132660641468885512997,22,374,374,0.104298,0.104298,0.0,0.104298,0.895702
166,52608719657148563796512530136536674250280158137673,22,587,587,0.238423,0.238423,0.0,0.238423,0.761577
166,89221264190598117801701321295581964396857406691793,23,360,360,0.283218,0.283218,0.0,0.283218,0.716782
166,91421352408629645983856436933886907626516790327531,23,444,439,0.02156,0.114648,0.194899,0.21645899999999998,0.783541
166,92354408607697290294087669975129842220424154225839,23,359,359,0.021718,0.021718,0.0,0.021718,0.978282
166,90307244958886521065070588400571519599452170426827,23,440,433,0.199207,0.019974,0.019974,0.219181,0.780819
166,61951676507642868191945772939153670793162317140439,22,659,659,0.075267,0.075267,0.0,0.075267,0.924733
166,57096092534835312898852423687190032724229132615371,22,402,402,0.04723,0.04723,0.0,0.04723,0.95277
166,77734094079183033282661848210260105535011878058221,22,443,426,0.066576,0.276917,0.31923500000000005,0.385811,0.614189
166,61439716290799937763975920406477923341938046630307,22,538,533,0.219009,0.00799,0.00799,0.226999,0.773001
166,92944946903546196014112302841886638418369209076507,23,333,312,0.052408,0.075476,0.11746700000000002,0.16987500000000003,0.830125
167,185191770581306272864194984747884925328034141094049,23,360,355,0.036671,0.027271,0.027271,0.063942,0.9360580000000001
167,150753299534321728385042450116986328932503586710791,23,402,402,0.175108,0.175108,0.0,0.175108,0.824892
167,122185038003700368219528064449236784866763422689417,23,384,384,0.025993,0.025993,0.0,0.025993,0.974007
167,178235118269758334366445181520116909697869973267843,23,418,418,0.032986,0.032986,0.0,0.032986,0.967014
167,125101284926137051500851455837556179024574472599693,23,403,399,0.047258,0.038861,0.104773,0.152031,0.847969
167,183608279157579728300471834586610846132033916363009,23,435,435,0.169317,0.169317,0.0,0.169317,0.8306830000000001
167,123823837425211259366602079641341299640350463304427,23,487,460,0.027983,0.011863,0.183942,0.211925,0.788075
167,182738591737141364288038096817725089299414242881199,23,372,363,0.022963,0.025501,0.102404,0.125367,0.874633
167,144881986800772159131971678194070421363231610326503,23,488,488,0.21499,0.21499,0.0,0.21499,0.78501
167,169113029671003783909165383403390189332006078766403,23,756,756,0.090463,0.090463,0.0,0.090463,0.909537
167,180203454172404433999728807424822530543427009853893,23,618,613,0.070229,0.027819,0.049187999999999996,0.119417,0.880583
167,176740473075257510677017027826065071164478066806109,23,329,329,0.056926,0.056926,0.0,0.056926,0.943074
167,154708744984764752253150630606148953411120836248223,23,517,515,0.05,0.088665,0.088665,0.13866499999999998,0.861335
167,185822038963156756154989463606402264231845142986571,23,499,499,0.041628,0.041628,0.0,0.041628,0.958372
167,164713641976176077509064527913611509808492198546303,23,429,429,0.071649,0.071649,0.0,0.071649,0.928351
167,174143473517067658771245663523001506669684229251583,23,294,294,0.122798,0.122798,0.0,0.122798,0.877202
167,134875484299471317108685835177615212803568324951771,23,325,325,0.160891,0.160891,0.0,0.160891,0.839109
167,182071589557326943011646537770784052720010679622671,23,457,457,0.125317,0.125317,0.0,0.125317,0.874683
167,107723548795615044892707554332906198918982581905521,23,416,416,0.052434,0.052434,0.0,0.052434,0.947566
167,110235062257219473750266489148464622602430677309023,23,469,461,0.059354,0.013857,0.045986,0.10533999999999999,0.89466
168,355867559027045347481742474164268313169270448267103,23,532,532,0.043283,0.043283,0.0,0.043283,0.956717
168,354354498343882825539049178202420048518235057099511,23,382,380,0.130245,0.026237000000000003,0.026237000000000003,0.156482,0.843518
168,297316862371625606791660530918145246188551598375827,23,462,462,0.086092,0.086092,0.0,0.086092,0.9139079999999999
168,251334070780906996792106667358010626199124871015193,23,382,382,0.099039,0.099039,0.0,0.099039,0.900961
168,266089629335928959939990984219310389073099671366189,23,377,377,0.094765,0.094765,0.0,0.094765,0.905235
168,297312478520764466042800805099268401234237086618769,23,498,498,0.053847,0.053847,0.0,0.053847,0.946153
168,252694597694857518298868919901861055603851696256479,23,402,402,0.027099,0.027099,0.0,0.027099,0.972901
168,286391540226265125508001191752822610514127971418977,23,445,445,0.101275,0.101275,0.0,0.101275,0.898725
168,318688943619592236326261968753666579542852488008771,23,516,512,0.066966,0.036994,0.036994,0.10396,0.89604
168,348197322658922333549563681800422289216265150015297,23,516,495,0.045917,0.03164,0.174948,0.22086499999999998,0.779135
168,368542669960002587168410129566818072485889583789247,23,477,477,0.070499,0.070499,0.0,0.070499,0.929501
168,268548911990920458790785330758705695531710970965877,23,384,384,0.087625,0.087625,0.0,0.087625,0.912375
168,331941207943771650157715950616862772785852585230449,23,394,379,0.062316,0.100117,0.287177,0.349493,0.650507
168,323877960143720182139921715509016936864755738538083,23,395,395,0.015202,0.015202,0.0,0.015202,0.984798
168,363122401231538903702884958200573978698665726858941,23,428,425,0.132918,0.050442,0.050442,0.18336000000000002,0.81664
168,308228420728279829232936597270463065825898054642939,23,374,374,0.220127,0.220127,0.0,0.220127,0.779873
168,283116060916231999061737214282503740357534622019947,23,391,391,0.118175,0.118175,0.0,0.118175,0.881825
168,281428688528495768940994883006958194198779974610219,23,509,508,0.111601,0.092361,0.092361,0.203962,0.796038
168,326678933726286291994787934645555743351568375175913,23,420,411,0.115529,0.149271,0.149271,0.2648,0.7352000000000001
168,242229774464479250019542042945875041752252033094853,23,806,785,0.006391,0.024441,0.12291700000000001,0.129308,0.870692
169,549419723295960540447780008307906211005792776812829,23,484,484,0.058596,0.058596,0.0,0.058596,0.941404
169,664865469281161842324657652489314073194401709162263,23,616,616,0.085581,0.085581,0.0,0.085581,0.914419
169,526275837673483487444634125901789672050479746789367,23,459,452,0.013148,0.033509,0.055050999999999996,0.068199,0.931801
169,677970966743848576239473283142953742552801707940111,23,437,437,0.056706,0.056706,0.0,0.056706,0.943294
169,657821691628060301322956147101670288895728662024039,23,429,429,0.218166,0.218166,0.0,0.218166,0.781834
169,715264587022453456200004920592343027582234072699119,23,727,686,0.007282,0.024922,0.34402899999999975,0.35131099999999976,0.6486890000000003
169,564263055842251392661877742982498545034787789672701,23,391,385,0.034658,0.050756,0.12182499999999999,0.15648299999999998,0.8435170000000001
169,709752893570015397017697204082578787464541589122757,23,360,360,0.054543,0.054543,0.0,0.054543,0.945457
169,655017367008869539322579634764112530246507710350587,23,422,422,0.270676,0.270676,0.0,0.270676,0.729324
169,657292182528951725976013293116638919927942739731969,23,405,371,0.030474,0.013849,0.21423000000000003,0.24470400000000003,0.755296
169,723786901355715251133499133823457447564442130316753,23,894,894,0.071447,0.071447,0.0,0.071447,0.928553
169,523829125978495822418790946811975528394043957096661,23,390,390,0.183431,0.183431,0.0,0.183431,0.816569
169,541477377066573582590059723667831900889584456117101,23,343,343,0.161636,0.161636,0.0,0.161636,0.838364
169,695788992079943252596035093883032289031003550676639,23,463,463,0.053621,0.053621,0.0,0.053621,0.946379
169,694333695686916638920533025197721880230919832136049,23,363,363,0.148389,0.148389,0.0,0.148389,0.851611
169,485822670269234256517166328139449043912746690035101,23,401,394,0.028524,0.03524,0.070895,0.09941900000000001,0.900581
169,621048212309618498722906441939308335619301463127923,23,452,452,0.082409,0.082409,0.0,0.082409,0.917591
169,471378305746743164537629288149409115192944188760511,23,410,401,0.03923,0.045,0.06318399999999999,0.10241399999999999,0.897586
169,679166054805478107698598400374518496104565906945673,23,338,338,0.168884,0.168884,0.0,0.168884,0.831116
169,478874915531854708795103201026072431746838752011189,23,478,470,0.047772,0.025904,0.061395000000000005,0.10916700000000001,0.890833
170,1289318240951187150423696809121408247188110724374959,23,383,383,0.14761,0.14761,0.0,0.14761,0.85239
170,1317598680651458934736004969973115054629720267802427,23,412,411,0.127314,0.09672,0.09672,0.224034,0.7759659999999999
170,1387016971391792365767686427962070113773978808021599,23,435,427,0.022272,0.034259,0.07209099999999999,0.09436299999999999,0.905637
170,1301605848278604502292287990083848668281772339668443,23,529,525,0.010793,0.021272,0.035393,0.046186000000000005,0.9538139999999999
170,1454027346176602205583289937091731344133146246553801,23,577,558,0.173741,0.081917,0.197506,0.371247,0.628753
170,967653528079116878085780463103240904324567568232963,23,531,531,0.115294,0.115294,0.0,0.115294,0.884706
170,1261056843454978621289453730316681785701648409889253,23,488,487,0.061018,0.090801,0.090801,0.151819,0.848181
170,837639897222655440981696060794566569158254246200341,23,432,432,0.011321,0.011321,0.0,0.011321,0.988679
170,1380352939133440466587651274847015029204065064236727,23,661,661,0.230953,0.230953,0.0,0.230953,0.769047
170,1470202321847100083182546960194231350823305902723733,23,488,488,0.146313,0.146313,0.0,0.146313,0.853687
170,1395451141662017337518566124235400507157510063162651,23,386,386,0.103452,0.103452,0.0,0.103452,0.896548
170,1443973581327167714924022043427922410334336886476631,23,452,436,0.047165,0.01928,0.125219,0.17238399999999998,0.827616
170,1248251220039825096428185208030859202496488462447199,23,480,480,0.166698,0.166698,0.0,0.166698,0.833302
170,1485074191992056020325974520634552289818056666197811,23,431,431,0.071965,0.071965,0.0,0.071965,0.9280349999999999
170,1254247931868399620218293166952069391063175723231013,23,515,502,0.142764,0.046162,0.167688,0.310452,0.689548
170,1257669066486116581118684542985264257389351752099207,23,336,336,0.156325,0.156325,0.0,0.156325,0.843675
170,938770475414108901814693140661602364827961258856599,23,363,359,0.047157,0.103873,0.103873,0.15103,0.84897
170,1066007335410228423895411628779579916508643551606013,23,442,440,0.106646,0.074235,0.074235,0.18088100000000001,0.8191189999999999
170,1055641473154584299321451059456907378615225873359927,23,466,466,0.146398,0.146398,0.0,0.146398,0.853602
170,1450909537806030357996742850817171901677376101936973,23,352,349,0.064694,0.030704,0.08164500000000001,0.146339,0.853661
171,2320628485992640066699844867503781431624090632616007,23,420,409,0.148736,0.129647,0.129647,0.27838300000000005,0.721617
171,2687357138509969949945838036658262421119489089392571,23,398,392,0.005682,0.015681,0.015681,0.021363,0.978637
171,2179890418570410841271805505892530931206234443075251,23,499,499,0.118787,0.118787,0.0,0.118787,0.881213
171,2643553863724729454040982582317963102955115497112137,23,664,659,0.057231,0.022752,0.033420000000000005,0.09065100000000001,0.909349
171,2460627882183105189199201566900305707431196028435837,23,483,483,0.06916,0.06916,0.0,0.06916,0.93084
171,2339826321982801679364695234505710301355859790744791,23,685,685,0.023092,0.023092,0.0,0.023092,0.976908
171,2758900339445195828507819823171495863952057663997793,23,372,372,0.192217,0.192217,0.0,0.192217,0.807783
171,1842882812388021598690092464110026835556610550203901,23,687,664,0.028173,0.038808,0.129631,0.157804,0.842196
171,2527348162893818585716726864029885307488142009814867,23,378,352,0.046154999999999995,0.031633,0.07435800000000001,0.12051300000000001,0.879487
171,2837554568622031909115383188427508045834871248866231,23,390,390,0.29565,0.29565,0.0,0.29565,0.70435
171,1980107624548085725945997103475068875829188531206579,23,895,895,0.207684,0.207684,0.0,0.207684,0.792316
171,2569544928058170304082873120455860591460518083182909,23,515,515,0.069245,0.069245,0.0,0.069245,0.930755
171,2690941433828007792933739463035154894668803736090667,23,360,356,0.123611,0.170257,0.170257,0.293868,0.706132
171,2790043200701068932081541267461948287073389647656629,23,317,317,0.166861,0.166861,0.0,0.166861,0.833139
171,2090916108644774601950745809429826244133327238488009,23,444,425,0.058584,0.140311,0.140311,0.198895,0.801105
171,2565736058589956952109798640055629482853606450052707,23,494,488,0.075014,0.093964,0.093964,0.16897800000000002,0.8310219999999999
171,2857998842268811336179375833801691573922890863274847,23,686,686,0.08207,0.08207,0.0,0.08207,0.91793
171,2396493466906125285828056384566870470681794130877669,23,441,441,0.079929,0.079929,0.0,0.079929,0.920071
171,2690381636823230507251275613355703537300523990202027,23,567,546,0.057066000000000006,0.03541,0.19520099999999999,0.252267,0.747733
171,2534044398151279155788338071872494168885731333317717,23,517,517,0.090572,0.090572,0.0,0.090572,0.909428
172,4462022261486228276470696903183179974341102550314813,23,589,579,0.064499,0.050632,0.173064,0.237563,0.762437
172,4973934130046512061706003746504778764546358353047069,23,483,469,0.100673,0.028025,0.121716,0.222389,0.777611
172,5648094522288795174255363457633460814882962588225833,23,595,573,0.017699,0.018047,0.175247,0.192946,0.8070539999999999
172,4726592204009198207872992689944913141786425094656837,23,812,812,0.133162,0.133162,0.0,0.133162,0.866838
172,5594622054792930920033030420069168546546514996297059,23,375,375,0.091123,0.091123,0.0,0.091123,0.908877
172,5195538082333779164457732930160988690944352296084861,23,419,402,0.070752,0.039459,0.242875,0.313627,0.686373
172,4025284698876107182620642633377455297801856255767501,23,452,452,0.053349,0.053349,0.0,0.053349,0.946651
172,4383786029746298282865883459946099335415639923579151,23,540,527,0.116637,0.100157,0.100157,0.216794,0.7832060000000001
172,4240211809755560196715516460800231502364014252588639,23,428,423,0.127183,0.070941,0.070941,0.198124,0.801876
172,5548533853252799042694444930927799861408846535815007,23,419,411,0.05489,0.032363,0.094005,0.148895,0.851105
172,5437902847130435025801669508069442332314935248409143,23,460,451,0.063242,0.071536,0.098003,0.16124500000000003,0.8387549999999999
172,4141743792397074660421973109728086317758715931017277,23,427,423,0.030975,0.181854,0.181854,0.212829,0.7871710000000001
172,4778987191980938572456617933856060465243353739312487,23,499,465,0.026214,0.019472,0.19876,0.224974,0.775026
172,4739381656678028395979571409181320777773237194812847,23,415,399,0.020967,0.099716,0.30371699999999996,0.324684,0.675316
172,4804326313493129486456115335738865566041096602990667,23,728,728,0.079754,0.079754,0.0,0.079754,0.920246
172,4104752537262135739627532234359506058920546702141581,23,409,409,0.125262,0.125262,0.0,0.125262,0.874738
172,3803744058813253158320678543084926588928670333519661,23,428,428,0.104638,0.104638,0.0,0.104638,0.895362
172,4385465259125919643879994689875257236736934784890611,23,483,478,0.014529,0.031576,0.031576,0.046105,0.953895
172,5279890751954713468197389506413223751577777606451787,23,424,424,0.337168,0.337168,0.0,0.337168,0.662832
172,4160916851387881458666582220339040710916709604934989,23,458,458,0.05422,0.05422,0.0,0.05422,0.94578
173,10923792501645012754794107569655030715119609536422907,23,415,415,0.06254,0.06254,0.0,0.06254,0.93746
173,10049473751846112538141515321974984014498020571782187,23,361,361,0.175184,0.175184,0.0,0.175184,0.824816
173,11478453237002096953758919917104639903243507350422841,23,640,640,0.074961,0.074961,0.0,0.074961,0.925039
173,10169455292752448241266658515571649753093170083937973,23,376,376,0.069481,0.069481,0.0,0.069481,0.930519
173,11141435091489660417203162826279290403361648348555217,23,404,404,0.079447,0.079447,0.0,0.079447,0.920553
173,11845946756557169576442319415563300804632186316185761,23,359,359,0.123828,0.123828,0.0,0.123828,0.876172
173,6606020196711476677748380921663035663590800650212861,23,496,496,0.078675,0.078675,0.0,0.078675,0.921325
173,9223304994372936325365139311788951438575340466147653,23,358,358,0.048738,0.048738,0.0,0.048738,0.951262
173,9937936138453613172200974798887957858538887333434453,23,453,449,0.012441,0.007508,0.007508,0.019949,0.980051
173,11559606582085509839598371324267429245568074606311239,23,375,372,0.11748,0.057021,0.057021,0.17450100000000002,0.825499
173,8567518689055579897923237570331424934191919130124683,23,408,392,0.085958,0.024385,0.069758,0.15571600000000002,0.844284
173,7757833041287954123219330741833398980401403365844671,23,521,514,0.039528999999999995,0.028759,0.055538000000000004,0.095067,0.904933
173,9316049178944443793561813909420289680048038873209887,23,711,711,0.17173,0.17173,0.0,0.17173,0.8282700000000001
173,9928833671075698004690547493411708722996168864524191,23,442,442,0.152846,0.152846,0.0,0.152846,0.847154
173,8082599286688078272326597296230019194455017969460353,23,403,397,0.05445,0.036295,0.036295,0.09074499999999999,0.909255
173,11722980560595969629675859144256076147885119391535181,23,573,573,0.111102,0.111102,0.0,0.111102,0.888898
173,9593608908661975634163739787876317382759712663032617,23,807,807,0.012903,0.012903,0.0,0.012903,0.987097
173,7514341258039837561785554369913705517231217351886269,23,514,501,0.114688,0.118268,0.118268,0.232956,0.7670440000000001
173,10788110854762710095666872487306279223201853493970649,23,448,441,0.030183,0.033323,0.033323,0.063506,0.9364939999999999
173,10830515307409583755599110009630409242843757129551833,23,435,416,0.106926,0.102816,0.154718,0.261644,0.738356
174,22104611793997230117343176470598753099597657699857767,23,364,364,0.247547,0.247547,0.0,0.247547,0.752453
174,18763942404536135019296013058405167365237739426352961,23,382,382,0.179871,0.179871,0.0,0.179871,0.820129
174,14688504101174039979833028914301622192512344235844163,23,530,530,0.106398,0.106398,0.0,0.106398,0.893602
174,16722058225437982034822488549751786303201587785473951,23,460,460,0.117485,0.117485,0.0,0.117485,0.8825149999999999
174,21509336382097775444053571500023183533792843315954141,23,668,668,0.072896,0.072896,0.0,0.072896,0.927104
174,22850977655225044606098189565776865301144522899108753,23,373,373,0.247202,0.247202,0.0,0.247202,0.752798
174,17279223071662642072680635911044372251032271203557523,23,391,391,0.053886,0.053886,0.0,0.053886,0.946114
174,22947441514018658653094720368483897068968757283032113,23,369,362,0.036223,0.014137,0.028591,0.064814,0.935186
174,18341314976728685056786009125261875389901729222197411,23,524,500,0.025721,0.067969,0.118607,0.144328,0.855672
174,21198313883423610607647845217061584129219727405462807,23,699,693,0.183613,0.007536,0.151582,0.335195,0.664805
174,12839400785843164820295834351653620428577969094536553,23,545,513,0.10257100000000001,0.037761,0.086728,0.189299,0.810701
174,23322450000830661268788758752052782250935597472051533,23,357,342,0.059368,0.017325,0.017325,0.076693,0.923307
174,16333148817978325754024309091523862744059567919963111,23,543,543,0.16548,0.16548,0.0,0.16548,0.83452
174,14462970911237542989272454421381604521266425359311389,23,536,536,0.08344,0.08344,0.0,0.08344,0.91656
174,18949560281665792004413178756295887592891979934348561,23,364,364,0.099254,0.099254,0.0,0.099254,0.900746
174,21408407116291656012109167833580671913503017751545967,23,495,495,0.043394,0.043394,0.0,0.043394,0.956606
174,22631651939782172827484157664433587783833485119069961,23,456,456,0.070807,0.070807,0.0,0.070807,0.929193
174,21837034941512546186024799051115680122246295015518093,23,436,436,0.042893,0.042893,0.0,0.042893,0.957107
174,23437804484573336991839150008388329128133779513222523,23,705,705,0.048658,0.048658,0.0,0.048658,0.951342
174,21670228153893009427879223165719671325428625794224927,23,378,378,0.350331,0.350331,0.0,0.350331,0.649669
175,40488067071432624121676494427962676744307992814206389,23,495,495,0.037501,0.037501,0.0,0.037501,0.962499
175,47880832610030432571309186253738451904700554037260907,23,391,391,0.274795,0.274795,0.0,0.274795,0.725205
175,45878748309865752441663931039655772029562012040164497,23,421,418,0.092263,0.079992,0.079992,0.172255,0.827745
175,44519607957401945468255440685812779498238330725202451,23,714,714,0.048581,0.048581,0.0,0.048581,0.951419
175,38437122674547888080483896869357910936491022366930391,23,566,558,0.066853,0.065583,0.09133,0.158183,0.841817
175,47064113916853618606448841022057749802258231599045617,23,378,374,0.103467,0.133258,0.133258,0.236725,0.763275
175,38418920847258974395155918878755125806886124993281449,23,530,530,0.049034,0.049034,0.0,0.049034,0.950966
175,29860959886171008880417800461459339604720394693120859,23,525,491,0.007418,0.058255,0.35845499999999997,0.36587299999999995,0.6341270000000001
175,47523346294694090590598436816448664799865583071536947,23,397,397,0.040581,0.040581,0.0,0.040581,0.959419
175,40430147177650634814659419575820969943704601075586779,23,488,488,0.089231,0.089231,0.0,0.089231,0.9107689999999999
175,30673381581036186694644718658867052922438672540632679,23,377,360,0.029655,0.033604,0.033604,0.06325900000000001,0.936741
175,46321511197924674401868707445937064255819847549207181,23,566,552,0.05855,0.024945,0.049849,0.108399,0.891601
175,40793108447338904457818158698839208728924655609269741,23,496,480,0.068671,0.09091,0.09091,0.159581,0.840419
175,47563799216222959471208717042267403920241999763230907,23,392,392,0.087213,0.087213,0.0,0.087213,0.912787
175,44747799795754951639143084884684883018614820083166937,23,423,406,0.01832,0.02087,0.059154,0.077474,0.922526
175,46867320328474189488708379756417548186877640469492347,23,448,448,0.211134,0.211134,0.0,0.211134,0.7888660000000001
175,46542356956969036203230698142264416107162071627147053,23,396,396,0.053874,0.053874,0.0,0.053874,0.946126
175,45701878003472651488780363802977956628041054016481659,23,495,495,0.163714,0.163714,0.0,0.163714,0.836286
175,25458726975309530242094669164823103336392162094875803,23,423,423,0.179059,0.179059,0.0,0.179059,0.820941
175,39959523049873920871877996128842998488581987804339877,23,420,420,0.022333,0.022333,0.0,0.022333,0.977667
176,87990886338847859195592642389102593039937487082558279,24,489,489,0.074133,0.074133,0.0,0.074133,0.925867
176,92564124955148991262968874807483374435803628161108999,24,934,925,0.027056,0.036432,0.050153,0.077209,0.922791
176,94129007589456961191977269147297543003266132666549953,24,395,395,0.057108,0.057108,0.0,0.057108,0.942892
176,93819484016161644344551753829300322151041926203410181,24,435,435,0.028334,0.028334,0.0,0.028334,0.971666
176,73157616268457907406971375723178615684280166706710493,24,398,398,0.331927,0.331927,0.0,0.331927,0.6680729999999999
176,61542774938750705714463225629776244056185970967253653,24,496,486,0.035785,0.093255,0.093255,0.12904,0.87096
176,71800771048867515580859417044203063847762338647077403,24,390,390,0.211721,0.211721,0.0,0.211721,0.788279
176,77258340421405866522724393177859419720883968347782627,24,536,524,0.017566,0.025944,0.127794,0.14536,0.8546400000000001
176,89837078281524964039898044063254336032471057480771579,24,709,698,0.021873999999999998,0.006654,0.055332,0.077206,0.922794
176,67631371474217585591492093931057414532556760623695867,24,387,387,0.052148,0.052148,0.0,0.052148,0.947852
176,89832926575159265651841476273066740015357110318540347,24,639,610,0.029716,0.015513,0.1424,0.172116,0.8278840000000001
176,67118204137332948793553589627698826319196161548428537,24,400,382,0.074986,0.081122,0.146235,0.221221,0.778779
176,87774156256777768160436756789989062372701963996758741,24,553,549,0.118716,0.068958,0.068958,0.187674,0.812326
176,70572719969624332011199901351228566052874877227465031,24,467,467,0.01134,0.01134,0.0,0.01134,0.98866
176,86250046064114433343982710398437258754379418231496971,24,405,405,0.087975,0.087975,0.0,0.087975,0.912025
176,87134348646583113354803029928666774546954085244353883,24,368,358,0.062489,0.028543,0.028543,0.091032,0.908968
176,71901633824806274691548687743309648812921855456127637,24,391,391,0.085062,0.085062,0.0,0.085062,0.914938
176,90150270285363435056040734184802693760325360863282387,24,527,509,0.027021999999999997,0.032664,0.08998300000000001,0.117005,0.882995
176,94046017590480304561168089303295538090394575865219973,24,523,506,0.065508,0.064034,0.090541,0.156049,0.843951
176,64190892782173257959767693618630438907905705925983597,24,432,432,0.10592,0.10592,0.0,0.10592,0.89408
177,119125070369688751792163725903852573808324382853761851,24,514,514,0.086431,0.086431,0.0,0.086431,0.913569
177,182726819299327515165849812245648871121491177942129611,24,527,511,0.062446,0.040426,0.055345,0.117791,0.882209
177,188893960779618570376876195763394634184667143767990939,24,479,479,0.096575,0.096575,0.0,0.096575,0.903425
177,177226234109374423417710011618572758541886871555971773,24,509,509,0.142077,0.142077,0.0,0.142077,0.857923
177,170417219917741538865104682908758540815889415996081587,24,501,478,0.039186,0.086556,0.133749,0.172935,0.8270649999999999
177,184456472780322533717507274449727396706948277959651997,24,726,726,0.049267,0.049267,0.0,0.049267,0.950733
177,172591822599216441031826476355149233765150072380634947,24,451,451,0.056755,0.056755,0.0,0.056755,0.943245
177,160262516696147396603234199689194202325829336961400089,24,439,424,0.036409,0.089551,0.11221600000000001,0.148625,0.851375
177,189488332491885140927092409494182632690603024073949519,24,476,457,0.043708,0.014532,0.127687,0.171395,0.828605
177,158860589548227817116386228914199311016251079037823631,24,427,426,0.056826,0.052079,0.052079,0.108905,0.891095
177,131023867650554721773986626498755865101732014114852169,24,538,522,0.058443,0.050436,0.152915,0.211358,0.7886420000000001
177,185419546061793924107275707453523293583979540373323441,24,435,427,0.035286,0.104491,0.325526,0.36081199999999997,0.6391880000000001
177,130739606859025377984032427604557137652684751978400777,24,513,508,0.083797,0.143978,0.143978,0.227775,0.7722249999999999
177,148738595022486208740372312134935505218833565972371451,24,439,439,0.189559,0.189559,0.0,0.189559,0.810441
177,167245458534901805246177899856773690854765016929409441,24,602,588,0.013269,0.024334,0.11982499999999999,0.133094,0.866906
177,167743233925335463625480222303950384908571933339861327,24,429,429,0.104975,0.104975,0.0,0.104975,0.895025
177,127846725145209783213161083219697857237418143943954471,24,572,572,0.08514,0.08514,0.0,0.08514,0.91486
177,175371321030994867998753692974243811078511522480617843,24,432,432,0.231495,0.231495,0.0,0.231495,0.768505
177,116000582161408742104082789047643826044722595827305757,24,517,508,0.02709,0.020688,0.08234,0.10943,0.89057
177,170372630777230523245695634046185057408362313049454403,24,634,627,0.010551,0.011994,0.021686999999999998,0.032237999999999996,0.967762
178,326370916554170909248800565447441227366364752100439299,24,363,363,0.125568,0.125568,0.0,0.125568,0.874432
178,351133543531254740082619452808507153835828169762359977,24,363,363,0.025384,0.025384,0.0,0.025384,0.974616
178,336454357966569634923263904170681101591018051550982463,24,507,507,0.273048,0.273048,0.0,0.273048,0.726952
178,287084766998192650266030523003134421022082997050134521,24,478,478,0.031026,0.031026,0.0,0.031026,0.968974
178,352927538094715815006260624760445835128691040320016481,24,436,436,0.073873,0.073873,0.0,0.073873,0.926127
178,338358782479052619339175922612376094187822886673941721,24,584,584,0.012253,0.012253,0.0,0.012253,0.987747
178,350983244504690877302934108411058885737259142622352279,24,404,404,0.074517,0.074517,0.0,0.074517,0.9254830000000001
178,362113241669248116131584645381866273037844314273508653,24,848,837,0.00921,0.005296,0.036175,0.045384999999999995,0.954615
178,354699753705738888969549737288396049484417614825528751,24,539,539,0.077441,0.077441,0.0,0.077441,0.922559
178,331690661156431736210765004245137972208022366664402553,24,1003,1000,0.020016,0.041655,0.041655,0.061671,0.938329
178,332675546545853496255458413537230392333963633325833083,24,397,397,0.026184,0.026184,0.0,0.026184,0.973816
178,313703344571742936697405437124510360823965169983069999,24,975,967,0.045725,0.041495,0.041495,0.08721999999999999,0.91278
178,380254134293999860410999253285210970240457628198742663,24,456,456,0.073269,0.073269,0.0,0.073269,0.926731
178,360641711799225046890015181472030377655985832139240759,24,615,615,0.183057,0.183057,0.0,0.183057,0.816943
178,263917085618902017901372402907639485241329433989841083,24,528,528,0.132707,0.132707,0.0,0.132707,0.867293
178,266288106436622503269927529785703488384905659026805291,24,519,474,0.060627,0.042541,0.124863,0.18549,0.8145100000000001
178,344304805683409519331394242367711732435948148819916561,24,514,514,0.085583,0.085583,0.0,0.085583,0.914417
178,341709744235492519708940578050014342971004111389339661,24,349,349,0.229914,0.229914,0.0,0.229914,0.770086
178,310967967663884862956076583774857977926596023977520621,24,718,718,0.212384,0.212384,0.0,0.212384,0.787616
178,327279608257895351469611029322246368521417106545791761,24,737,717,0.027568,0.019497,0.041722,0.06929,0.93071
179,558936428874945996924383768356203135254350439671785479,24,379,379,0.273287,0.273287,0.0,0.273287,0.7267129999999999
179,674926639517348090731177770827913991101246148882287283,24,1000,992,0.051422,0.020073,0.020073,0.071495,0.928505
179,520778796933569712475497803976339448328715986002072523,24,580,575,0.039471,0.050095,0.050095,0.089566,0.910434
179,748335037461936801408133793949275373189490397012798993,24,583,583,0.266364,0.266364,0.0,0.266364,0.733636
179,750121838409245984074572114070043722336783466522324083,24,521,521,0.120134,0.120134,0.0,0.120134,0.879866
179,652699193242756150846355283234498871767984936149202997,24,366,366,0.141108,0.141108,0.0,0.141108,0.858892
179,701012462554551393326136469593585664907414625879938377,24,574,556,0.040243,0.214554,0.214554,0.254797,0.7452030000000001
179,651811943098199803843122079676572375058573432081265941,24,338,338,0.075698,0.075698,0.0,0.075698,0.924302
179,551025100698026169975841797211316492193395216233257361,24,703,697,0.051256,0.025042,0.025042,0.076298,0.923702
179,568232849243253819024806302642399573345242309126608059,24,478,459,0.080667,0.10294,0.180182,0.260849,0.739151
179,639820098139219068308973252189078237340004822241496393,24,355,355,0.211601,0.211601,0.0,0.211601,0.788399
179,761792849352011360883518708616350161974544759945523083,24,445,445,0.055228,0.055228,0.0,0.055228,0.944772
179,628942419048318189765862150028221450462352308232102681,24,384,384,0.109012,0.109012,0.0,0.109012,0.890988
179,566889538234990454641052189675936791837860452121325949,24,481,481,0.052812,0.052812,0.0,0.052812,0.947188
179,716452162573779008868293903020235512769764173696217249,24,657,637,0.039558,0.051739,0.100278,0.13983600000000002,0.8601639999999999
179,621413530195004739611180163225538908969413935549872629,24,930,924,0.026641,0.023047,0.035087,0.061728000000000005,0.938272
179,645609036446719663018922094515491080262538063860555597,24,428,380,0.033106000000000003,0.100031,0.256126,0.28923200000000004,0.710768
179,555489032258653592242576233173121867113539610787783833,24,418,418,0.199217,0.199217,0.0,0.199217,0.800783
179,535750173793033032362966709603096420101001099801784643,24,550,550,0.030351,0.030351,0.0,0.030351,0.969649
179,456506540313436296309522192769161449949543126587051023,24,424,424,0.135029,0.135029,0.0,0.135029,0.8649709999999999
180,1358996782341013393471064892946133021632416224066738371,24,781,757,0.015749,0.018402,0.094527,0.110276,0.889724
180,1147190830767755812327995081041386320310165753132541849,24,648,648,0.04336,0.04336,0.0,0.04336,0.95664
180,1403925300691032372140940928473865553985310895500181911,24,464,464,0.14416,0.14416,0.0,0.14416,0.8558399999999999
180,1495775451737959760457511687274350579183536185139242641,24,434,434,0.06685,0.06685,0.0,0.06685,0.93315
180,1110739563446777289531838627303749633950291508344598743,24,503,503,0.06609,0.06609,0.0,0.06609,0.93391
180,1194024369143971552927889417542591741693717575625673111,24,507,483,0.039595,0.056523,0.17892500000000003,0.21852000000000002,0.78148
180,1260166637346508034925373413900190230508510171798948477,24,759,759,0.067123,0.067123,0.0,0.067123,0.932877
180,1455316476136829091460607052510092178765985268783561317,24,513,513,0.097644,0.097644,0.0,0.097644,0.902356
180,1309093992710635640836698146159549405123972272927404881,24,496,496,0.043196,0.043196,0.0,0.043196,0.956804
180,1390894799146412153168495467213932724874405876411579611,24,474,474,0.3885,0.3885,0.0,0.3885,0.6114999999999999
180,1520134781616046526108129582711299483597548910524846853,24,479,459,0.042818,0.052234,0.230639,0.273457,0.7265429999999999
180,1505439219343167470373459269572451082957623944381924673,24,436,436,0.203379,0.203379,0.0,0.203379,0.796621
180,1057025848491395991324830754425862907965800790964989169,24,403,403,0.292584,0.292584,0.0,0.292584,0.707416
180,1022335052507123413464678276586097658581994406812064513,24,433,433,0.05695,0.05695,0.0,0.05695,0.9430499999999999
180,986820806071662897465598796288744366007908716888546481,24,788,788,0.102282,0.102282,0.0,0.102282,0.897718
180,1524644692974396926561992448558626212968367576768526879,24,427,417,0.11291799999999999,0.064748,0.15513900000000003,0.268057,0.731943
180,1314131625546751137305337304108371769311553500059572603,24,429,429,0.04202,0.04202,0.0,0.04202,0.95798
180,1159287238259464432648787656029088912397674342457115643,24,446,446,0.043332,0.043332,0.0,0.043332,0.956668
180,1475197377405499619513187533655878473208974647166678079,24,436,427,0.018397,0.009553,0.06628,0.084677,0.915323
180,1092513974848862293580063101113260203144966532297855803,24,591,585,0.040354,0.017365,0.017365,0.057719,0.942281
181,2146755962617820701939724558369889009769651618593397373,24,498,498,0.068059,0.068059,0.0,0.068059,0.931941
181,2072316348390379785942053767435731590279096222618626363,24,505,503,0.065805,0.009023,0.009023,0.074828,0.925172
181,2877046995656031836501313697137912148919872998967745519,24,568,561,0.014808,0.009633,0.009633,0.024440999999999997,0.975559
181,2880369969123252961817754651476818952571924308651017163,24,482,482,0.050935,0.050935,0.0,0.050935,0.949065
181,2861708897811122498028015229576663189712718130603358513,24,585,580,0.046645,0.05609,0.05609,0.10273499999999999,0.897265
181,2806788267767978306991980520946809467457007629229500787,24,679,679,0.047419,0.047419,0.0,0.047419,0.952581
181,2302747288573481437114058572318921809401333842388506063,24,568,568,0.047572,0.047572,0.0,0.047572,0.952428
181,2533946943181812616782556407056335292416812676112585527,24,436,433,0.017089,0.135548,0.135548,0.152637,0.847363
181,2487771293557144436196457222451407643840343448896262201,24,427,418,0.11307299999999999,0.018784,0.143094,0.256167,0.743833
181,2345607456560758996293272875237597113634991575593930503,24,426,408,0.101899,0.031556,0.031556,0.133455,0.866545
181,2451877345078985122707203168343312742955044811033249477,24,515,515,0.043944,0.043944,0.0,0.043944,0.956056
181,2340974696399471038404420962322551749504771560040272007,24,536,536,0.121981,0.121981,0.0,0.121981,0.878019
181,2477342015750519040996010692078739219032174672206011307,24,580,580,0.111221,0.111221,0.0,0.111221,0.888779
181,2296086844355268411990274677061153842585626962159704019,24,428,428,0.101903,0.101903,0.0,0.101903,0.898097
181,2857327712261479603462914395058626994702465220337337739,24,597,571,0.011846,0.046595,0.125166,0.137012,0.862988
181,1869241629214427269662931336533353684013970622159921317,24,527,526,0.0922,0.081902,0.081902,0.174102,0.825898
181,2136463886038630304242691639030926383783507376355925571,24,424,424,0.112042,0.112042,0.0,0.112042,0.887958
181,2877127110897588495873508614076070239692397854333669421,24,886,868,0.016622,0.024607,0.074525,0.09114699999999999,0.908853
181,2391506213382517426158791151215598942262031718622544827,24,538,495,0.062875,0.04771,0.100702,0.163577,0.836423
181,2948841039361971531410668839665611640358315799683010259,24,559,559,0.071816,0.071816,0.0,0.071816,0.928184
182,4191292476346020518783656275665657989599723159847851667,24,581,560,0.018661,0.073832,0.18010099999999998,0.198762,0.801238
182,4368915889305698991841916329930420223695538711679696073,24,425,404,0.079553,0.038249,0.075486,0.15503899999999998,0.8449610000000001
182,4603173397210774045412589779080265237568427782430487923,24,624,624,0.0699,0.0699,0.0,0.0699,0.9301
182,4412747380103085417736789338590629677444833420942921431,24,640,640,0.046274,0.046274,0.0,0.046274,0.953726
182,5274862496484527199284351082466041501734256417850671079,24,353,353,0.12276,0.12276,0.0,0.12276,0.87724
182,4800792925814278444401434125143406347751419932688595051,24,418,407,0.03916,0.034501,0.061402,0.100562,0.899438
182,3653812005152759308354861844496272098804036966408036451,24,539,531,0.072038,0.07134,0.07134,0.143378,0.856622
182,4646737653138437262079866979167515682324029521366613887,24,632,632,0.088469,0.088469,0.0,0.088469,0.911531
182,5244063665198047536361296769370401123699361439281027921,24,406,403,0.027106,0.143364,0.143364,0.17046999999999998,0.82953
182,5043512217423355819857280369022042682912863299358815427,24,588,588,0.091226,0.091226,0.0,0.091226,0.908774
182,5381424364337562423689277556082862960704173067855407963,24,416,413,0.118246,0.052336,0.052336,0.170582,0.829418
182,5605622646710231703717995108618170373087268192211651819,24,486,451,0.010089,0.041945,0.296378,0.306467,0.693533
182,5372876402521245557172885073810823234220306537484862171,24,555,530,0.034057000000000004,0.041801,0.20722200000000002,0.24127900000000002,0.758721
182,5193787393634226710856637245122360855837884143711668923,24,430,426,0.022389,0.072137,0.08106100000000001,0.10345000000000001,0.89655
182,4901526449801380100603842024908873735304969564340783837,24,576,546,0.066876,0.003912,0.28354700000000005,0.35042300000000004,0.649577
182,6116842254080121661991651815972543754648149039661461711,24,552,543,0.12411900000000001,0.093518,0.112722,0.23684100000000002,0.7631589999999999
182,4848300292233620118117558303318082764588214458439723993,24,716,703,0.01306,0.03317,0.11251599999999999,0.125576,0.874424
182,5455870824923288995533498136798277725990387457579154641,24,392,392,0.019566,0.019566,0.0,0.019566,0.980434
182,3785938512649873423258671464276287016184708730225383793,24,424,412,0.074526,0.159528,0.220322,0.294848,0.705152
182,4491160981645514588938837869554023508980963008773065231,24,596,596,0.028757,0.028757,0.0,0.028757,0.971243
183,9166723778901347230936039451531749253767512951187044911,24,358,358,0.246312,0.246312,0.0,0.246312,0.753688
183,10455930224123599063565031820487918262028421842464564737,24,976,976,0.063208,0.063208,0.0,0.063208,0.936792
183,7427674099806058459503172382903188275128363209564310927,24,365,365,0.141396,0.141396,0.0,0.141396,0.858604
183,10617285421144533269412481609230267820807269357289585027,24,495,495,0.045174,0.045174,0.0,0.045174,0.954826
183,11010471763583359046491348791311818146317648218012267883,24,592,591,0.016993,0.031228,0.031228,0.048221,0.951779
183,10332376251302120495254834326196282275734767686242549761,24,391,371,0.042937,0.020922,0.253699,0.296636,0.703364
183,11749977713551691032971054523891664935137255323436579743,24,635,635,0.161659,0.161659,0.0,0.161659,0.838341
183,10038010870002094481651798134300472801725442018653785307,24,522,486,0.01727,0.045505,0.31201299999999993,0.32928299999999994,0.670717
183,10982511715433447835689163250582120464921150302579077343,24,407,407,0.1007,0.1007,0.0,0.1007,0.8993
183,8953983959087052116701047035345005923200525137226524679,24,574,543,0.037229,0.073601,0.183813,0.22104200000000002,0.778958
183,8876846022270762570247578740470934525848460110861548643,24,716,706,0.114477,0.090025,0.090025,0.204502,0.795498
183,7272641689296160343480501161670052491504793391277318831,24,468,468,0.133844,0.133844,0.0,0.133844,0.866156
183,12244318449419593826201370835952825834440723200097525199,24,587,585,0.046252,0.02571,0.02571,0.071962,0.928038
183,11599990885992088420849467859622548958581504884697039151,24,534,523,0.005655,0.031061,0.110399,0.11605399999999999,0.883946
183,7605813317180000005669607627882043830747996242518578099,24,601,601,0.047918,0.047918,0.0,0.047918,0.952082
183,12182702859135303445823465643541896884548888148712896953,24,386,386,0.048486,0.048486,0.0,0.048486,0.951514
183,9709983608535670096749131929304035374023228870737229987,24,528,516,0.013437,0.129062,0.129062,0.14249900000000001,0.857501
183,10464773632474194098893561476862794550508738502141675107,24,606,606,0.030291,0.030291,0.0,0.030291,0.969709
183,9586059037733377655369346899873870070324449037164235107,24,359,359,0.110553,0.110553,0.0,0.110553,0.889447
183,9699446562764165401251791317533912674237385429964214831,24,440,433,0.043245,0.029129,0.072223,0.11546799999999999,0.884532
184,18626849292167387044123969723309390925329349903285206507,24,405,383,0.022284,0.063867,0.18934299999999998,0.21162699999999998,0.788373
184,18804282751054831530309800753579061511332519271103678431,24,554,554,0.080702,0.080702,0.0,0.080702,0.919298
184,18252028929067861875789984563223162861221576906848127717,24,664,664,0.024196,0.024196,0.0,0.024196,0.975804
184,24181446627067838775417564967666980419690582548365581197,24,507,507,0.056441000000000005,0.056441000000000005,0.0,0.056441000000000005,0.943559
184,23005878760564119588403003965951554728473230184759392953,24,637,605,0.026283,0.008884,0.18517,0.211453,0.788547
184,23936510072986768214421716184424106299398221539866239897,24,504,500,0.07164000000000001,0.026684,0.026684,0.09832400000000001,0.901676
184,16234034926709714462589794505359125056267838558020716281,24,674,664,0.037291,0.046197,0.046197,0.083488,0.916512
184,23428690111692592128116212619775791367144015582938967239,24,463,456,0.119747,0.106826,0.131449,0.25119600000000003,0.748804
184,18912759825437398136803515023873579742325104166174841671,24,487,487,0.053326,0.053326,0.0,0.053326,0.946674
184,19927044154018425176840956388997557677674288593187597089,24,444,444,0.017843,0.017843,0.0,0.017843,0.982157
184,19536799308159701904048108852677303754701680967104128127,24,467,451,0.050029,0.05932,0.102515,0.15254399999999999,0.847456
184,19071823677149723706403511825275713145306081300414131937,24,611,608,0.007951,0.020124,0.020124,0.028075,0.971925
184,20612269609108741202241460271673864594887702871452882101,24,472,461,0.040364,0.030059,0.090143,0.13050699999999998,0.8694930000000001
184,18920239559229041789878510751170285007946834591953601329,24,707,689,0.04283,0.012501,0.163284,0.20611400000000002,0.793886
184,22611644979880324889689047625329907958432993333469481211,24,423,423,0.043045,0.043045,0.0,0.043045,0.956955
184,22464664451229199112637114050957084764371480284978460343,24,438,427,0.016196,0.024854,0.034890000000000004,0.051086000000000006,0.948914
184,20229563940142821382398535762812188204560973744420706551,24,554,554,0.065107,0.065107,0.0,0.065107,0.934893
184,14302906747822375527736225805395822106070407268478927343,24,463,463,0.033438,0.033438,0.0,0.033438,0.966562
184,22648934796018516144639607669733048190885481628018590453,24,502,495,0.034037,0.020239,0.020239,0.054276,0.945724
184,15697907949934382447029781871211500370846936672724531567,24,482,463,0.022489,0.04184,0.17183900000000002,0.19432800000000003,0.8056719999999999
185,39302817494925418904731805103331681348585472258348444957,25,627,624,0.072451,0.064028,0.064028,0.13647900000000002,0.863521
185,39163563717688705635413025356219451066821712937228964227,25,522,519,0.04689599999999999,0.018718,0.026357,0.07325299999999998,0.926747
185,43686826810459062412827238710551696728616518667617692019,25,620,600,0.009226,0.011309,0.08392899999999999,0.09315499999999999,0.906845
185,44530085274113978279620207534979690950635532686975502813,25,358,358,0.228015,0.228015,0.0,0.228015,0.771985
185,43570715964626102904381136448155751424171061828655209841,25,511,503,0.049692,0.12247,0.12247,0.17216199999999998,0.8278380000000001
185,42847627148824300921093636376913601640563740728623558181,25,766,764,0.022957,0.014632,0.014632,0.037589,0.962411
185,32083703321789764487338768250718421793945445188847533027,24,724,709,0.089524,0.075419,0.11802699999999999,0.20755099999999999,0.792449
185,33014805666036752589259540494640708288963751747621341763,25,580,580,0.029233,0.029233,0.0,0.029233,0.970767
185,41464335276070540341399584119313180727925975932568415057,25,443,411,0.02418,0.018738,0.117315,0.141495,0.858505
185,33861582902426483337301296118131448522568614203251711863,25,482,476,0.059358,0.050832,0.10224,0.161598,0.838402
185,46071639138339644800558097284225066199315293701982806079,25,869,869,0.034573,0.034573,0.0,0.034573,0.965427
185,37936033159136473000212002322269943296231496368568922549,25,391,391,0.052502,0.052502,0.0,0.052502,0.947498
185,48350569892826986379872186809679223015058022521047573871,25,531,531,0.143348,0.143348,0.0,0.143348,0.856652
185,41198097084082663709570476103319690345818375254249026263,25,455,455,0.027572,0.027572,0.0,0.027572,0.972428
185,45101352016751018053319721236302099399595057715497241929,25,497,471,0.042433,0.024955,0.07230099999999999,0.11473399999999999,0.885266
185,42065769993861888778368368385451592776021006938027669583,25,914,914,0.058447,0.058447,0.0,0.058447,0.941553
185,41907847300045853777854516119774591215451371041706482459,25,656,656,0.062556,0.062556,0.0,0.062556,0.9374439999999999
185,48828218167552081470122749610887068068091405463826001571,25,429,429,0.061796,0.061796,0.0,0.061796,0.938204
185,41321776714362126833330727735907708762522999908493584631,25,507,500,0.058297,0.007554,0.007554,0.065851,0.934149
185,45383217518804476499152706989070758316114620859553366943,25,365,365,0.066249,0.066249,0.0,0.066249,0.933751
186,91860233843352511299828307727646362358888480420031170413,25,666,666,0.116171,0.116171,0.0,0.116171,0.883829
186,80310109483483183267313583353855043236387938949945913511,25,366,366,0.155197,0.155197,0.0,0.155197,0.844803
186,80341684383462084364790814145428006802552449749708478169,25,644,644,0.014913,0.014913,0.0,0.014913,0.985087
186,94274586636737974618847930138230885567012445571032348059,25,563,562,0.031756,0.063299,0.063299,0.095055,0.904945
186,85286064753422311838018802719562606418460845712040300179,25,456,456,0.153042,0.153042,0.0,0.153042,0.846958
186,95824663807095715873047831217240459086791279500036727837,25,557,557,0.058492,0.058492,0.0,0.058492,0.941508
186,80600641280005619173439191411717632606164953443740925413,25,666,666,0.02236,0.02236,0.0,0.02236,0.97764
186,53363439485857552435882838625033101776848292903405327631,25,486,486,0.045304,0.045304,0.0,0.045304,0.954696
186,84360977267528679389916660229858829202359730331725108419,25,608,578,0.046699,0.093016,0.093016,0.139715,0.860285
186,79840201135431317961751024566665709261061070004618876607,25,415,399,0.04184,0.088107,0.088107,0.129947,0.870053
186,86866046861802039662583542752660385034769683216166980061,25,705,705,0.049488,0.049488,0.0,0.049488,0.950512
186,86323619254797487920466332795791126216445907418620989923,25,549,527,0.027083,0.003813,0.070408,0.097491,0.902509
186,96229941655765770007029825039522376331365113196946498957,25,456,456,0.033664,0.033664,0.0,0.033664,0.966336
186,68612351526722038739277226442469049931568086799744053797,25,516,483,0.026291,0.038163,0.21203700000000003,0.23832800000000004,0.7616719999999999
186,68105415306841011876975324285506148265126787018204059721,25,698,698,0.040913,0.040913,0.0,0.040913,0.959087
186,82153452353776642549718572430278706898613500637862573111,25,591,591,0.149871,0.149871,0.0,0.149871,0.850129
186,58260742770043455753114412466166256900662844348827175237,25,675,669,0.022081,0.034959,0.034959,0.057039999999999993,0.94296
186,92398084669964916514251013016603556504210733394779182767,25,387,362,0.009697,0.081861,0.321381,0.331078,0.668922
186,85070111672001330371958789558357340118850688442337853217,25,418,418,0.052609,0.052609,0.0,0.052609,0.947391
186,77006883355586853676151730714225091231991247740864640619,25,452,452,0.080356,0.080356,0.0,0.080356,0.919644
187,185702567469454758545522669141358609758902348939813864093,25,552,552,0.093711,0.093711,0.0,0.093711,0.906289
187,179941892859217785606681885687143742888315889414346363689,25,1050,1050,0.026114,0.026114,0.0,0.026114,0.973886
187,181526373319561920706249179904543072763946711556143801553,25,556,556,0.14652,0.14652,0.0,0.14652,0.85348
187,167429568427479950155810682841163388259872915659211758439,25,440,428,0.017902,0.046825,0.046825,0.064727,0.935273
187,186979504018673334316662054121094588580490052795915527519,25,598,594,0.067429,0.031409,0.031409,0.09883800000000001,0.901162
187,145169698815553753950995436308896640554249031871232995529,25,616,616,0.023518,0.023518,0.0,0.023518,0.976482
187,189461310023527313299690027067741970827568893636258377063,25,791,791,0.012097,0.012097,0.0,0.012097,0.987903
187,195549547224884539368396804380565596304971046728434683161,25,445,439,0.057937,0.032222,0.032222,0.090159,0.909841
187,178245846474078559274688392189915797290638577194576694293,25,467,467,0.142898,0.142898,0.0,0.142898,0.857102
187,140252436907018775044357018689165543420042260373871440727,25,544,532,0.014013,0.0609,0.16944500000000004,0.18345800000000004,0.816542
187,192105990641511042361486580149859043063803753731838318981,25,861,825,0.034418,0.027321,0.227412,0.26183,0.73817
187,178454889426021172984526500874394848133697897783899319511,25,1017,996,0.155663,0.044317,0.064359,0.220022,0.7799780000000001
187,147793902755095806954444489354226029687835800736294743133,25,654,654,0.114509,0.114509,0.0,0.114509,0.885491
187,181066564675332279473924972484406057203667755771628163519,25,433,427,0.041794,0.04046,0.04046,0.082254,0.917746
187,168818801318777087057170297997195516793375607488939767557,25,507,472,0.04055,0.019453,0.114316,0.154866,0.845134
187,163084686989748233415040348211861253938756903626114968719,25,430,430,0.016794,0.016794,0.0,0.016794,0.983206
187,188075731576689556162612507442726713223245640460883288489,25,608,600,0.041347,0.039546,0.093318,0.134665,0.865335
187,132226185708852638537764772743714220747210366978910886177,25,497,492,0.007813,0.039822,0.058626000000000004,0.066439,0.933561
187,194698576701919400115040833966319106090888842928840082833,25,487,487,0.054399,0.054399,0.0,0.054399,0.945601
187,125253423035716542158322394161648453041038946552062725559,25,507,507,0.033919,0.033919,0.0,0.033919,0.966081
188,314224750521702231589078779205748577487125730214151848227,25,477,477,0.1262,0.1262,0.0,0.1262,0.8738
188,214725867801677657763150716044378228025925022271604157093,25,381,381,0.03691,0.03691,0.0,0.03691,0.96309
188,337786569927761505444410838242068306234426938889367376089,25,438,438,0.184792,0.184792,0.0,0.184792,0.8152079999999999
188,360223106477640603715939086025088234494108141240755800321,25,461,461,0.028771,0.028771,0.0,0.028771,0.971229
188,374124987525817520307508964115960865602386918837898179827,25,671,671,0.128329,0.128329,0.0,0.128329,0.871671
188,361989780913006793919620222968747185160737595989089084909,25,463,454,0.021789,0.010633,0.09468599999999999,0.116475,0.883525
188,317559581118592945343728270732523067627215982144611637637,25,424,409,0.051391,0.053426,0.08610000000000001,0.137491,0.862509
188,379999621526733814982174866558604085395375086537465979591,25,411,411,0.018048,0.018048,0.0,0.018048,0.981952
188,366021560344730588643709636731405132352498915207181378779,25,433,433,0.227373,0.227373,0.0,0.227373,0.772627
188,387944003533460640819952009732254475678414088984486177033,25,657,657,0.032483,0.032483,0.0,0.032483,0.967517
188,374845489005902740783352118914562105030081362850475258007,25,684,681,0.029462,0.040468,0.040468,0.06992999999999999,0.93007
188,386515816923087548415772467909907858268131406963172669599,25,549,548,0.144812,0.031927,0.031927,0.17673899999999998,0.823261
188,221106737983069547058303874626625601611876932304469714993,25,470,470,0.084567,0.084567,0.0,0.084567,0.9154329999999999
188,240210128646608330322236250926839186745574038027417949109,25,557,555,0.100009,0.011606,0.011606,0.111615,0.888385
188,318351913440867881282887107239336403432896585513539162139,25,495,473,0.04259,0.027653,0.067062,0.109652,0.890348
188,378635620380227758123177463104203120047480633879439638329,25,474,474,0.067305,0.067305,0.0,0.067305,0.932695
188,319199732197973078769687558220972231917492453889455575179,25,475,475,0.129171,0.129171,0.0,0.129171,0.870829
188,381980473612089531334196860824416470009021634012423067737,25,457,457,0.042339,0.042339,0.0,0.042339,0.957661
188,256586033541357135375485125099595006467144223152458416503,25,378,378,0.141046,0.141046,0.0,0.141046,0.858954
188,353636550421510722509208696720104070107782240230147107101,25,526,526,0.067489,0.067489,0.0,0.067489,0.932511
189,408589902288642681578344276763041902416284671692080986377,25,440,407,0.010235,0.036321,0.15828500000000004,0.16852000000000003,0.83148
189,646628678273258141372517202145221034603557799378124614201,25,559,559,0.006128,0.006128,0.0,0.006128,0.993872
189,592635606571861287284224295593110454631652264655249578353,25,530,528,0.016279,0.009004,0.009004,0.025283,0.9747170000000001
189,650208432524537748605744087782608274999617116493579199513,25,627,618,0.035127,0.02999,0.043636,0.078763,0.921237
189,599419609079700662276957964472775050611343385405910300163,25,797,783,0.013677,0.009004,0.081911,0.09558799999999999,0.904412
189,591139658903332237066666950704418695507871569867166356959,25,517,517,0.05538,0.05538,0.0,0.05538,0.94462
189,759303095841708533868206131077305245572712516145789616107,25,440,440,0.082062,0.082062,0.0,0.082062,0.917938
189,723374087894581884780114042666006439305170047096296570421,25,441,420,0.012232,0.042799,0.08833399999999998,0.10056599999999999,0.8994340000000001
189,642089268364349919722039425710377324200681378773618660631,25,544,544,0.020271,0.020271,0.0,0.020271,0.979729
189,493458509028245692711455247191997853201057771326056542803,25,816,801,0.06351,0.042718,0.042718,0.10622799999999999,0.893772
189,775267771444101410063934578993845769575953505357992661799,25,822,822,0.12207,0.12207,0.0,0.12207,0.87793
189,525214235994067347101638348805237964788334546789415420243,25,655,648,0.008487,0.010068,0.010068,0.018555000000000002,0.981445
189,510228484199873332122049098813102378921923672052464278333,25,443,443,0.078042,0.078042,0.0,0.078042,0.921958
189,630121824338129668949919059009823882545840337934822277567,25,715,699,0.043878,0.017618,0.09192900000000001,0.135807,0.864193
189,755634779781799121353112557954459602771587484582257255551,25,411,411,0.019383,0.019383,0.0,0.019383,0.980617
189,612172740703460905652990412541931502012476806243188854431,25,635,629,0.036779,0.015066,0.064088,0.10086700000000001,0.899133
189,530704707601162495384297467780173501132805319654798984003,25,458,433,0.039315,0.024736,0.09499600000000001,0.134311,0.8656889999999999
189,756916004872319657418986856461653189263814971681663763573,25,577,572,0.130702,0.044104,0.044104,0.17480600000000002,0.825194
189,490921607897052107753246264180398217237973784027521089099,25,450,445,0.022588,0.042226,0.080291,0.102879,0.8971210000000001
189,767702133245506513310164240704062695141079949461903447479,25,508,499,0.052457,0.00885,0.044010999999999995,0.096468,0.903532
190,1107697980005560535935691181882881481298971577503883545431,25,513,511,0.097266,0.037703,0.037703,0.134969,0.865031
190,1447718595714448727207173851527167403200700108585820235931,25,401,401,0.159133,0.159133,0.0,0.159133,0.840867
190,1067595819970828694093593212927706218036137678171084438953,25,506,479,0.032573,0.049535,0.189381,0.22195399999999998,0.778046
190,1236956916814563958009976698763228455869309463346857145209,25,444,424,0.025342,0.027224,0.22891399999999998,0.254256,0.745744
190,1303595662239872394152630143462469139534875953977955173719,25,959,953,0.043838,0.019437,0.051054,0.094892,0.905108
190,1436728764183159269584547372484560757421757510937607299719,25,426,426,0.13706,0.13706,0.0,0.13706,0.86294
190,1358738873900145804437909196195927584579190583894624729549,25,522,518,0.112485,0.024356,0.024356,0.136841,0.863159
190,1309414713325066973570726305039978280113478833538624990717,25,689,689,0.012252,0.012252,0.0,0.012252,0.987748
190,1119233946195882068749589393936438955574244336504433599743,25,534,534,0.195834,0.195834,0.0,0.195834,0.8041659999999999
190,1391390333131732070825024754648255205953706845753859235761,25,876,876,0.089244,0.089244,0.0,0.089244,0.910756
190,1219405195991088602219964475590713847204090579216876133247,25,688,688,0.027283,0.027283,0.0,0.027283,0.972717
190,1285952433782265124699401960911465263241667818151785942989,25,502,469,0.058632,0.045401,0.22937899999999997,0.28801099999999996,0.711989
190,936281692826227408663886118472398327211075139996831483807,25,467,460,0.086668,0.019384,0.019384,0.106052,0.893948
190,1495152348884655255748854019985088902044523205603769307549,25,506,506,0.103101,0.103101,0.0,0.103101,0.896899
190,1543054376408543181151756345226381442258117792563593031941,25,481,481,0.035336,0.035336,0.0,0.035336,0.964664
190,1197900039859831281860297786593556759105357856705065296097,25,369,369,0.278001,0.278001,0.0,0.278001,0.7219990000000001
190,1325762643789188253480076014106355323863094856768820242033,25,414,414,0.205574,0.205574,0.0,0.205574,0.794426
190,1549503894836788136271053205345052692884272523599834807513,25,515,513,0.073175,0.085045,0.085045,0.15822,0.84178
190,1371820001327266974371651800423316814650750283162857664521,25,384,384,0.116283,0.116283,0.0,0.116283,0.883717
190,1319759631078608755615705806993244756656084597458744780879,25,521,500,0.032682,0.028013,0.116236,0.148918,0.851082
191,2180877054471620294689724695606846212849552332318992940407,25,497,497,0.082163,0.082163,0.0,0.082163,0.917837
191,1606385381360148813307516689773707722363849418834436678389,25,418,418,0.068932,0.068932,0.0,0.068932,0.931068
191,2738991831553984659353836548560279154535043688289688027603,25,465,458,0.022285,0.022633,0.03063,0.052915000000000004,0.947085
191,2021640631374636353782008830324840969777513038468864748759,25,652,648,0.036338,0.034197,0.034197,0.070535,0.929465
191,2105598972222103150968007207241144213000505023620025661667,25,422,422,0.07357,0.07357,0.0,0.07357,0.92643
191,2954552227750152336095183292848417913001395070298811029879,25,615,609,0.054566,0.0049,0.0049,0.059466000000000005,0.940534
191,2604823021534871940153658516882468145972589783978202484923,25,499,499,0.067114,0.067114,0.0,0.067114,0.932886
191,2697799617327879157081712621189446951709202892838110789249,25,1093,1093,0.08624,0.08624,0.0,0.08624,0.91376
191,2749750578464362511041140809468842163052814508247072125809,25,709,702,0.014583,0.062726,0.062726,0.077309,0.922691
191,2810254725646498720414994000029322939731083303115400227283,25,624,595,0.028043,0.018046,0.149693,0.177736,0.822264
191,2919723125927389511356972449231841889026550065177689782341,25,632,606,0.06107599999999999,0.041761,0.270774,0.33185,0.66815
191,2384759410471810319375657922573509817577252181814221416381,25,543,543,0.130571,0.130571,0.0,0.130571,0.869429
191,2870902859138464144898136609805487079043674281379484515257,25,565,564,0.032934,0.011375,0.011375,0.044309,0.955691
191,2531428612228677358426023750691561085464553004835817283823,25,685,685,0.050186,0.050186,0.0,0.050186,0.949814
191,2569199376454128229458263634674647272803671413063904093681,25,483,469,0.046068,0.035024,0.06804299999999999,0.11411099999999999,0.885889
191,2077139403037075257284520813457747381680630617898050789129,25,582,582,0.037132,0.037132,0.0,0.037132,0.9628680000000001
191,2599527300982831600647840629042688948539972657946504879419,25,743,739,0.022775,0.01322,0.01322,0.035995,0.964005
191,2939945259852704861237884063321703407639606324099970984489,25,520,520,0.166982,0.166982,0.0,0.166982,0.833018
191,2806787067261975292631801717103764100516337005958274854877,25,907,904,0.042265,0.012047,0.052896000000000006,0.095161,0.904839
191,3102854422286895681399386946361481173908793767638701190957,25,535,535,0.13167,0.13167,0.0,0.13167,0.86833
192,6053136549975215707114861824618604186550967571524618556511,25,587,574,0.084146,0.11083,0.161202,0.245348,0.754652
192,5772223899679240100865858833866067485733365743633882768503,25,429,417,0.025628,0.086829,0.197274,0.22290200000000002,0.777098
192,4939008137476552065240184537828644764133517214756158762829,25,496,490,0.038693,0.06436,0.135004,0.17369700000000002,0.826303
192,6212435194276394115763543059243494938563033646586224859629,25,574,559,0.040186,0.037476,0.08174100000000001,0.12192700000000001,0.878073
192,3874204338182140753502701838530384426297759523506113427483,25,628,628,0.078419,0.078419,0.0,0.078419,0.921581
192,3347208880492337566130653746802735549578109517894379499733,25,785,784,0.098658,0.017377,0.017377,0.116035,0.883965
192,4306083721119286908591380042584606571729048503575164227711,25,507,496,0.027744,0.039232,0.100661,0.128405,0.871595
192,5163763031624406920207830805702663059843081289928205028959,25,626,626,0.064591,0.064591,0.0,0.064591,0.935409
192,6130364660359904866071451106195076205876004972250032444803,25,494,494,0.020301,0.020301,0.0,0.020301,0.979699
192,6254696907579855069014156880599952401895926775151729298633,25,580,580,0.066579,0.066579,0.0,0.066579,0.9334210000000001
192,4873661477686905481674696353544486097679453418713697857441,25,1093,1093,0.072195,0.072195,0.0,0.072195,0.927805
192,5412175546964427994074789034451167835889491793324688758467,25,799,789,0.02237,0.031042,0.043082999999999996,0.065453,0.934547
192,5910884209390437413999109263981667425861292837036749005609,25,578,576,0.085924,0.030283,0.030283,0.116207,0.883793
192,4621285287029859947459316813570982113322073918209718266019,25,559,559,0.154669,0.154669,0.0,0.154669,0.845331
192,5696283951894185144007889520249234417647198158940715431933,25,440,440,0.035742,0.035742,0.0,0.035742,0.964258
192,3683958575511235413756595798246241035800834295791075521963,25,463,463,0.071821,0.071821,0.0,0.071821,0.928179
192,4468006165118885684913086683109597497945491118316503789123,25,1043,1002,0.016996,0.02347,0.25246399999999997,0.26946,0.73054
192,5488497809815368048793079212529624026388526869419621039691,25,562,550,0.024588,0.010763,0.15617399999999998,0.18076199999999998,0.819238
192,5659542164522658766094858453465847140623734081033257305487,25,457,457,0.032978,0.032978,0.0,0.032978,0.967022
192,6149807903410653285967321465976396749348286539647506887699,25,638,635,0.059017,0.04744,0.04744,0.106457,0.893543
193,9905013207931875527529191960135739218017812814063208578531,25,663,629,0.055184,0.030258,0.21587400000000004,0.271058,0.728942
193,10100483858506872648422975068896319443064533148276380832169,25,694,674,0.033828,0.038571,0.133335,0.167163,0.832837
193,11663540999446197162723452607497563376895758675776898312369,25,546,534,0.06536700000000001,0.185117,0.24834,0.313707,0.686293
193,10897749645060145624874358483865606849691424744321528304937,25,565,562,0.045348,0.00673,0.016968,0.062315999999999996,0.937684
193,10565624405515099844116517970763527091130891790570283157137,25,488,488,0.162834,0.162834,0.0,0.162834,0.837166
193,12070921450587575263287627747872390786879378063838490617043,25,697,697,0.07348,0.07348,0.0,0.07348,0.92652
193,9664634974777947645604027278555623329607100282762834013441,25,509,509,0.023062,0.023062,0.0,0.023062,0.976938
193,12322960193874180073992358693327396906594292112230707610489,25,648,614,0.007801,0.008585,0.11045900000000003,0.11826000000000003,0.88174
193,8099708654360452993215966572101668396566826381629301683063,25,608,570,0.051493,0.046636,0.26943500000000004,0.32092800000000005,0.6790719999999999
193,11214351833369361189026414622248506634769198922661651441293,25,527,527,0.059889,0.059889,0.0,0.059889,0.940111
193,9128073803947130372484141505624445498586637123573747380151,25,441,441,0.059217,0.059217,0.0,0.059217,0.940783
193,11312813665303613237304198878301422628970319071234047845347,25,719,700,0.014722,0.011113,0.024655,0.039377,0.960623
193,11023902979621732752907862575267849055507922142544485438789,25,571,562,0.007292,0.015173,0.039514,0.046806,0.953194
193,11262927042730954176015822824963334235937052626560568007419,25,567,567,0.023382,0.023382,0.0,0.023382,0.976618
193,10857095320997612707420637232964945337144528989105797131153,25,816,816,0.068886,0.068886,0.0,0.068886,0.931114
193,10494271519339392909894195833014476236187539413566084429379,25,584,584,0.033348,0.033348,0.0,0.033348,0.966652
193,12278064626184964589595523842860542425676931971855436832259,25,610,610,0.045493,0.045493,0.0,0.045493,0.954507
193,8482872608322654051369609585269639790901351219221511846733,25,497,497,0.058777,0.058777,0.0,0.058777,0.941223
193,7306887098618586073076594877395470343989113832174839245017,25,574,555,0.042061,0.041547,0.041547,0.083608,0.916392
193,12409265929614063311478379725438459124196359168832063103151,25,479,478,0.158178,0.125789,0.125789,0.283967,0.7160329999999999
194,20683260459467499029277828805303888053838228828420773810227,25,676,674,0.015575,0.016307,0.016307,0.031882,0.968118
194,21350469721329597074134362589876985354717072338210358108849,26,398,398,0.110626,0.110626,0.0,0.110626,0.889374
194,18942954816325570836124528681131878336599202626159580306777,25,469,463,0.039896,0.051851,0.104681,0.144577,0.855423
194,24458941949583565962792372221933150989311549041638920536113,26,689,675,0.038723,0.017027,0.114771,0.153494,0.846506
194,21076672769905977070352813226874932564034530295953191284753,25,535,535,0.023373,0.023373,0.0,0.023373,0.976627
194,22249362777783306049117932825890593656249535237757916625729,26,442,418,0.05399,0.062332,0.09171900000000001,0.145709,0.854291
194,23203422452949787679074210878498136594954609999835899906157,26,610,603,0.040634,0.041198,0.063391,0.104025,0.895975
194,20868115815896194713106525621357671273079634596135616425361,25,625,619,0.038013,0.070371,0.104456,0.14246899999999998,0.857531
194,23192686299066524320738010687390362447126038875074169556253,26,613,605,0.026622,0.013531,0.05423,0.08085200000000001,0.919148
194,22340054129412896419322214973520037370083718012993281910367,26,418,418,0.016524,0.016524,0.0,0.016524,0.983476
194,23181673086820734631906360554899103585708564817833096064921,26,1289,1289,0.069984,0.069984,0.0,0.069984,0.930016
194,24582599091151675799091021479482934414662039688624223437687,26,426,426,0.028051,0.028051,0.0,0.028051,0.971949
194,25065435242975997360701202808292864499688676903327335870541,26,495,495,0.039325,0.039325,0.0,0.039325,0.960675
194,18390454080376419958677765335623388001794346466558675435283,25,548,544,0.05135,0.023765,0.023765,0.075115,0.924885
194,22922786508061659363842923473806512470282966011733435851431,26,1073,1042,0.002178,0.004635,0.012699000000000002,0.014877000000000001,0.985123
194,17061387184720152302891304554226083544383293835520188213651,25,467,443,0.15153,0.015165,0.21776,0.36929,0.63071
194,18618516616598255372519874377476542080222536021373325270311,25,464,464,0.301836,0.301836,0.0,0.301836,0.698164
194,21282237135538130116514856262480953933294724963389201954481,26,554,551,0.024948,0.036449,0.036449,0.06139700000000001,0.938603
194,20522969516655873169000695377445575228468042248954518479057,25,565,536,0.017671,0.013863,0.09698999999999999,0.11466099999999999,0.885339
194,14989350088210543607482262847185984320363092765497004877451,25,647,639,0.01502,0.016755,0.016755,0.031775,0.968225
195,43040604789452163741387408621112136409598757059035661677893,26,584,578,0.073952,0.034875,0.062528,0.13648,0.8635200000000001
195,49088991794939140574010539690236171966040109026993415914269,26,445,442,0.126637,0.066521,0.066521,0.193158,0.8068420000000001
195,48300749567102905436273718192442740995408307546941115427897,26,494,482,0.07097,0.115173,0.115173,0.186143,0.813857
195,48906073225085902924815189872988257194974124450370814611651,26,421,421,0.135795,0.135795,0.0,0.135795,0.864205
195,36863086582293400960306820600939234657564365893479938560799,26,734,706,0.010459,0.032371,0.10770700000000001,0.11816600000000001,0.881834
195,39520094337921324612196662792851626492332520911673811699729,26,885,885,0.018158,0.018158,0.0,0.018158,0.981842
195,48712327583936410948919472729136236367597407084610635272833,26,458,458,0.023712,0.023712,0.0,0.023712,0.976288
195,40655326120160876332407096732056168721873529846326635963177,26,449,435,0.044468,0.025348,0.11364800000000001,0.158116,0.841884
195,49535766793358394398954575009134138350900646325935636614543,26,585,573,0.075858,0.083704,0.137601,0.213459,0.7865409999999999
195,41862719142251391308296850055406978004299551713109836123227,26,582,576,0.047571,0.020916,0.020916,0.068487,0.931513
195,39425775947292327135017849550127493358385136125831647180659,26,469,456,0.038212,0.100375,0.100375,0.13858700000000002,0.861413
195,40030915462863037646967083275653053673838289093488559065567,26,612,598,0.058082,0.075768,0.075768,0.13385,0.86615
195,40570734708690516020996671408225641495385595046735671957119,26,459,459,0.068585,0.068585,0.0,0.068585,0.931415
195,40934085183179492462123851985126002111578252845347853305697,26,486,486,0.185292,0.185292,0.0,0.185292,0.814708
195,35128682060529629825193792168573153198841552039371874266881,26,455,446,0.029643,0.027033,0.027033,0.056676000000000004,0.943324
195,33386520498533519946398383478624977467807699443830033789513,26,580,580,0.062158,0.062158,0.0,0.062158,0.937842
195,40141148770606288794672640695647670636575757821310805897243,26,516,516,0.062286,0.062286,0.0,0.062286,0.937714
195,40490518455055723132909066555944613680023787528271085543291,26,564,564,0.115649,0.115649,0.0,0.115649,0.884351
195,47614627301874134935455529116186115164906112363136503150483,26,654,654,0.082491,0.082491,0.0,0.082491,0.917509
195,34473817038037491202068900808519350419613875057302440357481,26,602,602,0.009662,0.009662,0.0,0.009662,0.990338
196,95168415107121660560916881793289203952418490854465168975321,26,685,685,0.024334,0.024334,0.0,0.024334,0.975666
196,90009791547499984548910278716753576073152720702817059055901,26,511,498,0.083075,0.051832,0.051832,0.134907,0.865093
196,87459073763838296701927301523704259554148918532862184975629,26,551,551,0.059609,0.059609,0.0,0.059609,0.940391
196,70309503501777340343079821334567642537559966663221390472973,26,501,477,0.018534,0.060119,0.145815,0.164349,0.835651
196,95305038515393842196007534454562012255827385548443606952501,26,605,597,0.007157,0.010256,0.054047000000000005,0.06120400000000001,0.938796
196,82858880649466251495449216071414702109906561191821038787641,26,397,397,0.046968,0.046968,0.0,0.046968,0.953032
196,97083793852684433813008089400054003385653724507596918274297,26,684,663,0.010347,0.039948,0.081814,0.09216099999999999,0.9078390000000001
196,99466774561138218293682307547255032274447325955533021392447,26,486,486,0.086143,0.086143,0.0,0.086143,0.913857
196,62333097639089791343889610479116623630492359496474506120427,26,844,829,0.021827,0.008747,0.08540200000000002,0.10722900000000002,0.892771
196,98202769533374705029605057892210661368086364721024686834069,26,593,593,0.038575,0.038575,0.0,0.038575,0.961425
196,76205915167282914218102341674425274873438928127960827493699,26,787,784,0.148056,0.063712,0.063712,0.211768,0.788232
196,99735781901275954167800573841902347907225001572434442739617,26,680,680,0.077475,0.077475,0.0,0.077475,0.922525
196,75523924234554614323219474180414139839611222725124775536109,26,469,469,0.074331,0.074331,0.0,0.074331,0.925669
196,98856416133856584127753735193005691636012090201233990732729,26,443,428,0.069503,0.089781,0.194303,0.263806,0.736194
196,74465721503975476013420915082380026622357493970492148475923,26,621,621,0.084595,0.084595,0.0,0.084595,0.915405
196,93695083979722113939155057731935369089046162236564738423191,26,541,537,0.032843,0.027111,0.027111,0.05995399999999999,0.940046
196,77879392079591903526474505876698267670805166486636028530899,26,494,472,0.097369,0.039592,0.039592,0.136961,0.863039
196,84229306643800747300264590699152695007580757244203842094811,26,552,552,0.063943,0.063943,0.0,0.063943,0.936057
196,94030668663190317444347187347006250211939496898445186865789,26,840,817,0.015254,0.029038,0.066483,0.081737,0.918263
196,100248369583162082393739261464041339014101482772776091948201,26,438,431,0.059573,0.036497,0.098665,0.158238,0.841762
197,167659105655698882339508182915480992256595774433903924122623,26,1544,1534,0.032159,0.013104,0.078613,0.11077200000000001,0.889228
197,122449747198975822084132001235051055769374123302428745305941,26,652,652,0.032989,0.032989,0.0,0.032989,0.967011
197,157771390213784769025733801475620067885551276043484431320057,26,522,522,0.137495,0.137495,0.0,0.137495,0.862505
197,195362636325845913268639913567995093493514004135984307800363,26,573,551,0.082531,0.00733,0.268737,0.351268,0.648732
197,160328182105787324869078655378810538500450812696259544941773,26,496,496,0.143162,0.143162,0.0,0.143162,0.856838
197,184970800291752440068635983309521468062368504646083676644033,26,648,648,0.029858,0.029858,0.0,0.029858,0.970142
197,164144776080649194883406513297516553025716555924591056615183,26,435,431,0.058969,0.030853,0.059805,0.11877399999999999,0.8812260000000001
197,140818764650826975296987375129283355966942621459853255150479,26,564,564,0.034063,0.034063,0.0,0.034063,0.965937
197,189022387984517778950705123442972032908094852334290657306231,26,449,449,0.05011,0.05011,0.0,0.05011,0.94989
197,172220763612696405396243073018306035394484382521705030045911,26,445,438,0.021242,0.023092,0.05155800000000001,0.0728,0.9272
197,154481106607181704446691691500013964555830349483415881254479,26,744,743,0.05285,0.060190999999999995,0.060190999999999995,0.113041,0.886959
197,138116520840863501578382275910208792542013786200119809943421,26,465,465,0.052291,0.052291,0.0,0.052291,0.947709
197,128167436666847967508432921399395745683533771986744909507099,26,467,467,0.085262,0.085262,0.0,0.085262,0.914738
197,179430245545432323474984038609312519060231752952330260578973,26,644,644,0.013899,0.013899,0.0,0.013899,0.986101
197,164907321185035410613697079130730386934791247649211425433501,26,643,616,0.006747,0.00562,0.07609199999999998,0.08283899999999998,0.917161
197,149559974584198894049055200074096371180280008283748787845411,26,446,432,0.177066,0.062456,0.062456,0.239522,0.760478
197,141960287108387193832375793429518062558146806429474522246723,26,506,506,0.068564,0.068564,0.0,0.068564,0.931436
197,117962418323306660486403773161381103053143923297611666689523,26,462,462,0.025118,0.025118,0.0,0.025118,0.974882
197,159003940652452327574248903060253950134870172438916155070369,26,723,688,0.040196,0.011057,0.38613600000000003,0.42633200000000004,0.573668
197,186310928751907307724815625865601039478473930304908425333493,26,812,812,0.041626,0.041626,0.0,0.041626,0.958374
198,358800385741478548379741226608716034844371071935561085305833,26,623,617,0.044223,0.0538,0.0538,0.098023,0.901977
198,361832547229010809777991703475089455145922714751449984988413,26,419,415,0.129983,0.061985,0.061985,0.19196799999999997,0.8080320000000001
198,366234672716741757435258864069198637471462810470347219616629,26,688,679,0.023661,0.027419,0.039171,0.062832,0.937168
198,381944248262064685581254962871209750407378184907165945167889,26,559,559,0.03574,0.03574,0.0,0.03574,0.96426
198,354687072527494597410093290280585584399421663969934020853223,26,598,598,0.100821,0.100821,0.0,0.100821,0.899179
198,379245416457437245542302776449664948360818185536921628076539,26,432,432,0.065259,0.065259,0.0,0.065259,0.934741
198,276003453857523809899467677088049878845070200584331936691041,26,534,534,0.051914,0.051914,0.0,0.051914,0.948086
198,209990048987204577494427221770767574738889930041728156874193,26,577,577,0.087898,0.087898,0.0,0.087898,0.912102
198,256901948110234610129862767369945243180538397102365122358427,26,484,483,0.033083,0.118649,0.118649,0.151732,0.848268
198,392896855902880253325160541666344098709384930507930453171681,26,468,468,0.031171,0.031171,0.0,0.031171,0.968829
198,261148592887412956171116968549303549257459540886776423198739,26,509,508,0.012916,0.024384,0.024384,0.0373,0.9627
198,380307295207752593087679241538739081357344508076536875023627,26,597,574,0.08675200000000001,0.134052,0.212822,0.299574,0.700426
198,388299617663319746972489463784551990330983404458676571447693,26,517,496,0.03137,0.014839,0.095098,0.126468,0.873532
198,328573357774619762260295479993442675189590010826879831896677,26,534,519,0.012516,0.040262,0.051292,0.063808,0.936192
198,345095965742713044505246800463174842475462680793869138019261,26,453,453,0.113752,0.113752,0.0,0.113752,0.886248
198,292581670931790651470491827458218900376775743841380672403887,26,503,503,0.041785,0.041785,0.0,0.041785,0.958215
198,390539114582262272077001713638342490864897532470034331261247,26,491,473,0.078654,0.118833,0.118833,0.197487,0.802513
198,360504086773559647539204736208829484928785732049355565383643,26,395,395,0.055093,0.055093,0.0,0.055093,0.9449069999999999
198,235950558879078260282437419803935172239069320587333159451019,26,530,530,0.035313,0.035313,0.0,0.035313,0.964687
198,398227691324642613283526129594013507506766970246599454997939,26,659,643,0.039914,0.018693,0.028315,0.068229,0.931771
199,754357335704061312767906283574368857849729996361323767853021,26,540,540,0.156792,0.156792,0.0,0.156792,0.843208
199,740449135866891063702563724186205751814739503564925633250647,26,478,453,0.045102,0.02965,0.091913,0.137015,0.862985
199,783572025208462059459081331520531102495696274404533915350617,26,510,493,0.070858,0.054716,0.14165,0.212508,0.787492
199,689619749063096498116944459976173154436509257531702365821471,26,624,613,0.070189,0.04879,0.061120999999999995,0.13130999999999998,0.86869
199,792261444591087612509889756571590671010253289767476929883959,26,692,692,0.100428,0.100428,0.0,0.100428,0.899572
199,485165244720747932715066275346273892339756962905587028338027,26,452,452,0.136896,0.136896,0.0,0.136896,0.863104
199,701425127964276666799904563003747018572056891360383272760451,26,1119,1102,0.019014,0.118621,0.118621,0.137635,0.862365
199,790893896840481035276180066252113476643190200344778153065643,26,924,924,0.109486,0.109486,0.0,0.109486,0.890514
199,763536298621525364342165189094083117188952849209780027677679,26,601,593,0.085904,0.042096,0.08464100000000001,0.170545,0.829455
199,613617912594322713495151233564022371433770815044783317065269,26,827,827,0.031606,0.031606,0.0,0.031606,0.968394
199,701969238772333138157522384223588554623546191713496616248319,26,475,475,0.174351,0.174351,0.0,0.174351,0.825649
199,659743727985962787654640554658683537620374805989756454087933,26,679,679,0.029709,0.029709,0.0,0.029709,0.970291
199,690360274208079369250317450856211794224002008122073050016637,26,522,522,0.098869,0.098869,0.0,0.098869,0.901131
199,500887070634424955740905032565576942995006631697841024678317,26,521,521,0.05024,0.05024,0.0,0.05024,0.94976
199,562515533415072305976115813906881843805019952700501666255663,26,510,509,0.023939,0.01349,0.01349,0.037429,0.962571
199,687386421009493082281833809951506042909624825066468351426301,26,451,437,0.13185,0.024788,0.034596,0.16644599999999998,0.833554
199,627831828857047974697867855909832323916998184071016955354641,26,557,557,0.139102,0.139102,0.0,0.139102,0.8608979999999999
199,531493718748199409115070187956201803475378862922781030803881,26,499,499,0.061341,0.061341,0.0,0.061341,0.938659
199,764298723870080571982440894112670628624228896767629734930611,26,441,425,0.080331,0.078864,0.078864,0.159195,0.840805
199,563561550095967293743840793623207928679303836705271230763571,26,769,762,0.048962,0.028876,0.061404,0.11036599999999999,0.889634
200,1295789132477604807715877944458947246775511838525972200835657,26,631,631,0.085781,0.085781,0.0,0.085781,0.914219
200,1580265433117145949318612574335473147379586407902007615572209,26,560,553,0.023306,0.040285,0.040285,0.06359100000000001,0.936409
200,1031264165415914398404034296717937295434353057321618942293977,26,686,662,0.021318,0.019927,0.12313299999999999,0.144451,0.855549
200,942274183107708126744367799889859979943002828490182769563693,26,743,715,0.009163,0.05465,0.3145609999999999,0.3237239999999999,0.6762760000000001
200,1243256742262564810336975229173603901549307573958804818142771,26,585,568,0.065995,0.043703,0.070259,0.136254,0.863746
200,1332260463557925975266900697251791362056896106900938778652773,26,696,696,0.022233,0.022233,0.0,0.022233,0.977767
200,1534546510819566200886924830244913417667526810936895301477933,26,457,452,0.1404,0.019205,0.066446,0.206846,0.793154
200,1457315434423192483527568367362496447605043071246754450536801,26,567,567,0.077012,0.077012,0.0,0.077012,0.922988
200,1515478547137402687976907484166669091143375006869904371011019,26,580,580,0.056284,0.056284,0.0,0.056284,0.943716
200,1328401728722624823335450602027897002059084341229046226740677,26,501,500,0.017694,0.011716,0.011716,0.029410000000000002,0.97059
200,1069405338840333297089210313682851116995000495488370707114107,26,868,865,0.060067,0.017722,0.017722,0.077789,0.922211
200,1577668914616112972976239927299568044527242009386300299995513,26,993,993,0.101064,0.101064,0.0,0.101064,0.898936
200,924932144930952159695588929751342486737404577556159754527249,26,444,435,0.055095,0.057015,0.057015,0.11211,0.88789
200,1430455149298665257668430782969274466789353299446322896956953,26,484,475,0.010399,0.006825,0.028196000000000002,0.038595000000000004,0.961405
200,1471759896903796862187242593818058236014421372969552658348613,26,837,837,0.341106,0.341106,0.0,0.341106,0.658894
200,1024997524686414507856278528573582273997937245288256214142637,26,547,547,0.053302,0.053302,0.0,0.053302,0.946698
200,1269662956978065591146754145192337292773571460456699566030607,26,531,531,0.08165,0.08165,0.0,0.08165,0.91835
200,1251023694717248924976673861910298094342092199701445949798563,26,706,706,0.024297,0.024297,0.0,0.024297,0.975703
200,1165094867829338354631660035180329869977597764175158753523867,26,548,548,0.227215,0.227215,0.0,0.227215,0.772785
200,1245161625256545119714043746004026254459007086115269518670777,26,662,661,0.01435,0.041181,0.041181,0.055531000000000004,0.944469
