Bit_length,N,Lattice_dimension,|b_op - t|^2,|vbest - t|^2,P(b_op),P(vbest),P(|vnew - t|^2 < |b_op - t|^2),P(|vnew - t|^2 <= |b_op - t|^2),P(|vnew - t|^2 > |b_op - t|^2)
150.0,1268771206145175299492684899681878877410684841,21.0,724.0,722.0,0.067772,0.028832,0.028832,0.096604,0.903396
150.0,1403762530472620237905076428332939916844331359,21.0,260.0,260.0,0.18876,0.18876,0.0,0.18876,0.81124
150.0,918882917500502786903408324526441238854631741,21.0,383.0,376.0,0.045005,0.029131,0.109981,0.154986,0.8450139999999999
150.0,1044411862674117053622929515451672202864979129,21.0,396.0,379.0,0.02659,0.045795,0.25428500000000004,0.28087500000000004,0.719125
150.0,1199592981228806239321120961178599459097610483,21.0,596.0,596.0,0.111203,0.111203,0.0,0.111203,0.8887970000000001
150.0,912632394066698132144971044037258218777602291,21.0,352.0,352.0,0.092851,0.092851,0.0,0.092851,0.907149
150.0,1033085278351720441874660444922199074374033881,21.0,429.0,429.0,0.057407,0.057407,0.0,0.057407,0.942593
150.0,1039667922595230805682141254323399644574814367,21.0,689.0,689.0,0.056159,0.056159,0.0,0.056159,0.943841
150.0,1076261801716221769627743498540654753005411033,21.0,569.0,569.0,0.275407,0.275407,0.0,0.275407,0.724593
150.0,868981675879730421007669707059890716656754209,21.0,380.0,380.0,0.063453,0.063453,0.0,0.063453,0.936547
150.0,1198940008513470371886998720870433706529677289,21.0,286.0,285.0,0.034648,0.028259,0.028259,0.06290699999999999,0.937093
150.0,1001065868810988745766471076060380006588792189,21.0,391.0,390.0,0.017606,0.046694,0.046694,0.0643,0.9357
150.0,1018523197675518130041140861676478171959383813,21.0,330.0,314.0,0.122781,0.023361,0.15843000000000002,0.281211,0.718789
150.0,999406335763551690568793874408994581594369181,21.0,293.0,293.0,0.111839,0.111839,0.0,0.111839,0.888161
150.0,1386649915270975663546803936212330370020386207,21.0,322.0,322.0,0.047028,0.047028,0.0,0.047028,0.952972
150.0,1252835724482748605844023934169349660374906087,21.0,379.0,379.0,0.047211,0.047211,0.0,0.047211,0.952789
150.0,1420753685420564064872708676390123998125705549,21.0,325.0,323.0,0.139189,0.081118,0.081118,0.220307,0.779693
150.0,1076920912535396901213842625717381087368331181,21.0,388.0,388.0,0.026743,0.026743,0.0,0.026743,0.973257
150.0,1124397583306701037985991208303905429810161357,21.0,362.0,352.0,0.02573,0.02308,0.175892,0.201622,0.798378
150.0,1130353955473240791783568532060655958732460941,21.0,392.0,369.0,0.043424,0.033605,0.21723999999999996,0.26066399999999995,0.739336
151.0,2363319035074246419340419055739401443130238059,21.0,484.0,484.0,0.057332,0.057332,0.0,0.057332,0.942668
151.0,2471201957583473321167345886570639941825218311,21.0,363.0,363.0,0.1252,0.1252,0.0,0.1252,0.8748
151.0,2315715608364087921901708175621836301416617007,21.0,256.0,256.0,0.118287,0.118287,0.0,0.118287,0.881713
151.0,2763171157217537386323259861099914830334818519,21.0,580.0,580.0,0.236108,0.236108,0.0,0.236108,0.763892
151.0,1758775630326182635026447808028302358291781499,21.0,276.0,265.0,0.18785000000000002,0.175413,0.201833,0.389683,0.610317
151.0,2188378164211148987192836592303698338909975503,21.0,309.0,309.0,0.091683,0.091683,0.0,0.091683,0.908317
151.0,1829627983140478483810934234803641664206450619,21.0,357.0,346.0,0.15506,0.078614,0.078614,0.233674,0.7663260000000001
151.0,1569735030968914361557174823910579735657956107,21.0,275.0,275.0,0.161432,0.161432,0.0,0.161432,0.838568
151.0,2843239852874861508784440371081621911410347591,21.0,564.0,551.0,0.106097,0.034105,0.063779,0.169876,0.830124
151.0,2624675574003230296718034974584383454961661761,21.0,604.0,574.0,0.02768,0.032266,0.24777600000000002,0.27545600000000003,0.724544
151.0,1746328694271824837631752461766830788699201941,21.0,491.0,491.0,0.077375,0.077375,0.0,0.077375,0.922625
151.0,2456234120258232727729365675070691784694223131,21.0,627.0,627.0,0.070488,0.070488,0.0,0.070488,0.929512
151.0,2689914182894566195371701173819301836708498979,21.0,375.0,375.0,0.02009,0.02009,0.0,0.02009,0.97991
151.0,2472879649799491864465871187917726124213054643,21.0,370.0,356.0,0.014307,0.015832,0.037299,0.051606,0.948394
151.0,2641928437820330089399895839369416426912654047,21.0,586.0,580.0,0.050155,0.028362,0.09690599999999999,0.147061,0.852939
151.0,2217024583566038902931835040749210710155293863,21.0,311.0,308.0,0.045123,0.026415,0.049146999999999996,0.09426999999999999,0.90573
151.0,2795955547593262531562466415054318143278579719,21.0,370.0,368.0,0.036286,0.017389,0.017389,0.053675,0.946325
151.0,2754384674264655946791346511962590129499967297,21.0,526.0,523.0,0.06516,0.046398,0.046398,0.11155799999999999,0.888442
151.0,1922698035563121141756137662031262831101446511,21.0,278.0,278.0,0.451536,0.451536,0.0,0.451536,0.5484640000000001
151.0,2578633082003778088940013102956628479805360761,21.0,498.0,498.0,0.076865,0.076865,0.0,0.076865,0.923135
152.0,3650146379785934850995660671580553841765454981,21.0,277.0,277.0,0.026866,0.026866,0.0,0.026866,0.9731339999999999
152.0,4447694107941335768274189003948589146948883409,21.0,404.0,401.0,0.118417,0.08118,0.153812,0.272229,0.727771
152.0,5304044781028480773455459789567804501864780699,21.0,371.0,371.0,0.238752,0.238752,0.0,0.238752,0.761248
152.0,5225791236691602749703859113684043992716841463,21.0,412.0,399.0,0.081718,0.055373,0.152133,0.23385099999999998,0.766149
152.0,5425403301002418901669361546561888615280596761,21.0,371.0,363.0,0.11369499999999999,0.184105,0.184105,0.29779999999999995,0.7022
152.0,5202335230032226630491022567996748864390119873,21.0,420.0,420.0,0.057454,0.057454,0.0,0.057454,0.942546
152.0,4003774395708740189647636396775460720094087057,21.0,316.0,316.0,0.055952999999999996,0.055952999999999996,0.0,0.055952999999999996,0.944047
152.0,5276249290787396224699127825641594167433771223,21.0,338.0,338.0,0.146946,0.146946,0.0,0.146946,0.853054
152.0,4381176969443188923764265381058182084891594073,21.0,467.0,467.0,0.019953,0.019953,0.0,0.019953,0.980047
152.0,5541991812747053012003965966406093820220699999,21.0,288.0,288.0,0.101487,0.101487,0.0,0.101487,0.898513
152.0,5648300508047326241541247933495397085050508533,21.0,375.0,350.0,0.060369,0.119175,0.33170399999999994,0.39207299999999995,0.6079270000000001
152.0,4837654055687374110886315087296888936559582543,21.0,298.0,291.0,0.191531,0.024465,0.056922,0.248453,0.751547
152.0,3169527753809835033737422227494034075208154897,21.0,347.0,347.0,0.073016,0.073016,0.0,0.073016,0.926984
152.0,4751384359859390003700613749548751936187354063,21.0,344.0,344.0,0.055743,0.055743,0.0,0.055743,0.944257
152.0,5115713692797196694227360148049458957592665221,21.0,309.0,295.0,0.071768,0.072689,0.14627199999999999,0.21803999999999998,0.78196
152.0,5377906651632174967507002058972880963848446937,21.0,441.0,441.0,0.035144,0.035144,0.0,0.035144,0.964856
152.0,4794192939950703723191510856383251915586655239,21.0,370.0,370.0,0.22715,0.22715,0.0,0.22715,0.77285
152.0,4098436965705153817981088577951066512799793241,21.0,464.0,464.0,0.137118,0.137118,0.0,0.137118,0.862882
152.0,4397317578261604652631366972202456990923173239,21.0,585.0,585.0,0.102219,0.102219,0.0,0.102219,0.8977809999999999
152.0,5641409895201969238429625932613600677431973529,21.0,367.0,341.0,0.034953,0.041054,0.344728,0.379681,0.6203190000000001
153.0,7688734886215973313958737522072259896979469359,21.0,478.0,468.0,0.006634,0.034776,0.059272,0.06590599999999999,0.934094
153.0,9965367899123149749669237053467022764500819709,21.0,296.0,296.0,0.27568,0.27568,0.0,0.27568,0.7243200000000001
153.0,8648715940089396413954292296253489279668879831,21.0,325.0,325.0,0.111608,0.111608,0.0,0.111608,0.888392
153.0,9992486217185404533285574560152593379868586411,21.0,283.0,283.0,0.255239,0.255239,0.0,0.255239,0.744761
153.0,8752395201001776336645971436266201719253038903,21.0,281.0,273.0,0.081904,0.060814,0.27708699999999997,0.35899099999999995,0.641009
153.0,10307828778112676279744687232183733883997747787,21.0,309.0,296.0,0.182471,0.04892,0.068338,0.250809,0.7491909999999999
153.0,8927473020776419491333060829150295244420281503,21.0,458.0,458.0,0.019402,0.019402,0.0,0.019402,0.980598
153.0,7853849523366438727173539795218496833560636149,21.0,456.0,456.0,0.070544,0.070544,0.0,0.070544,0.9294560000000001
153.0,8674604146514496475964987674111780570888473743,21.0,264.0,264.0,0.182534,0.182534,0.0,0.182534,0.817466
153.0,8982522494550749295857332138146435777716539013,21.0,316.0,315.0,0.185249,0.101431,0.101431,0.28668,0.71332
153.0,7465338556163117004724110416934405812498881597,21.0,415.0,415.0,0.269012,0.269012,0.0,0.269012,0.730988
153.0,9002256784614521734062834292945636253381789701,21.0,459.0,459.0,0.094693,0.094693,0.0,0.094693,0.905307
153.0,9730043924092499024899737640031060516457357727,21.0,508.0,503.0,0.072291,0.059923,0.059923,0.132214,0.867786
153.0,7772785559916630760629013439531712505833223283,21.0,334.0,334.0,0.17497100000000002,0.17497100000000002,0.0,0.17497100000000002,0.825029
153.0,6331403492532550906969515225158616949065412553,21.0,329.0,320.0,0.032653,0.013964,0.052903000000000006,0.08555600000000001,0.914444
153.0,9499729964075602707801866275682306216169333647,21.0,577.0,559.0,0.074711,0.036633,0.186835,0.261546,0.7384539999999999
153.0,10623137933847890583214243354934109612727566337,21.0,389.0,378.0,0.043007,0.090812,0.182676,0.225683,0.774317
153.0,8298489176359263229418112630907164868713161869,21.0,436.0,434.0,0.030508,0.068778,0.10188499999999999,0.13239299999999998,0.867607
153.0,10423403876173039960502215978962041272294895987,21.0,347.0,342.0,0.073072,0.126683,0.24404499999999998,0.317117,0.682883
153.0,11331438524408402513759859710883003140234689001,21.0,537.0,536.0,0.130422,0.068767,0.068767,0.199189,0.8008109999999999
154.0,20144352470088160067192230120293841747066127093,21.0,375.0,374.0,0.242026,0.223918,0.223918,0.465944,0.534056
154.0,13741129409913179912586613425642421907057677927,21.0,315.0,315.0,0.176824,0.176824,0.0,0.176824,0.823176
154.0,22555697926472858658256090868373281917048139777,21.0,452.0,452.0,0.050513,0.050513,0.0,0.050513,0.949487
154.0,21622466558921334027105350728738281221011715713,21.0,462.0,457.0,0.12005099999999999,0.053794,0.096578,0.216629,0.783371
154.0,22717282832414613486487854671615889194348202509,21.0,420.0,418.0,0.056985999999999995,0.055902,0.130071,0.18705699999999997,0.812943
154.0,15553662272752172389304818266535674850670048197,21.0,315.0,315.0,0.261964,0.261964,0.0,0.261964,0.738036
154.0,16287234057599780494928529944429983938735953333,21.0,317.0,317.0,0.229888,0.229888,0.0,0.229888,0.770112
154.0,20227306669577710217883266196429106847542507013,21.0,597.0,597.0,0.079816,0.079816,0.0,0.079816,0.920184
154.0,18361999857484992568400964915559137162309312233,21.0,348.0,348.0,0.056205,0.056205,0.0,0.056205,0.943795
154.0,17615067981495998635949724796624661825505231481,21.0,451.0,451.0,0.075506,0.075506,0.0,0.075506,0.924494
154.0,16965780184675510815549338206501125311473383031,21.0,364.0,364.0,0.216847,0.216847,0.0,0.216847,0.783153
154.0,17145713058305669983102778787612006911670513347,21.0,448.0,442.0,0.107717,0.055243,0.055243,0.16296,0.83704
154.0,20285317985568063024579677341972941193428143231,21.0,291.0,291.0,0.351481,0.351481,0.0,0.351481,0.6485190000000001
154.0,19892574816341431255761561129070142233703448899,21.0,486.0,481.0,0.123737,0.063517,0.152959,0.276696,0.723304
154.0,14482484907695104154754286426816369245597742123,21.0,405.0,405.0,0.194226,0.194226,0.0,0.194226,0.805774
154.0,21308599822779449843544699903616188167691769657,21.0,402.0,402.0,0.126384,0.126384,0.0,0.126384,0.873616
154.0,19652552707990061015357354059734076466348869901,21.0,360.0,360.0,0.195176,0.195176,0.0,0.195176,0.804824
154.0,15836062588559999481222001755306755400249974411,21.0,319.0,319.0,0.138443,0.138443,0.0,0.138443,0.861557
154.0,17640605793899812190237760431948486244893089589,21.0,377.0,372.0,0.018336,0.042679,0.042679,0.061015,0.938985
154.0,13200322048523091361380223530828151918467232499,21.0,268.0,265.0,0.10586,0.039717,0.113537,0.219397,0.7806029999999999
155.0,31340595875958809044343360964929799034189512361,21.0,445.0,425.0,0.108816,0.060866,0.424255,0.533071,0.46692900000000004
155.0,33883679322606457824492978417378120332359598171,21.0,337.0,333.0,0.145884,0.043004,0.076701,0.22258500000000003,0.777415
155.0,38431961138800983210425437779183955699273663877,21.0,543.0,535.0,0.044779,0.080776,0.19031900000000002,0.23509800000000003,0.764902
155.0,44842574992398006827792831817449122409176524571,21.0,356.0,354.0,0.040208,0.025029,0.025029,0.065237,0.934763
155.0,44479412022428483167051033854365771430317272061,21.0,537.0,525.0,0.044235,0.033183,0.152801,0.197036,0.802964
155.0,39653904137769014668557378511260469269135182431,21.0,298.0,298.0,0.125953,0.125953,0.0,0.125953,0.874047
155.0,36615548944643269126239193831815135044946113087,21.0,288.0,288.0,0.360375,0.360375,0.0,0.360375,0.639625
155.0,35728624388846244763032748679732750007278619919,21.0,326.0,326.0,0.123856,0.123856,0.0,0.123856,0.876144
155.0,39471143362465673450737740007926815837598407923,21.0,418.0,409.0,0.020771,0.021958,0.046215,0.066986,0.933014
155.0,43620356160753924413764228467447052158522613007,21.0,423.0,423.0,0.11965599999999998,0.11965599999999998,0.0,0.11965599999999998,0.880344
155.0,29666396188587728462615862057347321613786496027,21.0,540.0,521.0,0.030195999999999997,0.048648,0.18133100000000002,0.21152700000000002,0.788473
155.0,41677893527522320684434778067984642792936350873,21.0,482.0,482.0,0.134169,0.134169,0.0,0.134169,0.865831
155.0,32675536969479286942701324674137910119680337459,21.0,314.0,314.0,0.036594,0.036594,0.0,0.036594,0.963406
155.0,44919866654372607559021538428305729263662282117,21.0,525.0,525.0,0.036884,0.036884,0.0,0.036884,0.963116
155.0,36452200589072916411983425394632165549777886227,21.0,476.0,452.0,0.05354,0.024591,0.4233,0.47684,0.5231600000000001
155.0,33203524258924130270853246380045741567145994259,21.0,434.0,428.0,0.069561,0.04123,0.114506,0.18406699999999998,0.815933
155.0,36946503351030864812990481678628454987070959527,21.0,346.0,346.0,0.081129,0.081129,0.0,0.081129,0.918871
155.0,44458044889519333576801527839740244268692202469,21.0,621.0,603.0,0.03023,0.090633,0.24080000000000004,0.27103000000000005,0.7289699999999999
155.0,36744155090184780124393526442075144163055399837,21.0,359.0,359.0,0.434892,0.434892,0.0,0.434892,0.5651079999999999
155.0,32611265262434541992311659835491097552848382807,21.0,275.0,275.0,0.103942,0.103942,0.0,0.103942,0.896058
156.0,58842411492108631901824870167723622565249820361,21.0,539.0,538.0,0.071259,0.11733,0.11733,0.188589,0.811411
156.0,58647263901409677188415888297848821138605832667,21.0,340.0,340.0,0.088622,0.088622,0.0,0.088622,0.911378
156.0,60691833191625566815713087621249445278906020923,21.0,440.0,435.0,0.15877,0.041417,0.041417,0.200187,0.799813
156.0,83500911560012017920943706628836329963659227611,21.0,397.0,397.0,0.165225,0.165225,0.0,0.165225,0.834775
156.0,79699952235555146846014724188269022467857700953,21.0,420.0,420.0,0.235025,0.235025,0.0,0.235025,0.764975
156.0,68617923715717279114730426060969764483412652871,21.0,561.0,551.0,0.014171,0.066028,0.066028,0.080199,0.919801
156.0,70292815550175575334435593661308688973972707499,21.0,303.0,303.0,0.072236,0.072236,0.0,0.072236,0.927764
156.0,88395906091853951743306426033388820009527178553,21.0,318.0,310.0,0.083454,0.038827,0.038827,0.122281,0.877719
156.0,58490997193338963447736793476829606786651843411,21.0,333.0,324.0,0.108225,0.089382,0.18976300000000001,0.29798800000000003,0.702012
156.0,88153376653160901709431525294744255033299399513,21.0,438.0,423.0,0.11788900000000001,0.06139,0.06139,0.17927900000000002,0.820721
156.0,83749952449871415989936799658384575288153567857,21.0,494.0,494.0,0.021469,0.021469,0.0,0.021469,0.978531
156.0,63215896343305696798861673825073441341593157323,21.0,277.0,277.0,0.164375,0.164375,0.0,0.164375,0.8356250000000001
156.0,68367618624389291832609274122568807692737410747,21.0,322.0,322.0,0.102192,0.102192,0.0,0.102192,0.8978079999999999
156.0,85976042848566498516350067546598036064176697617,21.0,449.0,449.0,0.062403,0.062403,0.0,0.062403,0.937597
156.0,77050956204250174763972617362140681574229342091,21.0,722.0,722.0,0.109183,0.109183,0.0,0.109183,0.890817
156.0,67397778703558464646892241700035691887301648579,21.0,534.0,530.0,0.032462,0.018429,0.059704,0.092166,0.907834
156.0,82158015067987949738815070788850184671973579587,21.0,409.0,371.0,0.047485,0.035199,0.287097,0.334582,0.6654180000000001
156.0,55015423047501982644190563451191716439122432951,21.0,383.0,382.0,0.060759,0.063443,0.063443,0.124202,0.875798
156.0,85336908532608541436048263259686225667526362047,21.0,587.0,582.0,0.066244,0.04284,0.04284,0.109084,0.890916
156.0,56731211956952175175952662358019177731725234237,21.0,354.0,354.0,0.227649,0.227649,0.0,0.227649,0.772351
157.0,120282166308024689728299980121863747670916310267,21.0,413.0,413.0,0.132592,0.132592,0.0,0.132592,0.867408
157.0,120820017068622794622130921127946349513431310843,21.0,495.0,483.0,0.048468,0.040252,0.09597699999999999,0.144445,0.8555550000000001
157.0,160354239376266933764514100701359388571858132879,22.0,394.0,394.0,0.082339,0.082339,0.0,0.082339,0.9176610000000001
157.0,178540342865713130388740603822271194677254392441,22.0,381.0,376.0,0.022654,0.077671,0.077671,0.100325,0.899675
157.0,133758242352280888913921190835052846329897153133,21.0,467.0,467.0,0.081763,0.081763,0.0,0.081763,0.918237
157.0,119751792167523699090520105500834166573709024723,21.0,335.0,328.0,0.082478,0.031739,0.031739,0.114217,0.885783
157.0,142866301722166299614859219990227501097218329553,21.0,386.0,386.0,0.083953,0.083953,0.0,0.083953,0.9160470000000001
157.0,159460056477105651797755450704992108220297439993,22.0,320.0,312.0,0.052774,0.05159,0.087932,0.140706,0.859294
157.0,129765827297228317584448178357227745213663923673,21.0,444.0,429.0,0.079796,0.053314,0.127524,0.20732,0.79268
157.0,153041151061952724068377978141007513960278537129,21.0,492.0,491.0,0.222396,0.059572,0.059572,0.281968,0.718032
157.0,112556148137934308610401610728139436816885032007,21.0,319.0,319.0,0.089199,0.089199,0.0,0.089199,0.910801
157.0,155016348949192392834761783400231900623445364769,21.0,506.0,495.0,0.027656,0.026683,0.15101,0.178666,0.821334
157.0,165332485530732496445379876290371501984439220227,22.0,400.0,394.0,0.074566,0.084706,0.12454100000000001,0.199107,0.800893
157.0,173008319555191101708826910175525434497734262397,22.0,280.0,280.0,0.121978,0.121978,0.0,0.121978,0.878022
157.0,143078279358113528954735774091416278002769110083,21.0,551.0,545.0,0.15642,0.020423,0.020423,0.176843,0.823157
157.0,139537309577365933739952691194841985292959417899,21.0,295.0,295.0,0.139214,0.139214,0.0,0.139214,0.860786
157.0,150381007425703993922643997626233047809831195563,21.0,289.0,289.0,0.09858,0.09858,0.0,0.09858,0.90142
157.0,125414534553540336555987249708054473022979850233,21.0,357.0,342.0,0.06526900000000001,0.044997,0.09612400000000001,0.161393,0.838607
157.0,100495160702135079890032717344114075262462068991,21.0,321.0,319.0,0.069872,0.015088,0.015088,0.08496000000000001,0.91504
157.0,126081296153973360472994917714723398699218116441,21.0,755.0,751.0,0.027518,0.049736999999999996,0.086841,0.114359,0.885641
158.0,244084876567438940415979589793753210761831799169,22.0,357.0,351.0,0.149399,0.03992,0.03992,0.18931900000000002,0.810681
158.0,311889364802148711770367329783808121108240984963,22.0,419.0,419.0,0.26917399999999997,0.26917399999999997,0.0,0.26917399999999997,0.730826
158.0,315552892616518612169009766705743992617805242163,22.0,286.0,283.0,0.180518,0.073455,0.182651,0.363169,0.6368309999999999
158.0,364568451629159625851465545891850771901219214163,22.0,388.0,374.0,0.046106,0.06873399999999999,0.240608,0.28671399999999997,0.7132860000000001
158.0,213880798395599609631736184456759089379285659049,22.0,416.0,415.0,0.007358,0.013092,0.013092,0.02045,0.97955
158.0,364596676892949119436289041863521153445811753029,22.0,516.0,513.0,0.04849,0.075861,0.075861,0.12435099999999999,0.875649
158.0,215840103126036545942721515629965329944602697057,22.0,544.0,539.0,0.139635,0.028707,0.10132,0.240955,0.759045
158.0,259043540185824666457272444893607678141566205487,22.0,341.0,341.0,0.044512,0.044512,0.0,0.044512,0.955488
158.0,311426830077414386887481553693471517445014703609,22.0,348.0,340.0,0.026216,0.023735,0.023735,0.049950999999999995,0.950049
158.0,220678872755010770809359894948879428023872635453,22.0,348.0,346.0,0.060387,0.089078,0.089078,0.14946500000000001,0.850535
158.0,324273864736092445034262802970079797120470198979,22.0,411.0,411.0,0.130738,0.130738,0.0,0.130738,0.869262
158.0,335973439137660892963362517099047189556286786761,22.0,301.0,301.0,0.04451,0.04451,0.0,0.04451,0.95549
158.0,282449349227109527988465852865060163003324312407,22.0,331.0,326.0,0.066861,0.126913,0.126913,0.193774,0.806226
158.0,208746167169143822300193643710778500356712398063,22.0,467.0,448.0,0.023282,0.009845,0.18653700000000004,0.20981900000000003,0.790181
158.0,334111037801880478290657958251924991420673909189,22.0,475.0,475.0,0.195796,0.195796,0.0,0.195796,0.804204
158.0,278758463930102758470340608089823158233270489379,22.0,309.0,309.0,0.266358,0.266358,0.0,0.266358,0.733642
158.0,334359694784871699894821359716571301393005547539,22.0,363.0,363.0,0.14607,0.14607,0.0,0.14607,0.85393
158.0,266330340319030988935371369155445034828168547083,22.0,345.0,345.0,0.021279,0.021279,0.0,0.021279,0.978721
158.0,304296786548695733429639288499877719781617137947,22.0,576.0,572.0,0.041855,0.024884,0.024884,0.066739,0.933261
158.0,363187749995613157299748064319278147359621272623,22.0,645.0,645.0,0.146607,0.146607,0.0,0.146607,0.8533930000000001
159.0,686564447258462630098219799118347627120122126259,22.0,503.0,492.0,0.043383,0.052352,0.15751199999999999,0.200895,0.799105
159.0,589551271893462661314759463097397605089591304053,22.0,488.0,488.0,0.09290599999999999,0.09290599999999999,0.0,0.09290599999999999,0.9070940000000001
159.0,631182522272441179585206326884145264567358144641,22.0,291.0,287.0,0.1378,0.12367,0.168287,0.306087,0.693913
159.0,436106084503182412560423534629337392438805726397,22.0,489.0,484.0,0.117149,0.032732,0.032732,0.149881,0.8501190000000001
159.0,614365874960561724255698902936314085451009978123,22.0,417.0,417.0,0.179372,0.179372,0.0,0.179372,0.820628
159.0,652808814800014009591626662453549818193223047839,22.0,670.0,670.0,0.037461,0.037461,0.0,0.037461,0.962539
159.0,431497693573687811342235449780503037093880478249,22.0,421.0,421.0,0.01522,0.01522,0.0,0.01522,0.98478
159.0,641417960009003073536715539762385574694132608057,22.0,297.0,297.0,0.264463,0.264463,0.0,0.264463,0.735537
159.0,556755493522333610334550996104356886728067513937,22.0,453.0,452.0,0.065028,0.104509,0.104509,0.169537,0.830463
159.0,518738300042543123329242792010704876266634471203,22.0,512.0,509.0,0.073489,0.043376,0.043376,0.116865,0.883135
159.0,622775601463755434010798895296308923399679148479,22.0,345.0,340.0,0.026583,0.078861,0.101295,0.127878,0.8721220000000001
159.0,721092743353983610239239300767561842232656810121,22.0,367.0,367.0,0.044327,0.044327,0.0,0.044327,0.955673
159.0,725700541872878647978311987906512435448724917323,22.0,306.0,306.0,0.062802,0.062802,0.0,0.062802,0.937198
159.0,680792306276738068787445684933623704836521586517,22.0,385.0,385.0,0.170556,0.170556,0.0,0.170556,0.829444
159.0,609838293034917899422422535971964737888944079431,22.0,549.0,536.0,0.034041,0.042609,0.135575,0.169616,0.830384
159.0,500003566005968344293642166685142120533963613397,22.0,365.0,358.0,0.034754,0.009414,0.033663,0.068417,0.931583
159.0,672585552363075626030436013518741587083784197091,22.0,926.0,926.0,0.012865,0.012865,0.0,0.012865,0.987135
159.0,667853203575891446356676483576275288677930218477,22.0,335.0,335.0,0.043512,0.043512,0.0,0.043512,0.956488
159.0,452729177399062213984412625994093209513957053659,22.0,474.0,474.0,0.093347,0.093347,0.0,0.093347,0.906653
159.0,718517666115847144224280227758502807408113808437,22.0,572.0,572.0,0.115167,0.115167,0.0,0.115167,0.884833
160.0,1115913240165002032294944939882858364194015937199,22.0,333.0,322.0,0.038633,0.094407,0.19053599999999998,0.22916899999999998,0.770831
160.0,1440912770676709848638629792376134253525608074541,22.0,585.0,585.0,0.049294,0.049294,0.0,0.049294,0.950706
160.0,933815358984064483011197510331330335221655664157,22.0,366.0,366.0,0.108876,0.108876,0.0,0.108876,0.891124
160.0,969243323728712475535486623630623651719920512731,22.0,379.0,372.0,0.065068,0.044718,0.071229,0.136297,0.863703
160.0,1076466504888089627494905309713319219664710433643,22.0,364.0,356.0,0.052945,0.069532,0.127407,0.18035199999999998,0.819648
160.0,1421116437931458286969196379690998986504855152749,22.0,547.0,543.0,0.036021,0.039625,0.096079,0.1321,0.8679
160.0,1172553592352544090305146581654443943982800468347,22.0,372.0,363.0,0.041638,0.027353,0.08890100000000001,0.13053900000000002,0.869461
160.0,909793617870750937141425081136809004936031725807,22.0,854.0,828.0,0.018529,0.039344,0.190013,0.20854199999999998,0.791458
160.0,1057437110620229076506102833609193814696668318251,22.0,403.0,388.0,0.065073,0.031258,0.169263,0.234336,0.765664
160.0,1272489506939449407441353102540516266393948251787,22.0,375.0,375.0,0.164277,0.164277,0.0,0.164277,0.835723
160.0,1080313044916089688695708805273339794814591207951,22.0,324.0,324.0,0.233634,0.233634,0.0,0.233634,0.766366
160.0,1149353867679185877473020663684612261737991945873,22.0,307.0,307.0,0.073117,0.073117,0.0,0.073117,0.926883
160.0,983949157142389589790721652739207946878875195771,22.0,343.0,343.0,0.039141,0.039141,0.0,0.039141,0.960859
160.0,1361143599389480694086689546211220334021828686817,22.0,408.0,396.0,0.003763,0.09274,0.24779,0.251553,0.748447
160.0,1021091838147883904869937336936298707335596006313,22.0,426.0,424.0,0.110109,0.045202,0.045202,0.155311,0.844689
160.0,1294988162211010208686476509915675738782236322669,22.0,396.0,396.0,0.165154,0.165154,0.0,0.165154,0.834846
160.0,1122941529731570548110403398235866601161586536011,22.0,347.0,347.0,0.081189,0.081189,0.0,0.081189,0.918811
160.0,1432805530443255062195929071604085524855630107221,22.0,320.0,320.0,0.114061,0.114061,0.0,0.114061,0.885939
160.0,1153032896620140114746318270771321999716861546507,22.0,421.0,421.0,0.045553,0.045553,0.0,0.045553,0.954447
160.0,964310714558373662737593657033125267637818078167,22.0,351.0,351.0,0.07678,0.07678,0.0,0.07678,0.92322
161.0,2549342994142969438502207735324263431486603124709,22.0,338.0,338.0,0.146801,0.146801,0.0,0.146801,0.853199
161.0,2681100216348215889829625802961254331665674276717,22.0,392.0,392.0,0.024729,0.024729,0.0,0.024729,0.975271
161.0,2880298692764464678292391755309173496702002183049,22.0,447.0,447.0,0.009065,0.009065,0.0,0.009065,0.990935
161.0,1772591985057680454231176923477927954936575167497,22.0,298.0,298.0,0.259821,0.259821,0.0,0.259821,0.7401789999999999
161.0,2083705746610030102470078930728254734269258767559,22.0,404.0,400.0,0.056436,0.064356,0.117833,0.174269,0.825731
161.0,2592051223899969308896255211589583595849607840917,22.0,519.0,503.0,0.082538,0.050684,0.186597,0.269135,0.730865
161.0,1964444950659050423101133436896095725128026615861,22.0,323.0,286.0,0.051412,0.188793,0.470378,0.52179,0.47821
161.0,2664894503748551145754658751022334263049302504109,22.0,396.0,396.0,0.060078,0.060078,0.0,0.060078,0.939922
161.0,2890667027374661591725712210164725411830649644971,22.0,457.0,456.0,0.045449,0.019098,0.019098,0.06454700000000001,0.935453
161.0,2315237919643127678001317504649602348775135239989,22.0,410.0,410.0,0.047846,0.047846,0.0,0.047846,0.952154
161.0,2263615665739021443959839330064499024174205984757,22.0,356.0,354.0,0.043398000000000006,0.056616,0.10034100000000001,0.143739,0.8562609999999999
161.0,2715737041694779962072587570440702427479596688267,22.0,368.0,368.0,0.156752,0.156752,0.0,0.156752,0.843248
161.0,2242913431855633380375884470582819076336280851693,22.0,555.0,551.0,0.034692,0.04495,0.08497199999999999,0.11966399999999999,0.880336
161.0,2196055705110050413211594819707917380387387874647,22.0,488.0,481.0,0.084717,0.046137,0.080905,0.165622,0.8343780000000001
161.0,2386559963764208317133465196705396071874399113177,22.0,442.0,442.0,0.265209,0.265209,0.0,0.265209,0.734791
161.0,2496018222066887071360307538619052262154796275933,22.0,441.0,441.0,0.324799,0.324799,0.0,0.324799,0.6752009999999999
161.0,2643999513168057204584957107582487653622472397817,22.0,464.0,464.0,0.096596,0.096596,0.0,0.096596,0.903404
161.0,2635743115320503461112643487699959884803825828717,22.0,392.0,392.0,0.043632,0.043632,0.0,0.043632,0.956368
161.0,2825605982926347409937517778879057613012900909681,22.0,419.0,419.0,0.091011,0.091011,0.0,0.091011,0.908989
161.0,1945681273593238791686785823639092496168175333883,22.0,416.0,416.0,0.094331,0.094331,0.0,0.094331,0.9056690000000001
162.0,5142726192263316119305765044724202366191059020131,22.0,400.0,392.0,0.112521,0.015097,0.015097,0.127618,0.872382
162.0,4356714020119985091707387224305757015484033268083,22.0,365.0,334.0,0.00377,0.056047,0.38010000000000005,0.38387000000000004,0.61613
162.0,5760088733269586802798761031015562375783053998981,22.0,396.0,384.0,0.032404,0.018383,0.018383,0.050787,0.949213
162.0,5126536210830929842911126218863559555593079772241,22.0,439.0,432.0,0.128325,0.009302,0.027589999999999996,0.155915,0.844085
162.0,4355984306317180250941284630714493550289288293197,22.0,531.0,525.0,0.025924,0.062026,0.062026,0.08795,0.91205
162.0,5372238624316637074604877264416233805336449398107,22.0,363.0,363.0,0.056547,0.056547,0.0,0.056547,0.943453
162.0,3370953511586955617438834489704567964510236112387,22.0,319.0,319.0,0.006219,0.006219,0.0,0.006219,0.993781
162.0,5654048134438701321190467092520015125597334765619,22.0,896.0,896.0,0.082333,0.082333,0.0,0.082333,0.917667
162.0,5347560175544712010315634817224870510859508906709,22.0,429.0,421.0,0.034217,0.031272,0.15472,0.188937,0.811063
162.0,5736419416140119735836049169364015628764346059723,22.0,781.0,769.0,0.012095999999999999,0.006548,0.090147,0.102243,0.897757
162.0,4650109252981784028797300655435682334415722439709,22.0,485.0,485.0,0.098324,0.098324,0.0,0.098324,0.901676
162.0,4851575313540019468754262146798472592699356416503,22.0,446.0,440.0,0.069713,0.039284,0.17359,0.243303,0.756697
162.0,4620052361353557581946034404083231874642184874639,22.0,448.0,448.0,0.070721,0.070721,0.0,0.070721,0.929279
162.0,5522800988337253824728791418632480547260333713827,22.0,416.0,410.0,0.013527,0.008808,0.008808,0.022335,0.977665
162.0,5499586014822265836968576304450001678297022377393,22.0,653.0,653.0,0.076401,0.076401,0.0,0.076401,0.9235990000000001
162.0,3564133393297332356275713734544213713680389996917,22.0,367.0,367.0,0.057495,0.057495,0.0,0.057495,0.942505
162.0,5515322111725050184603784308918954761722437406837,22.0,388.0,388.0,0.041531,0.041531,0.0,0.041531,0.958469
162.0,4485461183490214672847356727639397071039303926699,22.0,353.0,353.0,0.070842,0.070842,0.0,0.070842,0.929158
162.0,5195480640606091839263058107075820094394110075261,22.0,376.0,364.0,0.02502,0.063854,0.15847399999999998,0.183494,0.816506
162.0,5741107958946558148650160180297387601202820663099,22.0,476.0,465.0,0.073005,0.073858,0.11868999999999999,0.191695,0.808305
163.0,9747578468936317254902406784741698921811080904511,22.0,383.0,374.0,0.11932699999999999,0.023925,0.071752,0.191079,0.808921
163.0,10111701947436338618707597112719816959644907307921,22.0,489.0,489.0,0.043035,0.043035,0.0,0.043035,0.956965
163.0,9500974977324321481710304769960767745184067228853,22.0,360.0,360.0,0.142926,0.142926,0.0,0.142926,0.857074
163.0,10923265258610933252939304751090963667320491815059,22.0,360.0,360.0,0.08745,0.08745,0.0,0.08745,0.91255
163.0,6277296598420519157375291811600475171257085054819,22.0,292.0,292.0,0.107701,0.107701,0.0,0.107701,0.892299
163.0,9231618602773719751425117097585869209969078112883,22.0,451.0,451.0,0.116282,0.116282,0.0,0.116282,0.883718
163.0,10035352768951452538707551978057565508665635317309,22.0,447.0,447.0,0.022506,0.022506,0.0,0.022506,0.977494
163.0,7654209071367977951897371689264431599631570961337,22.0,332.0,331.0,0.14319,0.015983,0.015983,0.159173,0.840827
163.0,10824194889247063645916265364865318315163275587691,22.0,333.0,333.0,0.253383,0.253383,0.0,0.253383,0.746617
163.0,7007067855178084077334907729020251703138388423407,22.0,589.0,589.0,0.04423,0.04423,0.0,0.04423,0.95577
163.0,11563629162960767561469993435982566900206290797341,22.0,329.0,325.0,0.133198,0.136953,0.136953,0.27015100000000003,0.729849
163.0,10432647582007091942814866236806348920448169897081,22.0,379.0,379.0,0.099743,0.099743,0.0,0.099743,0.900257
163.0,11013321740409425001654829975108773198879722323169,22.0,488.0,486.0,0.082762,0.12523,0.12523,0.207992,0.792008
163.0,11388208541060705561819087229232095358667380786273,22.0,550.0,544.0,0.008404,0.025875,0.038765999999999995,0.04717,0.95283
163.0,11103735522688372546281614770298463681690271542443,22.0,490.0,490.0,0.120079,0.120079,0.0,0.120079,0.879921
163.0,8215686036974456744106483973928387713743004968589,22.0,435.0,428.0,0.028903,0.079597,0.079597,0.1085,0.8915
163.0,10366420373188722818237768081269384282174284586279,22.0,496.0,496.0,0.107408,0.107408,0.0,0.107408,0.892592
163.0,9887493049291697627584648336712714992824228820507,22.0,392.0,371.0,0.016891,0.058844,0.074178,0.091069,0.908931
163.0,11291772697596805962306082330181863662191216703401,22.0,662.0,662.0,0.0332,0.0332,0.0,0.0332,0.9668
163.0,8629299483287912574962165393081179705241759373329,22.0,516.0,510.0,0.007878,0.039433,0.039433,0.047311000000000006,0.952689
164.0,20210344270042780228524473590981781384374263250651,22.0,682.0,673.0,0.013284,0.021234,0.08477500000000002,0.09805900000000002,0.901941
164.0,17385754946083473907588211247263282920082635440931,22.0,454.0,454.0,0.070581,0.070581,0.0,0.070581,0.929419
164.0,15065200337324516365624234372840728893791849883677,22.0,517.0,517.0,0.122307,0.122307,0.0,0.122307,0.8776930000000001
164.0,20001274208685757373389824972298109151192644683421,22.0,441.0,441.0,0.145549,0.145549,0.0,0.145549,0.854451
164.0,23206373050027225840725924288883018652907266761573,22.0,379.0,379.0,0.060248,0.060248,0.0,0.060248,0.939752
164.0,22025345891505684794425190360346292788092251835117,22.0,311.0,311.0,0.07891,0.07891,0.0,0.07891,0.92109
164.0,17433500709489283073258616221836367960841092957683,22.0,420.0,416.0,0.125097,0.048691,0.201557,0.326654,0.673346
164.0,20619243792726008996626054260855579390889646661671,22.0,506.0,498.0,0.009455,0.005295,0.032737,0.042192,0.957808
164.0,17851954102483708548111820947964979316071559518321,22.0,496.0,489.0,0.061616000000000004,0.054344,0.054344,0.11596000000000001,0.8840399999999999
164.0,15520227091786292775179646082304899324457570987803,22.0,414.0,409.0,0.134623,0.011595,0.07117699999999999,0.20579999999999998,0.7942
164.0,21025509716353739955780362583473341923163070100707,22.0,489.0,489.0,0.117758,0.117758,0.0,0.117758,0.882242
164.0,14498146431977835998639783360838649091026316741701,22.0,502.0,500.0,0.077581,0.052668,0.052668,0.130249,0.8697509999999999
164.0,19111791960401045569879778943278968002523890458231,22.0,312.0,305.0,0.101878,0.022328,0.070115,0.171993,0.8280069999999999
164.0,16530301572124410378960034538876085010836459672467,22.0,301.0,301.0,0.104124,0.104124,0.0,0.104124,0.895876
164.0,18221873864190480631751119997397311265906143427919,22.0,639.0,624.0,0.043274,0.059342,0.303086,0.34636,0.65364
164.0,19509002958117864345830026901941875949728480482351,22.0,651.0,645.0,0.21034,0.027004,0.027004,0.237344,0.762656
164.0,22672286378997470934496964350911104497412505665789,22.0,431.0,421.0,0.060455,0.053972,0.053972,0.114427,0.8855729999999999
164.0,23046477364042922130498611236049763734841923672321,22.0,558.0,546.0,0.022629,0.055796,0.102571,0.1252,0.8748
164.0,17549286263321631100185248104947257910955608889553,22.0,367.0,367.0,0.155301,0.155301,0.0,0.155301,0.844699
164.0,21059636316678691840527110401614339175235554714931,22.0,487.0,486.0,0.013564,0.021681,0.021681,0.035245,0.964755
165.0,41832933592112304400801943026671467969363831087923,22.0,334.0,334.0,0.20632,0.20632,0.0,0.20632,0.7936799999999999
165.0,35682862411294951100561921127821057964487467339443,22.0,394.0,391.0,0.0435,0.057155,0.057155,0.100655,0.8993450000000001
165.0,42835312913720678185448545784074783359123970744159,22.0,379.0,367.0,0.026276,0.024424,0.046218999999999996,0.072495,0.927505
165.0,40881659780738625128558353749592964839279265435171,22.0,339.0,339.0,0.047934,0.047934,0.0,0.047934,0.952066
165.0,45322494471102900510547891895971824081862698563281,22.0,343.0,343.0,0.023072,0.023072,0.0,0.023072,0.976928
165.0,45929128788840959205376511336193947297685265640951,22.0,942.0,934.0,0.090445,0.036356,0.036356,0.126801,0.8731990000000001
165.0,44489998373490387700600426834275888436763809873019,22.0,804.0,804.0,0.036974,0.036974,0.0,0.036974,0.963026
165.0,35790092378947652923809024031202004014344249255817,22.0,461.0,460.0,0.05534,0.015747,0.015747,0.071087,0.928913
165.0,45161106773899709982331683988937842529673051859151,22.0,505.0,505.0,0.114867,0.114867,0.0,0.114867,0.885133
165.0,41611075822328138418773040753161992670148754649183,22.0,399.0,399.0,0.028804,0.028804,0.0,0.028804,0.971196
165.0,43893688025396579244143003549941949711112694897597,22.0,592.0,577.0,0.007185,0.007656,0.19585800000000003,0.20304300000000003,0.7969569999999999
165.0,38949108443317524477011125919734633057707138102373,22.0,444.0,444.0,0.155626,0.155626,0.0,0.155626,0.844374
165.0,44506757530726502698455041633661918108484228681201,22.0,572.0,567.0,0.025118,0.016095,0.016095,0.041213,0.9587870000000001
165.0,45700176760813962794447132804379570073089321130619,22.0,410.0,410.0,0.212071,0.212071,0.0,0.212071,0.787929
165.0,36717319074712975178793976563482551630954666600147,22.0,490.0,490.0,0.28028,0.28028,0.0,0.28028,0.71972
165.0,40081717737177734357477768258828819203380673838299,22.0,454.0,449.0,0.069525,0.046139,0.046139,0.115664,0.884336
165.0,42668271582757088828333733690941986896240697265291,22.0,337.0,337.0,0.020006,0.020006,0.0,0.020006,0.979994
165.0,42066162699265700510000155471171171993026790897181,22.0,335.0,325.0,0.061501,0.034219,0.045562,0.10706299999999999,0.892937
165.0,43079437256800894081452117481597778557867932256481,22.0,712.0,710.0,0.089407,0.016668000000000002,0.016668000000000002,0.106075,0.893925
165.0,39639751732104952918265482468837059446746603506727,22.0,423.0,422.0,0.110157,0.061622,0.061622,0.17177900000000002,0.828221
166.0,64455071458380183185819126791305562795840205337607,22.0,530.0,530.0,0.044258,0.044258,0.0,0.044258,0.955742
166.0,90075771203582122330247262323941154266135655067703,23.0,589.0,575.0,0.036819,0.066484,0.144673,0.181492,0.818508
166.0,72228823129784081606691745887439926673012583025583,22.0,600.0,598.0,0.087058,0.191258,0.191258,0.278316,0.721684
166.0,69837432774442923128016482628855170461287372899371,22.0,397.0,397.0,0.047922,0.047922,0.0,0.047922,0.952078
166.0,89244922194937743144971782767253188914316795885797,23.0,496.0,496.0,0.037995,0.037995,0.0,0.037995,0.962005
166.0,88746453267789363020668583643470490537450658613921,23.0,420.0,417.0,0.018769,0.043618,0.043618,0.062387,0.937613
166.0,88713786474705850221237608801094392192327303798911,23.0,366.0,366.0,0.053867,0.053867,0.0,0.053867,0.946133
166.0,87557406481398096612837568774546924908523956472679,22.0,481.0,481.0,0.081348,0.081348,0.0,0.081348,0.918652
166.0,83804917377281198336877975468864158449629337119497,22.0,411.0,411.0,0.121922,0.121922,0.0,0.121922,0.878078
166.0,81569638913156092214718111347132660641468885512997,22.0,377.0,376.0,0.173551,0.06033,0.06033,0.233881,0.766119
166.0,52608719657148563796512530136536674250280158137673,22.0,590.0,590.0,0.048201,0.048201,0.0,0.048201,0.951799
166.0,89221264190598117801701321295581964396857406691793,23.0,366.0,366.0,0.059689,0.059689,0.0,0.059689,0.940311
166.0,91421352408629645983856436933886907626516790327531,23.0,393.0,393.0,0.241204,0.241204,0.0,0.241204,0.758796
166.0,92354408607697290294087669975129842220424154225839,23.0,336.0,335.0,0.05461,0.009498,0.009498,0.064108,0.935892
166.0,90307244958886521065070588400571519599452170426827,23.0,429.0,416.0,0.11912,0.090075,0.106568,0.225688,0.774312
166.0,61951676507642868191945772939153670793162317140439,22.0,651.0,638.0,0.006061,0.073964,0.2813939999999999,0.2874549999999999,0.7125450000000001
166.0,57096092534835312898852423687190032724229132615371,22.0,408.0,397.0,0.039801,0.09867100000000001,0.175456,0.215257,0.784743
166.0,77734094079183033282661848210260105535011878058221,22.0,407.0,407.0,0.114973,0.114973,0.0,0.114973,0.885027
166.0,61439716290799937763975920406477923341938046630307,22.0,504.0,504.0,0.377112,0.377112,0.0,0.377112,0.622888
166.0,92944946903546196014112302841886638418369209076507,23.0,302.0,302.0,0.082444,0.082444,0.0,0.082444,0.917556
167.0,185191770581306272864194984747884925328034141094049,23.0,352.0,348.0,0.056471,0.037398,0.037398,0.09386900000000001,0.906131
167.0,150753299534321728385042450116986328932503586710791,23.0,384.0,384.0,0.02117,0.02117,0.0,0.02117,0.97883
167.0,122185038003700368219528064449236784866763422689417,23.0,378.0,370.0,0.148402,0.060587,0.091569,0.239971,0.7600290000000001
167.0,178235118269758334366445181520116909697869973267843,23.0,420.0,409.0,0.031070999999999998,0.026812000000000002,0.044904,0.075975,0.924025
167.0,125101284926137051500851455837556179024574472599693,23.0,373.0,373.0,0.024158,0.024158,0.0,0.024158,0.975842
167.0,183608279157579728300471834586610846132033916363009,23.0,423.0,421.0,0.051693,0.021238,0.021238,0.072931,0.927069
167.0,123823837425211259366602079641341299640350463304427,23.0,444.0,444.0,0.045342,0.045342,0.0,0.045342,0.954658
167.0,182738591737141364288038096817725089299414242881199,23.0,346.0,342.0,0.04738,0.17701,0.17701,0.22439,0.77561
167.0,144881986800772159131971678194070421363231610326503,23.0,493.0,486.0,0.051119,0.011694,0.145187,0.196306,0.803694
167.0,169113029671003783909165383403390189332006078766403,23.0,740.0,728.0,0.032274,0.025225,0.05657,0.088844,0.911156
167.0,180203454172404433999728807424822530543427009853893,23.0,587.0,587.0,0.120983,0.120983,0.0,0.120983,0.879017
167.0,176740473075257510677017027826065071164478066806109,23.0,324.0,324.0,0.089457,0.089457,0.0,0.089457,0.910543
167.0,154708744984764752253150630606148953411120836248223,23.0,504.0,496.0,0.007666,0.012308,0.033173999999999995,0.040839999999999994,0.95916
167.0,185822038963156756154989463606402264231845142986571,23.0,509.0,503.0,0.097017,0.035235,0.125813,0.22283000000000003,0.7771699999999999
167.0,164713641976176077509064527913611509808492198546303,23.0,419.0,419.0,0.069705,0.069705,0.0,0.069705,0.930295
167.0,174143473517067658771245663523001506669684229251583,23.0,294.0,294.0,0.092728,0.092728,0.0,0.092728,0.907272
167.0,134875484299471317108685835177615212803568324951771,23.0,324.0,323.0,0.018366,0.151409,0.151409,0.16977499999999998,0.830225
167.0,182071589557326943011646537770784052720010679622671,23.0,437.0,435.0,0.058479,0.01362,0.042919,0.101398,0.898602
167.0,107723548795615044892707554332906198918982581905521,23.0,412.0,406.0,0.028869000000000002,0.028809,0.04735,0.07621900000000001,0.923781
167.0,110235062257219473750266489148464622602430677309023,23.0,440.0,437.0,0.17962,0.040023,0.040023,0.219643,0.780357
168.0,355867559027045347481742474164268313169270448267103,23.0,524.0,524.0,0.079713,0.079713,0.0,0.079713,0.920287
168.0,354354498343882825539049178202420048518235057099511,23.0,359.0,359.0,0.097434,0.097434,0.0,0.097434,0.902566
168.0,297316862371625606791660530918145246188551598375827,23.0,471.0,455.0,0.072327,0.01829,0.127914,0.200241,0.799759
168.0,251334070780906996792106667358010626199124871015193,23.0,377.0,375.0,0.036381,0.023697,0.023697,0.06007799999999999,0.939922
168.0,266089629335928959939990984219310389073099671366189,23.0,355.0,355.0,0.062891,0.062891,0.0,0.062891,0.937109
168.0,297312478520764466042800805099268401234237086618769,23.0,484.0,483.0,0.031002,0.013179,0.013179,0.044181,0.955819
168.0,252694597694857518298868919901861055603851696256479,23.0,383.0,383.0,0.021853,0.021853,0.0,0.021853,0.978147
168.0,286391540226265125508001191752822610514127971418977,23.0,449.0,441.0,0.038345000000000004,0.013771,0.045243,0.083588,0.916412
168.0,318688943619592236326261968753666579542852488008771,23.0,500.0,493.0,0.136807,0.011305,0.07627300000000001,0.21308000000000002,0.78692
168.0,348197322658922333549563681800422289216265150015297,23.0,494.0,494.0,0.08814,0.08814,0.0,0.08814,0.91186
168.0,368542669960002587168410129566818072485889583789247,23.0,481.0,467.0,0.082464,0.014189,0.06270500000000001,0.145169,0.854831
168.0,268548911990920458790785330758705695531710970965877,23.0,381.0,381.0,0.178351,0.178351,0.0,0.178351,0.821649
168.0,331941207943771650157715950616862772785852585230449,23.0,368.0,368.0,0.081488,0.081488,0.0,0.081488,0.918512
168.0,323877960143720182139921715509016936864755738538083,23.0,371.0,371.0,0.068869,0.068869,0.0,0.068869,0.931131
168.0,363122401231538903702884958200573978698665726858941,23.0,422.0,419.0,0.058094,0.05774,0.087951,0.146045,0.853955
168.0,308228420728279829232936597270463065825898054642939,23.0,353.0,353.0,0.091326,0.091326,0.0,0.091326,0.908674
168.0,283116060916231999061737214282503740357534622019947,23.0,371.0,371.0,0.04931,0.04931,0.0,0.04931,0.95069
168.0,281428688528495768940994883006958194198779974610219,23.0,478.0,472.0,0.090487,0.070566,0.122509,0.21299600000000002,0.787004
168.0,326678933726286291994787934645555743351568375175913,23.0,420.0,416.0,0.051997,0.004413,0.080031,0.132028,0.867972
168.0,242229774464479250019542042945875041752252033094853,23.0,751.0,751.0,0.09774,0.09774,0.0,0.09774,0.9022600000000001
169.0,549419723295960540447780008307906211005792776812829,23.0,472.0,472.0,0.138895,0.138895,0.0,0.138895,0.861105
169.0,664865469281161842324657652489314073194401709162263,23.0,607.0,607.0,0.050139,0.050139,0.0,0.050139,0.949861
169.0,526275837673483487444634125901789672050479746789367,23.0,443.0,427.0,0.10273800000000001,0.097106,0.166661,0.269399,0.7306010000000001
169.0,677970966743848576239473283142953742552801707940111,23.0,439.0,432.0,0.033175,0.024537,0.09023099999999999,0.12340599999999999,0.876594
169.0,657821691628060301322956147101670288895728662024039,23.0,411.0,411.0,0.088158,0.088158,0.0,0.088158,0.911842
169.0,715264587022453456200004920592343027582234072699119,23.0,681.0,667.0,0.05452,0.017157,0.111476,0.165996,0.834004
169.0,564263055842251392661877742982498545034787789672701,23.0,365.0,361.0,0.031799,0.039741,0.06716,0.09895899999999999,0.901041
169.0,709752893570015397017697204082578787464541589122757,23.0,337.0,337.0,0.045224,0.045224,0.0,0.045224,0.954776
169.0,655017367008869539322579634764112530246507710350587,23.0,431.0,431.0,0.029954,0.029954,0.0,0.029954,0.970046
169.0,657292182528951725976013293116638919927942739731969,23.0,348.0,347.0,0.076803,0.157984,0.157984,0.23478700000000002,0.7652129999999999
169.0,723786901355715251133499133823457447564442130316753,23.0,875.0,875.0,0.109853,0.109853,0.0,0.109853,0.890147
169.0,523829125978495822418790946811975528394043957096661,23.0,390.0,390.0,0.067376,0.067376,0.0,0.067376,0.932624
169.0,541477377066573582590059723667831900889584456117101,23.0,317.0,317.0,0.061452,0.061452,0.0,0.061452,0.938548
169.0,695788992079943252596035093883032289031003550676639,23.0,442.0,442.0,0.192188,0.192188,0.0,0.192188,0.807812
169.0,694333695686916638920533025197721880230919832136049,23.0,362.0,362.0,0.033107,0.033107,0.0,0.033107,0.966893
169.0,485822670269234256517166328139449043912746690035101,23.0,370.0,370.0,0.082835,0.082835,0.0,0.082835,0.917165
169.0,621048212309618498722906441939308335619301463127923,23.0,457.0,454.0,0.043828,0.006835,0.017117,0.060945,0.939055
169.0,471378305746743164537629288149409115192944188760511,23.0,382.0,382.0,0.068698,0.068698,0.0,0.068698,0.931302
169.0,679166054805478107698598400374518496104565906945673,23.0,330.0,327.0,0.149103,0.028772,0.028772,0.177875,0.822125
169.0,478874915531854708795103201026072431746838752011189,23.0,467.0,457.0,0.034927,0.032619,0.087062,0.121989,0.878011
170.0,1289318240951187150423696809121408247188110724374959,23.0,360.0,360.0,0.050805,0.050805,0.0,0.050805,0.949195
170.0,1317598680651458934736004969973115054629720267802427,23.0,410.0,401.0,0.06703,0.00943,0.069906,0.136936,0.863064
170.0,1387016971391792365767686427962070113773978808021599,23.0,419.0,410.0,0.00943,0.029002,0.140904,0.150334,0.849666
170.0,1301605848278604502292287990083848668281772339668443,23.0,494.0,491.0,0.089015,0.048797,0.048797,0.137812,0.862188
170.0,1454027346176602205583289937091731344133146246553801,23.0,541.0,539.0,0.074127,0.071231,0.071231,0.145358,0.854642
170.0,967653528079116878085780463103240904324567568232963,23.0,516.0,516.0,0.031078,0.031078,0.0,0.031078,0.968922
170.0,1261056843454978621289453730316681785701648409889253,23.0,481.0,473.0,0.031804,0.02291,0.13375900000000002,0.16556300000000002,0.834437
170.0,837639897222655440981696060794566569158254246200341,23.0,448.0,440.0,0.054004,0.021436,0.109874,0.163878,0.836122
170.0,1380352939133440466587651274847015029204065064236727,23.0,665.0,665.0,0.205349,0.205349,0.0,0.205349,0.794651
170.0,1470202321847100083182546960194231350823305902723733,23.0,454.0,454.0,0.111088,0.111088,0.0,0.111088,0.888912
170.0,1395451141662017337518566124235400507157510063162651,23.0,387.0,382.0,0.101336,0.031551,0.031551,0.132887,0.867113
170.0,1443973581327167714924022043427922410334336886476631,23.0,420.0,412.0,0.028582,0.017394,0.017394,0.045976,0.954024
170.0,1248251220039825096428185208030859202496488462447199,23.0,472.0,471.0,0.039828999999999996,0.019105,0.019105,0.058934,0.941066
170.0,1485074191992056020325974520634552289818056666197811,23.0,434.0,434.0,0.081814,0.081814,0.0,0.081814,0.918186
170.0,1254247931868399620218293166952069391063175723231013,23.0,507.0,492.0,0.029196,0.01527,0.12463400000000001,0.15383000000000002,0.84617
170.0,1257669066486116581118684542985264257389351752099207,23.0,331.0,331.0,0.149675,0.149675,0.0,0.149675,0.850325
170.0,938770475414108901814693140661602364827961258856599,23.0,331.0,331.0,0.287022,0.287022,0.0,0.287022,0.712978
170.0,1066007335410228423895411628779579916508643551606013,23.0,411.0,411.0,0.04323,0.04323,0.0,0.04323,0.95677
170.0,1055641473154584299321451059456907378615225873359927,23.0,445.0,445.0,0.086236,0.086236,0.0,0.086236,0.913764
170.0,1450909537806030357996742850817171901677376101936973,23.0,348.0,330.0,0.029708,0.059881,0.22494300000000003,0.254651,0.745349
171.0,2320628485992640066699844867503781431624090632616007,23.0,407.0,407.0,0.055557,0.055557,0.0,0.055557,0.944443
171.0,2687357138509969949945838036658262421119489089392571,23.0,379.0,379.0,0.055779,0.055779,0.0,0.055779,0.944221
171.0,2179890418570410841271805505892530931206234443075251,23.0,496.0,487.0,0.073361,0.009315,0.009315,0.082676,0.917324
171.0,2643553863724729454040982582317963102955115497112137,23.0,631.0,631.0,0.126052,0.126052,0.0,0.126052,0.873948
171.0,2460627882183105189199201566900305707431196028435837,23.0,479.0,479.0,0.049573,0.049573,0.0,0.049573,0.950427
171.0,2339826321982801679364695234505710301355859790744791,23.0,674.0,674.0,0.048087,0.048087,0.0,0.048087,0.951913
171.0,2758900339445195828507819823171495863952057663997793,23.0,368.0,368.0,0.121228,0.121228,0.0,0.121228,0.878772
171.0,1842882812388021598690092464110026835556610550203901,23.0,649.0,649.0,0.150533,0.150533,0.0,0.150533,0.849467
171.0,2527348162893818585716726864029885307488142009814867,23.0,346.0,346.0,0.059626,0.059626,0.0,0.059626,0.940374
171.0,2837554568622031909115383188427508045834871248866231,23.0,361.0,361.0,0.123644,0.123644,0.0,0.123644,0.876356
171.0,1980107624548085725945997103475068875829188531206579,23.0,892.0,892.0,0.10569,0.10569,0.0,0.10569,0.8943099999999999
171.0,2569544928058170304082873120455860591460518083182909,23.0,514.0,498.0,0.05774,0.054475,0.16506800000000002,0.222808,0.777192
171.0,2690941433828007792933739463035154894668803736090667,23.0,360.0,356.0,0.057916999999999996,0.065421,0.065421,0.123338,0.876662
171.0,2790043200701068932081541267461948287073389647656629,23.0,321.0,321.0,0.019599,0.019599,0.0,0.019599,0.980401
171.0,2090916108644774601950745809429826244133327238488009,23.0,415.0,415.0,0.110994,0.110994,0.0,0.110994,0.889006
171.0,2565736058589956952109798640055629482853606450052707,23.0,496.0,476.0,0.028981,0.020317,0.167575,0.196556,0.803444
171.0,2857998842268811336179375833801691573922890863274847,23.0,694.0,683.0,0.024877,0.029212,0.08111099999999999,0.10598799999999999,0.894012
171.0,2396493466906125285828056384566870470681794130877669,23.0,439.0,426.0,0.036669,0.052819,0.07446099999999999,0.11112999999999998,0.88887
171.0,2690381636823230507251275613355703537300523990202027,23.0,517.0,517.0,0.150008,0.150008,0.0,0.150008,0.849992
171.0,2534044398151279155788338071872494168885731333317717,23.0,508.0,508.0,0.083045,0.083045,0.0,0.083045,0.916955
172.0,4462022261486228276470696903183179974341102550314813,23.0,557.0,555.0,0.050013,0.111599,0.111599,0.161612,0.838388
172.0,4973934130046512061706003746504778764546358353047069,23.0,488.0,488.0,0.142411,0.142411,0.0,0.142411,0.8575889999999999
172.0,5648094522288795174255363457633460814882962588225833,23.0,534.0,534.0,0.055457,0.055457,0.0,0.055457,0.944543
172.0,4726592204009198207872992689944913141786425094656837,23.0,797.0,797.0,0.220141,0.220141,0.0,0.220141,0.779859
172.0,5594622054792930920033030420069168546546514996297059,23.0,374.0,357.0,0.068002,0.045953,0.096333,0.164335,0.835665
172.0,5195538082333779164457732930160988690944352296084861,23.0,378.0,375.0,0.162012,0.059953,0.059953,0.221965,0.778035
172.0,4025284698876107182620642633377455297801856255767501,23.0,456.0,447.0,0.151088,0.102973,0.102973,0.254061,0.745939
172.0,4383786029746298282865883459946099335415639923579151,23.0,509.0,507.0,0.139677,0.042247,0.042247,0.181924,0.818076
172.0,4240211809755560196715516460800231502364014252588639,23.0,406.0,406.0,0.050684,0.050684,0.0,0.050684,0.949316
172.0,5548533853252799042694444930927799861408846535815007,23.0,383.0,383.0,0.209671,0.209671,0.0,0.209671,0.7903290000000001
172.0,5437902847130435025801669508069442332314935248409143,23.0,451.0,449.0,0.087837,0.033028,0.033028,0.120865,0.879135
172.0,4141743792397074660421973109728086317758715931017277,23.0,409.0,409.0,0.029655,0.029655,0.0,0.029655,0.970345
172.0,4778987191980938572456617933856060465243353739312487,23.0,457.0,449.0,0.061249,0.032157,0.032157,0.09340599999999999,0.906594
172.0,4739381656678028395979571409181320777773237194812847,23.0,386.0,385.0,0.066689,0.024845,0.024845,0.091534,0.908466
172.0,4804326313493129486456115335738865566041096602990667,23.0,715.0,711.0,0.072349,0.051104,0.051104,0.123453,0.876547
172.0,4104752537262135739627532234359506058920546702141581,23.0,390.0,390.0,0.072576,0.072576,0.0,0.072576,0.927424
172.0,3803744058813253158320678543084926588928670333519661,23.0,411.0,411.0,0.091767,0.091767,0.0,0.091767,0.908233
172.0,4385465259125919643879994689875257236736934784890611,23.0,477.0,477.0,0.02786,0.02786,0.0,0.02786,0.97214
172.0,5279890751954713468197389506413223751577777606451787,23.0,429.0,419.0,0.042757,0.049605,0.049605,0.092362,0.907638
172.0,4160916851387881458666582220339040710916709604934989,23.0,456.0,456.0,0.040158,0.040158,0.0,0.040158,0.959842
173.0,10923792501645012754794107569655030715119609536422907,23.0,387.0,387.0,0.076615,0.076615,0.0,0.076615,0.923385
173.0,10049473751846112538141515321974984014498020571782187,23.0,341.0,341.0,0.080299,0.080299,0.0,0.080299,0.919701
173.0,11478453237002096953758919917104639903243507350422841,23.0,637.0,637.0,0.22728,0.22728,0.0,0.22728,0.77272
173.0,10169455292752448241266658515571649753093170083937973,23.0,357.0,346.0,0.14205099999999998,0.024977,0.053897,0.19594799999999998,0.804052
173.0,11141435091489660417203162826279290403361648348555217,23.0,404.0,404.0,0.178026,0.178026,0.0,0.178026,0.821974
173.0,11845946756557169576442319415563300804632186316185761,23.0,357.0,356.0,0.092784,0.026422,0.026422,0.119206,0.880794
173.0,6606020196711476677748380921663035663590800650212861,23.0,468.0,468.0,0.159057,0.159057,0.0,0.159057,0.840943
173.0,9223304994372936325365139311788951438575340466147653,23.0,363.0,363.0,0.024541,0.024541,0.0,0.024541,0.975459
173.0,9937936138453613172200974798887957858538887333434453,23.0,436.0,429.0,0.034248,0.036313,0.075124,0.109372,0.890628
173.0,11559606582085509839598371324267429245568074606311239,23.0,368.0,360.0,0.06445,0.068996,0.156557,0.221007,0.778993
173.0,8567518689055579897923237570331424934191919130124683,23.0,374.0,374.0,0.072366,0.072366,0.0,0.072366,0.927634
173.0,7757833041287954123219330741833398980401403365844671,23.0,495.0,483.0,0.028401000000000003,0.018423,0.060163,0.088564,0.911436
173.0,9316049178944443793561813909420289680048038873209887,23.0,692.0,692.0,0.112034,0.112034,0.0,0.112034,0.887966
173.0,9928833671075698004690547493411708722996168864524191,23.0,441.0,435.0,0.08322399999999999,0.080323,0.10105,0.184274,0.815726
173.0,8082599286688078272326597296230019194455017969460353,23.0,399.0,399.0,0.088282,0.088282,0.0,0.088282,0.911718
173.0,11722980560595969629675859144256076147885119391535181,23.0,580.0,554.0,0.027071999999999995,0.025116,0.15834900000000002,0.185421,0.8145789999999999
173.0,9593608908661975634163739787876317382759712663032617,23.0,800.0,800.0,0.011714,0.011714,0.0,0.011714,0.988286
173.0,7514341258039837561785554369913705517231217351886269,23.0,514.0,514.0,0.084428,0.084428,0.0,0.084428,0.915572
173.0,10788110854762710095666872487306279223201853493970649,23.0,417.0,417.0,0.096701,0.096701,0.0,0.096701,0.903299
173.0,10830515307409583755599110009630409242843757129551833,23.0,407.0,403.0,0.090796,0.095878,0.158628,0.24942399999999998,0.750576
174.0,22104611793997230117343176470598753099597657699857767,23.0,373.0,372.0,0.078677,0.074509,0.074509,0.153186,0.846814
174.0,18763942404536135019296013058405167365237739426352961,23.0,375.0,375.0,0.102256,0.102256,0.0,0.102256,0.897744
174.0,14688504101174039979833028914301622192512344235844163,23.0,539.0,531.0,0.075791,0.14130199999999998,0.17882599999999998,0.254617,0.745383
174.0,16722058225437982034822488549751786303201587785473951,23.0,450.0,450.0,0.10875,0.10875,0.0,0.10875,0.89125
174.0,21509336382097775444053571500023183533792843315954141,23.0,660.0,660.0,0.215328,0.215328,0.0,0.215328,0.784672
174.0,22850977655225044606098189565776865301144522899108753,23.0,365.0,365.0,0.030491,0.030491,0.0,0.030491,0.969509
174.0,17279223071662642072680635911044372251032271203557523,23.0,364.0,364.0,0.046713,0.046713,0.0,0.046713,0.953287
174.0,22947441514018658653094720368483897068968757283032113,23.0,355.0,350.0,0.042122,0.022053,0.022053,0.064175,0.935825
174.0,18341314976728685056786009125261875389901729222197411,23.0,502.0,495.0,0.080878,0.068541,0.10646,0.187338,0.812662
174.0,21198313883423610607647845217061584129219727405462807,23.0,696.0,696.0,0.027879,0.027879,0.0,0.027879,0.972121
174.0,12839400785843164820295834351653620428577969094536553,23.0,522.0,506.0,0.020673,0.016883,0.16265600000000002,0.18332900000000002,0.8166709999999999
174.0,23322450000830661268788758752052782250935597472051533,23.0,309.0,309.0,0.171074,0.171074,0.0,0.171074,0.828926
174.0,16333148817978325754024309091523862744059567919963111,23.0,541.0,541.0,0.06285,0.06285,0.0,0.06285,0.93715
174.0,14462970911237542989272454421381604521266425359311389,23.0,525.0,523.0,0.018431,0.006025,0.01029,0.028721,0.971279
174.0,18949560281665792004413178756295887592891979934348561,23.0,369.0,369.0,0.080647,0.080647,0.0,0.080647,0.919353
174.0,21408407116291656012109167833580671913503017751545967,23.0,458.0,458.0,0.093594,0.093594,0.0,0.093594,0.906406
174.0,22631651939782172827484157664433587783833485119069961,23.0,444.0,438.0,0.049078,0.043456,0.043456,0.092534,0.907466
174.0,21837034941512546186024799051115680122246295015518093,23.0,417.0,417.0,0.341309,0.341309,0.0,0.341309,0.658691
174.0,23437804484573336991839150008388329128133779513222523,23.0,684.0,684.0,0.206222,0.206222,0.0,0.206222,0.793778
174.0,21670228153893009427879223165719671325428625794224927,23.0,383.0,383.0,0.056175,0.056175,0.0,0.056175,0.943825
175.0,40488067071432624121676494427962676744307992814206389,23.0,490.0,490.0,0.116557,0.116557,0.0,0.116557,0.883443
175.0,47880832610030432571309186253738451904700554037260907,23.0,386.0,386.0,0.036588,0.036588,0.0,0.036588,0.963412
175.0,45878748309865752441663931039655772029562012040164497,23.0,431.0,417.0,0.021002,0.008776,0.224024,0.245026,0.754974
175.0,44519607957401945468255440685812779498238330725202451,23.0,700.0,700.0,0.031151,0.031151,0.0,0.031151,0.968849
175.0,38437122674547888080483896869357910936491022366930391,23.0,535.0,525.0,0.035099,0.036174,0.122631,0.15773,0.84227
175.0,47064113916853618606448841022057749802258231599045617,23.0,355.0,354.0,0.129991,0.091996,0.091996,0.221987,0.7780130000000001
175.0,38418920847258974395155918878755125806886124993281449,23.0,508.0,508.0,0.326635,0.326635,0.0,0.326635,0.673365
175.0,29860959886171008880417800461459339604720394693120859,23.0,493.0,472.0,0.030240999999999997,0.030361,0.244661,0.274902,0.725098
175.0,47523346294694090590598436816448664799865583071536947,23.0,385.0,373.0,0.119455,0.034843,0.112445,0.2319,0.7681
175.0,40430147177650634814659419575820969943704601075586779,23.0,483.0,475.0,0.061781,0.026777,0.07452299999999999,0.13630399999999998,0.863696
175.0,30673381581036186694644718658867052922438672540632679,23.0,351.0,343.0,0.07503399999999999,0.036058,0.036058,0.111092,0.888908
175.0,46321511197924674401868707445937064255819847549207181,23.0,549.0,542.0,0.01565,0.031914,0.078007,0.093657,0.906343
175.0,40793108447338904457818158698839208728924655609269741,23.0,465.0,465.0,0.107761,0.107761,0.0,0.107761,0.892239
175.0,47563799216222959471208717042267403920241999763230907,23.0,379.0,371.0,0.096416,0.086128,0.102631,0.199047,0.800953
175.0,44747799795754951639143084884684883018614820083166937,23.0,363.0,363.0,0.294278,0.294278,0.0,0.294278,0.705722
175.0,46867320328474189488708379756417548186877640469492347,23.0,459.0,447.0,0.088128,0.029213,0.029213,0.117341,0.882659
175.0,46542356956969036203230698142264416107162071627147053,23.0,398.0,381.0,0.057092,0.017996,0.06518499999999999,0.122277,0.877723
175.0,45701878003472651488780363802977956628041054016481659,23.0,473.0,473.0,0.117501,0.117501,0.0,0.117501,0.882499
175.0,25458726975309530242094669164823103336392162094875803,23.0,423.0,423.0,0.011383,0.011383,0.0,0.011383,0.988617
175.0,39959523049873920871877996128842998488581987804339877,23.0,427.0,414.0,0.02332,0.06475700000000001,0.06475700000000001,0.08807700000000002,0.911923
176.0,87990886338847859195592642389102593039937487082558279,24.0,476.0,463.0,0.008261,0.041174,0.089044,0.097305,0.902695
176.0,92564124955148991262968874807483374435803628161108999,24.0,928.0,925.0,0.016466,0.014489,0.014489,0.030955000000000003,0.969045
176.0,94129007589456961191977269147297543003266132666549953,24.0,394.0,391.0,0.013067,0.013768,0.013768,0.026835,0.973165
176.0,93819484016161644344551753829300322151041926203410181,24.0,422.0,422.0,0.200775,0.200775,0.0,0.200775,0.799225
176.0,73157616268457907406971375723178615684280166706710493,24.0,392.0,392.0,0.070188,0.070188,0.0,0.070188,0.929812
176.0,61542774938750705714463225629776244056185970967253653,24.0,490.0,489.0,0.03545,0.052857,0.052857,0.088307,0.911693
176.0,71800771048867515580859417044203063847762338647077403,24.0,359.0,359.0,0.040474,0.040474,0.0,0.040474,0.959526
176.0,77258340421405866522724393177859419720883968347782627,24.0,498.0,498.0,0.041998,0.041998,0.0,0.041998,0.958002
176.0,89837078281524964039898044063254336032471057480771579,24.0,663.0,663.0,0.152078,0.152078,0.0,0.152078,0.8479220000000001
176.0,67631371474217585591492093931057414532556760623695867,24.0,359.0,359.0,0.176756,0.176756,0.0,0.176756,0.823244
176.0,89832926575159265651841476273066740015357110318540347,24.0,617.0,600.0,0.039983000000000005,0.01603,0.195637,0.23562,0.7643800000000001
176.0,67118204137332948793553589627698826319196161548428537,24.0,371.0,371.0,0.095569,0.095569,0.0,0.095569,0.904431
176.0,87774156256777768160436756789989062372701963996758741,24.0,535.0,535.0,0.037317,0.037317,0.0,0.037317,0.962683
176.0,70572719969624332011199901351228566052874877227465031,24.0,448.0,448.0,0.115881,0.115881,0.0,0.115881,0.884119
176.0,86250046064114433343982710398437258754379418231496971,24.0,398.0,390.0,0.048389,0.024971,0.024971,0.07336000000000001,0.92664
176.0,87134348646583113354803029928666774546954085244353883,24.0,342.0,342.0,0.024312,0.024312,0.0,0.024312,0.975688
176.0,71901633824806274691548687743309648812921855456127637,24.0,391.0,391.0,0.176133,0.176133,0.0,0.176133,0.823867
176.0,90150270285363435056040734184802693760325360863282387,24.0,494.0,494.0,0.006527,0.006527,0.0,0.006527,0.993473
176.0,94046017590480304561168089303295538090394575865219973,24.0,477.0,462.0,0.02143,0.031765,0.045579,0.067009,0.932991
176.0,64190892782173257959767693618630438907905705925983597,24.0,430.0,430.0,0.064591,0.064591,0.0,0.064591,0.935409
177.0,119125070369688751792163725903852573808324382853761851,24.0,518.0,499.0,0.07452500000000001,0.053227,0.053227,0.127752,0.872248
177.0,182726819299327515165849812245648871121491177942129611,24.0,479.0,479.0,0.113043,0.113043,0.0,0.113043,0.886957
177.0,188893960779618570376876195763394634184667143767990939,24.0,463.0,463.0,0.064041,0.064041,0.0,0.064041,0.935959
177.0,177226234109374423417710011618572758541886871555971773,24.0,516.0,515.0,0.019291,0.018597,0.018597,0.037888,0.962112
177.0,170417219917741538865104682908758540815889415996081587,24.0,484.0,474.0,0.012445,0.01335,0.045387000000000004,0.057832,0.942168
177.0,184456472780322533717507274449727396706948277959651997,24.0,704.0,704.0,0.05091,0.05091,0.0,0.05091,0.94909
177.0,172591822599216441031826476355149233765150072380634947,24.0,438.0,438.0,0.018987,0.018987,0.0,0.018987,0.981013
177.0,160262516696147396603234199689194202325829336961400089,24.0,414.0,414.0,0.085099,0.085099,0.0,0.085099,0.914901
177.0,189488332491885140927092409494182632690603024073949519,24.0,433.0,432.0,0.019404,0.020814,0.020814,0.040218000000000004,0.959782
177.0,158860589548227817116386228914199311016251079037823631,24.0,400.0,400.0,0.022436,0.022436,0.0,0.022436,0.977564
177.0,131023867650554721773986626498755865101732014114852169,24.0,489.0,489.0,0.232663,0.232663,0.0,0.232663,0.7673369999999999
177.0,185419546061793924107275707453523293583979540373323441,24.0,422.0,410.0,0.021027,0.111845,0.248323,0.26935,0.73065
177.0,130739606859025377984032427604557137652684751978400777,24.0,503.0,501.0,0.006914,0.013943,0.027359,0.034273,0.965727
177.0,148738595022486208740372312134935505218833565972371451,24.0,442.0,441.0,0.027109,0.022902,0.022902,0.050011,0.949989
177.0,167245458534901805246177899856773690854765016929409441,24.0,561.0,549.0,0.07322100000000001,0.070049,0.105445,0.178666,0.821334
177.0,167743233925335463625480222303950384908571933339861327,24.0,421.0,421.0,0.052919,0.052919,0.0,0.052919,0.947081
177.0,127846725145209783213161083219697857237418143943954471,24.0,562.0,562.0,0.036226,0.036226,0.0,0.036226,0.963774
177.0,175371321030994867998753692974243811078511522480617843,24.0,485.0,435.0,0.012164000000000001,0.019982,0.49868400000000007,0.5108480000000001,0.4891519999999999
177.0,116000582161408742104082789047643826044722595827305757,24.0,489.0,489.0,0.027931,0.027931,0.0,0.027931,0.972069
177.0,170372630777230523245695634046185057408362313049454403,24.0,611.0,611.0,0.020911,0.020911,0.0,0.020911,0.979089
178.0,326370916554170909248800565447441227366364752100439299,24.0,358.0,358.0,0.051818,0.051818,0.0,0.051818,0.948182
178.0,351133543531254740082619452808507153835828169762359977,24.0,341.0,341.0,0.216143,0.216143,0.0,0.216143,0.783857
178.0,336454357966569634923263904170681101591018051550982463,24.0,517.0,517.0,0.039932,0.039932,0.0,0.039932,0.960068
178.0,287084766998192650266030523003134421022082997050134521,24.0,477.0,473.0,0.051362,0.053652,0.053652,0.105014,0.8949860000000001
178.0,352927538094715815006260624760445835128691040320016481,24.0,435.0,430.0,0.057621,0.028215,0.042532,0.10015299999999999,0.8998470000000001
178.0,338358782479052619339175922612376094187822886673941721,24.0,575.0,575.0,0.121596,0.121596,0.0,0.121596,0.878404
178.0,350983244504690877302934108411058885737259142622352279,24.0,403.0,400.0,0.073981,0.089343,0.089343,0.16332400000000002,0.836676
178.0,362113241669248116131584645381866273037844314273508653,24.0,813.0,807.0,0.048269,0.061247,0.128493,0.176762,0.823238
178.0,354699753705738888969549737288396049484417614825528751,24.0,515.0,515.0,0.077599,0.077599,0.0,0.077599,0.922401
178.0,331690661156431736210765004245137972208022366664402553,24.0,993.0,988.0,0.006681,0.010318,0.035561,0.042242,0.957758
178.0,332675546545853496255458413537230392333963633325833083,24.0,393.0,393.0,0.034842,0.034842,0.0,0.034842,0.965158
178.0,313703344571742936697405437124510360823965169983069999,24.0,954.0,954.0,0.016213,0.016213,0.0,0.016213,0.983787
178.0,380254134293999860410999253285210970240457628198742663,24.0,448.0,448.0,0.048988,0.048988,0.0,0.048988,0.951012
178.0,360641711799225046890015181472030377655985832139240759,24.0,608.0,608.0,0.036406,0.036406,0.0,0.036406,0.963594
178.0,263917085618902017901372402907639485241329433989841083,24.0,513.0,513.0,0.048319,0.048319,0.0,0.048319,0.951681
178.0,266288106436622503269927529785703488384905659026805291,24.0,475.0,475.0,0.027084,0.027084,0.0,0.027084,0.972916
178.0,344304805683409519331394242367711732435948148819916561,24.0,486.0,486.0,0.169053,0.169053,0.0,0.169053,0.830947
178.0,341709744235492519708940578050014342971004111389339661,24.0,328.0,328.0,0.102048,0.102048,0.0,0.102048,0.897952
178.0,310967967663884862956076583774857977926596023977520621,24.0,700.0,700.0,0.161737,0.161737,0.0,0.161737,0.838263
178.0,327279608257895351469611029322246368521417106545791761,24.0,682.0,673.0,0.016744,0.013166,0.024626000000000002,0.041370000000000004,0.95863
179.0,558936428874945996924383768356203135254350439671785479,24.0,366.0,366.0,0.074785,0.074785,0.0,0.074785,0.925215
179.0,674926639517348090731177770827913991101246148882287283,24.0,980.0,974.0,0.014104,0.004766,0.038551,0.052655,0.947345
179.0,520778796933569712475497803976339448328715986002072523,24.0,554.0,547.0,0.037623,0.061386,0.061386,0.099009,0.900991
179.0,748335037461936801408133793949275373189490397012798993,24.0,587.0,587.0,0.22175699999999998,0.22175699999999998,0.0,0.22175699999999998,0.778243
179.0,750121838409245984074572114070043722336783466522324083,24.0,555.0,541.0,0.06649,0.008019,0.150932,0.217422,0.782578
179.0,652699193242756150846355283234498871767984936149202997,24.0,373.0,370.0,0.065506,0.028889,0.028889,0.09439499999999999,0.905605
179.0,701012462554551393326136469593585664907414625879938377,24.0,571.0,549.0,0.078731,0.043205,0.182478,0.261209,0.738791
179.0,651811943098199803843122079676572375058573432081265941,24.0,335.0,335.0,0.035802,0.035802,0.0,0.035802,0.964198
179.0,551025100698026169975841797211316492193395216233257361,24.0,688.0,681.0,0.029118,0.052747,0.052747,0.08186500000000001,0.918135
179.0,568232849243253819024806302642399573345242309126608059,24.0,453.0,453.0,0.063374,0.063374,0.0,0.063374,0.936626
179.0,639820098139219068308973252189078237340004822241496393,24.0,359.0,335.0,0.016975,0.115754,0.4366590000000001,0.4536340000000001,0.5463659999999999
179.0,761792849352011360883518708616350161974544759945523083,24.0,427.0,427.0,0.0584,0.0584,0.0,0.0584,0.9416
179.0,628942419048318189765862150028221450462352308232102681,24.0,346.0,346.0,0.206358,0.206358,0.0,0.206358,0.793642
179.0,566889538234990454641052189675936791837860452121325949,24.0,470.0,468.0,0.09106500000000001,0.05137,0.05137,0.142435,0.857565
179.0,716452162573779008868293903020235512769764173696217249,24.0,627.0,627.0,0.044908,0.044908,0.0,0.044908,0.955092
179.0,621413530195004739611180163225538908969413935549872629,24.0,896.0,896.0,0.039855,0.039855,0.0,0.039855,0.960145
179.0,645609036446719663018922094515491080262538063860555597,24.0,374.0,374.0,0.036832,0.036832,0.0,0.036832,0.963168
179.0,555489032258653592242576233173121867113539610787783833,24.0,386.0,386.0,0.139046,0.139046,0.0,0.139046,0.860954
179.0,535750173793033032362966709603096420101001099801784643,24.0,536.0,520.0,0.031367,0.03881,0.174401,0.205768,0.794232
179.0,456506540313436296309522192769161449949543126587051023,24.0,417.0,417.0,0.079773,0.079773,0.0,0.079773,0.920227
180.0,1358996782341013393471064892946133021632416224066738371,24.0,753.0,743.0,0.06944,0.014814,0.06263400000000001,0.13207400000000002,0.867926
180.0,1147190830767755812327995081041386320310165753132541849,24.0,638.0,638.0,0.029521,0.029521,0.0,0.029521,0.970479
180.0,1403925300691032372140940928473865553985310895500181911,24.0,459.0,459.0,0.039031,0.039031,0.0,0.039031,0.960969
180.0,1495775451737959760457511687274350579183536185139242641,24.0,427.0,414.0,0.025543,0.027415,0.15147300000000002,0.17701600000000003,0.8229839999999999
180.0,1110739563446777289531838627303749633950291508344598743,24.0,488.0,488.0,0.015007,0.015007,0.0,0.015007,0.984993
180.0,1194024369143971552927889417542591741693717575625673111,24.0,467.0,467.0,0.033634,0.033634,0.0,0.033634,0.9663660000000001
180.0,1260166637346508034925373413900190230508510171798948477,24.0,732.0,732.0,0.094939,0.094939,0.0,0.094939,0.905061
180.0,1455316476136829091460607052510092178765985268783561317,24.0,516.0,502.0,0.012303,0.014331,0.072116,0.084419,0.915581
180.0,1309093992710635640836698146159549405123972272927404881,24.0,496.0,484.0,0.11668499999999998,0.013043,0.033693,0.15037799999999998,0.849622
180.0,1390894799146412153168495467213932724874405876411579611,24.0,490.0,487.0,0.086111,0.042417,0.042417,0.128528,0.871472
180.0,1520134781616046526108129582711299483597548910524846853,24.0,425.0,425.0,0.045264,0.045264,0.0,0.045264,0.954736
180.0,1505439219343167470373459269572451082957623944381924673,24.0,411.0,407.0,0.024477,0.043334,0.043334,0.067811,0.932189
180.0,1057025848491395991324830754425862907965800790964989169,24.0,415.0,414.0,0.036512,0.024412,0.024412,0.060924000000000006,0.939076
180.0,1022335052507123413464678276586097658581994406812064513,24.0,412.0,412.0,0.042492999999999996,0.042492999999999996,0.0,0.042492999999999996,0.957507
180.0,986820806071662897465598796288744366007908716888546481,24.0,789.0,784.0,0.004571,0.01774,0.01774,0.022310999999999998,0.977689
180.0,1524644692974396926561992448558626212968367576768526879,24.0,397.0,387.0,0.031705,0.031523,0.05385,0.08555499999999999,0.914445
180.0,1314131625546751137305337304108371769311553500059572603,24.0,433.0,429.0,0.051996,0.04555,0.04776,0.099756,0.900244
180.0,1159287238259464432648787656029088912397674342457115643,24.0,445.0,441.0,0.12721,0.06376,0.06376,0.19096999999999997,0.80903
180.0,1475197377405499619513187533655878473208974647166678079,24.0,400.0,400.0,0.110495,0.110495,0.0,0.110495,0.889505
180.0,1092513974848862293580063101113260203144966532297855803,24.0,575.0,575.0,0.040338,0.040338,0.0,0.040338,0.959662
181.0,2146755962617820701939724558369889009769651618593397373,24.0,485.0,476.0,0.022369,0.031622,0.051104,0.073473,0.926527
181.0,2072316348390379785942053767435731590279096222618626363,24.0,495.0,491.0,0.02879,0.034964,0.06956899999999999,0.09835899999999999,0.901641
181.0,2877046995656031836501313697137912148919872998967745519,24.0,556.0,556.0,0.026384,0.026384,0.0,0.026384,0.973616
181.0,2880369969123252961817754651476818952571924308651017163,24.0,462.0,462.0,0.023387,0.023387,0.0,0.023387,0.976613
181.0,2861708897811122498028015229576663189712718130603358513,24.0,569.0,566.0,0.059584,0.034133,0.034133,0.093717,0.906283
181.0,2806788267767978306991980520946809467457007629229500787,24.0,673.0,668.0,0.09475,0.012597,0.086299,0.18104900000000002,0.818951
181.0,2302747288573481437114058572318921809401333842388506063,24.0,550.0,550.0,0.10434,0.10434,0.0,0.10434,0.89566
181.0,2533946943181812616782556407056335292416812676112585527,24.0,430.0,419.0,0.076259,0.0451,0.10603499999999999,0.18229399999999998,0.817706
181.0,2487771293557144436196457222451407643840343448896262201,24.0,391.0,391.0,0.021529,0.021529,0.0,0.021529,0.978471
181.0,2345607456560758996293272875237597113634991575593930503,24.0,409.0,398.0,0.029695,0.042345,0.065388,0.095083,0.904917
181.0,2451877345078985122707203168343312742955044811033249477,24.0,515.0,487.0,0.032874,0.112622,0.174465,0.207339,0.7926610000000001
181.0,2340974696399471038404420962322551749504771560040272007,24.0,512.0,512.0,0.109492,0.109492,0.0,0.109492,0.890508
181.0,2477342015750519040996010692078739219032174672206011307,24.0,595.0,595.0,0.039715,0.039715,0.0,0.039715,0.960285
181.0,2296086844355268411990274677061153842585626962159704019,24.0,405.0,404.0,0.042817,0.017138,0.017138,0.059955,0.940045
181.0,2857327712261479603462914395058626994702465220337337739,24.0,578.0,576.0,0.121393,0.056147,0.056147,0.17754,0.82246
181.0,1869241629214427269662931336533353684013970622159921317,24.0,523.0,515.0,0.035646,0.065197,0.07488800000000001,0.11053400000000001,0.889466
181.0,2136463886038630304242691639030926383783507376355925571,24.0,418.0,418.0,0.043007,0.043007,0.0,0.043007,0.956993
181.0,2877127110897588495873508614076070239692397854333669421,24.0,875.0,868.0,0.022999000000000002,0.013894,0.048338,0.071337,0.928663
181.0,2391506213382517426158791151215598942262031718622544827,24.0,488.0,478.0,0.063244,0.024479,0.049659999999999996,0.11290399999999999,0.887096
181.0,2948841039361971531410668839665611640358315799683010259,24.0,552.0,552.0,0.038097,0.038097,0.0,0.038097,0.961903
182.0,4191292476346020518783656275665657989599723159847851667,24.0,550.0,539.0,0.013636,0.015545,0.028703,0.042339,0.957661
182.0,4368915889305698991841916329930420223695538711679696073,24.0,405.0,397.0,0.024561,0.014669,0.014669,0.03923,0.96077
182.0,4603173397210774045412589779080265237568427782430487923,24.0,620.0,617.0,0.048497,0.020262,0.020262,0.068759,0.931241
182.0,4412747380103085417736789338590629677444833420942921431,24.0,630.0,630.0,0.050677,0.050677,0.0,0.050677,0.949323
182.0,5274862496484527199284351082466041501734256417850671079,24.0,331.0,331.0,0.08865,0.08865,0.0,0.08865,0.91135
182.0,4800792925814278444401434125143406347751419932688595051,24.0,401.0,391.0,0.051294,0.068132,0.068132,0.119426,0.880574
182.0,3653812005152759308354861844496272098804036966408036451,24.0,520.0,520.0,0.080624,0.080624,0.0,0.080624,0.919376
182.0,4646737653138437262079866979167515682324029521366613887,24.0,617.0,617.0,0.009962,0.009962,0.0,0.009962,0.990038
182.0,5244063665198047536361296769370401123699361439281027921,24.0,389.0,389.0,0.092094,0.092094,0.0,0.092094,0.907906
182.0,5043512217423355819857280369022042682912863299358815427,24.0,580.0,580.0,0.054518,0.054518,0.0,0.054518,0.945482
182.0,5381424364337562423689277556082862960704173067855407963,24.0,411.0,408.0,0.0563,0.08223,0.08223,0.13853,0.86147
182.0,5605622646710231703717995108618170373087268192211651819,24.0,429.0,429.0,0.134419,0.134419,0.0,0.134419,0.8655809999999999
182.0,5372876402521245557172885073810823234220306537484862171,24.0,519.0,519.0,0.03106,0.03106,0.0,0.03106,0.96894
182.0,5193787393634226710856637245122360855837884143711668923,24.0,418.0,402.0,0.008638,0.027694,0.13256600000000002,0.14120400000000002,0.858796
182.0,4901526449801380100603842024908873735304969564340783837,24.0,517.0,517.0,0.075087,0.075087,0.0,0.075087,0.924913
182.0,6116842254080121661991651815972543754648149039661461711,24.0,522.0,522.0,0.14729,0.14729,0.0,0.14729,0.85271
182.0,4848300292233620118117558303318082764588214458439723993,24.0,700.0,691.0,0.092489,0.141351,0.16567500000000002,0.258164,0.7418359999999999
182.0,5455870824923288995533498136798277725990387457579154641,24.0,369.0,369.0,0.134703,0.134703,0.0,0.134703,0.865297
182.0,3785938512649873423258671464276287016184708730225383793,24.0,371.0,371.0,0.060562,0.060562,0.0,0.060562,0.939438
182.0,4491160981645514588938837869554023508980963008773065231,24.0,572.0,572.0,0.085487,0.085487,0.0,0.085487,0.914513
183.0,9166723778901347230936039451531749253767512951187044911,24.0,351.0,351.0,0.18962,0.18962,0.0,0.18962,0.81038
183.0,10455930224123599063565031820487918262028421842464564737,24.0,942.0,940.0,0.021442,0.011743,0.011743,0.033185,0.966815
183.0,7427674099806058459503172382903188275128363209564310927,24.0,359.0,359.0,0.083264,0.083264,0.0,0.083264,0.916736
183.0,10617285421144533269412481609230267820807269357289585027,24.0,513.0,504.0,0.113866,0.072643,0.105931,0.219797,0.780203
183.0,11010471763583359046491348791311818146317648218012267883,24.0,587.0,580.0,0.043626,0.014596,0.03613,0.079756,0.9202440000000001
183.0,10332376251302120495254834326196282275734767686242549761,24.0,337.0,337.0,0.121095,0.121095,0.0,0.121095,0.878905
183.0,11749977713551691032971054523891664935137255323436579743,24.0,638.0,638.0,0.036864,0.036864,0.0,0.036864,0.963136
183.0,10038010870002094481651798134300472801725442018653785307,24.0,459.0,459.0,0.043741,0.043741,0.0,0.043741,0.956259
183.0,10982511715433447835689163250582120464921150302579077343,24.0,389.0,386.0,0.05719,0.021292,0.062012,0.119202,0.880798
183.0,8953983959087052116701047035345005923200525137226524679,24.0,548.0,548.0,0.027924,0.027924,0.0,0.027924,0.972076
183.0,8876846022270762570247578740470934525848460110861548643,24.0,716.0,707.0,0.113933,0.021979,0.021979,0.135912,0.864088
183.0,7272641689296160343480501161670052491504793391277318831,24.0,436.0,436.0,0.280428,0.280428,0.0,0.280428,0.719572
183.0,12244318449419593826201370835952825834440723200097525199,24.0,568.0,568.0,0.014829,0.014829,0.0,0.014829,0.985171
183.0,11599990885992088420849467859622548958581504884697039151,24.0,527.0,504.0,0.020943,0.078955,0.2549280000000001,0.2758710000000001,0.7241289999999999
183.0,7605813317180000005669607627882043830747996242518578099,24.0,586.0,586.0,0.034383,0.034383,0.0,0.034383,0.965617
183.0,12182702859135303445823465643541896884548888148712896953,24.0,367.0,367.0,0.013462,0.013462,0.0,0.013462,0.986538
183.0,9709983608535670096749131929304035374023228870737229987,24.0,501.0,501.0,0.048908,0.048908,0.0,0.048908,0.951092
183.0,10464773632474194098893561476862794550508738502141675107,24.0,591.0,588.0,0.120536,0.051745,0.051745,0.17228100000000002,0.827719
183.0,9586059037733377655369346899873870070324449037164235107,24.0,348.0,348.0,0.035942,0.035942,0.0,0.035942,0.964058
183.0,9699446562764165401251791317533912674237385429964214831,24.0,400.0,400.0,0.039428,0.039428,0.0,0.039428,0.960572
184.0,18626849292167387044123969723309390925329349903285206507,24.0,358.0,355.0,0.094446,0.04511,0.04511,0.139556,0.860444
184.0,18804282751054831530309800753579061511332519271103678431,24.0,547.0,547.0,0.061237,0.061237,0.0,0.061237,0.938763
184.0,18252028929067861875789984563223162861221576906848127717,24.0,679.0,670.0,0.03131,0.151832,0.42099299999999995,0.45230299999999996,0.5476970000000001
184.0,24181446627067838775417564967666980419690582548365581197,24.0,494.0,494.0,0.0263,0.0263,0.0,0.0263,0.9737
184.0,23005878760564119588403003965951554728473230184759392953,24.0,589.0,589.0,0.073195,0.073195,0.0,0.073195,0.926805
184.0,23936510072986768214421716184424106299398221539866239897,24.0,494.0,480.0,0.037483,0.020359,0.145512,0.18299500000000002,0.817005
184.0,16234034926709714462589794505359125056267838558020716281,24.0,650.0,636.0,0.010607,0.01304,0.07177900000000001,0.08238600000000001,0.9176139999999999
184.0,23428690111692592128116212619775791367144015582938967239,24.0,463.0,450.0,0.011436,0.009121,0.102453,0.113889,0.886111
184.0,18912759825437398136803515023873579742325104166174841671,24.0,477.0,477.0,0.060131,0.060131,0.0,0.060131,0.939869
184.0,19927044154018425176840956388997557677674288593187597089,24.0,431.0,431.0,0.052051,0.052051,0.0,0.052051,0.947949
184.0,19536799308159701904048108852677303754701680967104128127,24.0,441.0,432.0,0.011167,0.059429,0.145399,0.156566,0.843434
184.0,19071823677149723706403511825275713145306081300414131937,24.0,565.0,560.0,0.018841,0.011586,0.011586,0.030427000000000003,0.969573
184.0,20612269609108741202241460271673864594887702871452882101,24.0,445.0,445.0,0.023703,0.023703,0.0,0.023703,0.976297
184.0,18920239559229041789878510751170285007946834591953601329,24.0,656.0,656.0,0.061649,0.061649,0.0,0.061649,0.938351
184.0,22611644979880324889689047625329907958432993333469481211,24.0,427.0,412.0,0.050515000000000004,0.028849,0.22597000000000003,0.27648500000000004,0.7235149999999999
184.0,22464664451229199112637114050957084764371480284978460343,24.0,396.0,396.0,0.041413,0.041413,0.0,0.041413,0.958587
184.0,20229563940142821382398535762812188204560973744420706551,24.0,538.0,538.0,0.038983,0.038983,0.0,0.038983,0.961017
184.0,14302906747822375527736225805395822106070407268478927343,24.0,445.0,445.0,0.048384,0.048384,0.0,0.048384,0.951616
184.0,22648934796018516144639607669733048190885481628018590453,24.0,476.0,476.0,0.070034,0.070034,0.0,0.070034,0.929966
184.0,15697907949934382447029781871211500370846936672724531567,24.0,440.0,438.0,0.025634,0.048007,0.048007,0.073641,0.926359
185.0,39302817494925418904731805103331681348585472258348444957,25.0,616.0,606.0,0.008942,0.0161,0.041432,0.050373999999999995,0.949626
185.0,39163563717688705635413025356219451066821712937228964227,25.0,518.0,506.0,0.011918,0.04668,0.16181099999999998,0.173729,0.826271
185.0,43686826810459062412827238710551696728616518667617692019,25.0,584.0,584.0,0.029449,0.029449,0.0,0.029449,0.970551
185.0,44530085274113978279620207534979690950635532686975502813,25.0,352.0,352.0,0.03852,0.03852,0.0,0.03852,0.96148
185.0,43570715964626102904381136448155751424171061828655209841,25.0,479.0,479.0,0.042427,0.042427,0.0,0.042427,0.957573
185.0,42847627148824300921093636376913601640563740728623558181,25.0,769.0,763.0,0.015457,0.021039,0.093001,0.108458,0.8915420000000001
185.0,32083703321789764487338768250718421793945445188847533027,24.0,682.0,682.0,0.114068,0.114068,0.0,0.114068,0.8859319999999999
185.0,33014805666036752589259540494640708288963751747621341763,25.0,585.0,570.0,0.038324,0.017333,0.145974,0.184298,0.815702
185.0,41464335276070540341399584119313180727925975932568415057,25.0,402.0,402.0,0.053465,0.053465,0.0,0.053465,0.946535
185.0,33861582902426483337301296118131448522568614203251711863,25.0,464.0,464.0,0.050281,0.050281,0.0,0.050281,0.949719
185.0,46071639138339644800558097284225066199315293701982806079,25.0,873.0,869.0,0.056731,0.040946,0.040946,0.097677,0.902323
185.0,37936033159136473000212002322269943296231496368568922549,25.0,383.0,383.0,0.103584,0.103584,0.0,0.103584,0.896416
185.0,48350569892826986379872186809679223015058022521047573871,25.0,502.0,502.0,0.067859,0.067859,0.0,0.067859,0.932141
185.0,41198097084082663709570476103319690345818375254249026263,25.0,437.0,437.0,0.043244,0.043244,0.0,0.043244,0.956756
185.0,45101352016751018053319721236302099399595057715497241929,25.0,470.0,466.0,0.009471,0.035074,0.055837,0.065308,0.934692
185.0,42065769993861888778368368385451592776021006938027669583,25.0,898.0,898.0,0.025336,0.025336,0.0,0.025336,0.974664
185.0,41907847300045853777854516119774591215451371041706482459,25.0,653.0,653.0,0.048219,0.048219,0.0,0.048219,0.951781
185.0,48828218167552081470122749610887068068091405463826001571,25.0,420.0,400.0,0.014668,0.062958,0.163476,0.17814400000000002,0.8218559999999999
185.0,41321776714362126833330727735907708762522999908493584631,25.0,500.0,486.0,0.009002,0.021197,0.042515,0.05151699999999999,0.948483
185.0,45383217518804476499152706989070758316114620859553366943,25.0,340.0,340.0,0.031334,0.031334,0.0,0.031334,0.968666
186.0,91860233843352511299828307727646362358888480420031170413,25.0,647.0,647.0,0.201408,0.201408,0.0,0.201408,0.798592
186.0,80310109483483183267313583353855043236387938949945913511,25.0,362.0,362.0,0.078675,0.078675,0.0,0.078675,0.921325
186.0,80341684383462084364790814145428006802552449749708478169,25.0,648.0,637.0,0.008711,0.012505,0.046241,0.054952,0.945048
186.0,94274586636737974618847930138230885567012445571032348059,25.0,552.0,548.0,0.023943,0.060362,0.060362,0.08430499999999999,0.915695
186.0,85286064753422311838018802719562606418460845712040300179,25.0,455.0,455.0,0.031855,0.031855,0.0,0.031855,0.968145
186.0,95824663807095715873047831217240459086791279500036727837,25.0,563.0,559.0,0.036992,0.01394,0.081161,0.118153,0.881847
186.0,80600641280005619173439191411717632606164953443740925413,25.0,653.0,653.0,0.00378,0.00378,0.0,0.00378,0.99622
186.0,53363439485857552435882838625033101776848292903405327631,25.0,486.0,486.0,0.079668,0.079668,0.0,0.079668,0.920332
186.0,84360977267528679389916660229858829202359730331725108419,25.0,591.0,591.0,0.03628,0.03628,0.0,0.03628,0.96372
186.0,79840201135431317961751024566665709261061070004618876607,25.0,390.0,390.0,0.051704,0.051704,0.0,0.051704,0.948296
186.0,86866046861802039662583542752660385034769683216166980061,25.0,701.0,701.0,0.076886,0.076886,0.0,0.076886,0.923114
186.0,86323619254797487920466332795791126216445907418620989923,25.0,507.0,503.0,0.037573,0.019029,0.019029,0.056602,0.943398
186.0,96229941655765770007029825039522376331365113196946498957,25.0,439.0,424.0,0.041402,0.067854,0.15732000000000002,0.198722,0.8012779999999999
186.0,68612351526722038739277226442469049931568086799744053797,25.0,492.0,479.0,0.057114000000000005,0.030545,0.076687,0.133801,0.8661989999999999
186.0,68105415306841011876975324285506148265126787018204059721,25.0,684.0,681.0,0.028309,0.020121,0.020121,0.04843,0.95157
186.0,82153452353776642549718572430278706898613500637862573111,25.0,585.0,585.0,0.105704,0.105704,0.0,0.105704,0.894296
186.0,58260742770043455753114412466166256900662844348827175237,25.0,656.0,656.0,0.099281,0.099281,0.0,0.099281,0.900719
186.0,92398084669964916514251013016603556504210733394779182767,25.0,354.0,350.0,0.04532,0.061598,0.061598,0.106918,0.893082
186.0,85070111672001330371958789558357340118850688442337853217,25.0,406.0,406.0,0.042019,0.042019,0.0,0.042019,0.957981
186.0,77006883355586853676151730714225091231991247740864640619,25.0,409.0,409.0,0.117496,0.117496,0.0,0.117496,0.882504
187.0,185702567469454758545522669141358609758902348939813864093,25.0,539.0,539.0,0.08846,0.08846,0.0,0.08846,0.91154
187.0,179941892859217785606681885687143742888315889414346363689,25.0,1050.0,1050.0,0.06699,0.06699,0.0,0.06699,0.93301
187.0,181526373319561920706249179904543072763946711556143801553,25.0,573.0,565.0,0.018167,0.090248,0.209195,0.22736199999999998,0.772638
187.0,167429568427479950155810682841163388259872915659211758439,25.0,422.0,422.0,0.050528,0.050528,0.0,0.050528,0.949472
187.0,186979504018673334316662054121094588580490052795915527519,25.0,592.0,589.0,0.055401000000000006,0.012185,0.021505999999999997,0.076907,0.9230929999999999
187.0,145169698815553753950995436308896640554249031871232995529,25.0,614.0,610.0,0.054212,0.022332,0.022332,0.076544,0.923456
187.0,189461310023527313299690027067741970827568893636258377063,25.0,776.0,770.0,0.003647,0.008361,0.008361,0.012008000000000001,0.987992
187.0,195549547224884539368396804380565596304971046728434683161,25.0,428.0,428.0,0.088489,0.088489,0.0,0.088489,0.911511
187.0,178245846474078559274688392189915797290638577194576694293,25.0,442.0,442.0,0.076004,0.076004,0.0,0.076004,0.923996
187.0,140252436907018775044357018689165543420042260373871440727,25.0,521.0,518.0,0.051846,0.035657,0.035657,0.087503,0.912497
187.0,192105990641511042361486580149859043063803753731838318981,25.0,824.0,822.0,0.012879,0.034616,0.044887,0.057766000000000005,0.942234
187.0,178454889426021172984526500874394848133697897783899319511,25.0,990.0,977.0,0.016341,0.01683,0.043287,0.059628,0.940372
187.0,147793902755095806954444489354226029687835800736294743133,25.0,639.0,639.0,0.053171,0.053171,0.0,0.053171,0.946829
187.0,181066564675332279473924972484406057203667755771628163519,25.0,421.0,421.0,0.039498,0.039498,0.0,0.039498,0.960502
187.0,168818801318777087057170297997195516793375607488939767557,25.0,444.0,444.0,0.063079,0.063079,0.0,0.063079,0.936921
187.0,163084686989748233415040348211861253938756903626114968719,25.0,416.0,408.0,0.050276,0.103789,0.103789,0.154065,0.845935
187.0,188075731576689556162612507442726713223245640460883288489,25.0,585.0,585.0,0.11597,0.11597,0.0,0.11597,0.88403
187.0,132226185708852638537764772743714220747210366978910886177,25.0,472.0,470.0,0.110779,0.070624,0.070624,0.181403,0.818597
187.0,194698576701919400115040833966319106090888842928840082833,25.0,466.0,466.0,0.046178,0.046178,0.0,0.046178,0.953822
187.0,125253423035716542158322394161648453041038946552062725559,25.0,494.0,494.0,0.012186,0.012186,0.0,0.012186,0.987814
188.0,314224750521702231589078779205748577487125730214151848227,25.0,477.0,477.0,0.067773,0.067773,0.0,0.067773,0.932227
188.0,214725867801677657763150716044378228025925022271604157093,25.0,377.0,375.0,0.156798,0.065623,0.065623,0.22242099999999998,0.777579
188.0,337786569927761505444410838242068306234426938889367376089,25.0,415.0,415.0,0.092709,0.092709,0.0,0.092709,0.907291
188.0,360223106477640603715939086025088234494108141240755800321,25.0,449.0,449.0,0.174058,0.174058,0.0,0.174058,0.825942
188.0,374124987525817520307508964115960865602386918837898179827,25.0,668.0,648.0,0.040531000000000005,0.027195,0.07689,0.117421,0.882579
188.0,361989780913006793919620222968747185160737595989089084909,25.0,435.0,426.0,0.028381,0.12045,0.214509,0.24289,0.75711
188.0,317559581118592945343728270732523067627215982144611637637,25.0,399.0,399.0,0.115906,0.115906,0.0,0.115906,0.884094
188.0,379999621526733814982174866558604085395375086537465979591,25.0,408.0,408.0,0.042516,0.042516,0.0,0.042516,0.957484
188.0,366021560344730588643709636731405132352498915207181378779,25.0,441.0,425.0,0.043089,0.031005,0.051384,0.094473,0.905527
188.0,387944003533460640819952009732254475678414088984486177033,25.0,642.0,642.0,0.060549,0.060549,0.0,0.060549,0.939451
188.0,374845489005902740783352118914562105030081362850475258007,25.0,664.0,664.0,0.057292,0.057292,0.0,0.057292,0.942708
188.0,386515816923087548415772467909907858268131406963172669599,25.0,538.0,538.0,0.052473,0.052473,0.0,0.052473,0.947527
188.0,221106737983069547058303874626625601611876932304469714993,25.0,458.0,458.0,0.029209,0.029209,0.0,0.029209,0.970791
188.0,240210128646608330322236250926839186745574038027417949109,25.0,547.0,536.0,0.030268,0.028146,0.035478,0.065746,0.934254
188.0,318351913440867881282887107239336403432896585513539162139,25.0,458.0,458.0,0.136081,0.136081,0.0,0.136081,0.863919
188.0,378635620380227758123177463104203120047480633879439638329,25.0,488.0,480.0,0.010013,0.050714,0.050714,0.060727,0.939273
188.0,319199732197973078769687558220972231917492453889455575179,25.0,458.0,458.0,0.087315,0.087315,0.0,0.087315,0.912685
188.0,381980473612089531334196860824416470009021634012423067737,25.0,444.0,444.0,0.063045,0.063045,0.0,0.063045,0.936955
188.0,256586033541357135375485125099595006467144223152458416503,25.0,371.0,361.0,0.072014,0.034827,0.151785,0.223799,0.776201
188.0,353636550421510722509208696720104070107782240230147107101,25.0,514.0,514.0,0.038817,0.038817,0.0,0.038817,0.961183
189.0,408589902288642681578344276763041902416284671692080986377,25.0,403.0,403.0,0.014022,0.014022,0.0,0.014022,0.985978
189.0,646628678273258141372517202145221034603557799378124614201,25.0,539.0,539.0,0.054273,0.054273,0.0,0.054273,0.945727
189.0,592635606571861287284224295593110454631652264655249578353,25.0,514.0,508.0,0.02115,0.008098,0.029324,0.050474,0.949526
189.0,650208432524537748605744087782608274999617116493579199513,25.0,611.0,608.0,0.042702000000000004,0.014066,0.025644,0.068346,0.931654
189.0,599419609079700662276957964472775050611343385405910300163,25.0,770.0,760.0,0.006833,0.011287,0.015594,0.022427,0.977573
189.0,591139658903332237066666950704418695507871569867166356959,25.0,508.0,508.0,0.047631,0.047631,0.0,0.047631,0.952369
189.0,759303095841708533868206131077305245572712516145789616107,25.0,419.0,419.0,0.095538,0.095538,0.0,0.095538,0.904462
189.0,723374087894581884780114042666006439305170047096296570421,25.0,396.0,396.0,0.018241,0.018241,0.0,0.018241,0.981759
189.0,642089268364349919722039425710377324200681378773618660631,25.0,537.0,532.0,0.109222,0.01989,0.01989,0.129112,0.870888
189.0,493458509028245692711455247191997853201057771326056542803,25.0,779.0,779.0,0.150727,0.150727,0.0,0.150727,0.849273
189.0,775267771444101410063934578993845769575953505357992661799,25.0,823.0,808.0,0.012376999999999999,0.006325,0.076728,0.089105,0.910895
189.0,525214235994067347101638348805237964788334546789415420243,25.0,657.0,643.0,0.012397,0.019627,0.08105100000000001,0.09344800000000002,0.906552
189.0,510228484199873332122049098813102378921923672052464278333,25.0,424.0,424.0,0.046562,0.046562,0.0,0.046562,0.953438
189.0,630121824338129668949919059009823882545840337934822277567,25.0,697.0,688.0,0.028339,0.015792,0.09977799999999999,0.12811699999999998,0.871883
189.0,755634779781799121353112557954459602771587484582257255551,25.0,408.0,405.0,0.080598,0.047307,0.069548,0.150146,0.849854
189.0,612172740703460905652990412541931502012476806243188854431,25.0,623.0,622.0,0.07254,0.011556,0.011556,0.08409599999999999,0.915904
189.0,530704707601162495384297467780173501132805319654798984003,25.0,414.0,414.0,0.053565,0.053565,0.0,0.053565,0.946435
189.0,756916004872319657418986856461653189263814971681663763573,25.0,553.0,553.0,0.065704,0.065704,0.0,0.065704,0.934296
189.0,490921607897052107753246264180398217237973784027521089099,25.0,428.0,428.0,0.09898,0.09898,0.0,0.09898,0.90102
189.0,767702133245506513310164240704062695141079949461903447479,25.0,484.0,484.0,0.043436,0.043436,0.0,0.043436,0.956564
190.0,1107697980005560535935691181882881481298971577503883545431,25.0,512.0,512.0,0.144086,0.144086,0.0,0.144086,0.8559140000000001
190.0,1447718595714448727207173851527167403200700108585820235931,25.0,405.0,403.0,0.065622,0.011182,0.011182,0.076804,0.923196
190.0,1067595819970828694093593212927706218036137678171084438953,25.0,467.0,465.0,0.014824,0.012568,0.029047,0.043871,0.956129
190.0,1236956916814563958009976698763228455869309463346857145209,25.0,402.0,393.0,0.039893,0.027333,0.027333,0.067226,0.932774
190.0,1303595662239872394152630143462469139534875953977955173719,25.0,955.0,941.0,0.025192,0.011343,0.07690400000000001,0.10209600000000002,0.897904
190.0,1436728764183159269584547372484560757421757510937607299719,25.0,427.0,412.0,0.03216,0.020382,0.128591,0.160751,0.839249
190.0,1358738873900145804437909196195927584579190583894624729549,25.0,527.0,510.0,0.047532,0.03193,0.171902,0.219434,0.780566
190.0,1309414713325066973570726305039978280113478833538624990717,25.0,668.0,668.0,0.010602,0.010602,0.0,0.010602,0.989398
190.0,1119233946195882068749589393936438955574244336504433599743,25.0,548.0,533.0,0.054801,0.070571,0.23964299999999997,0.294444,0.7055560000000001
190.0,1391390333131732070825024754648255205953706845753859235761,25.0,871.0,868.0,0.011195,0.010371,0.010371,0.021566000000000002,0.978434
190.0,1219405195991088602219964475590713847204090579216876133247,25.0,696.0,687.0,0.061686,0.013265,0.09043399999999999,0.15211999999999998,0.84788
190.0,1285952433782265124699401960911465263241667818151785942989,25.0,459.0,459.0,0.069072,0.069072,0.0,0.069072,0.930928
190.0,936281692826227408663886118472398327211075139996831483807,25.0,448.0,439.0,0.121931,0.021884,0.090409,0.21234,0.78766
190.0,1495152348884655255748854019985088902044523205603769307549,25.0,498.0,498.0,0.011245,0.011245,0.0,0.011245,0.988755
190.0,1543054376408543181151756345226381442258117792563593031941,25.0,464.0,464.0,0.08171600000000001,0.08171600000000001,0.0,0.08171600000000001,0.918284
190.0,1197900039859831281860297786593556759105357856705065296097,25.0,371.0,371.0,0.062091,0.062091,0.0,0.062091,0.937909
190.0,1325762643789188253480076014106355323863094856768820242033,25.0,414.0,405.0,0.02292,0.01801,0.035499,0.058419,0.941581
190.0,1549503894836788136271053205345052692884272523599834807513,25.0,515.0,492.0,0.052135,0.015341,0.30185599999999996,0.35399099999999994,0.646009
190.0,1371820001327266974371651800423316814650750283162857664521,25.0,400.0,391.0,0.019214,0.056728,0.126188,0.145402,0.854598
190.0,1319759631078608755615705806993244756656084597458744780879,25.0,486.0,478.0,0.014677,0.020923,0.034275,0.048952,0.951048
191.0,2180877054471620294689724695606846212849552332318992940407,25.0,468.0,468.0,0.038153,0.038153,0.0,0.038153,0.961847
191.0,1606385381360148813307516689773707722363849418834436678389,25.0,425.0,413.0,0.069522,0.055763,0.158144,0.227666,0.772334
191.0,2738991831553984659353836548560279154535043688289688027603,25.0,420.0,420.0,0.111301,0.111301,0.0,0.111301,0.888699
191.0,2021640631374636353782008830324840969777513038468864748759,25.0,631.0,631.0,0.025835,0.025835,0.0,0.025835,0.974165
191.0,2105598972222103150968007207241144213000505023620025661667,25.0,425.0,422.0,0.022391,0.021198,0.021198,0.043589,0.956411
191.0,2954552227750152336095183292848417913001395070298811029879,25.0,585.0,585.0,0.022329,0.022329,0.0,0.022329,0.977671
191.0,2604823021534871940153658516882468145972589783978202484923,25.0,491.0,483.0,0.024214,0.023989,0.08200600000000001,0.10622000000000001,0.89378
191.0,2697799617327879157081712621189446951709202892838110789249,25.0,1094.0,1094.0,0.08104,0.08104,0.0,0.08104,0.91896
191.0,2749750578464362511041140809468842163052814508247072125809,25.0,688.0,688.0,0.062314,0.062314,0.0,0.062314,0.937686
191.0,2810254725646498720414994000029322939731083303115400227283,25.0,583.0,583.0,0.028864,0.028864,0.0,0.028864,0.971136
191.0,2919723125927389511356972449231841889026550065177689782341,25.0,584.0,584.0,0.009125,0.009125,0.0,0.009125,0.990875
191.0,2384759410471810319375657922573509817577252181814221416381,25.0,527.0,527.0,0.013605,0.013605,0.0,0.013605,0.986395
191.0,2870902859138464144898136609805487079043674281379484515257,25.0,535.0,532.0,0.077223,0.032584,0.032584,0.109807,0.890193
191.0,2531428612228677358426023750691561085464553004835817283823,25.0,664.0,662.0,0.012615000000000001,0.002972,0.014363,0.026978000000000002,0.973022
191.0,2569199376454128229458263634674647272803671413063904093681,25.0,459.0,459.0,0.013818,0.013818,0.0,0.013818,0.986182
191.0,2077139403037075257284520813457747381680630617898050789129,25.0,579.0,572.0,0.00813,0.025644,0.049254000000000006,0.057384000000000004,0.942616
191.0,2599527300982831600647840629042688948539972657946504879419,25.0,723.0,721.0,0.01362,0.059158,0.059158,0.07277800000000001,0.927222
191.0,2939945259852704861237884063321703407639606324099970984489,25.0,502.0,496.0,0.114787,0.08974399999999999,0.08974399999999999,0.204531,0.795469
191.0,2806787067261975292631801717103764100516337005958274854877,25.0,861.0,861.0,0.074129,0.074129,0.0,0.074129,0.925871
191.0,3102854422286895681399386946361481173908793767638701190957,25.0,526.0,526.0,0.120468,0.120468,0.0,0.120468,0.879532
192.0,6053136549975215707114861824618604186550967571524618556511,25.0,556.0,556.0,0.112118,0.112118,0.0,0.112118,0.8878820000000001
192.0,5772223899679240100865858833866067485733365743633882768503,25.0,383.0,383.0,0.033536,0.033536,0.0,0.033536,0.966464
192.0,4939008137476552065240184537828644764133517214756158762829,25.0,455.0,455.0,0.030714,0.030714,0.0,0.030714,0.969286
192.0,6212435194276394115763543059243494938563033646586224859629,25.0,544.0,544.0,0.038015,0.038015,0.0,0.038015,0.961985
192.0,3874204338182140753502701838530384426297759523506113427483,25.0,637.0,632.0,0.00514,0.009424,0.042612000000000004,0.047752,0.952248
192.0,3347208880492337566130653746802735549578109517894379499733,25.0,771.0,771.0,0.022655,0.022655,0.0,0.022655,0.977345
192.0,4306083721119286908591380042584606571729048503575164227711,25.0,496.0,467.0,0.05044,0.062292,0.17579799999999998,0.226238,0.7737620000000001
192.0,5163763031624406920207830805702663059843081289928205028959,25.0,633.0,615.0,0.010358,0.014736,0.055385000000000004,0.065743,0.934257
192.0,6130364660359904866071451106195076205876004972250032444803,25.0,501.0,493.0,0.028423999999999998,0.072829,0.072829,0.10125300000000001,0.898747
192.0,6254696907579855069014156880599952401895926775151729298633,25.0,574.0,562.0,0.025524,0.036429,0.11729999999999999,0.14282399999999998,0.857176
192.0,4873661477686905481674696353544486097679453418713697857441,25.0,1094.0,1082.0,0.07694899999999999,0.008241,0.044156999999999995,0.12110599999999999,0.8788940000000001
192.0,5412175546964427994074789034451167835889491793324688758467,25.0,782.0,774.0,0.06264900000000001,0.024827,0.024827,0.08747600000000001,0.912524
192.0,5910884209390437413999109263981667425861292837036749005609,25.0,552.0,552.0,0.067345,0.067345,0.0,0.067345,0.932655
192.0,4621285287029859947459316813570982113322073918209718266019,25.0,564.0,562.0,0.045329,0.011661,0.011661,0.05699,0.94301
192.0,5696283951894185144007889520249234417647198158940715431933,25.0,428.0,428.0,0.039027,0.039027,0.0,0.039027,0.960973
192.0,3683958575511235413756595798246241035800834295791075521963,25.0,460.0,460.0,0.040347,0.040347,0.0,0.040347,0.959653
192.0,4468006165118885684913086683109597497945491118316503789123,25.0,1002.0,997.0,0.010288,0.00949,0.00949,0.019778,0.980222
192.0,5488497809815368048793079212529624026388526869419621039691,25.0,550.0,531.0,0.017745,0.045221,0.129128,0.146873,0.853127
192.0,5659542164522658766094858453465847140623734081033257305487,25.0,435.0,435.0,0.046419,0.046419,0.0,0.046419,0.953581
192.0,6149807903410653285967321465976396749348286539647506887699,25.0,615.0,615.0,0.057593,0.057593,0.0,0.057593,0.942407
193.0,9905013207931875527529191960135739218017812814063208578531,25.0,627.0,627.0,0.047210999999999996,0.047210999999999996,0.0,0.047210999999999996,0.952789
193.0,10100483858506872648422975068896319443064533148276380832169,25.0,663.0,663.0,0.070603,0.070603,0.0,0.070603,0.929397
193.0,11663540999446197162723452607497563376895758675776898312369,25.0,496.0,496.0,0.08673,0.08673,0.0,0.08673,0.91327
193.0,10897749645060145624874358483865606849691424744321528304937,25.0,547.0,547.0,0.039187,0.039187,0.0,0.039187,0.960813
193.0,10565624405515099844116517970763527091130891790570283157137,25.0,473.0,473.0,0.03207,0.03207,0.0,0.03207,0.96793
193.0,12070921450587575263287627747872390786879378063838490617043,25.0,700.0,689.0,0.018221,0.008057,0.008057,0.026278000000000003,0.973722
193.0,9664634974777947645604027278555623329607100282762834013441,25.0,500.0,479.0,0.034726,0.030965,0.17623800000000003,0.21096400000000004,0.789036
193.0,12322960193874180073992358693327396906594292112230707610489,25.0,616.0,598.0,0.043533,0.012541,0.045402,0.088935,0.911065
193.0,8099708654360452993215966572101668396566826381629301683063,25.0,551.0,551.0,0.095496,0.095496,0.0,0.095496,0.904504
193.0,11214351833369361189026414622248506634769198922661651441293,25.0,487.0,487.0,0.138306,0.138306,0.0,0.138306,0.861694
193.0,9128073803947130372484141505624445498586637123573747380151,25.0,423.0,423.0,0.046731,0.046731,0.0,0.046731,0.953269
193.0,11312813665303613237304198878301422628970319071234047845347,25.0,701.0,701.0,0.012861,0.012861,0.0,0.012861,0.987139
193.0,11023902979621732752907862575267849055507922142544485438789,25.0,540.0,540.0,0.028359,0.028359,0.0,0.028359,0.971641
193.0,11262927042730954176015822824963334235937052626560568007419,25.0,549.0,549.0,0.049912,0.049912,0.0,0.049912,0.950088
193.0,10857095320997612707420637232964945337144528989105797131153,25.0,822.0,802.0,0.029322,0.029629,0.099714,0.12903599999999998,0.8709640000000001
193.0,10494271519339392909894195833014476236187539413566084429379,25.0,548.0,548.0,0.078369,0.078369,0.0,0.078369,0.921631
193.0,12278064626184964589595523842860542425676931971855436832259,25.0,609.0,609.0,0.031169,0.031169,0.0,0.031169,0.968831
193.0,8482872608322654051369609585269639790901351219221511846733,25.0,473.0,473.0,0.121782,0.121782,0.0,0.121782,0.8782179999999999
193.0,7306887098618586073076594877395470343989113832174839245017,25.0,538.0,538.0,0.083223,0.083223,0.0,0.083223,0.916777
193.0,12409265929614063311478379725438459124196359168832063103151,25.0,477.0,477.0,0.071456,0.071456,0.0,0.071456,0.928544
194.0,20683260459467499029277828805303888053838228828420773810227,25.0,658.0,653.0,0.036326,0.046892,0.046892,0.083218,0.916782
194.0,21350469721329597074134362589876985354717072338210358108849,26.0,392.0,391.0,0.056327,0.011885,0.011885,0.068212,0.9317880000000001
194.0,18942954816325570836124528681131878336599202626159580306777,25.0,449.0,449.0,0.009829,0.009829,0.0,0.009829,0.990171
194.0,24458941949583565962792372221933150989311549041638920536113,26.0,652.0,649.0,0.048354,0.074686,0.074686,0.12304000000000001,0.87696
194.0,21076672769905977070352813226874932564034530295953191284753,25.0,524.0,517.0,0.01214,0.009061,0.009061,0.021200999999999998,0.978799
194.0,22249362777783306049117932825890593656249535237757916625729,26.0,407.0,407.0,0.079894,0.079894,0.0,0.079894,0.920106
194.0,23203422452949787679074210878498136594954609999835899906157,26.0,596.0,591.0,0.018793,0.038609,0.038609,0.057401999999999995,0.942598
194.0,20868115815896194713106525621357671273079634596135616425361,25.0,601.0,601.0,0.045476,0.045476,0.0,0.045476,0.954524
194.0,23192686299066524320738010687390362447126038875074169556253,26.0,598.0,598.0,0.026354,0.026354,0.0,0.026354,0.973646
194.0,22340054129412896419322214973520037370083718012993281910367,26.0,411.0,409.0,0.041387,0.015457,0.015457,0.056844,0.943156
194.0,23181673086820734631906360554899103585708564817833096064921,26.0,1299.0,1282.0,0.017596,0.031015,0.13000799999999998,0.14760399999999999,0.852396
194.0,24582599091151675799091021479482934414662039688624223437687,26.0,405.0,405.0,0.05794,0.05794,0.0,0.05794,0.94206
194.0,25065435242975997360701202808292864499688676903327335870541,26.0,486.0,486.0,0.084559,0.084559,0.0,0.084559,0.915441
194.0,18390454080376419958677765335623388001794346466558675435283,25.0,538.0,535.0,0.054019,0.029139,0.029139,0.083158,0.916842
194.0,22922786508061659363842923473806512470282966011733435851431,26.0,1026.0,1026.0,0.050735,0.050735,0.0,0.050735,0.949265
194.0,17061387184720152302891304554226083544383293835520188213651,25.0,452.0,430.0,0.049803,0.036681,0.19669,0.24649300000000002,0.7535069999999999
194.0,18618516616598255372519874377476542080222536021373325270311,25.0,461.0,461.0,0.069339,0.069339,0.0,0.069339,0.930661
194.0,21282237135538130116514856262480953933294724963389201954481,26.0,510.0,510.0,0.041306,0.041306,0.0,0.041306,0.958694
194.0,20522969516655873169000695377445575228468042248954518479057,25.0,532.0,530.0,0.030696,0.053558,0.053558,0.084254,0.915746
194.0,14989350088210543607482262847185984320363092765497004877451,25.0,632.0,627.0,0.022065,0.034759,0.062104,0.084169,0.9158310000000001
195.0,43040604789452163741387408621112136409598757059035661677893,26.0,565.0,550.0,0.050464999999999996,0.02032,0.05819100000000001,0.108656,0.891344
195.0,49088991794939140574010539690236171966040109026993415914269,26.0,431.0,431.0,0.041031,0.041031,0.0,0.041031,0.958969
195.0,48300749567102905436273718192442740995408307546941115427897,26.0,488.0,482.0,0.033185,0.010368,0.010368,0.043553,0.956447
195.0,48906073225085902924815189872988257194974124450370814611651,26.0,413.0,406.0,0.072494,0.02992,0.045526,0.11802,0.88198
195.0,36863086582293400960306820600939234657564365893479938560799,26.0,702.0,695.0,0.02443,0.037737,0.037737,0.062167,0.937833
195.0,39520094337921324612196662792851626492332520911673811699729,26.0,878.0,861.0,0.008242,0.029996,0.059505,0.067747,0.932253
195.0,48712327583936410948919472729136236367597407084610635272833,26.0,459.0,459.0,0.02345,0.02345,0.0,0.02345,0.97655
195.0,40655326120160876332407096732056168721873529846326635963177,26.0,429.0,425.0,0.026461,0.059488,0.059488,0.085949,0.914051
195.0,49535766793358394398954575009134138350900646325935636614543,26.0,578.0,578.0,0.027197,0.027197,0.0,0.027197,0.972803
195.0,41862719142251391308296850055406978004299551713109836123227,26.0,553.0,553.0,0.021109,0.021109,0.0,0.021109,0.978891
195.0,39425775947292327135017849550127493358385136125831647180659,26.0,452.0,447.0,0.031567,0.011385,0.011385,0.042952,0.957048
195.0,40030915462863037646967083275653053673838289093488559065567,26.0,593.0,588.0,0.031685,0.04348,0.04348,0.075165,0.924835
195.0,40570734708690516020996671408225641495385595046735671957119,26.0,422.0,422.0,0.037717,0.037717,0.0,0.037717,0.962283
195.0,40934085183179492462123851985126002111578252845347853305697,26.0,476.0,476.0,0.057555,0.057555,0.0,0.057555,0.942445
195.0,35128682060529629825193792168573153198841552039371874266881,26.0,441.0,428.0,0.018543,0.021967,0.070688,0.089231,0.9107689999999999
195.0,33386520498533519946398383478624977467807699443830033789513,26.0,557.0,557.0,0.051379,0.051379,0.0,0.051379,0.948621
195.0,40141148770606288794672640695647670636575757821310805897243,26.0,508.0,505.0,0.020287,0.017364,0.025781,0.046068,0.953932
195.0,40490518455055723132909066555944613680023787528271085543291,26.0,555.0,555.0,0.017418,0.017418,0.0,0.017418,0.982582
195.0,47614627301874134935455529116186115164906112363136503150483,26.0,633.0,626.0,0.07778,0.096651,0.096651,0.174431,0.825569
195.0,34473817038037491202068900808519350419613875057302440357481,26.0,563.0,563.0,0.012976,0.012976,0.0,0.012976,0.987024
196.0,95168415107121660560916881793289203952418490854465168975321,26.0,661.0,661.0,0.073912,0.073912,0.0,0.073912,0.926088
196.0,90009791547499984548910278716753576073152720702817059055901,26.0,495.0,495.0,0.014209,0.014209,0.0,0.014209,0.985791
196.0,87459073763838296701927301523704259554148918532862184975629,26.0,521.0,521.0,0.048507,0.048507,0.0,0.048507,0.951493
196.0,70309503501777340343079821334567642537559966663221390472973,26.0,455.0,455.0,0.053171,0.053171,0.0,0.053171,0.946829
196.0,95305038515393842196007534454562012255827385548443606952501,26.0,565.0,565.0,0.025689,0.025689,0.0,0.025689,0.974311
196.0,82858880649466251495449216071414702109906561191821038787641,26.0,383.0,383.0,0.035775,0.035775,0.0,0.035775,0.964225
196.0,97083793852684433813008089400054003385653724507596918274297,26.0,649.0,649.0,0.062471,0.062471,0.0,0.062471,0.9375290000000001
196.0,99466774561138218293682307547255032274447325955533021392447,26.0,466.0,466.0,0.053504,0.053504,0.0,0.053504,0.946496
196.0,62333097639089791343889610479116623630492359496474506120427,26.0,804.0,800.0,0.03596,0.015127,0.015127,0.051087,0.948913
196.0,98202769533374705029605057892210661368086364721024686834069,26.0,574.0,572.0,0.023906,0.007660999999999999,0.013079,0.036985000000000004,0.963015
196.0,76205915167282914218102341674425274873438928127960827493699,26.0,784.0,784.0,0.017787,0.017787,0.0,0.017787,0.982213
196.0,99735781901275954167800573841902347907225001572434442739617,26.0,685.0,673.0,0.084372,0.066827,0.14637,0.230742,0.769258
196.0,75523924234554614323219474180414139839611222725124775536109,26.0,456.0,456.0,0.072104,0.072104,0.0,0.072104,0.927896
196.0,98856416133856584127753735193005691636012090201233990732729,26.0,418.0,418.0,0.0688,0.0688,0.0,0.0688,0.9312
196.0,74465721503975476013420915082380026622357493970492148475923,26.0,622.0,600.0,0.015469,0.040804,0.092503,0.107972,0.892028
196.0,93695083979722113939155057731935369089046162236564738423191,26.0,531.0,519.0,0.011162,0.021081,0.021081,0.032243,0.967757
196.0,77879392079591903526474505876698267670805166486636028530899,26.0,471.0,471.0,0.13822,0.13822,0.0,0.13822,0.86178
196.0,84229306643800747300264590699152695007580757244203842094811,26.0,543.0,537.0,0.022117,0.014905,0.014905,0.037022,0.962978
196.0,94030668663190317444347187347006250211939496898445186865789,26.0,808.0,808.0,0.043063,0.043063,0.0,0.043063,0.956937
196.0,100248369583162082393739261464041339014101482772776091948201,26.0,428.0,414.0,0.035216,0.07758,0.173429,0.208645,0.791355
197.0,167659105655698882339508182915480992256595774433903924122623,26.0,1512.0,1512.0,0.013088,0.013088,0.0,0.013088,0.986912
197.0,122449747198975822084132001235051055769374123302428745305941,26.0,656.0,652.0,0.003143,0.021485,0.021485,0.024628,0.975372
197.0,157771390213784769025733801475620067885551276043484431320057,26.0,498.0,498.0,0.035042,0.035042,0.0,0.035042,0.964958
197.0,195362636325845913268639913567995093493514004135984307800363,26.0,535.0,535.0,0.050317,0.050317,0.0,0.050317,0.949683
197.0,160328182105787324869078655378810538500450812696259544941773,26.0,475.0,475.0,0.04203,0.04203,0.0,0.04203,0.95797
197.0,184970800291752440068635983309521468062368504646083676644033,26.0,628.0,628.0,0.00875,0.00875,0.0,0.00875,0.99125
197.0,164144776080649194883406513297516553025716555924591056615183,26.0,428.0,428.0,0.020729,0.020729,0.0,0.020729,0.979271
197.0,140818764650826975296987375129283355966942621459853255150479,26.0,546.0,546.0,0.017294,0.017294,0.0,0.017294,0.982706
197.0,189022387984517778950705123442972032908094852334290657306231,26.0,426.0,426.0,0.25583,0.25583,0.0,0.25583,0.74417
197.0,172220763612696405396243073018306035394484382521705030045911,26.0,434.0,423.0,0.069084,0.030159,0.11345499999999999,0.182539,0.817461
197.0,154481106607181704446691691500013964555830349483415881254479,26.0,721.0,721.0,0.010914,0.010914,0.0,0.010914,0.989086
197.0,138116520840863501578382275910208792542013786200119809943421,26.0,467.0,467.0,0.038033,0.038033,0.0,0.038033,0.961967
197.0,128167436666847967508432921399395745683533771986744909507099,26.0,464.0,460.0,0.024443,0.041447,0.067108,0.091551,0.9084490000000001
197.0,179430245545432323474984038609312519060231752952330260578973,26.0,614.0,614.0,0.014628,0.014628,0.0,0.014628,0.985372
197.0,164907321185035410613697079130730386934791247649211425433501,26.0,622.0,609.0,0.020667,0.012274,0.050742999999999996,0.07141,0.92859
197.0,149559974584198894049055200074096371180280008283748787845411,26.0,410.0,410.0,0.249997,0.249997,0.0,0.249997,0.750003
197.0,141960287108387193832375793429518062558146806429474522246723,26.0,496.0,495.0,0.104319,0.036502,0.036502,0.140821,0.859179
197.0,117962418323306660486403773161381103053143923297611666689523,26.0,468.0,455.0,0.042854,0.034891,0.08054299999999999,0.12339699999999999,0.876603
197.0,159003940652452327574248903060253950134870172438916155070369,26.0,665.0,662.0,0.016067,0.049889,0.049889,0.065956,0.934044
197.0,186310928751907307724815625865601039478473930304908425333493,26.0,796.0,796.0,0.010559,0.010559,0.0,0.010559,0.989441
198.0,358800385741478548379741226608716034844371071935561085305833,26.0,586.0,586.0,0.06206,0.06206,0.0,0.06206,0.93794
198.0,361832547229010809777991703475089455145922714751449984988413,26.0,390.0,390.0,0.076735,0.076735,0.0,0.076735,0.923265
198.0,366234672716741757435258864069198637471462810470347219616629,26.0,679.0,667.0,0.009177,0.009926,0.009926,0.019103000000000002,0.980897
198.0,381944248262064685581254962871209750407378184907165945167889,26.0,573.0,553.0,0.015769000000000002,0.011768,0.10657199999999999,0.12234099999999999,0.877659
198.0,354687072527494597410093290280585584399421663969934020853223,26.0,573.0,564.0,0.010878,0.092966,0.362487,0.373365,0.626635
198.0,379245416457437245542302776449664948360818185536921628076539,26.0,397.0,397.0,0.056504,0.056504,0.0,0.056504,0.943496
198.0,276003453857523809899467677088049878845070200584331936691041,26.0,521.0,496.0,0.058001,0.0344,0.106771,0.164772,0.835228
198.0,209990048987204577494427221770767574738889930041728156874193,26.0,582.0,582.0,0.048038,0.048038,0.0,0.048038,0.951962
198.0,256901948110234610129862767369945243180538397102365122358427,26.0,463.0,449.0,0.032717,0.016463,0.016463,0.04918,0.95082
198.0,392896855902880253325160541666344098709384930507930453171681,26.0,458.0,452.0,0.037158,0.045003,0.09159400000000001,0.128752,0.871248
198.0,261148592887412956171116968549303549257459540886776423198739,26.0,491.0,483.0,0.024089,0.006596,0.028305,0.052393999999999996,0.947606
198.0,380307295207752593087679241538739081357344508076536875023627,26.0,558.0,558.0,0.073203,0.073203,0.0,0.073203,0.926797
198.0,388299617663319746972489463784551990330983404458676571447693,26.0,495.0,495.0,0.008484,0.008484,0.0,0.008484,0.991516
198.0,328573357774619762260295479993442675189590010826879831896677,26.0,516.0,516.0,0.02064,0.02064,0.0,0.02064,0.97936
198.0,345095965742713044505246800463174842475462680793869138019261,26.0,457.0,453.0,0.073654,0.055575,0.055575,0.12922899999999998,0.870771
198.0,292581670931790651470491827458218900376775743841380672403887,26.0,498.0,494.0,0.023748,0.00776,0.014592,0.03834,0.96166
198.0,390539114582262272077001713638342490864897532470034331261247,26.0,456.0,456.0,0.060828,0.060828,0.0,0.060828,0.939172
198.0,360504086773559647539204736208829484928785732049355565383643,26.0,386.0,386.0,0.125149,0.125149,0.0,0.125149,0.874851
198.0,235950558879078260282437419803935172239069320587333159451019,26.0,535.0,525.0,0.11267100000000001,0.010703,0.077415,0.190086,0.809914
198.0,398227691324642613283526129594013507506766970246599454997939,26.0,640.0,639.0,0.046594,0.013835,0.013835,0.060429,0.939571
199.0,754357335704061312767906283574368857849729996361323767853021,26.0,543.0,543.0,0.130058,0.130058,0.0,0.130058,0.869942
199.0,740449135866891063702563724186205751814739503564925633250647,26.0,442.0,442.0,0.046404,0.046404,0.0,0.046404,0.953596
199.0,783572025208462059459081331520531102495696274404533915350617,26.0,489.0,489.0,0.069882,0.069882,0.0,0.069882,0.930118
199.0,689619749063096498116944459976173154436509257531702365821471,26.0,572.0,572.0,0.027038,0.027038,0.0,0.027038,0.972962
199.0,792261444591087612509889756571590671010253289767476929883959,26.0,684.0,684.0,0.078663,0.078663,0.0,0.078663,0.921337
199.0,485165244720747932715066275346273892339756962905587028338027,26.0,448.0,444.0,0.062224999999999996,0.009915,0.009915,0.07214,0.92786
199.0,701425127964276666799904563003747018572056891360383272760451,26.0,1086.0,1072.0,0.025106999999999997,0.020914,0.07757699999999998,0.10268399999999997,0.897316
199.0,790893896840481035276180066252113476643190200344778153065643,26.0,913.0,913.0,0.00476,0.00476,0.0,0.00476,0.99524
199.0,763536298621525364342165189094083117188952849209780027677679,26.0,583.0,583.0,0.008675,0.008675,0.0,0.008675,0.991325
199.0,613617912594322713495151233564022371433770815044783317065269,26.0,811.0,808.0,0.029778,0.00639,0.00639,0.036168,0.963832
199.0,701969238772333138157522384223588554623546191713496616248319,26.0,461.0,457.0,0.009452,0.027232,0.027232,0.036684,0.963316
199.0,659743727985962787654640554658683537620374805989756454087933,26.0,677.0,668.0,0.020568,0.014029,0.042990999999999994,0.06355899999999999,0.936441
199.0,690360274208079369250317450856211794224002008122073050016637,26.0,512.0,512.0,0.20155,0.20155,0.0,0.20155,0.79845
199.0,500887070634424955740905032565576942995006631697841024678317,26.0,488.0,488.0,0.049103,0.049103,0.0,0.049103,0.950897
199.0,562515533415072305976115813906881843805019952700501666255663,26.0,474.0,474.0,0.025983,0.025983,0.0,0.025983,0.974017
199.0,687386421009493082281833809951506042909624825066468351426301,26.0,419.0,409.0,0.039508,0.022933,0.022933,0.062440999999999997,0.937559
199.0,627831828857047974697867855909832323916998184071016955354641,26.0,552.0,552.0,0.04545,0.04545,0.0,0.04545,0.95455
199.0,531493718748199409115070187956201803475378862922781030803881,26.0,503.0,493.0,0.018695,0.032304,0.13648400000000002,0.155179,0.844821
199.0,764298723870080571982440894112670628624228896767629734930611,26.0,420.0,420.0,0.07494,0.07494,0.0,0.07494,0.92506
199.0,563561550095967293743840793623207928679303836705271230763571,26.0,746.0,746.0,0.01192,0.01192,0.0,0.01192,0.98808
200.0,1295789132477604807715877944458947246775511838525972200835657,26.0,615.0,615.0,0.028159,0.028159,0.0,0.028159,0.971841
200.0,1580265433117145949318612574335473147379586407902007615572209,26.0,548.0,548.0,0.058174000000000003,0.058174000000000003,0.0,0.058174000000000003,0.941826
200.0,1031264165415914398404034296717937295434353057321618942293977,26.0,641.0,641.0,0.023777,0.023777,0.0,0.023777,0.976223
200.0,942274183107708126744367799889859979943002828490182769563693,26.0,704.0,704.0,0.011604,0.011604,0.0,0.011604,0.988396
200.0,1243256742262564810336975229173603901549307573958804818142771,26.0,583.0,576.0,0.002073,0.004912,0.013175,0.015248,0.984752
200.0,1332260463557925975266900697251791362056896106900938778652773,26.0,677.0,677.0,0.052405,0.052405,0.0,0.052405,0.947595
200.0,1534546510819566200886924830244913417667526810936895301477933,26.0,422.0,422.0,0.032574,0.032574,0.0,0.032574,0.967426
200.0,1457315434423192483527568367362496447605043071246754450536801,26.0,575.0,555.0,0.036801999999999994,0.036478,0.15084200000000003,0.18764400000000003,0.812356
200.0,1515478547137402687976907484166669091143375006869904371011019,26.0,566.0,561.0,0.028899,0.020837,0.048107000000000004,0.077006,0.922994
200.0,1328401728722624823335450602027897002059084341229046226740677,26.0,490.0,490.0,0.018317,0.018317,0.0,0.018317,0.981683
200.0,1069405338840333297089210313682851116995000495488370707114107,26.0,852.0,852.0,0.097812,0.097812,0.0,0.097812,0.902188
200.0,1577668914616112972976239927299568044527242009386300299995513,26.0,1004.0,995.0,0.02668,0.004836,0.015653,0.042332999999999996,0.957667
200.0,924932144930952159695588929751342486737404577556159754527249,26.0,431.0,431.0,0.015516,0.015516,0.0,0.015516,0.984484
200.0,1430455149298665257668430782969274466789353299446322896956953,26.0,446.0,446.0,0.012594,0.012594,0.0,0.012594,0.987406
200.0,1471759896903796862187242593818058236014421372969552658348613,26.0,844.0,844.0,0.024141,0.024141,0.0,0.024141,0.975859
200.0,1024997524686414507856278528573582273997937245288256214142637,26.0,547.0,547.0,0.078769,0.078769,0.0,0.078769,0.921231
200.0,1269662956978065591146754145192337292773571460456699566030607,26.0,523.0,523.0,0.020486,0.020486,0.0,0.020486,0.979514
200.0,1251023694717248924976673861910298094342092199701445949798563,26.0,692.0,688.0,0.021567,0.008668,0.008668,0.030234999999999998,0.969765
200.0,1165094867829338354631660035180329869977597764175158753523867,26.0,540.0,540.0,0.025551,0.025551,0.0,0.025551,0.974449
200.0,1245161625256545119714043746004026254459007086115269518670777,26.0,632.0,632.0,0.023897,0.023897,0.0,0.023897,0.9761029999999999
