Bit_length,N,Lattice_dimension,|b_op - t|^2,|vbest - t|^2,P(b_op),P(vbest),P(|vnew - t|^2 < |b_op - t|^2),P(|vnew - t|^2 <= |b_op - t|^2),P(|vnew - t|^2 > |b_op - t|^2)
150,1268771206145175299492684899681878877410684841,21,728,728,0.138439,0.138439,0.0,0.138439,0.861561
150,1403762530472620237905076428332939916844331359,21,310,297,0.124947,0.159786,0.22406,0.349007,0.6509929999999999
150,918882917500502786903408324526441238854631741,21,407,397,0.07771,0.076119,0.076119,0.153829,0.846171
150,1044411862674117053622929515451672202864979129,21,397,397,0.099478,0.099478,0.0,0.099478,0.900522
150,1199592981228806239321120961178599459097610483,21,601,601,0.023096,0.023096,0.0,0.023096,0.976904
150,912632394066698132144971044037258218777602291,21,384,384,0.122841,0.122841,0.0,0.122841,0.877159
150,1033085278351720441874660444922199074374033881,21,454,454,0.032993,0.032993,0.0,0.032993,0.967007
150,1039667922595230805682141254323399644574814367,21,704,702,0.088102,0.19285,0.19285,0.280952,0.719048
150,1076261801716221769627743498540654753005411033,21,605,584,0.025133,0.034163,0.36369799999999997,0.388831,0.6111690000000001
150,868981675879730421007669707059890716656754209,21,391,391,0.116168,0.116168,0.0,0.116168,0.883832
150,1198940008513470371886998720870433706529677289,21,318,309,0.103994,0.118233,0.394791,0.49878500000000003,0.501215
150,1001065868810988745766471076060380006588792189,21,391,391,0.089661,0.089661,0.0,0.089661,0.910339
150,1018523197675518130041140861676478171959383813,21,315,315,0.429729,0.429729,0.0,0.429729,0.570271
150,999406335763551690568793874408994581594369181,21,305,305,0.252994,0.252994,0.0,0.252994,0.7470060000000001
150,1386649915270975663546803936212330370020386207,21,333,333,0.090655,0.090655,0.0,0.090655,0.909345
150,1252835724482748605844023934169349660374906087,21,379,379,0.347374,0.347374,0.0,0.347374,0.6526259999999999
150,1420753685420564064872708676390123998125705549,21,349,349,0.283016,0.283016,0.0,0.283016,0.7169840000000001
150,1076920912535396901213842625717381087368331181,21,417,417,0.094803,0.094803,0.0,0.094803,0.905197
150,1124397583306701037985991208303905429810161357,21,352,352,0.193719,0.193719,0.0,0.193719,0.806281
150,1130353955473240791783568532060655958732460941,21,408,408,0.19908,0.19908,0.0,0.19908,0.80092
151,2363319035074246419340419055739401443130238059,21,544,505,0.030954,0.009507,0.3448950000000001,0.3758490000000001,0.6241509999999999
151,2471201957583473321167345886570639941825218311,21,396,396,0.059685,0.059685,0.0,0.059685,0.940315
151,2315715608364087921901708175621836301416617007,21,292,292,0.086277,0.086277,0.0,0.086277,0.913723
151,2763171157217537386323259861099914830334818519,21,613,595,0.046513,0.05678,0.05678,0.103293,0.896707
151,1758775630326182635026447808028302358291781499,21,296,296,0.101409,0.101409,0.0,0.101409,0.898591
151,2188378164211148987192836592303698338909975503,21,332,318,0.154636,0.057768,0.057768,0.21240399999999998,0.787596
151,1829627983140478483810934234803641664206450619,21,355,355,0.186301,0.186301,0.0,0.186301,0.813699
151,1569735030968914361557174823910579735657956107,21,310,304,0.295891,0.183128,0.183128,0.47901900000000003,0.5209809999999999
151,2843239852874861508784440371081621911410347591,21,581,581,0.127812,0.127812,0.0,0.127812,0.872188
151,2624675574003230296718034974584383454961661761,21,577,577,0.067397,0.067397,0.0,0.067397,0.932603
151,1746328694271824837631752461766830788699201941,21,497,492,0.027083,0.033526,0.054439,0.081522,0.918478
151,2456234120258232727729365675070691784694223131,21,661,651,0.06972300000000001,0.074237,0.123788,0.193511,0.806489
151,2689914182894566195371701173819301836708498979,21,414,397,0.057811,0.021799,0.276379,0.33419,0.66581
151,2472879649799491864465871187917726124213054643,21,388,383,0.039754,0.042492,0.042492,0.082246,0.917754
151,2641928437820330089399895839369416426912654047,21,603,596,0.087897,0.081584,0.081584,0.169481,0.830519
151,2217024583566038902931835040749210710155293863,21,329,329,0.153908,0.153908,0.0,0.153908,0.8460920000000001
151,2795955547593262531562466415054318143278579719,21,418,393,0.030545,0.064932,0.30357,0.334115,0.6658850000000001
151,2754384674264655946791346511962590129499967297,21,527,527,0.046236,0.046236,0.0,0.046236,0.9537640000000001
151,1922698035563121141756137662031262831101446511,21,321,321,0.021363,0.021363,0.0,0.021363,0.978637
151,2578633082003778088940013102956628479805360761,21,526,526,0.136576,0.136576,0.0,0.136576,0.863424
152,3650146379785934850995660671580553841765454981,21,332,327,0.064514,0.09164800000000001,0.190566,0.25508000000000003,0.74492
152,4447694107941335768274189003948589146948883409,21,397,397,0.297888,0.297888,0.0,0.297888,0.7021120000000001
152,5304044781028480773455459789567804501864780699,21,391,379,0.181739,0.050337,0.050337,0.232076,0.767924
152,5225791236691602749703859113684043992716841463,21,404,404,0.173476,0.173476,0.0,0.173476,0.826524
152,5425403301002418901669361546561888615280596761,21,404,374,0.058947,0.047818,0.246248,0.305195,0.694805
152,5202335230032226630491022567996748864390119873,21,446,446,0.23472,0.23472,0.0,0.23472,0.76528
152,4003774395708740189647636396775460720094087057,21,338,333,0.038713,0.010578,0.010578,0.049291,0.950709
152,5276249290787396224699127825641594167433771223,21,372,372,0.160148,0.160148,0.0,0.160148,0.839852
152,4381176969443188923764265381058182084891594073,21,455,455,0.161829,0.161829,0.0,0.161829,0.838171
152,5541991812747053012003965966406093820220699999,21,301,301,0.526766,0.526766,0.0,0.526766,0.47323400000000004
152,5648300508047326241541247933495397085050508533,21,379,379,0.298998,0.298998,0.0,0.298998,0.701002
152,4837654055687374110886315087296888936559582543,21,331,291,0.082705,0.097909,0.40290300000000007,0.48560800000000004,0.514392
152,3169527753809835033737422227494034075208154897,21,365,365,0.033344,0.033344,0.0,0.033344,0.966656
152,4751384359859390003700613749548751936187354063,21,353,353,0.2997,0.2997,0.0,0.2997,0.7002999999999999
152,5115713692797196694227360148049458957592665221,21,314,307,0.100618,0.102622,0.320933,0.421551,0.578449
152,5377906651632174967507002058972880963848446937,21,461,451,0.062419,0.014605,0.014605,0.07702400000000001,0.922976
152,4794192939950703723191510856383251915586655239,21,375,375,0.264937,0.264937,0.0,0.264937,0.735063
152,4098436965705153817981088577951066512799793241,21,486,467,0.208879,0.380877,0.380877,0.5897560000000001,0.41024399999999994
152,4397317578261604652631366972202456990923173239,21,607,602,0.045664,0.031894,0.031894,0.077558,0.922442
152,5641409895201969238429625932613600677431973529,21,369,358,0.115218,0.163717,0.373866,0.48908399999999996,0.510916
153,7688734886215973313958737522072259896979469359,21,488,488,0.110772,0.110772,0.0,0.110772,0.889228
153,9965367899123149749669237053467022764500819709,21,364,340,0.009664,0.032421,0.11732000000000001,0.126984,0.873016
153,8648715940089396413954292296253489279668879831,21,364,355,0.124358,0.186352,0.24540599999999999,0.369764,0.630236
153,9992486217185404533285574560152593379868586411,21,312,303,0.158107,0.067118,0.067118,0.225225,0.774775
153,8752395201001776336645971436266201719253038903,21,273,273,0.108603,0.108603,0.0,0.108603,0.891397
153,10307828778112676279744687232183733883997747787,21,304,304,0.235865,0.235865,0.0,0.235865,0.764135
153,8927473020776419491333060829150295244420281503,21,499,462,0.062378,0.007986,0.259413,0.321791,0.6782090000000001
153,7853849523366438727173539795218496833560636149,21,509,489,0.124752,0.032277,0.30471499999999996,0.42946699999999993,0.5705330000000001
153,8674604146514496475964987674111780570888473743,21,283,283,0.15082,0.15082,0.0,0.15082,0.84918
153,8982522494550749295857332138146435777716539013,21,326,326,0.155488,0.155488,0.0,0.155488,0.844512
153,7465338556163117004724110416934405812498881597,21,443,443,0.230673,0.230673,0.0,0.230673,0.769327
153,9002256784614521734062834292945636253381789701,21,482,471,0.090598,0.087378,0.087378,0.177976,0.822024
153,9730043924092499024899737640031060516457357727,21,518,518,0.261035,0.261035,0.0,0.261035,0.738965
153,7772785559916630760629013439531712505833223283,21,335,335,0.250237,0.250237,0.0,0.250237,0.749763
153,6331403492532550906969515225158616949065412553,21,348,340,0.091824,0.108823,0.108823,0.20064700000000002,0.799353
153,9499729964075602707801866275682306216169333647,21,580,580,0.133992,0.133992,0.0,0.133992,0.866008
153,10623137933847890583214243354934109612727566337,21,398,398,0.105374,0.105374,0.0,0.105374,0.894626
153,8298489176359263229418112630907164868713161869,21,425,425,0.211313,0.211313,0.0,0.211313,0.788687
153,10423403876173039960502215978962041272294895987,21,351,351,0.102501,0.102501,0.0,0.102501,0.897499
153,11331438524408402513759859710883003140234689001,21,566,555,0.018103,0.04774,0.156734,0.17483700000000002,0.825163
154,20144352470088160067192230120293841747066127093,21,398,394,0.036627,0.015799,0.015799,0.052426,0.947574
154,13741129409913179912586613425642421907057677927,21,331,331,0.559465,0.559465,0.0,0.559465,0.440535
154,22555697926472858658256090868373281917048139777,21,484,480,0.023332,0.008117,0.073411,0.096743,0.903257
154,21622466558921334027105350728738281221011715713,21,470,470,0.086023,0.086023,0.0,0.086023,0.913977
154,22717282832414613486487854671615889194348202509,21,432,432,0.213738,0.213738,0.0,0.213738,0.786262
154,15553662272752172389304818266535674850670048197,21,324,324,0.058635,0.058635,0.0,0.058635,0.941365
154,16287234057599780494928529944429983938735953333,21,356,338,0.050395,0.015161,0.066199,0.116594,0.883406
154,20227306669577710217883266196429106847542507013,21,591,591,0.048178,0.048178,0.0,0.048178,0.951822
154,18361999857484992568400964915559137162309312233,21,359,359,0.060472,0.060472,0.0,0.060472,0.939528
154,17615067981495998635949724796624661825505231481,21,515,475,0.036824,0.059372,0.6609600000000002,0.6977840000000002,0.3022159999999998
154,16965780184675510815549338206501125311473383031,21,416,416,0.006541,0.006541,0.0,0.006541,0.993459
154,17145713058305669983102778787612006911670513347,21,475,452,0.1766,0.124974,0.124974,0.301574,0.698426
154,20285317985568063024579677341972941193428143231,21,300,300,0.254188,0.254188,0.0,0.254188,0.7458119999999999
154,19892574816341431255761561129070142233703448899,21,484,484,0.284393,0.284393,0.0,0.284393,0.715607
154,14482484907695104154754286426816369245597742123,21,429,429,0.081074,0.081074,0.0,0.081074,0.918926
154,21308599822779449843544699903616188167691769657,21,446,427,0.090694,0.076575,0.076575,0.167269,0.832731
154,19652552707990061015357354059734076466348869901,21,368,368,0.042133,0.042133,0.0,0.042133,0.957867
154,15836062588559999481222001755306755400249974411,21,351,348,0.193545,0.138878,0.138878,0.332423,0.667577
154,17640605793899812190237760431948486244893089589,21,390,390,0.046222,0.046222,0.0,0.046222,0.953778
154,13200322048523091361380223530828151918467232499,21,285,277,0.031397,0.067446,0.067446,0.09884300000000001,0.901157
155,31340595875958809044343360964929799034189512361,21,438,436,0.239467,0.091725,0.091725,0.33119200000000004,0.668808
155,33883679322606457824492978417378120332359598171,21,356,350,0.201662,0.08177,0.08177,0.283432,0.716568
155,38431961138800983210425437779183955699273663877,21,536,536,0.156616,0.156616,0.0,0.156616,0.843384
155,44842574992398006827792831817449122409176524571,21,385,377,0.020853,0.009247,0.020226,0.041079000000000004,0.958921
155,44479412022428483167051033854365771430317272061,21,544,544,0.030445,0.030445,0.0,0.030445,0.969555
155,39653904137769014668557378511260469269135182431,21,326,299,0.069144,0.060453,0.291024,0.360168,0.639832
155,36615548944643269126239193831815135044946113087,21,338,329,0.24008,0.224209,0.224209,0.46428899999999995,0.535711
155,35728624388846244763032748679732750007278619919,21,328,328,0.110751,0.110751,0.0,0.110751,0.889249
155,39471143362465673450737740007926815837598407923,21,455,439,0.053756,0.005392,0.07117300000000001,0.12492900000000001,0.8750709999999999
155,43620356160753924413764228467447052158522613007,21,452,431,0.07964,0.131502,0.131502,0.211142,0.7888580000000001
155,29666396188587728462615862057347321613786496027,21,547,545,0.143186,0.021963,0.021963,0.16514900000000002,0.834851
155,41677893527522320684434778067984642792936350873,21,527,494,0.026092,0.039742,0.20536800000000002,0.23146000000000003,0.76854
155,32675536969479286942701324674137910119680337459,21,332,332,0.330939,0.330939,0.0,0.330939,0.669061
155,44919866654372607559021538428305729263662282117,21,528,528,0.501758,0.501758,0.0,0.501758,0.49824199999999996
155,36452200589072916411983425394632165549777886227,21,468,468,0.159476,0.159476,0.0,0.159476,0.840524
155,33203524258924130270853246380045741567145994259,21,443,434,0.250128,0.090692,0.090692,0.34082,0.65918
155,36946503351030864812990481678628454987070959527,21,394,364,0.033873,0.042835,0.38505899999999993,0.4189319999999999,0.5810680000000001
155,44458044889519333576801527839740244268692202469,21,636,623,0.049206,0.037893,0.17189600000000002,0.22110200000000002,0.778898
155,36744155090184780124393526442075144163055399837,21,366,366,0.056655,0.056655,0.0,0.056655,0.943345
155,32611265262434541992311659835491097552848382807,21,277,277,0.093395,0.093395,0.0,0.093395,0.906605
156,58842411492108631901824870167723622565249820361,21,541,541,0.138099,0.138099,0.0,0.138099,0.861901
156,58647263901409677188415888297848821138605832667,21,353,338,0.089429,0.314419,0.314419,0.403848,0.596152
156,60691833191625566815713087621249445278906020923,21,443,443,0.14895,0.14895,0.0,0.14895,0.85105
156,83500911560012017920943706628836329963659227611,21,420,420,0.073866,0.073866,0.0,0.073866,0.926134
156,79699952235555146846014724188269022467857700953,21,458,450,0.041884,0.041082,0.041082,0.082966,0.917034
156,68617923715717279114730426060969764483412652871,21,562,562,0.148383,0.148383,0.0,0.148383,0.8516170000000001
156,70292815550175575334435593661308688973972707499,21,329,324,0.086852,0.169734,0.169734,0.256586,0.743414
156,88395906091853951743306426033388820009527178553,21,334,334,0.279938,0.279938,0.0,0.279938,0.720062
156,58490997193338963447736793476829606786651843411,21,361,361,0.116299,0.116299,0.0,0.116299,0.883701
156,88153376653160901709431525294744255033299399513,21,438,438,0.118728,0.118728,0.0,0.118728,0.881272
156,83749952449871415989936799658384575288153567857,21,493,493,0.153419,0.153419,0.0,0.153419,0.846581
156,63215896343305696798861673825073441341593157323,21,286,286,0.044929,0.044929,0.0,0.044929,0.955071
156,68367618624389291832609274122568807692737410747,21,344,344,0.064989,0.064989,0.0,0.064989,0.935011
156,85976042848566498516350067546598036064176697617,21,456,454,0.033416,0.04353,0.04353,0.076946,0.923054
156,77050956204250174763972617362140681574229342091,21,728,728,0.241226,0.241226,0.0,0.241226,0.7587740000000001
156,67397778703558464646892241700035691887301648579,21,550,550,0.091018,0.091018,0.0,0.091018,0.908982
156,82158015067987949738815070788850184671973579587,21,403,403,0.092229,0.092229,0.0,0.092229,0.907771
156,55015423047501982644190563451191716439122432951,21,383,382,0.031957,0.024929,0.024929,0.056886,0.943114
156,85336908532608541436048263259686225667526362047,21,607,607,0.148768,0.148768,0.0,0.148768,0.851232
156,56731211956952175175952662358019177731725234237,21,380,380,0.049547,0.049547,0.0,0.049547,0.950453
157,120282166308024689728299980121863747670916310267,21,434,434,0.115218,0.115218,0.0,0.115218,0.884782
157,120820017068622794622130921127946349513431310843,21,531,507,0.030661,0.149846,0.3829729999999999,0.4136339999999999,0.5863660000000002
157,160354239376266933764514100701359388571858132879,22,426,426,0.100997,0.100997,0.0,0.100997,0.899003
157,178540342865713130388740603822271194677254392441,22,404,400,0.043817,0.030343,0.030343,0.07416,0.92584
157,133758242352280888913921190835052846329897153133,21,484,475,0.071431,0.076294,0.076294,0.147725,0.852275
157,119751792167523699090520105500834166573709024723,21,351,351,0.29214,0.29214,0.0,0.29214,0.7078599999999999
157,142866301722166299614859219990227501097218329553,21,429,420,0.046133,0.020435,0.066396,0.11252899999999999,0.887471
157,159460056477105651797755450704992108220297439993,22,353,353,0.083544,0.083544,0.0,0.083544,0.916456
157,129765827297228317584448178357227745213663923673,21,452,443,0.029626,0.030006,0.07120800000000001,0.10083400000000001,0.899166
157,153041151061952724068377978141007513960278537129,21,515,504,0.08453,0.159713,0.198598,0.283128,0.716872
157,112556148137934308610401610728139436816885032007,21,331,331,0.14286,0.14286,0.0,0.14286,0.85714
157,155016348949192392834761783400231900623445364769,21,555,520,0.032231,0.100606,0.47100200000000003,0.503233,0.49676699999999996
157,165332485530732496445379876290371501984439220227,22,392,392,0.035995,0.035995,0.0,0.035995,0.964005
157,173008319555191101708826910175525434497734262397,22,287,287,0.059211,0.059211,0.0,0.059211,0.940789
157,143078279358113528954735774091416278002769110083,21,576,544,0.020391,0.027127,0.156309,0.1767,0.8233
157,139537309577365933739952691194841985292959417899,21,283,283,0.084832,0.084832,0.0,0.084832,0.915168
157,150381007425703993922643997626233047809831195563,21,319,304,0.10452399999999999,0.017146,0.10391600000000001,0.20844000000000001,0.79156
157,125414534553540336555987249708054473022979850233,21,352,352,0.28534,0.28534,0.0,0.28534,0.7146600000000001
157,100495160702135079890032717344114075262462068991,21,344,344,0.342006,0.342006,0.0,0.342006,0.657994
157,126081296153973360472994917714723398699218116441,21,780,772,0.041289,0.015283,0.068852,0.11014099999999999,0.889859
158,244084876567438940415979589793753210761831799169,22,393,390,0.225464,0.136837,0.136837,0.362301,0.637699
158,311889364802148711770367329783808121108240984963,22,427,425,0.134225,0.052049,0.052049,0.186274,0.813726
158,315552892616518612169009766705743992617805242163,22,292,292,0.425308,0.425308,0.0,0.425308,0.574692
158,364568451629159625851465545891850771901219214163,22,374,371,0.168567,0.082199,0.082199,0.250766,0.749234
158,213880798395599609631736184456759089379285659049,22,435,435,0.044265,0.044265,0.0,0.044265,0.955735
158,364596676892949119436289041863521153445811753029,22,520,520,0.07995,0.07995,0.0,0.07995,0.92005
158,215840103126036545942721515629965329944602697057,22,572,561,0.035683,0.049778,0.204104,0.239787,0.760213
158,259043540185824666457272444893607678141566205487,22,346,346,0.106406,0.106406,0.0,0.106406,0.893594
158,311426830077414386887481553693471517445014703609,22,373,367,0.053102,0.029784,0.121216,0.174318,0.825682
158,220678872755010770809359894948879428023872635453,22,355,352,0.0664,0.056276,0.056276,0.12267600000000001,0.877324
158,324273864736092445034262802970079797120470198979,22,439,439,0.147898,0.147898,0.0,0.147898,0.852102
158,335973439137660892963362517099047189556286786761,22,323,323,0.049767,0.049767,0.0,0.049767,0.950233
158,282449349227109527988465852865060163003324312407,22,324,324,0.265836,0.265836,0.0,0.265836,0.734164
158,208746167169143822300193643710778500356712398063,22,467,462,0.073681,0.022782,0.039758,0.113439,0.886561
158,334111037801880478290657958251924991420673909189,22,488,488,0.117591,0.117591,0.0,0.117591,0.882409
158,278758463930102758470340608089823158233270489379,22,355,319,0.098015,0.039744,0.23777500000000001,0.33579000000000003,0.66421
158,334359694784871699894821359716571301393005547539,22,411,399,0.211843,0.05594,0.173598,0.38544100000000003,0.614559
158,266330340319030988935371369155445034828168547083,22,372,372,0.040258,0.040258,0.0,0.040258,0.959742
158,304296786548695733429639288499877719781617137947,22,580,580,0.275134,0.275134,0.0,0.275134,0.724866
158,363187749995613157299748064319278147359621272623,22,662,662,0.064023,0.064023,0.0,0.064023,0.9359770000000001
159,686564447258462630098219799118347627120122126259,22,495,495,0.093517,0.093517,0.0,0.093517,0.906483
159,589551271893462661314759463097397605089591304053,22,483,483,0.11511,0.11511,0.0,0.11511,0.88489
159,631182522272441179585206326884145264567358144641,22,318,300,0.076516,0.148371,0.288424,0.36494000000000004,0.63506
159,436106084503182412560423534629337392438805726397,22,508,508,0.049806,0.049806,0.0,0.049806,0.950194
159,614365874960561724255698902936314085451009978123,22,438,426,0.098537,0.045847,0.228244,0.326781,0.673219
159,652808814800014009591626662453549818193223047839,22,675,675,0.108785,0.108785,0.0,0.108785,0.891215
159,431497693573687811342235449780503037093880478249,22,422,422,0.141344,0.141344,0.0,0.141344,0.858656
159,641417960009003073536715539762385574694132608057,22,318,318,0.05176,0.05176,0.0,0.05176,0.94824
159,556755493522333610334550996104356886728067513937,22,446,446,0.199674,0.199674,0.0,0.199674,0.800326
159,518738300042543123329242792010704876266634471203,22,531,512,0.068854,0.100874,0.100874,0.169728,0.830272
159,622775601463755434010798895296308923399679148479,22,370,367,0.032013,0.019975,0.058362,0.090375,0.909625
159,721092743353983610239239300767561842232656810121,22,371,371,0.186369,0.186369,0.0,0.186369,0.813631
159,725700541872878647978311987906512435448724917323,22,360,344,0.129997,0.034034,0.42908799999999997,0.5590849999999999,0.44091500000000006
159,680792306276738068787445684933623704836521586517,22,402,402,0.15701,0.15701,0.0,0.15701,0.84299
159,609838293034917899422422535971964737888944079431,22,564,554,0.027911,0.062116,0.17730800000000002,0.205219,0.794781
159,500003566005968344293642166685142120533963613397,22,375,366,0.057068,0.15812,0.438554,0.495622,0.504378
159,672585552363075626030436013518741587083784197091,22,956,956,0.07011,0.07011,0.0,0.07011,0.92989
159,667853203575891446356676483576275288677930218477,22,369,369,0.053768,0.053768,0.0,0.053768,0.946232
159,452729177399062213984412625994093209513957053659,22,491,490,0.033882,0.058876,0.058876,0.09275800000000001,0.907242
159,718517666115847144224280227758502807408113808437,22,604,595,0.049469,0.033296,0.033296,0.082765,0.917235
160,1115913240165002032294944939882858364194015937199,22,356,337,0.033978,0.062312,0.201273,0.23525100000000002,0.764749
160,1440912770676709848638629792376134253525608074541,22,628,626,0.028436,0.086158,0.086158,0.114594,0.885406
160,933815358984064483011197510331330335221655664157,22,410,404,0.140116,0.073137,0.270545,0.41066099999999994,0.5893390000000001
160,969243323728712475535486623630623651719920512731,22,368,368,0.508718,0.508718,0.0,0.508718,0.491282
160,1076466504888089627494905309713319219664710433643,22,374,373,0.22418300000000002,0.194065,0.194065,0.418248,0.581752
160,1421116437931458286969196379690998986504855152749,22,564,553,0.037227,0.02158,0.074689,0.11191600000000002,0.888084
160,1172553592352544090305146581654443943982800468347,22,384,384,0.148041,0.148041,0.0,0.148041,0.851959
160,909793617870750937141425081136809004936031725807,22,846,837,0.113555,0.06351,0.088571,0.202126,0.797874
160,1057437110620229076506102833609193814696668318251,22,409,408,0.228576,0.065813,0.065813,0.294389,0.705611
160,1272489506939449407441353102540516266393948251787,22,392,392,0.148584,0.148584,0.0,0.148584,0.851416
160,1080313044916089688695708805273339794814591207951,22,334,334,0.08823,0.08823,0.0,0.08823,0.91177
160,1149353867679185877473020663684612261737991945873,22,322,316,0.080052,0.097032,0.097032,0.177084,0.822916
160,983949157142389589790721652739207946878875195771,22,355,349,0.119501,0.123649,0.123649,0.24314999999999998,0.75685
160,1361143599389480694086689546211220334021828686817,22,405,405,0.280801,0.280801,0.0,0.280801,0.7191989999999999
160,1021091838147883904869937336936298707335596006313,22,467,448,0.054842999999999996,0.020452,0.32668300000000006,0.38152600000000003,0.618474
160,1294988162211010208686476509915675738782236322669,22,401,401,0.281091,0.281091,0.0,0.281091,0.718909
160,1122941529731570548110403398235866601161586536011,22,350,350,0.166448,0.166448,0.0,0.166448,0.833552
160,1432805530443255062195929071604085524855630107221,22,361,361,0.098413,0.098413,0.0,0.098413,0.901587
160,1153032896620140114746318270771321999716861546507,22,437,437,0.204422,0.204422,0.0,0.204422,0.795578
160,964310714558373662737593657033125267637818078167,22,374,361,0.054679,0.081098,0.16581,0.22048900000000002,0.779511
161,2549342994142969438502207735324263431486603124709,22,349,349,0.099725,0.099725,0.0,0.099725,0.900275
161,2681100216348215889829625802961254331665674276717,22,434,433,0.032732,0.008712,0.008712,0.041443999999999995,0.958556
161,2880298692764464678292391755309173496702002183049,22,454,454,0.052209,0.052209,0.0,0.052209,0.947791
161,1772591985057680454231176923477927954936575167497,22,298,298,0.352241,0.352241,0.0,0.352241,0.647759
161,2083705746610030102470078930728254734269258767559,22,405,405,0.214559,0.214559,0.0,0.214559,0.7854410000000001
161,2592051223899969308896255211589583595849607840917,22,531,522,0.064451,0.028329,0.141321,0.205772,0.7942279999999999
161,1964444950659050423101133436896095725128026615861,22,320,320,0.057277,0.057277,0.0,0.057277,0.942723
161,2664894503748551145754658751022334263049302504109,22,410,396,0.125292,0.084754,0.12082,0.246112,0.753888
161,2890667027374661591725712210164725411830649644971,22,453,453,0.121903,0.121903,0.0,0.121903,0.878097
161,2315237919643127678001317504649602348775135239989,22,419,419,0.156463,0.156463,0.0,0.156463,0.843537
161,2263615665739021443959839330064499024174205984757,22,355,353,0.302956,0.127511,0.127511,0.43046700000000004,0.569533
161,2715737041694779962072587570440702427479596688267,22,412,399,0.050609,0.102461,0.16949599999999998,0.220105,0.779895
161,2242913431855633380375884470582819076336280851693,22,563,563,0.07216,0.07216,0.0,0.07216,0.92784
161,2196055705110050413211594819707917380387387874647,22,478,478,0.110429,0.110429,0.0,0.110429,0.889571
161,2386559963764208317133465196705396071874399113177,22,454,454,0.090451,0.090451,0.0,0.090451,0.9095489999999999
161,2496018222066887071360307538619052262154796275933,22,460,451,0.044712,0.119064,0.119064,0.163776,0.836224
161,2643999513168057204584957107582487653622472397817,22,473,473,0.038153,0.038153,0.0,0.038153,0.961847
161,2635743115320503461112643487699959884803825828717,22,412,412,0.205078,0.205078,0.0,0.205078,0.794922
161,2825605982926347409937517778879057613012900909681,22,434,433,0.016213,0.012478,0.012478,0.028691,0.971309
161,1945681273593238791686785823639092496168175333883,22,455,455,0.083573,0.083573,0.0,0.083573,0.916427
162,5142726192263316119305765044724202366191059020131,22,431,431,0.147125,0.147125,0.0,0.147125,0.852875
162,4356714020119985091707387224305757015484033268083,22,354,354,0.247069,0.247069,0.0,0.247069,0.752931
162,5760088733269586802798761031015562375783053998981,22,411,399,0.21201,0.139468,0.139468,0.351478,0.648522
162,5126536210830929842911126218863559555593079772241,22,462,449,0.047887,0.017685,0.028759,0.07664599999999999,0.923354
162,4355984306317180250941284630714493550289288293197,22,529,529,0.168024,0.168024,0.0,0.168024,0.831976
162,5372238624316637074604877264416233805336449398107,22,393,381,0.027272,0.046849,0.144653,0.171925,0.828075
162,3370953511586955617438834489704567964510236112387,22,366,348,0.038907,0.171884,0.314001,0.352908,0.647092
162,5654048134438701321190467092520015125597334765619,22,929,919,0.033517,0.023103,0.034866999999999995,0.068384,0.931616
162,5347560175544712010315634817224870510859508906709,22,426,426,0.153445,0.153445,0.0,0.153445,0.846555
162,5736419416140119735836049169364015628764346059723,22,814,797,0.018054,0.018457,0.081673,0.099727,0.900273
162,4650109252981784028797300655435682334415722439709,22,507,504,0.095124,0.022961,0.022961,0.118085,0.881915
162,4851575313540019468754262146798472592699356416503,22,445,445,0.079849,0.079849,0.0,0.079849,0.9201509999999999
162,4620052361353557581946034404083231874642184874639,22,470,462,0.357046,0.048554,0.048554,0.40559999999999996,0.5944
162,5522800988337253824728791418632480547260333713827,22,417,417,0.176028,0.176028,0.0,0.176028,0.823972
162,5499586014822265836968576304450001678297022377393,22,658,658,0.087288,0.087288,0.0,0.087288,0.912712
162,3564133393297332356275713734544213713680389996917,22,385,385,0.067011,0.067011,0.0,0.067011,0.932989
162,5515322111725050184603784308918954761722437406837,22,422,413,0.105293,0.045897,0.045897,0.15119,0.8488100000000001
162,4485461183490214672847356727639397071039303926699,22,390,390,0.118321,0.118321,0.0,0.118321,0.881679
162,5195480640606091839263058107075820094394110075261,22,379,374,0.136045,0.085101,0.085101,0.221146,0.7788539999999999
162,5741107958946558148650160180297387601202820663099,22,469,469,0.177871,0.177871,0.0,0.177871,0.822129
163,9747578468936317254902406784741698921811080904511,22,423,408,0.11680399999999999,0.104938,0.230522,0.347326,0.652674
163,10111701947436338618707597112719816959644907307921,22,494,494,0.146995,0.146995,0.0,0.146995,0.853005
163,9500974977324321481710304769960767745184067228853,22,389,383,0.069929,0.066395,0.066395,0.136324,0.863676
163,10923265258610933252939304751090963667320491815059,22,370,370,0.147708,0.147708,0.0,0.147708,0.852292
163,6277296598420519157375291811600475171257085054819,22,328,328,0.212856,0.212856,0.0,0.212856,0.7871440000000001
163,9231618602773719751425117097585869209969078112883,22,456,449,0.102688,0.065813,0.099,0.201688,0.798312
163,10035352768951452538707551978057565508665635317309,22,472,465,0.057076,0.105912,0.105912,0.16298800000000002,0.837012
163,7654209071367977951897371689264431599631570961337,22,337,337,0.06258,0.06258,0.0,0.06258,0.93742
163,10824194889247063645916265364865318315163275587691,22,393,363,0.064531,0.075811,0.117617,0.182148,0.817852
163,7007067855178084077334907729020251703138388423407,22,588,588,0.091402,0.091402,0.0,0.091402,0.908598
163,11563629162960767561469993435982566900206290797341,22,339,339,0.316872,0.316872,0.0,0.316872,0.683128
163,10432647582007091942814866236806348920448169897081,22,412,409,0.112975,0.059587,0.215027,0.328002,0.671998
163,11013321740409425001654829975108773198879722323169,22,486,486,0.214269,0.214269,0.0,0.214269,0.785731
163,11388208541060705561819087229232095358667380786273,22,566,566,0.171908,0.171908,0.0,0.171908,0.828092
163,11103735522688372546281614770298463681690271542443,22,512,512,0.141427,0.141427,0.0,0.141427,0.858573
163,8215686036974456744106483973928387713743004968589,22,459,449,0.107054,0.061801,0.061801,0.168855,0.831145
163,10366420373188722818237768081269384282174284586279,22,524,518,0.052404,0.105916,0.105916,0.15832,0.84168
163,9887493049291697627584648336712714992824228820507,22,384,384,0.253422,0.253422,0.0,0.253422,0.746578
163,11291772697596805962306082330181863662191216703401,22,705,685,0.017708,0.013151,0.09360600000000001,0.11131400000000001,0.888686
163,8629299483287912574962165393081179705241759373329,22,539,539,0.296512,0.296512,0.0,0.296512,0.703488
164,20210344270042780228524473590981781384374263250651,22,712,674,0.010048,0.0066,0.15062300000000003,0.16067100000000004,0.839329
164,17385754946083473907588211247263282920082635440931,22,449,449,0.086722,0.086722,0.0,0.086722,0.913278
164,15065200337324516365624234372840728893791849883677,22,549,549,0.120561,0.120561,0.0,0.120561,0.879439
164,20001274208685757373389824972298109151192644683421,22,467,444,0.070135,0.097459,0.290704,0.360839,0.639161
164,23206373050027225840725924288883018652907266761573,22,416,416,0.07378,0.07378,0.0,0.07378,0.92622
164,22025345891505684794425190360346292788092251835117,22,343,343,0.13606,0.13606,0.0,0.13606,0.86394
164,17433500709489283073258616221836367960841092957683,22,417,417,0.159418,0.159418,0.0,0.159418,0.8405819999999999
164,20619243792726008996626054260855579390889646661671,22,519,514,0.049058000000000004,0.012419,0.0784,0.12745800000000002,0.8725419999999999
164,17851954102483708548111820947964979316071559518321,22,520,506,0.033718,0.052668,0.192531,0.226249,0.773751
164,15520227091786292775179646082304899324457570987803,22,414,414,0.176245,0.176245,0.0,0.176245,0.823755
164,21025509716353739955780362583473341923163070100707,22,511,508,0.136975,0.101623,0.101623,0.23859800000000003,0.7614019999999999
164,14498146431977835998639783360838649091026316741701,22,513,513,0.100138,0.100138,0.0,0.100138,0.8998619999999999
164,19111791960401045569879778943278968002523890458231,22,326,326,0.04843,0.04843,0.0,0.04843,0.95157
164,16530301572124410378960034538876085010836459672467,22,349,349,0.031957,0.031957,0.0,0.031957,0.968043
164,18221873864190480631751119997397311265906143427919,22,640,640,0.175377,0.175377,0.0,0.175377,0.824623
164,19509002958117864345830026901941875949728480482351,22,679,679,0.068631,0.068631,0.0,0.068631,0.931369
164,22672286378997470934496964350911104497412505665789,22,422,422,0.120538,0.120538,0.0,0.120538,0.879462
164,23046477364042922130498611236049763734841923672321,22,584,571,0.025551,0.019823,0.28582699999999994,0.31137799999999993,0.6886220000000001
164,17549286263321631100185248104947257910955608889553,22,373,373,0.260177,0.260177,0.0,0.260177,0.739823
164,21059636316678691840527110401614339175235554714931,22,480,480,0.136428,0.136428,0.0,0.136428,0.863572
165,41832933592112304400801943026671467969363831087923,22,360,360,0.057893,0.057893,0.0,0.057893,0.942107
165,35682862411294951100561921127821057964487467339443,22,420,408,0.209003,0.309966,0.309966,0.518969,0.481031
165,42835312913720678185448545784074783359123970744159,22,383,383,0.18119,0.18119,0.0,0.18119,0.81881
165,40881659780738625128558353749592964839279265435171,22,366,364,0.068886,0.132524,0.132524,0.20141,0.79859
165,45322494471102900510547891895971824081862698563281,22,360,343,0.029997,0.017396,0.062634,0.09263099999999999,0.907369
165,45929128788840959205376511336193947297685265640951,22,950,946,0.036837,0.009528,0.009528,0.046365,0.953635
165,44489998373490387700600426834275888436763809873019,22,807,807,0.044973,0.044973,0.0,0.044973,0.955027
165,35790092378947652923809024031202004014344249255817,22,484,473,0.078025,0.02302,0.02302,0.101045,0.898955
165,45161106773899709982331683988937842529673051859151,22,517,517,0.124555,0.124555,0.0,0.124555,0.875445
165,41611075822328138418773040753161992670148754649183,22,427,427,0.045184,0.045184,0.0,0.045184,0.954816
165,43893688025396579244143003549941949711112694897597,22,595,595,0.071172,0.071172,0.0,0.071172,0.928828
165,38949108443317524477011125919734633057707138102373,22,460,460,0.031366,0.031366,0.0,0.031366,0.968634
165,44506757530726502698455041633661918108484228681201,22,606,587,0.043265,0.0371,0.150919,0.194184,0.805816
165,45700176760813962794447132804379570073089321130619,22,452,450,0.13468,0.01482,0.027181999999999998,0.161862,0.838138
165,36717319074712975178793976563482551630954666600147,22,518,518,0.069169,0.069169,0.0,0.069169,0.930831
165,40081717737177734357477768258828819203380673838299,22,467,467,0.065546,0.065546,0.0,0.065546,0.934454
165,42668271582757088828333733690941986896240697265291,22,344,344,0.41932,0.41932,0.0,0.41932,0.58068
165,42066162699265700510000155471171171993026790897181,22,335,335,0.139118,0.139118,0.0,0.139118,0.860882
165,43079437256800894081452117481597778557867932256481,22,761,721,0.032087,0.038637,0.219703,0.25179,0.74821
165,39639751732104952918265482468837059446746603506727,22,455,455,0.053658,0.053658,0.0,0.053658,0.946342
166,64455071458380183185819126791305562795840205337607,22,556,556,0.015731,0.015731,0.0,0.015731,0.984269
166,90075771203582122330247262323941154266135655067703,23,584,577,0.21002700000000002,0.094624,0.094624,0.304651,0.695349
166,72228823129784081606691745887439926673012583025583,22,602,602,0.11832,0.11832,0.0,0.11832,0.88168
166,69837432774442923128016482628855170461287372899371,22,459,431,0.071922,0.062253,0.420483,0.492405,0.507595
166,89244922194937743144971782767253188914316795885797,23,520,502,0.055426,0.073258,0.073258,0.12868400000000002,0.871316
166,88746453267789363020668583643470490537450658613921,23,430,428,0.105821,0.084691,0.084691,0.19051200000000001,0.809488
166,88713786474705850221237608801094392192327303798911,23,433,409,0.026229,0.019066,0.10151899999999998,0.12774799999999997,0.872252
166,87557406481398096612837568774546924908523956472679,22,501,501,0.244261,0.244261,0.0,0.244261,0.7557389999999999
166,83804917377281198336877975468864158449629337119497,22,429,429,0.174141,0.174141,0.0,0.174141,0.825859
166,81569638913156092214718111347132660641468885512997,22,374,374,0.179418,0.179418,0.0,0.179418,0.820582
166,52608719657148563796512530136536674250280158137673,22,587,587,0.236638,0.236638,0.0,0.236638,0.763362
166,89221264190598117801701321295581964396857406691793,23,360,360,0.430865,0.430865,0.0,0.430865,0.569135
166,91421352408629645983856436933886907626516790327531,23,444,439,0.043546,0.189047,0.29020199999999996,0.33374799999999993,0.6662520000000001
166,92354408607697290294087669975129842220424154225839,23,359,359,0.032069,0.032069,0.0,0.032069,0.967931
166,90307244958886521065070588400571519599452170426827,23,440,433,0.249321,0.03149,0.03149,0.280811,0.7191890000000001
166,61951676507642868191945772939153670793162317140439,22,659,659,0.073289,0.073289,0.0,0.073289,0.926711
166,57096092534835312898852423687190032724229132615371,22,402,402,0.056502,0.056502,0.0,0.056502,0.943498
166,77734094079183033282661848210260105535011878058221,22,443,426,0.080663,0.322563,0.402186,0.482849,0.517151
166,61439716290799937763975920406477923341938046630307,22,538,533,0.217943,0.020329,0.020329,0.23827199999999998,0.761728
166,92944946903546196014112302841886638418369209076507,23,333,312,0.091296,0.162178,0.289154,0.38045,0.61955
167,185191770581306272864194984747884925328034141094049,23,360,355,0.030295,0.023782,0.023782,0.054077,0.945923
167,150753299534321728385042450116986328932503586710791,23,402,402,0.191044,0.191044,0.0,0.191044,0.808956
167,122185038003700368219528064449236784866763422689417,23,384,384,0.023983,0.023983,0.0,0.023983,0.976017
167,178235118269758334366445181520116909697869973267843,23,418,418,0.059054,0.059054,0.0,0.059054,0.940946
167,125101284926137051500851455837556179024574472599693,23,403,399,0.061357,0.050299,0.124141,0.185498,0.8145020000000001
167,183608279157579728300471834586610846132033916363009,23,435,435,0.198844,0.198844,0.0,0.198844,0.801156
167,123823837425211259366602079641341299640350463304427,23,487,460,0.03058,0.013961,0.17541700000000002,0.205997,0.794003
167,182738591737141364288038096817725089299414242881199,23,372,363,0.034942,0.042427,0.157107,0.192049,0.807951
167,144881986800772159131971678194070421363231610326503,23,488,488,0.258222,0.258222,0.0,0.258222,0.741778
167,169113029671003783909165383403390189332006078766403,23,756,756,0.112686,0.112686,0.0,0.112686,0.887314
167,180203454172404433999728807424822530543427009853893,23,618,613,0.069491,0.047917,0.072651,0.142142,0.857858
167,176740473075257510677017027826065071164478066806109,23,329,329,0.101923,0.101923,0.0,0.101923,0.898077
167,154708744984764752253150630606148953411120836248223,23,517,515,0.051777,0.09392,0.09392,0.145697,0.854303
167,185822038963156756154989463606402264231845142986571,23,499,499,0.040902,0.040902,0.0,0.040902,0.959098
167,164713641976176077509064527913611509808492198546303,23,429,429,0.083223,0.083223,0.0,0.083223,0.916777
167,174143473517067658771245663523001506669684229251583,23,294,294,0.17751,0.17751,0.0,0.17751,0.8224899999999999
167,134875484299471317108685835177615212803568324951771,23,325,325,0.119376,0.119376,0.0,0.119376,0.880624
167,182071589557326943011646537770784052720010679622671,23,457,457,0.147948,0.147948,0.0,0.147948,0.852052
167,107723548795615044892707554332906198918982581905521,23,416,416,0.056385,0.056385,0.0,0.056385,0.943615
167,110235062257219473750266489148464622602430677309023,23,469,461,0.080673,0.019484,0.0772,0.15787299999999999,0.8421270000000001
168,355867559027045347481742474164268313169270448267103,23,532,532,0.04705,0.04705,0.0,0.04705,0.95295
168,354354498343882825539049178202420048518235057099511,23,382,380,0.131081,0.036258,0.036258,0.16733900000000002,0.832661
168,297316862371625606791660530918145246188551598375827,23,462,462,0.093743,0.093743,0.0,0.093743,0.906257
168,251334070780906996792106667358010626199124871015193,23,382,382,0.120602,0.120602,0.0,0.120602,0.879398
168,266089629335928959939990984219310389073099671366189,23,377,377,0.158286,0.158286,0.0,0.158286,0.841714
168,297312478520764466042800805099268401234237086618769,23,498,498,0.070638,0.070638,0.0,0.070638,0.929362
168,252694597694857518298868919901861055603851696256479,23,402,402,0.033516,0.033516,0.0,0.033516,0.966484
168,286391540226265125508001191752822610514127971418977,23,445,445,0.155745,0.155745,0.0,0.155745,0.844255
168,318688943619592236326261968753666579542852488008771,23,516,512,0.10922,0.052145,0.052145,0.16136499999999998,0.838635
168,348197322658922333549563681800422289216265150015297,23,516,495,0.03996,0.031762,0.162986,0.202946,0.797054
168,368542669960002587168410129566818072485889583789247,23,477,477,0.09351,0.09351,0.0,0.09351,0.90649
168,268548911990920458790785330758705695531710970965877,23,384,384,0.091722,0.091722,0.0,0.091722,0.908278
168,331941207943771650157715950616862772785852585230449,23,394,379,0.06177,0.118112,0.330802,0.392572,0.6074280000000001
168,323877960143720182139921715509016936864755738538083,23,395,395,0.018777,0.018777,0.0,0.018777,0.981223
168,363122401231538903702884958200573978698665726858941,23,428,425,0.14589,0.081804,0.081804,0.227694,0.7723059999999999
168,308228420728279829232936597270463065825898054642939,23,374,374,0.334954,0.334954,0.0,0.334954,0.665046
168,283116060916231999061737214282503740357534622019947,23,391,391,0.154254,0.154254,0.0,0.154254,0.845746
168,281428688528495768940994883006958194198779974610219,23,509,508,0.101328,0.090792,0.090792,0.19212,0.8078799999999999
168,326678933726286291994787934645555743351568375175913,23,420,411,0.131986,0.186503,0.186503,0.318489,0.681511
168,242229774464479250019542042945875041752252033094853,23,806,785,0.006361,0.020874,0.11039499999999998,0.11675599999999998,0.883244
169,549419723295960540447780008307906211005792776812829,23,484,484,0.068006,0.068006,0.0,0.068006,0.931994
169,664865469281161842324657652489314073194401709162263,23,616,616,0.076464,0.076464,0.0,0.076464,0.923536
169,526275837673483487444634125901789672050479746789367,23,459,452,0.029541,0.05599,0.096442,0.125983,0.874017
169,677970966743848576239473283142953742552801707940111,23,437,437,0.094812,0.094812,0.0,0.094812,0.905188
169,657821691628060301322956147101670288895728662024039,23,429,429,0.229508,0.229508,0.0,0.229508,0.770492
169,715264587022453456200004920592343027582234072699119,23,727,686,0.010102,0.029385,0.40922900000000006,0.41933100000000006,0.5806689999999999
169,564263055842251392661877742982498545034787789672701,23,391,385,0.03767,0.046433,0.115176,0.152846,0.847154
169,709752893570015397017697204082578787464541589122757,23,360,360,0.062306,0.062306,0.0,0.062306,0.937694
169,655017367008869539322579634764112530246507710350587,23,422,422,0.371967,0.371967,0.0,0.371967,0.6280330000000001
169,657292182528951725976013293116638919927942739731969,23,405,371,0.035356,0.019441,0.274408,0.309764,0.6902360000000001
169,723786901355715251133499133823457447564442130316753,23,894,894,0.080941,0.080941,0.0,0.080941,0.919059
169,523829125978495822418790946811975528394043957096661,23,390,390,0.277773,0.277773,0.0,0.277773,0.722227
169,541477377066573582590059723667831900889584456117101,23,343,343,0.188978,0.188978,0.0,0.188978,0.811022
169,695788992079943252596035093883032289031003550676639,23,463,463,0.049146,0.049146,0.0,0.049146,0.950854
169,694333695686916638920533025197721880230919832136049,23,363,363,0.140394,0.140394,0.0,0.140394,0.859606
169,485822670269234256517166328139449043912746690035101,23,401,394,0.036259,0.04565,0.081779,0.118038,0.881962
169,621048212309618498722906441939308335619301463127923,23,452,452,0.085811,0.085811,0.0,0.085811,0.914189
169,471378305746743164537629288149409115192944188760511,23,410,401,0.040978,0.04766,0.07807700000000001,0.11905500000000001,0.880945
169,679166054805478107698598400374518496104565906945673,23,338,338,0.235096,0.235096,0.0,0.235096,0.764904
169,478874915531854708795103201026072431746838752011189,23,478,470,0.051976,0.021713,0.061714000000000005,0.11369000000000001,0.8863099999999999
170,1289318240951187150423696809121408247188110724374959,23,383,383,0.197295,0.197295,0.0,0.197295,0.802705
170,1317598680651458934736004969973115054629720267802427,23,412,411,0.151713,0.095393,0.095393,0.247106,0.752894
170,1387016971391792365767686427962070113773978808021599,23,435,427,0.030312,0.038835,0.084776,0.115088,0.884912
170,1301605848278604502292287990083848668281772339668443,23,529,525,0.010053,0.019235,0.035163,0.045216,0.954784
170,1454027346176602205583289937091731344133146246553801,23,577,558,0.220881,0.103762,0.284309,0.50519,0.49480999999999997
170,967653528079116878085780463103240904324567568232963,23,531,531,0.13808,0.13808,0.0,0.13808,0.86192
170,1261056843454978621289453730316681785701648409889253,23,488,487,0.07037,0.109362,0.109362,0.179732,0.820268
170,837639897222655440981696060794566569158254246200341,23,432,432,0.009608,0.009608,0.0,0.009608,0.990392
170,1380352939133440466587651274847015029204065064236727,23,661,661,0.196162,0.196162,0.0,0.196162,0.803838
170,1470202321847100083182546960194231350823305902723733,23,488,488,0.185498,0.185498,0.0,0.185498,0.8145020000000001
170,1395451141662017337518566124235400507157510063162651,23,386,386,0.100289,0.100289,0.0,0.100289,0.899711
170,1443973581327167714924022043427922410334336886476631,23,452,436,0.053702,0.024883,0.150594,0.204296,0.795704
170,1248251220039825096428185208030859202496488462447199,23,480,480,0.145683,0.145683,0.0,0.145683,0.854317
170,1485074191992056020325974520634552289818056666197811,23,431,431,0.06837,0.06837,0.0,0.06837,0.93163
170,1254247931868399620218293166952069391063175723231013,23,515,502,0.193806,0.056869,0.217546,0.411352,0.5886480000000001
170,1257669066486116581118684542985264257389351752099207,23,336,336,0.323448,0.323448,0.0,0.323448,0.676552
170,938770475414108901814693140661602364827961258856599,23,363,359,0.065839,0.141736,0.141736,0.207575,0.7924249999999999
170,1066007335410228423895411628779579916508643551606013,23,442,440,0.137185,0.081919,0.081919,0.21910400000000002,0.780896
170,1055641473154584299321451059456907378615225873359927,23,466,466,0.18704600000000002,0.18704600000000002,0.0,0.18704600000000002,0.812954
170,1450909537806030357996742850817171901677376101936973,23,352,349,0.110987,0.044986,0.115541,0.226528,0.7734719999999999
171,2320628485992640066699844867503781431624090632616007,23,420,409,0.142545,0.132155,0.132155,0.2747,0.7253000000000001
171,2687357138509969949945838036658262421119489089392571,23,398,392,0.005455,0.014717,0.014717,0.020172,0.979828
171,2179890418570410841271805505892530931206234443075251,23,499,499,0.104753,0.104753,0.0,0.104753,0.895247
171,2643553863724729454040982582317963102955115497112137,23,664,659,0.073841,0.038364,0.057913000000000006,0.131754,0.868246
171,2460627882183105189199201566900305707431196028435837,23,483,483,0.072675,0.072675,0.0,0.072675,0.927325
171,2339826321982801679364695234505710301355859790744791,23,685,685,0.027891,0.027891,0.0,0.027891,0.972109
171,2758900339445195828507819823171495863952057663997793,23,372,372,0.183719,0.183719,0.0,0.183719,0.816281
171,1842882812388021598690092464110026835556610550203901,23,687,664,0.033568,0.06663,0.20406199999999997,0.23762999999999995,0.76237
171,2527348162893818585716726864029885307488142009814867,23,378,352,0.05936,0.033569,0.081933,0.141293,0.858707
171,2837554568622031909115383188427508045834871248866231,23,390,390,0.383834,0.383834,0.0,0.383834,0.616166
171,1980107624548085725945997103475068875829188531206579,23,895,895,0.315171,0.315171,0.0,0.315171,0.684829
171,2569544928058170304082873120455860591460518083182909,23,515,515,0.102655,0.102655,0.0,0.102655,0.8973450000000001
171,2690941433828007792933739463035154894668803736090667,23,360,356,0.126015,0.169077,0.169077,0.295092,0.704908
171,2790043200701068932081541267461948287073389647656629,23,317,317,0.179122,0.179122,0.0,0.179122,0.820878
171,2090916108644774601950745809429826244133327238488009,23,444,425,0.078355,0.181368,0.181368,0.259723,0.7402770000000001
171,2565736058589956952109798640055629482853606450052707,23,494,488,0.127577,0.117717,0.117717,0.245294,0.754706
171,2857998842268811336179375833801691573922890863274847,23,686,686,0.075963,0.075963,0.0,0.075963,0.924037
171,2396493466906125285828056384566870470681794130877669,23,441,441,0.09440799999999999,0.09440799999999999,0.0,0.09440799999999999,0.905592
171,2690381636823230507251275613355703537300523990202027,23,567,546,0.055256,0.04252,0.22571999999999998,0.280976,0.719024
171,2534044398151279155788338071872494168885731333317717,23,517,517,0.103972,0.103972,0.0,0.103972,0.896028
172,4462022261486228276470696903183179974341102550314813,23,589,579,0.065942,0.055707,0.207055,0.272997,0.7270030000000001
172,4973934130046512061706003746504778764546358353047069,23,483,469,0.125341,0.048219,0.185913,0.31125400000000003,0.688746
172,5648094522288795174255363457633460814882962588225833,23,595,573,0.02183,0.027009,0.24688600000000005,0.26871600000000007,0.7312839999999999
172,4726592204009198207872992689944913141786425094656837,23,812,812,0.185288,0.185288,0.0,0.185288,0.814712
172,5594622054792930920033030420069168546546514996297059,23,375,375,0.127171,0.127171,0.0,0.127171,0.872829
172,5195538082333779164457732930160988690944352296084861,23,419,402,0.102691,0.056141,0.33071,0.43340100000000004,0.566599
172,4025284698876107182620642633377455297801856255767501,23,452,452,0.074231,0.074231,0.0,0.074231,0.925769
172,4383786029746298282865883459946099335415639923579151,23,540,527,0.13942700000000002,0.122809,0.122809,0.262236,0.737764
172,4240211809755560196715516460800231502364014252588639,23,428,423,0.153527,0.068087,0.068087,0.22161399999999998,0.778386
172,5548533853252799042694444930927799861408846535815007,23,419,411,0.077155,0.054069,0.155276,0.232431,0.767569
172,5437902847130435025801669508069442332314935248409143,23,460,451,0.065469,0.091293,0.129864,0.195333,0.804667
172,4141743792397074660421973109728086317758715931017277,23,427,423,0.034682,0.167816,0.167816,0.20249799999999998,0.797502
172,4778987191980938572456617933856060465243353739312487,23,499,465,0.028180999999999998,0.023451,0.205928,0.234109,0.765891
172,4739381656678028395979571409181320777773237194812847,23,415,399,0.025067,0.152557,0.43790799999999996,0.46297499999999997,0.5370250000000001
172,4804326313493129486456115335738865566041096602990667,23,728,728,0.087666,0.087666,0.0,0.087666,0.912334
172,4104752537262135739627532234359506058920546702141581,23,409,409,0.186167,0.186167,0.0,0.186167,0.813833
172,3803744058813253158320678543084926588928670333519661,23,428,428,0.169897,0.169897,0.0,0.169897,0.830103
172,4385465259125919643879994689875257236736934784890611,23,483,478,0.013076,0.029074,0.029074,0.04215,0.95785
172,5279890751954713468197389506413223751577777606451787,23,424,424,0.36099,0.36099,0.0,0.36099,0.6390100000000001
172,4160916851387881458666582220339040710916709604934989,23,458,458,0.047877,0.047877,0.0,0.047877,0.952123
173,10923792501645012754794107569655030715119609536422907,23,415,415,0.077732,0.077732,0.0,0.077732,0.922268
173,10049473751846112538141515321974984014498020571782187,23,361,361,0.193731,0.193731,0.0,0.193731,0.806269
173,11478453237002096953758919917104639903243507350422841,23,640,640,0.073121,0.073121,0.0,0.073121,0.926879
173,10169455292752448241266658515571649753093170083937973,23,376,376,0.06712,0.06712,0.0,0.06712,0.93288
173,11141435091489660417203162826279290403361648348555217,23,404,404,0.108727,0.108727,0.0,0.108727,0.891273
173,11845946756557169576442319415563300804632186316185761,23,359,359,0.128615,0.128615,0.0,0.128615,0.871385
173,6606020196711476677748380921663035663590800650212861,23,496,496,0.095181,0.095181,0.0,0.095181,0.904819
173,9223304994372936325365139311788951438575340466147653,23,358,358,0.077596,0.077596,0.0,0.077596,0.922404
173,9937936138453613172200974798887957858538887333434453,23,453,449,0.011658,0.008433,0.008433,0.020090999999999998,0.979909
173,11559606582085509839598371324267429245568074606311239,23,375,372,0.1294,0.080016,0.080016,0.209416,0.790584
173,8567518689055579897923237570331424934191919130124683,23,408,392,0.108664,0.027578,0.09009899999999998,0.19876299999999997,0.801237
173,7757833041287954123219330741833398980401403365844671,23,521,514,0.049807000000000004,0.02372,0.048354,0.098161,0.9018390000000001
173,9316049178944443793561813909420289680048038873209887,23,711,711,0.194773,0.194773,0.0,0.194773,0.805227
173,9928833671075698004690547493411708722996168864524191,23,442,442,0.162183,0.162183,0.0,0.162183,0.837817
173,8082599286688078272326597296230019194455017969460353,23,403,397,0.057568,0.039186,0.039186,0.096754,0.903246
173,11722980560595969629675859144256076147885119391535181,23,573,573,0.127716,0.127716,0.0,0.127716,0.8722840000000001
173,9593608908661975634163739787876317382759712663032617,23,807,807,0.024631,0.024631,0.0,0.024631,0.975369
173,7514341258039837561785554369913705517231217351886269,23,514,501,0.144592,0.149424,0.149424,0.294016,0.705984
173,10788110854762710095666872487306279223201853493970649,23,448,441,0.029535,0.034952,0.034952,0.06448699999999999,0.935513
173,10830515307409583755599110009630409242843757129551833,23,435,416,0.135733,0.128942,0.187276,0.323009,0.676991
174,22104611793997230117343176470598753099597657699857767,23,364,364,0.291582,0.291582,0.0,0.291582,0.708418
174,18763942404536135019296013058405167365237739426352961,23,382,382,0.181205,0.181205,0.0,0.181205,0.8187949999999999
174,14688504101174039979833028914301622192512344235844163,23,530,530,0.107843,0.107843,0.0,0.107843,0.892157
174,16722058225437982034822488549751786303201587785473951,23,460,460,0.20473,0.20473,0.0,0.20473,0.79527
174,21509336382097775444053571500023183533792843315954141,23,668,668,0.075199,0.075199,0.0,0.075199,0.924801
174,22850977655225044606098189565776865301144522899108753,23,373,373,0.309994,0.309994,0.0,0.309994,0.690006
174,17279223071662642072680635911044372251032271203557523,23,391,391,0.067939,0.067939,0.0,0.067939,0.932061
174,22947441514018658653094720368483897068968757283032113,23,369,362,0.04122,0.021048,0.039859000000000006,0.08107900000000001,0.918921
174,18341314976728685056786009125261875389901729222197411,23,524,500,0.03806,0.088474,0.155391,0.19345099999999998,0.806549
174,21198313883423610607647845217061584129219727405462807,23,699,693,0.24733300000000003,0.024153,0.201985,0.449318,0.550682
174,12839400785843164820295834351653620428577969094536553,23,545,513,0.107269,0.050262,0.132662,0.239931,0.760069
174,23322450000830661268788758752052782250935597472051533,23,357,342,0.060479,0.026794,0.026794,0.08727299999999999,0.9127270000000001
174,16333148817978325754024309091523862744059567919963111,23,543,543,0.266415,0.266415,0.0,0.266415,0.7335849999999999
174,14462970911237542989272454421381604521266425359311389,23,536,536,0.090614,0.090614,0.0,0.090614,0.909386
174,18949560281665792004413178756295887592891979934348561,23,364,364,0.115711,0.115711,0.0,0.115711,0.884289
174,21408407116291656012109167833580671913503017751545967,23,495,495,0.041963,0.041963,0.0,0.041963,0.958037
174,22631651939782172827484157664433587783833485119069961,23,456,456,0.099452,0.099452,0.0,0.099452,0.900548
174,21837034941512546186024799051115680122246295015518093,23,436,436,0.042582,0.042582,0.0,0.042582,0.957418
174,23437804484573336991839150008388329128133779513222523,23,705,705,0.047703,0.047703,0.0,0.047703,0.952297
174,21670228153893009427879223165719671325428625794224927,23,378,378,0.400714,0.400714,0.0,0.400714,0.599286
175,40488067071432624121676494427962676744307992814206389,23,495,495,0.129352,0.129352,0.0,0.129352,0.870648
175,47880832610030432571309186253738451904700554037260907,23,391,391,0.43687699999999996,0.43687699999999996,0.0,0.43687699999999996,0.563123
175,45878748309865752441663931039655772029562012040164497,23,421,418,0.097,0.079548,0.079548,0.17654799999999998,0.8234520000000001
175,44519607957401945468255440685812779498238330725202451,23,714,714,0.049414,0.049414,0.0,0.049414,0.950586
175,38437122674547888080483896869357910936491022366930391,23,566,558,0.070554,0.062574,0.089356,0.15991,0.84009
175,47064113916853618606448841022057749802258231599045617,23,378,374,0.170021,0.16166,0.16166,0.331681,0.668319
175,38418920847258974395155918878755125806886124993281449,23,530,530,0.086601,0.086601,0.0,0.086601,0.913399
175,29860959886171008880417800461459339604720394693120859,23,525,491,0.010929999999999999,0.063696,0.391729,0.402659,0.597341
175,47523346294694090590598436816448664799865583071536947,23,397,397,0.042709,0.042709,0.0,0.042709,0.957291
175,40430147177650634814659419575820969943704601075586779,23,488,488,0.102151,0.102151,0.0,0.102151,0.897849
175,30673381581036186694644718658867052922438672540632679,23,377,360,0.034043,0.031171,0.031171,0.065214,0.934786
175,46321511197924674401868707445937064255819847549207181,23,566,552,0.082062,0.034366,0.07203100000000001,0.154093,0.845907
175,40793108447338904457818158698839208728924655609269741,23,496,480,0.077794,0.089716,0.089716,0.16751,0.83249
175,47563799216222959471208717042267403920241999763230907,23,392,392,0.178851,0.178851,0.0,0.178851,0.821149
175,44747799795754951639143084884684883018614820083166937,23,423,406,0.034982,0.032075,0.08957999999999999,0.12456199999999999,0.875438
175,46867320328474189488708379756417548186877640469492347,23,448,448,0.263754,0.263754,0.0,0.263754,0.736246
175,46542356956969036203230698142264416107162071627147053,23,396,396,0.052804,0.052804,0.0,0.052804,0.947196
175,45701878003472651488780363802977956628041054016481659,23,495,495,0.199499,0.199499,0.0,0.199499,0.800501
175,25458726975309530242094669164823103336392162094875803,23,423,423,0.20905,0.20905,0.0,0.20905,0.79095
175,39959523049873920871877996128842998488581987804339877,23,420,420,0.02093,0.02093,0.0,0.02093,0.97907
176,87990886338847859195592642389102593039937487082558279,24,489,489,0.112775,0.112775,0.0,0.112775,0.887225
176,92564124955148991262968874807483374435803628161108999,24,934,925,0.030261,0.032457,0.046929,0.07719,0.92281
176,94129007589456961191977269147297543003266132666549953,24,395,395,0.170957,0.170957,0.0,0.170957,0.829043
176,93819484016161644344551753829300322151041926203410181,24,435,435,0.037788,0.037788,0.0,0.037788,0.962212
176,73157616268457907406971375723178615684280166706710493,24,398,398,0.294791,0.294791,0.0,0.294791,0.705209
176,61542774938750705714463225629776244056185970967253653,24,496,486,0.049602,0.115587,0.115587,0.165189,0.834811
176,71800771048867515580859417044203063847762338647077403,24,390,390,0.298195,0.298195,0.0,0.298195,0.701805
176,77258340421405866522724393177859419720883968347782627,24,536,524,0.020064,0.026996,0.11105499999999999,0.13111899999999999,0.868881
176,89837078281524964039898044063254336032471057480771579,24,709,698,0.019818000000000002,0.005709,0.044091,0.063909,0.936091
176,67631371474217585591492093931057414532556760623695867,24,387,387,0.050253,0.050253,0.0,0.050253,0.949747
176,89832926575159265651841476273066740015357110318540347,24,639,610,0.052507,0.020985,0.252236,0.304743,0.695257
176,67118204137332948793553589627698826319196161548428537,24,400,382,0.086359,0.084035,0.166673,0.253032,0.7469680000000001
176,87774156256777768160436756789989062372701963996758741,24,553,549,0.145502,0.087345,0.087345,0.232847,0.767153
176,70572719969624332011199901351228566052874877227465031,24,467,467,0.013077,0.013077,0.0,0.013077,0.986923
176,86250046064114433343982710398437258754379418231496971,24,405,405,0.119666,0.119666,0.0,0.119666,0.880334
176,87134348646583113354803029928666774546954085244353883,24,368,358,0.090728,0.033838,0.033838,0.12456600000000001,0.875434
176,71901633824806274691548687743309648812921855456127637,24,391,391,0.179461,0.179461,0.0,0.179461,0.820539
176,90150270285363435056040734184802693760325360863282387,24,527,509,0.03238,0.046243,0.11409500000000002,0.14647500000000002,0.853525
176,94046017590480304561168089303295538090394575865219973,24,523,506,0.075157,0.062809,0.092543,0.16770000000000002,0.8323
176,64190892782173257959767693618630438907905705925983597,24,432,432,0.121724,0.121724,0.0,0.121724,0.8782760000000001
177,119125070369688751792163725903852573808324382853761851,24,514,514,0.093999,0.093999,0.0,0.093999,0.9060010000000001
177,182726819299327515165849812245648871121491177942129611,24,527,511,0.072153,0.051295,0.068802,0.140955,0.8590450000000001
177,188893960779618570376876195763394634184667143767990939,24,479,479,0.085652,0.085652,0.0,0.085652,0.9143479999999999
177,177226234109374423417710011618572758541886871555971773,24,509,509,0.159352,0.159352,0.0,0.159352,0.8406480000000001
177,170417219917741538865104682908758540815889415996081587,24,501,478,0.055619,0.09263,0.153628,0.209247,0.790753
177,184456472780322533717507274449727396706948277959651997,24,726,726,0.057347,0.057347,0.0,0.057347,0.942653
177,172591822599216441031826476355149233765150072380634947,24,451,451,0.052073,0.052073,0.0,0.052073,0.947927
177,160262516696147396603234199689194202325829336961400089,24,439,424,0.030271,0.074562,0.101146,0.131417,0.868583
177,189488332491885140927092409494182632690603024073949519,24,476,457,0.047109,0.011533,0.128599,0.17570799999999998,0.824292
177,158860589548227817116386228914199311016251079037823631,24,427,426,0.05673,0.048076,0.048076,0.10480600000000001,0.895194
177,131023867650554721773986626498755865101732014114852169,24,538,522,0.071689,0.052575,0.181609,0.253298,0.746702
177,185419546061793924107275707453523293583979540373323441,24,435,427,0.04268,0.130491,0.3918,0.43448,0.56552
177,130739606859025377984032427604557137652684751978400777,24,513,508,0.084791,0.146146,0.146146,0.230937,0.769063
177,148738595022486208740372312134935505218833565972371451,24,439,439,0.190428,0.190428,0.0,0.190428,0.809572
177,167245458534901805246177899856773690854765016929409441,24,602,588,0.041739,0.050599,0.27997099999999997,0.32170999999999994,0.6782900000000001
177,167743233925335463625480222303950384908571933339861327,24,429,429,0.096975,0.096975,0.0,0.096975,0.903025
177,127846725145209783213161083219697857237418143943954471,24,572,572,0.104609,0.104609,0.0,0.104609,0.895391
177,175371321030994867998753692974243811078511522480617843,24,432,432,0.211292,0.211292,0.0,0.211292,0.788708
177,116000582161408742104082789047643826044722595827305757,24,517,508,0.047726,0.027755,0.109672,0.157398,0.842602
177,170372630777230523245695634046185057408362313049454403,24,634,627,0.009097,0.010158,0.017715,0.026812000000000002,0.9731879999999999
178,326370916554170909248800565447441227366364752100439299,24,363,363,0.113399,0.113399,0.0,0.113399,0.886601
178,351133543531254740082619452808507153835828169762359977,24,363,363,0.034605,0.034605,0.0,0.034605,0.965395
178,336454357966569634923263904170681101591018051550982463,24,507,507,0.358256,0.358256,0.0,0.358256,0.641744
178,287084766998192650266030523003134421022082997050134521,24,478,478,0.044926,0.044926,0.0,0.044926,0.955074
178,352927538094715815006260624760445835128691040320016481,24,436,436,0.107313,0.107313,0.0,0.107313,0.892687
178,338358782479052619339175922612376094187822886673941721,24,584,584,0.011594,0.011594,0.0,0.011594,0.988406
178,350983244504690877302934108411058885737259142622352279,24,404,404,0.079166,0.079166,0.0,0.079166,0.920834
178,362113241669248116131584645381866273037844314273508653,24,848,837,0.008103,0.004658,0.033464,0.041567,0.958433
178,354699753705738888969549737288396049484417614825528751,24,539,539,0.092335,0.092335,0.0,0.092335,0.9076649999999999
178,331690661156431736210765004245137972208022366664402553,24,1003,1000,0.020452,0.034791,0.034791,0.055243,0.944757
178,332675546545853496255458413537230392333963633325833083,24,397,397,0.031979,0.031979,0.0,0.031979,0.968021
178,313703344571742936697405437124510360823965169983069999,24,975,967,0.0488,0.051319,0.051319,0.100119,0.899881
178,380254134293999860410999253285210970240457628198742663,24,456,456,0.048353,0.048353,0.0,0.048353,0.951647
178,360641711799225046890015181472030377655985832139240759,24,615,615,0.203136,0.203136,0.0,0.203136,0.796864
178,263917085618902017901372402907639485241329433989841083,24,528,528,0.121674,0.121674,0.0,0.121674,0.8783259999999999
178,266288106436622503269927529785703488384905659026805291,24,519,474,0.088981,0.069867,0.21712700000000001,0.30610800000000005,0.693892
178,344304805683409519331394242367711732435948148819916561,24,514,514,0.129853,0.129853,0.0,0.129853,0.870147
178,341709744235492519708940578050014342971004111389339661,24,349,349,0.318339,0.318339,0.0,0.318339,0.6816610000000001
178,310967967663884862956076583774857977926596023977520621,24,718,718,0.252726,0.252726,0.0,0.252726,0.747274
178,327279608257895351469611029322246368521417106545791761,24,737,717,0.026244,0.019653,0.042041,0.068285,0.931715
179,558936428874945996924383768356203135254350439671785479,24,379,379,0.305415,0.305415,0.0,0.305415,0.694585
179,674926639517348090731177770827913991101246148882287283,24,1000,992,0.125732,0.075195,0.075195,0.20092700000000002,0.7990729999999999
179,520778796933569712475497803976339448328715986002072523,24,580,575,0.065271,0.059112,0.059112,0.124383,0.875617
179,748335037461936801408133793949275373189490397012798993,24,583,583,0.213195,0.213195,0.0,0.213195,0.786805
179,750121838409245984074572114070043722336783466522324083,24,521,521,0.122854,0.122854,0.0,0.122854,0.877146
179,652699193242756150846355283234498871767984936149202997,24,366,366,0.18736,0.18736,0.0,0.18736,0.81264
179,701012462554551393326136469593585664907414625879938377,24,574,556,0.043524,0.238623,0.238623,0.282147,0.7178530000000001
179,651811943098199803843122079676572375058573432081265941,24,338,338,0.073303,0.073303,0.0,0.073303,0.926697
179,551025100698026169975841797211316492193395216233257361,24,703,697,0.06838,0.027254,0.027254,0.095634,0.904366
179,568232849243253819024806302642399573345242309126608059,24,478,459,0.089282,0.116087,0.222372,0.311654,0.688346
179,639820098139219068308973252189078237340004822241496393,24,355,355,0.377563,0.377563,0.0,0.377563,0.622437
179,761792849352011360883518708616350161974544759945523083,24,445,445,0.10674,0.10674,0.0,0.10674,0.8932599999999999
179,628942419048318189765862150028221450462352308232102681,24,384,384,0.120011,0.120011,0.0,0.120011,0.879989
179,566889538234990454641052189675936791837860452121325949,24,481,481,0.057599,0.057599,0.0,0.057599,0.942401
179,716452162573779008868293903020235512769764173696217249,24,657,637,0.048957,0.056509,0.109427,0.158384,0.841616
179,621413530195004739611180163225538908969413935549872629,24,930,924,0.033587,0.031858,0.047547,0.081134,0.918866
179,645609036446719663018922094515491080262538063860555597,24,428,380,0.049684,0.145737,0.38590700000000006,0.43559100000000006,0.5644089999999999
179,555489032258653592242576233173121867113539610787783833,24,418,418,0.192757,0.192757,0.0,0.192757,0.8072429999999999
179,535750173793033032362966709603096420101001099801784643,24,550,550,0.028899,0.028899,0.0,0.028899,0.971101
179,456506540313436296309522192769161449949543126587051023,24,424,424,0.113074,0.113074,0.0,0.113074,0.886926
180,1358996782341013393471064892946133021632416224066738371,24,781,757,0.014145,0.016132,0.09234099999999999,0.106486,0.893514
180,1147190830767755812327995081041386320310165753132541849,24,648,648,0.04812,0.04812,0.0,0.04812,0.95188
180,1403925300691032372140940928473865553985310895500181911,24,464,464,0.195478,0.195478,0.0,0.195478,0.804522
180,1495775451737959760457511687274350579183536185139242641,24,434,434,0.094279,0.094279,0.0,0.094279,0.905721
180,1110739563446777289531838627303749633950291508344598743,24,503,503,0.075916,0.075916,0.0,0.075916,0.924084
180,1194024369143971552927889417542591741693717575625673111,24,507,483,0.050166,0.070589,0.24832300000000002,0.298489,0.701511
180,1260166637346508034925373413900190230508510171798948477,24,759,759,0.116561,0.116561,0.0,0.116561,0.883439
180,1455316476136829091460607052510092178765985268783561317,24,513,513,0.136281,0.136281,0.0,0.136281,0.863719
180,1309093992710635640836698146159549405123972272927404881,24,496,496,0.044907,0.044907,0.0,0.044907,0.955093
180,1390894799146412153168495467213932724874405876411579611,24,474,474,0.507697,0.507697,0.0,0.507697,0.49230300000000005
180,1520134781616046526108129582711299483597548910524846853,24,479,459,0.055921,0.081742,0.36069900000000005,0.41662000000000005,0.58338
180,1505439219343167470373459269572451082957623944381924673,24,436,436,0.30702,0.30702,0.0,0.30702,0.6929799999999999
180,1057025848491395991324830754425862907965800790964989169,24,403,403,0.507125,0.507125,0.0,0.507125,0.49287499999999995
180,1022335052507123413464678276586097658581994406812064513,24,433,433,0.063519,0.063519,0.0,0.063519,0.936481
180,986820806071662897465598796288744366007908716888546481,24,788,788,0.105616,0.105616,0.0,0.105616,0.894384
180,1524644692974396926561992448558626212968367576768526879,24,427,417,0.145968,0.083844,0.18221600000000002,0.32818400000000003,0.671816
180,1314131625546751137305337304108371769311553500059572603,24,429,429,0.043903,0.043903,0.0,0.043903,0.956097
180,1159287238259464432648787656029088912397674342457115643,24,446,446,0.048087,0.048087,0.0,0.048087,0.951913
180,1475197377405499619513187533655878473208974647166678079,24,436,427,0.020956000000000002,0.01156,0.071652,0.092608,0.907392
180,1092513974848862293580063101113260203144966532297855803,24,591,585,0.049006,0.02071,0.02071,0.069716,0.930284
181,2146755962617820701939724558369889009769651618593397373,24,498,498,0.05891,0.05891,0.0,0.05891,0.94109
181,2072316348390379785942053767435731590279096222618626363,24,505,503,0.086111,0.007281,0.007281,0.09339199999999999,0.906608
181,2877046995656031836501313697137912148919872998967745519,24,568,561,0.013862,0.008203,0.008203,0.022065,0.977935
181,2880369969123252961817754651476818952571924308651017163,24,482,482,0.073437,0.073437,0.0,0.073437,0.926563
181,2861708897811122498028015229576663189712718130603358513,24,585,580,0.080227,0.074128,0.074128,0.15435500000000002,0.845645
181,2806788267767978306991980520946809467457007629229500787,24,679,679,0.045316,0.045316,0.0,0.045316,0.954684
181,2302747288573481437114058572318921809401333842388506063,24,568,568,0.056197,0.056197,0.0,0.056197,0.943803
181,2533946943181812616782556407056335292416812676112585527,24,436,433,0.023564,0.161329,0.161329,0.184893,0.815107
181,2487771293557144436196457222451407643840343448896262201,24,427,418,0.140508,0.031464,0.195096,0.335604,0.664396
181,2345607456560758996293272875237597113634991575593930503,24,426,408,0.143306,0.060445,0.060445,0.203751,0.796249
181,2451877345078985122707203168343312742955044811033249477,24,515,515,0.041515,0.041515,0.0,0.041515,0.958485
181,2340974696399471038404420962322551749504771560040272007,24,536,536,0.110052,0.110052,0.0,0.110052,0.889948
181,2477342015750519040996010692078739219032174672206011307,24,580,580,0.114003,0.114003,0.0,0.114003,0.885997
181,2296086844355268411990274677061153842585626962159704019,24,428,428,0.126446,0.126446,0.0,0.126446,0.8735539999999999
181,2857327712261479603462914395058626994702465220337337739,24,597,571,0.016899,0.07609,0.20790599999999998,0.22480499999999998,0.7751950000000001
181,1869241629214427269662931336533353684013970622159921317,24,527,526,0.102482,0.105706,0.105706,0.20818799999999998,0.791812
181,2136463886038630304242691639030926383783507376355925571,24,424,424,0.141951,0.141951,0.0,0.141951,0.8580490000000001
181,2877127110897588495873508614076070239692397854333669421,24,886,868,0.025304,0.030389,0.08669900000000001,0.11200300000000002,0.8879969999999999
181,2391506213382517426158791151215598942262031718622544827,24,538,495,0.062112,0.040944,0.093308,0.15542,0.84458
181,2948841039361971531410668839665611640358315799683010259,24,559,559,0.140572,0.140572,0.0,0.140572,0.859428
182,4191292476346020518783656275665657989599723159847851667,24,581,560,0.030403,0.103395,0.245777,0.27618,0.72382
182,4368915889305698991841916329930420223695538711679696073,24,425,404,0.051682,0.03512,0.069132,0.120814,0.879186
182,4603173397210774045412589779080265237568427782430487923,24,624,624,0.06691,0.06691,0.0,0.06691,0.93309
182,4412747380103085417736789338590629677444833420942921431,24,640,640,0.060174,0.060174,0.0,0.060174,0.939826
182,5274862496484527199284351082466041501734256417850671079,24,353,353,0.127903,0.127903,0.0,0.127903,0.872097
182,4800792925814278444401434125143406347751419932688595051,24,418,407,0.048423,0.039599,0.08502499999999999,0.13344799999999998,0.866552
182,3653812005152759308354861844496272098804036966408036451,24,539,531,0.078549,0.085603,0.085603,0.164152,0.835848
182,4646737653138437262079866979167515682324029521366613887,24,632,632,0.085565,0.085565,0.0,0.085565,0.914435
182,5244063665198047536361296769370401123699361439281027921,24,406,403,0.052743,0.206849,0.206849,0.259592,0.740408
182,5043512217423355819857280369022042682912863299358815427,24,588,588,0.121372,0.121372,0.0,0.121372,0.878628
182,5381424364337562423689277556082862960704173067855407963,24,416,413,0.131681,0.059476,0.059476,0.191157,0.808843
182,5605622646710231703717995108618170373087268192211651819,24,486,451,0.014922,0.039718,0.30736500000000005,0.32228700000000005,0.677713
182,5372876402521245557172885073810823234220306537484862171,24,555,530,0.044877,0.054092,0.273576,0.318453,0.681547
182,5193787393634226710856637245122360855837884143711668923,24,430,426,0.035522,0.1202,0.131857,0.167379,0.832621
182,4901526449801380100603842024908873735304969564340783837,24,576,546,0.066946,0.008764,0.33971300000000004,0.40665900000000005,0.5933409999999999
182,6116842254080121661991651815972543754648149039661461711,24,552,543,0.159472,0.086069,0.106019,0.26549100000000003,0.734509
182,4848300292233620118117558303318082764588214458439723993,24,716,703,0.020648,0.042292,0.16159,0.182238,0.817762
182,5455870824923288995533498136798277725990387457579154641,24,392,392,0.019702,0.019702,0.0,0.019702,0.980298
182,3785938512649873423258671464276287016184708730225383793,24,424,412,0.077425,0.172421,0.28533,0.36275499999999994,0.6372450000000001
182,4491160981645514588938837869554023508980963008773065231,24,596,596,0.030412,0.030412,0.0,0.030412,0.969588
183,9166723778901347230936039451531749253767512951187044911,24,358,358,0.301315,0.301315,0.0,0.301315,0.698685
183,10455930224123599063565031820487918262028421842464564737,24,976,976,0.07796399999999999,0.07796399999999999,0.0,0.07796399999999999,0.922036
183,7427674099806058459503172382903188275128363209564310927,24,365,365,0.135989,0.135989,0.0,0.135989,0.864011
183,10617285421144533269412481609230267820807269357289585027,24,495,495,0.061097,0.061097,0.0,0.061097,0.938903
183,11010471763583359046491348791311818146317648218012267883,24,592,591,0.014562,0.027697,0.027697,0.042259,0.957741
183,10332376251302120495254834326196282275734767686242549761,24,391,371,0.057419,0.020343,0.288817,0.346236,0.653764
183,11749977713551691032971054523891664935137255323436579743,24,635,635,0.214288,0.214288,0.0,0.214288,0.785712
183,10038010870002094481651798134300472801725442018653785307,24,522,486,0.027667999999999998,0.057595,0.35044099999999995,0.3781089999999999,0.6218910000000001
183,10982511715433447835689163250582120464921150302579077343,24,407,407,0.13375,0.13375,0.0,0.13375,0.86625
183,8953983959087052116701047035345005923200525137226524679,24,574,543,0.054654,0.083455,0.205794,0.260448,0.739552
183,8876846022270762570247578740470934525848460110861548643,24,716,706,0.17301,0.147789,0.147789,0.320799,0.6792009999999999
183,7272641689296160343480501161670052491504793391277318831,24,468,468,0.164863,0.164863,0.0,0.164863,0.835137
183,12244318449419593826201370835952825834440723200097525199,24,587,585,0.052753,0.028021,0.028021,0.080774,0.919226
183,11599990885992088420849467859622548958581504884697039151,24,534,523,0.00505,0.034589,0.10259700000000001,0.107647,0.892353
183,7605813317180000005669607627882043830747996242518578099,24,601,601,0.052836,0.052836,0.0,0.052836,0.947164
183,12182702859135303445823465643541896884548888148712896953,24,386,386,0.04958,0.04958,0.0,0.04958,0.95042
183,9709983608535670096749131929304035374023228870737229987,24,528,516,0.012057,0.13431,0.13431,0.14636700000000002,0.853633
183,10464773632474194098893561476862794550508738502141675107,24,606,606,0.021916,0.021916,0.0,0.021916,0.978084
183,9586059037733377655369346899873870070324449037164235107,24,359,359,0.129767,0.129767,0.0,0.129767,0.870233
183,9699446562764165401251791317533912674237385429964214831,24,440,433,0.058477,0.027555,0.07073600000000001,0.12921300000000002,0.870787
184,18626849292167387044123969723309390925329349903285206507,24,405,383,0.025804,0.049501,0.15666599999999997,0.18246999999999997,0.8175300000000001
184,18804282751054831530309800753579061511332519271103678431,24,554,554,0.104999,0.104999,0.0,0.104999,0.895001
184,18252028929067861875789984563223162861221576906848127717,24,664,664,0.02581,0.02581,0.0,0.02581,0.97419
184,24181446627067838775417564967666980419690582548365581197,24,507,507,0.057879,0.057879,0.0,0.057879,0.942121
184,23005878760564119588403003965951554728473230184759392953,24,637,605,0.035277,0.012971,0.20386199999999996,0.23913899999999996,0.760861
184,23936510072986768214421716184424106299398221539866239897,24,504,500,0.074705,0.029049,0.029049,0.10375399999999999,0.896246
184,16234034926709714462589794505359125056267838558020716281,24,674,664,0.0414,0.04098,0.04098,0.08238000000000001,0.91762
184,23428690111692592128116212619775791367144015582938967239,24,463,456,0.123216,0.135368,0.17235699999999998,0.295573,0.704427
184,18912759825437398136803515023873579742325104166174841671,24,487,487,0.114764,0.114764,0.0,0.114764,0.885236
184,19927044154018425176840956388997557677674288593187597089,24,444,444,0.019515,0.019515,0.0,0.019515,0.980485
184,19536799308159701904048108852677303754701680967104128127,24,467,451,0.055573,0.063622,0.117765,0.173338,0.826662
184,19071823677149723706403511825275713145306081300414131937,24,611,608,0.012355,0.018847,0.018847,0.031202,0.968798
184,20612269609108741202241460271673864594887702871452882101,24,472,461,0.05977,0.042231,0.118947,0.178717,0.821283
184,18920239559229041789878510751170285007946834591953601329,24,707,689,0.066337,0.020043,0.235191,0.301528,0.698472
184,22611644979880324889689047625329907958432993333469481211,24,423,423,0.062171,0.062171,0.0,0.062171,0.937829
184,22464664451229199112637114050957084764371480284978460343,24,438,427,0.018688,0.023267,0.032869999999999996,0.05155799999999999,0.948442
184,20229563940142821382398535762812188204560973744420706551,24,554,554,0.071634,0.071634,0.0,0.071634,0.928366
184,14302906747822375527736225805395822106070407268478927343,24,463,463,0.049884,0.049884,0.0,0.049884,0.950116
184,22648934796018516144639607669733048190885481628018590453,24,502,495,0.044392,0.029719,0.029719,0.074111,0.925889
184,15697907949934382447029781871211500370846936672724531567,24,482,463,0.028531,0.046486,0.192543,0.221074,0.778926
185,39302817494925418904731805103331681348585472258348444957,25,627,624,0.067561,0.072983,0.072983,0.140544,0.859456
185,39163563717688705635413025356219451066821712937228964227,25,522,519,0.053183,0.022778,0.029351,0.082534,0.917466
185,43686826810459062412827238710551696728616518667617692019,25,620,600,0.013456,0.010026,0.09090900000000002,0.10436500000000001,0.895635
185,44530085274113978279620207534979690950635532686975502813,25,358,358,0.368409,0.368409,0.0,0.368409,0.631591
185,43570715964626102904381136448155751424171061828655209841,25,511,503,0.072368,0.13603,0.13603,0.20839800000000003,0.7916019999999999
185,42847627148824300921093636376913601640563740728623558181,25,766,764,0.01969,0.011293,0.011293,0.030982999999999997,0.969017
185,32083703321789764487338768250718421793945445188847533027,24,724,709,0.104145,0.083255,0.13887,0.24301499999999998,0.756985
185,33014805666036752589259540494640708288963751747621341763,25,580,580,0.027578,0.027578,0.0,0.027578,0.972422
185,41464335276070540341399584119313180727925975932568415057,25,443,411,0.021248,0.018575,0.11908700000000001,0.14033500000000002,0.859665
185,33861582902426483337301296118131448522568614203251711863,25,482,476,0.108513,0.11274,0.211369,0.319882,0.680118
185,46071639138339644800558097284225066199315293701982806079,25,869,869,0.037011,0.037011,0.0,0.037011,0.962989
185,37936033159136473000212002322269943296231496368568922549,25,391,391,0.077247,0.077247,0.0,0.077247,0.922753
185,48350569892826986379872186809679223015058022521047573871,25,531,531,0.16662000000000002,0.16662000000000002,0.0,0.16662000000000002,0.83338
185,41198097084082663709570476103319690345818375254249026263,25,455,455,0.094165,0.094165,0.0,0.094165,0.905835
185,45101352016751018053319721236302099399595057715497241929,25,497,471,0.040187,0.023639,0.07294,0.113127,0.886873
185,42065769993861888778368368385451592776021006938027669583,25,914,914,0.051303,0.051303,0.0,0.051303,0.948697
185,41907847300045853777854516119774591215451371041706482459,25,656,656,0.065069,0.065069,0.0,0.065069,0.934931
185,48828218167552081470122749610887068068091405463826001571,25,429,429,0.094747,0.094747,0.0,0.094747,0.905253
185,41321776714362126833330727735907708762522999908493584631,25,507,500,0.05426,0.013173,0.013173,0.067433,0.932567
185,45383217518804476499152706989070758316114620859553366943,25,365,365,0.087598,0.087598,0.0,0.087598,0.912402
186,91860233843352511299828307727646362358888480420031170413,25,666,666,0.183461,0.183461,0.0,0.183461,0.816539
186,80310109483483183267313583353855043236387938949945913511,25,366,366,0.150165,0.150165,0.0,0.150165,0.849835
186,80341684383462084364790814145428006802552449749708478169,25,644,644,0.015083,0.015083,0.0,0.015083,0.984917
186,94274586636737974618847930138230885567012445571032348059,25,563,562,0.040237,0.063794,0.063794,0.10403100000000001,0.895969
186,85286064753422311838018802719562606418460845712040300179,25,456,456,0.232601,0.232601,0.0,0.232601,0.7673989999999999
186,95824663807095715873047831217240459086791279500036727837,25,557,557,0.081114,0.081114,0.0,0.081114,0.918886
186,80600641280005619173439191411717632606164953443740925413,25,666,666,0.02298,0.02298,0.0,0.02298,0.97702
186,53363439485857552435882838625033101776848292903405327631,25,486,486,0.070905,0.070905,0.0,0.070905,0.929095
186,84360977267528679389916660229858829202359730331725108419,25,608,578,0.058237,0.080882,0.080882,0.139119,0.860881
186,79840201135431317961751024566665709261061070004618876607,25,415,399,0.063282,0.134305,0.134305,0.197587,0.802413
186,86866046861802039662583542752660385034769683216166980061,25,705,705,0.045507,0.045507,0.0,0.045507,0.954493
186,86323619254797487920466332795791126216445907418620989923,25,549,527,0.023141,0.004529,0.065658,0.08879899999999999,0.911201
186,96229941655765770007029825039522376331365113196946498957,25,456,456,0.044246,0.044246,0.0,0.044246,0.955754
186,68612351526722038739277226442469049931568086799744053797,25,516,483,0.044595,0.053435,0.31098100000000006,0.35557600000000006,0.6444239999999999
186,68105415306841011876975324285506148265126787018204059721,25,698,698,0.043842,0.043842,0.0,0.043842,0.956158
186,82153452353776642549718572430278706898613500637862573111,25,591,591,0.148616,0.148616,0.0,0.148616,0.851384
186,58260742770043455753114412466166256900662844348827175237,25,675,669,0.019102,0.028453,0.028453,0.047555,0.952445
186,92398084669964916514251013016603556504210733394779182767,25,387,362,0.011103,0.127796,0.488686,0.499789,0.500211
186,85070111672001330371958789558357340118850688442337853217,25,418,418,0.059609,0.059609,0.0,0.059609,0.940391
186,77006883355586853676151730714225091231991247740864640619,25,452,452,0.119107,0.119107,0.0,0.119107,0.880893
187,185702567469454758545522669141358609758902348939813864093,25,552,552,0.079333,0.079333,0.0,0.079333,0.920667
187,179941892859217785606681885687143742888315889414346363689,25,1050,1050,0.026181,0.026181,0.0,0.026181,0.973819
187,181526373319561920706249179904543072763946711556143801553,25,556,556,0.24234,0.24234,0.0,0.24234,0.75766
187,167429568427479950155810682841163388259872915659211758439,25,440,428,0.030067,0.076868,0.076868,0.106935,0.893065
187,186979504018673334316662054121094588580490052795915527519,25,598,594,0.09115799999999999,0.04784,0.04784,0.13899799999999998,0.861002
187,145169698815553753950995436308896640554249031871232995529,25,616,616,0.040002,0.040002,0.0,0.040002,0.959998
187,189461310023527313299690027067741970827568893636258377063,25,791,791,0.016888,0.016888,0.0,0.016888,0.983112
187,195549547224884539368396804380565596304971046728434683161,25,445,439,0.065559,0.043273,0.043273,0.10883200000000001,0.891168
187,178245846474078559274688392189915797290638577194576694293,25,467,467,0.130344,0.130344,0.0,0.130344,0.869656
187,140252436907018775044357018689165543420042260373871440727,25,544,532,0.025043,0.078072,0.21868200000000002,0.24372500000000002,0.756275
187,192105990641511042361486580149859043063803753731838318981,25,861,825,0.03299,0.026173,0.241822,0.274812,0.7251879999999999
187,178454889426021172984526500874394848133697897783899319511,25,1017,996,0.16477999999999998,0.061672,0.087067,0.251847,0.7481530000000001
187,147793902755095806954444489354226029687835800736294743133,25,654,654,0.120779,0.120779,0.0,0.120779,0.879221
187,181066564675332279473924972484406057203667755771628163519,25,433,427,0.049384,0.063909,0.063909,0.11329299999999999,0.886707
187,168818801318777087057170297997195516793375607488939767557,25,507,472,0.055254,0.023148,0.12282399999999999,0.178078,0.821922
187,163084686989748233415040348211861253938756903626114968719,25,430,430,0.023788,0.023788,0.0,0.023788,0.976212
187,188075731576689556162612507442726713223245640460883288489,25,608,600,0.046803,0.041707,0.115292,0.162095,0.837905
187,132226185708852638537764772743714220747210366978910886177,25,497,492,0.011059,0.051274,0.06899,0.080049,0.919951
187,194698576701919400115040833966319106090888842928840082833,25,487,487,0.058209,0.058209,0.0,0.058209,0.941791
187,125253423035716542158322394161648453041038946552062725559,25,507,507,0.032697,0.032697,0.0,0.032697,0.967303
188,314224750521702231589078779205748577487125730214151848227,25,477,477,0.174037,0.174037,0.0,0.174037,0.825963
188,214725867801677657763150716044378228025925022271604157093,25,381,381,0.060587,0.060587,0.0,0.060587,0.939413
188,337786569927761505444410838242068306234426938889367376089,25,438,438,0.228805,0.228805,0.0,0.228805,0.771195
188,360223106477640603715939086025088234494108141240755800321,25,461,461,0.031142,0.031142,0.0,0.031142,0.968858
188,374124987525817520307508964115960865602386918837898179827,25,671,671,0.121656,0.121656,0.0,0.121656,0.878344
188,361989780913006793919620222968747185160737595989089084909,25,463,454,0.021543,0.009357,0.080219,0.10176199999999999,0.898238
188,317559581118592945343728270732523067627215982144611637637,25,424,409,0.052148,0.05577,0.090688,0.14283600000000002,0.857164
188,379999621526733814982174866558604085395375086537465979591,25,411,411,0.018276,0.018276,0.0,0.018276,0.981724
188,366021560344730588643709636731405132352498915207181378779,25,433,433,0.368288,0.368288,0.0,0.368288,0.631712
188,387944003533460640819952009732254475678414088984486177033,25,657,657,0.031905,0.031905,0.0,0.031905,0.968095
188,374845489005902740783352118914562105030081362850475258007,25,684,681,0.032414,0.046529,0.046529,0.078943,0.921057
188,386515816923087548415772467909907858268131406963172669599,25,549,548,0.15504800000000002,0.03528,0.03528,0.19032800000000002,0.809672
188,221106737983069547058303874626625601611876932304469714993,25,470,470,0.119018,0.119018,0.0,0.119018,0.880982
188,240210128646608330322236250926839186745574038027417949109,25,557,555,0.130337,0.015852,0.015852,0.146189,0.853811
188,318351913440867881282887107239336403432896585513539162139,25,495,473,0.046963000000000005,0.02226,0.05662899999999999,0.10359199999999999,0.896408
188,378635620380227758123177463104203120047480633879439638329,25,474,474,0.078991,0.078991,0.0,0.078991,0.921009
188,319199732197973078769687558220972231917492453889455575179,25,475,475,0.167753,0.167753,0.0,0.167753,0.832247
188,381980473612089531334196860824416470009021634012423067737,25,457,457,0.050684,0.050684,0.0,0.050684,0.949316
188,256586033541357135375485125099595006467144223152458416503,25,378,378,0.198127,0.198127,0.0,0.198127,0.8018730000000001
188,353636550421510722509208696720104070107782240230147107101,25,526,526,0.076021,0.076021,0.0,0.076021,0.923979
189,408589902288642681578344276763041902416284671692080986377,25,440,407,0.008123,0.037933,0.156239,0.16436199999999998,0.835638
189,646628678273258141372517202145221034603557799378124614201,25,559,559,0.00775,0.00775,0.0,0.00775,0.99225
189,592635606571861287284224295593110454631652264655249578353,25,530,528,0.015699,0.010392,0.010392,0.026091000000000003,0.973909
189,650208432524537748605744087782608274999617116493579199513,25,627,618,0.038065,0.0292,0.045202,0.08326700000000001,0.916733
189,599419609079700662276957964472775050611343385405910300163,25,797,783,0.023075,0.016139,0.124083,0.147158,0.852842
189,591139658903332237066666950704418695507871569867166356959,25,517,517,0.058939,0.058939,0.0,0.058939,0.941061
189,759303095841708533868206131077305245572712516145789616107,25,440,440,0.156823,0.156823,0.0,0.156823,0.8431770000000001
189,723374087894581884780114042666006439305170047096296570421,25,441,420,0.014658,0.041056,0.09229399999999999,0.10695199999999999,0.8930480000000001
189,642089268364349919722039425710377324200681378773618660631,25,544,544,0.023404,0.023404,0.0,0.023404,0.976596
189,493458509028245692711455247191997853201057771326056542803,25,816,801,0.071411,0.040995,0.040995,0.112406,0.887594
189,775267771444101410063934578993845769575953505357992661799,25,822,822,0.129322,0.129322,0.0,0.129322,0.8706780000000001
189,525214235994067347101638348805237964788334546789415420243,25,655,648,0.007812,0.008839,0.008839,0.016651,0.983349
189,510228484199873332122049098813102378921923672052464278333,25,443,443,0.090342,0.090342,0.0,0.090342,0.909658
189,630121824338129668949919059009823882545840337934822277567,25,715,699,0.051354,0.016971,0.09382499999999999,0.145179,0.854821
189,755634779781799121353112557954459602771587484582257255551,25,411,411,0.022181,0.022181,0.0,0.022181,0.977819
189,612172740703460905652990412541931502012476806243188854431,25,635,629,0.041718,0.014477,0.06358,0.105298,0.894702
189,530704707601162495384297467780173501132805319654798984003,25,458,433,0.043448,0.040152,0.12314399999999999,0.166592,0.833408
189,756916004872319657418986856461653189263814971681663763573,25,577,572,0.190958,0.057468,0.057468,0.24842599999999998,0.751574
189,490921607897052107753246264180398217237973784027521089099,25,450,445,0.029411,0.058333,0.10799600000000001,0.137407,0.8625929999999999
189,767702133245506513310164240704062695141079949461903447479,25,508,499,0.045373,0.01077,0.044394,0.089767,0.910233
190,1107697980005560535935691181882881481298971577503883545431,25,513,511,0.072249,0.036056,0.036056,0.10830499999999998,0.891695
190,1447718595714448727207173851527167403200700108585820235931,25,401,401,0.16988,0.16988,0.0,0.16988,0.83012
190,1067595819970828694093593212927706218036137678171084438953,25,506,479,0.03687,0.056913,0.233648,0.270518,0.729482
190,1236956916814563958009976698763228455869309463346857145209,25,444,424,0.021731,0.019716,0.213879,0.23561,0.76439
190,1303595662239872394152630143462469139534875953977955173719,25,959,953,0.047322,0.019224,0.056513999999999995,0.103836,0.896164
190,1436728764183159269584547372484560757421757510937607299719,25,426,426,0.170771,0.170771,0.0,0.170771,0.829229
190,1358738873900145804437909196195927584579190583894624729549,25,522,518,0.098073,0.031185,0.031185,0.12925799999999998,0.870742
190,1309414713325066973570726305039978280113478833538624990717,25,689,689,0.012519,0.012519,0.0,0.012519,0.987481
190,1119233946195882068749589393936438955574244336504433599743,25,534,534,0.17609,0.17609,0.0,0.17609,0.82391
190,1391390333131732070825024754648255205953706845753859235761,25,876,876,0.085236,0.085236,0.0,0.085236,0.914764
190,1219405195991088602219964475590713847204090579216876133247,25,688,688,0.032108,0.032108,0.0,0.032108,0.967892
190,1285952433782265124699401960911465263241667818151785942989,25,502,469,0.059994,0.056422,0.278314,0.338308,0.661692
190,936281692826227408663886118472398327211075139996831483807,25,467,460,0.109422,0.029366,0.029366,0.138788,0.861212
190,1495152348884655255748854019985088902044523205603769307549,25,506,506,0.125431,0.125431,0.0,0.125431,0.874569
190,1543054376408543181151756345226381442258117792563593031941,25,481,481,0.057831,0.057831,0.0,0.057831,0.942169
190,1197900039859831281860297786593556759105357856705065296097,25,369,369,0.298348,0.298348,0.0,0.298348,0.7016519999999999
190,1325762643789188253480076014106355323863094856768820242033,25,414,414,0.21042,0.21042,0.0,0.21042,0.78958
190,1549503894836788136271053205345052692884272523599834807513,25,515,513,0.067452,0.10122,0.10122,0.168672,0.8313280000000001
190,1371820001327266974371651800423316814650750283162857664521,25,384,384,0.119679,0.119679,0.0,0.119679,0.880321
190,1319759631078608755615705806993244756656084597458744780879,25,521,500,0.040914,0.052082,0.215153,0.256067,0.743933
191,2180877054471620294689724695606846212849552332318992940407,25,497,497,0.169156,0.169156,0.0,0.169156,0.830844
191,1606385381360148813307516689773707722363849418834436678389,25,418,418,0.069543,0.069543,0.0,0.069543,0.930457
191,2738991831553984659353836548560279154535043688289688027603,25,465,458,0.021688,0.020849,0.029766,0.051454,0.948546
191,2021640631374636353782008830324840969777513038468864748759,25,652,648,0.029501,0.033391,0.033391,0.062892,0.937108
191,2105598972222103150968007207241144213000505023620025661667,25,422,422,0.114607,0.114607,0.0,0.114607,0.885393
191,2954552227750152336095183292848417913001395070298811029879,25,615,609,0.049968,0.00502,0.00502,0.054987999999999995,0.945012
191,2604823021534871940153658516882468145972589783978202484923,25,499,499,0.070133,0.070133,0.0,0.070133,0.929867
191,2697799617327879157081712621189446951709202892838110789249,25,1093,1093,0.084183,0.084183,0.0,0.084183,0.915817
191,2749750578464362511041140809468842163052814508247072125809,25,709,702,0.015522,0.0718,0.0718,0.087322,0.912678
191,2810254725646498720414994000029322939731083303115400227283,25,624,595,0.031266,0.020019,0.16528100000000004,0.19654700000000003,0.803453
191,2919723125927389511356972449231841889026550065177689782341,25,632,606,0.07238599999999999,0.044461,0.29286,0.365246,0.634754
191,2384759410471810319375657922573509817577252181814221416381,25,543,543,0.15182,0.15182,0.0,0.15182,0.8481799999999999
191,2870902859138464144898136609805487079043674281379484515257,25,565,564,0.029468,0.009917,0.009917,0.039385,0.960615
191,2531428612228677358426023750691561085464553004835817283823,25,685,685,0.059532,0.059532,0.0,0.059532,0.940468
191,2569199376454128229458263634674647272803671413063904093681,25,483,469,0.049544000000000005,0.035621,0.060154,0.109698,0.890302
191,2077139403037075257284520813457747381680630617898050789129,25,582,582,0.031202,0.031202,0.0,0.031202,0.968798
191,2599527300982831600647840629042688948539972657946504879419,25,743,739,0.026565,0.011906,0.011906,0.038471,0.961529
191,2939945259852704861237884063321703407639606324099970984489,25,520,520,0.25043,0.25043,0.0,0.25043,0.7495700000000001
191,2806787067261975292631801717103764100516337005958274854877,25,907,904,0.038192,0.011995,0.048913,0.08710499999999999,0.912895
191,3102854422286895681399386946361481173908793767638701190957,25,535,535,0.144009,0.144009,0.0,0.144009,0.855991
192,6053136549975215707114861824618604186550967571524618556511,25,587,574,0.113693,0.168351,0.23555399999999999,0.349247,0.650753
192,5772223899679240100865858833866067485733365743633882768503,25,429,417,0.036208,0.103462,0.266203,0.30241100000000004,0.697589
192,4939008137476552065240184537828644764133517214756158762829,25,496,490,0.035271,0.063423,0.13411399999999998,0.16938499999999998,0.830615
192,6212435194276394115763543059243494938563033646586224859629,25,574,559,0.05401999999999999,0.045315,0.09027299999999999,0.14429299999999998,0.855707
192,3874204338182140753502701838530384426297759523506113427483,25,628,628,0.072811,0.072811,0.0,0.072811,0.927189
192,3347208880492337566130653746802735549578109517894379499733,25,785,784,0.122866,0.021477,0.021477,0.144343,0.855657
192,4306083721119286908591380042584606571729048503575164227711,25,507,496,0.026785000000000003,0.032522,0.08684,0.113625,0.886375
192,5163763031624406920207830805702663059843081289928205028959,25,626,626,0.070719,0.070719,0.0,0.070719,0.929281
192,6130364660359904866071451106195076205876004972250032444803,25,494,494,0.019301,0.019301,0.0,0.019301,0.980699
192,6254696907579855069014156880599952401895926775151729298633,25,580,580,0.07743799999999999,0.07743799999999999,0.0,0.07743799999999999,0.922562
192,4873661477686905481674696353544486097679453418713697857441,25,1093,1093,0.096217,0.096217,0.0,0.096217,0.903783
192,5412175546964427994074789034451167835889491793324688758467,25,799,789,0.027536,0.035171,0.047404,0.07494,0.92506
192,5910884209390437413999109263981667425861292837036749005609,25,578,576,0.130318,0.056449,0.056449,0.186767,0.813233
192,4621285287029859947459316813570982113322073918209718266019,25,559,559,0.224474,0.224474,0.0,0.224474,0.7755259999999999
192,5696283951894185144007889520249234417647198158940715431933,25,440,440,0.050617,0.050617,0.0,0.050617,0.949383
192,3683958575511235413756595798246241035800834295791075521963,25,463,463,0.09984,0.09984,0.0,0.09984,0.90016
192,4468006165118885684913086683109597497945491118316503789123,25,1043,1002,0.025893,0.04015,0.4000429999999999,0.4259359999999999,0.5740640000000001
192,5488497809815368048793079212529624026388526869419621039691,25,562,550,0.037978,0.018799,0.200826,0.23880400000000002,0.761196
192,5659542164522658766094858453465847140623734081033257305487,25,457,457,0.03965,0.03965,0.0,0.03965,0.96035
192,6149807903410653285967321465976396749348286539647506887699,25,638,635,0.065331,0.045179,0.045179,0.11051,0.88949
193,9905013207931875527529191960135739218017812814063208578531,25,663,629,0.049109,0.028613,0.20364400000000002,0.252753,0.747247
193,10100483858506872648422975068896319443064533148276380832169,25,694,674,0.04142,0.044599,0.164446,0.205866,0.794134
193,11663540999446197162723452607497563376895758675776898312369,25,546,534,0.083392,0.181091,0.24602400000000002,0.32941600000000004,0.670584
193,10897749645060145624874358483865606849691424744321528304937,25,565,562,0.054461,0.012921,0.026772,0.081233,0.918767
193,10565624405515099844116517970763527091130891790570283157137,25,488,488,0.19571,0.19571,0.0,0.19571,0.80429
193,12070921450587575263287627747872390786879378063838490617043,25,697,697,0.110056,0.110056,0.0,0.110056,0.889944
193,9664634974777947645604027278555623329607100282762834013441,25,509,509,0.028074,0.028074,0.0,0.028074,0.971926
193,12322960193874180073992358693327396906594292112230707610489,25,648,614,0.009823,0.008393,0.115062,0.124885,0.875115
193,8099708654360452993215966572101668396566826381629301683063,25,608,570,0.063499,0.055908,0.2947280000000001,0.3582270000000001,0.6417729999999999
193,11214351833369361189026414622248506634769198922661651441293,25,527,527,0.061522,0.061522,0.0,0.061522,0.938478
193,9128073803947130372484141505624445498586637123573747380151,25,441,441,0.067235,0.067235,0.0,0.067235,0.932765
193,11312813665303613237304198878301422628970319071234047845347,25,719,700,0.011618,0.008689,0.020436000000000003,0.032054,0.967946
193,11023902979621732752907862575267849055507922142544485438789,25,571,562,0.007425,0.016279,0.042110999999999996,0.049536,0.950464
193,11262927042730954176015822824963334235937052626560568007419,25,567,567,0.018286,0.018286,0.0,0.018286,0.981714
193,10857095320997612707420637232964945337144528989105797131153,25,816,816,0.104886,0.104886,0.0,0.104886,0.895114
193,10494271519339392909894195833014476236187539413566084429379,25,584,584,0.034614,0.034614,0.0,0.034614,0.965386
193,12278064626184964589595523842860542425676931971855436832259,25,610,610,0.055213,0.055213,0.0,0.055213,0.944787
193,8482872608322654051369609585269639790901351219221511846733,25,497,497,0.067595,0.067595,0.0,0.067595,0.932405
193,7306887098618586073076594877395470343989113832174839245017,25,574,555,0.043918,0.042153,0.042153,0.08607100000000001,0.913929
193,12409265929614063311478379725438459124196359168832063103151,25,479,478,0.154306,0.159023,0.159023,0.31332899999999997,0.686671
194,20683260459467499029277828805303888053838228828420773810227,25,676,674,0.014427,0.017045,0.017045,0.031472,0.9685280000000001
194,21350469721329597074134362589876985354717072338210358108849,26,398,398,0.166512,0.166512,0.0,0.166512,0.833488
194,18942954816325570836124528681131878336599202626159580306777,25,469,463,0.054145,0.077008,0.144473,0.198618,0.801382
194,24458941949583565962792372221933150989311549041638920536113,26,689,675,0.047681,0.018847,0.136666,0.184347,0.815653
194,21076672769905977070352813226874932564034530295953191284753,25,535,535,0.033096,0.033096,0.0,0.033096,0.966904
194,22249362777783306049117932825890593656249535237757916625729,26,442,418,0.064717,0.065847,0.104634,0.169351,0.830649
194,23203422452949787679074210878498136594954609999835899906157,26,610,603,0.04856,0.050133,0.08115699999999999,0.129717,0.870283
194,20868115815896194713106525621357671273079634596135616425361,25,625,619,0.04422,0.104152,0.160933,0.205153,0.794847
194,23192686299066524320738010687390362447126038875074169556253,26,613,605,0.03414,0.014911,0.057547999999999995,0.09168799999999999,0.908312
194,22340054129412896419322214973520037370083718012993281910367,26,418,418,0.01609,0.01609,0.0,0.01609,0.98391
194,23181673086820734631906360554899103585708564817833096064921,26,1289,1289,0.073312,0.073312,0.0,0.073312,0.926688
194,24582599091151675799091021479482934414662039688624223437687,26,426,426,0.036366,0.036366,0.0,0.036366,0.963634
194,25065435242975997360701202808292864499688676903327335870541,26,495,495,0.067506,0.067506,0.0,0.067506,0.932494
194,18390454080376419958677765335623388001794346466558675435283,25,548,544,0.052489,0.023676,0.023676,0.076165,0.923835
194,22922786508061659363842923473806512470282966011733435851431,26,1073,1042,0.002231,0.004137,0.010973,0.013204,0.986796
194,17061387184720152302891304554226083544383293835520188213651,25,467,443,0.138378,0.016038,0.25565899999999997,0.39403699999999997,0.605963
194,18618516616598255372519874377476542080222536021373325270311,25,464,464,0.339664,0.339664,0.0,0.339664,0.660336
194,21282237135538130116514856262480953933294724963389201954481,26,554,551,0.025959,0.039112,0.039112,0.065071,0.934929
194,20522969516655873169000695377445575228468042248954518479057,25,565,536,0.015378,0.012836,0.09348000000000001,0.10885800000000001,0.891142
194,14989350088210543607482262847185984320363092765497004877451,25,647,639,0.018934,0.017031,0.017031,0.035965,0.964035
195,43040604789452163741387408621112136409598757059035661677893,26,584,578,0.104615,0.041244,0.07204200000000001,0.176657,0.8233429999999999
195,49088991794939140574010539690236171966040109026993415914269,26,445,442,0.155164,0.081884,0.081884,0.23704799999999998,0.7629520000000001
195,48300749567102905436273718192442740995408307546941115427897,26,494,482,0.085721,0.122162,0.122162,0.207883,0.792117
195,48906073225085902924815189872988257194974124450370814611651,26,421,421,0.139106,0.139106,0.0,0.139106,0.860894
195,36863086582293400960306820600939234657564365893479938560799,26,734,706,0.008344,0.026621,0.090227,0.098571,0.901429
195,39520094337921324612196662792851626492332520911673811699729,26,885,885,0.021151,0.021151,0.0,0.021151,0.978849
195,48712327583936410948919472729136236367597407084610635272833,26,458,458,0.031433,0.031433,0.0,0.031433,0.968567
195,40655326120160876332407096732056168721873529846326635963177,26,449,435,0.061025,0.034413,0.150201,0.211226,0.788774
195,49535766793358394398954575009134138350900646325935636614543,26,585,573,0.1383,0.097295,0.176049,0.314349,0.685651
195,41862719142251391308296850055406978004299551713109836123227,26,582,576,0.053576,0.02501,0.02501,0.078586,0.921414
195,39425775947292327135017849550127493358385136125831647180659,26,469,456,0.058015,0.143176,0.143176,0.201191,0.798809
195,40030915462863037646967083275653053673838289093488559065567,26,612,598,0.060968999999999995,0.083107,0.083107,0.14407599999999998,0.855924
195,40570734708690516020996671408225641495385595046735671957119,26,459,459,0.099167,0.099167,0.0,0.099167,0.900833
195,40934085183179492462123851985126002111578252845347853305697,26,486,486,0.231388,0.231388,0.0,0.231388,0.768612
195,35128682060529629825193792168573153198841552039371874266881,26,455,446,0.032658,0.027559,0.027559,0.060217,0.939783
195,33386520498533519946398383478624977467807699443830033789513,26,580,580,0.065642,0.065642,0.0,0.065642,0.934358
195,40141148770606288794672640695647670636575757821310805897243,26,516,516,0.047345,0.047345,0.0,0.047345,0.952655
195,40490518455055723132909066555944613680023787528271085543291,26,564,564,0.120143,0.120143,0.0,0.120143,0.879857
195,47614627301874134935455529116186115164906112363136503150483,26,654,654,0.085587,0.085587,0.0,0.085587,0.914413
195,34473817038037491202068900808519350419613875057302440357481,26,602,602,0.008995,0.008995,0.0,0.008995,0.991005
196,95168415107121660560916881793289203952418490854465168975321,26,685,685,0.036659,0.036659,0.0,0.036659,0.963341
196,90009791547499984548910278716753576073152720702817059055901,26,511,498,0.081736,0.046578,0.046578,0.128314,0.871686
196,87459073763838296701927301523704259554148918532862184975629,26,551,551,0.067323,0.067323,0.0,0.067323,0.932677
196,70309503501777340343079821334567642537559966663221390472973,26,501,477,0.020516,0.053456,0.125161,0.145677,0.8543229999999999
196,95305038515393842196007534454562012255827385548443606952501,26,605,597,0.006928,0.009668,0.047389999999999995,0.05431799999999999,0.945682
196,82858880649466251495449216071414702109906561191821038787641,26,397,397,0.054758,0.054758,0.0,0.054758,0.945242
196,97083793852684433813008089400054003385653724507596918274297,26,684,663,0.011178,0.038632,0.09302400000000001,0.10420200000000002,0.895798
196,99466774561138218293682307547255032274447325955533021392447,26,486,486,0.08408,0.08408,0.0,0.08408,0.91592
196,62333097639089791343889610479116623630492359496474506120427,26,844,829,0.046622,0.007791,0.120504,0.167126,0.832874
196,98202769533374705029605057892210661368086364721024686834069,26,593,593,0.043086,0.043086,0.0,0.043086,0.956914
196,76205915167282914218102341674425274873438928127960827493699,26,787,784,0.171204,0.077217,0.077217,0.248421,0.751579
196,99735781901275954167800573841902347907225001572434442739617,26,680,680,0.103537,0.103537,0.0,0.103537,0.896463
196,75523924234554614323219474180414139839611222725124775536109,26,469,469,0.093445,0.093445,0.0,0.093445,0.906555
196,98856416133856584127753735193005691636012090201233990732729,26,443,428,0.08546,0.1258,0.25279399999999996,0.33825399999999994,0.6617460000000001
196,74465721503975476013420915082380026622357493970492148475923,26,621,621,0.076803,0.076803,0.0,0.076803,0.923197
196,93695083979722113939155057731935369089046162236564738423191,26,541,537,0.04156,0.047067,0.047067,0.088627,0.911373
196,77879392079591903526474505876698267670805166486636028530899,26,494,472,0.08770700000000001,0.037619,0.037619,0.125326,0.874674
196,84229306643800747300264590699152695007580757244203842094811,26,552,552,0.086013,0.086013,0.0,0.086013,0.913987
196,94030668663190317444347187347006250211939496898445186865789,26,840,817,0.015205,0.03031,0.07191600000000001,0.087121,0.912879
196,100248369583162082393739261464041339014101482772776091948201,26,438,431,0.064513,0.048248,0.11548399999999999,0.179997,0.820003
197,167659105655698882339508182915480992256595774433903924122623,26,1544,1534,0.055356,0.016467,0.112717,0.168073,0.831927
197,122449747198975822084132001235051055769374123302428745305941,26,652,652,0.058908,0.058908,0.0,0.058908,0.941092
197,157771390213784769025733801475620067885551276043484431320057,26,522,522,0.157631,0.157631,0.0,0.157631,0.842369
197,195362636325845913268639913567995093493514004135984307800363,26,573,551,0.102008,0.011129,0.334134,0.436142,0.563858
197,160328182105787324869078655378810538500450812696259544941773,26,496,496,0.18598,0.18598,0.0,0.18598,0.81402
197,184970800291752440068635983309521468062368504646083676644033,26,648,648,0.047086,0.047086,0.0,0.047086,0.952914
197,164144776080649194883406513297516553025716555924591056615183,26,435,431,0.056653999999999996,0.031121,0.051725,0.108379,0.891621
197,140818764650826975296987375129283355966942621459853255150479,26,564,564,0.050147,0.050147,0.0,0.050147,0.9498530000000001
197,189022387984517778950705123442972032908094852334290657306231,26,449,449,0.083076,0.083076,0.0,0.083076,0.916924
197,172220763612696405396243073018306035394484382521705030045911,26,445,438,0.025814,0.026714,0.06731000000000001,0.09312400000000001,0.906876
197,154481106607181704446691691500013964555830349483415881254479,26,744,743,0.057416999999999996,0.070358,0.070358,0.127775,0.872225
197,138116520840863501578382275910208792542013786200119809943421,26,465,465,0.048962,0.048962,0.0,0.048962,0.951038
197,128167436666847967508432921399395745683533771986744909507099,26,467,467,0.116574,0.116574,0.0,0.116574,0.883426
197,179430245545432323474984038609312519060231752952330260578973,26,644,644,0.010568,0.010568,0.0,0.010568,0.989432
197,164907321185035410613697079130730386934791247649211425433501,26,643,616,0.005959,0.007211,0.06831899999999999,0.074278,0.925722
197,149559974584198894049055200074096371180280008283748787845411,26,446,432,0.239715,0.087125,0.087125,0.32684,0.67316
197,141960287108387193832375793429518062558146806429474522246723,26,506,506,0.080686,0.080686,0.0,0.080686,0.919314
197,117962418323306660486403773161381103053143923297611666689523,26,462,462,0.027421,0.027421,0.0,0.027421,0.972579
197,159003940652452327574248903060253950134870172438916155070369,26,723,688,0.048741,0.016665,0.5317280000000002,0.5804690000000002,0.41953099999999977
197,186310928751907307724815625865601039478473930304908425333493,26,812,812,0.047003,0.047003,0.0,0.047003,0.952997
198,358800385741478548379741226608716034844371071935561085305833,26,623,617,0.057281,0.057249,0.057249,0.11452999999999999,0.88547
198,361832547229010809777991703475089455145922714751449984988413,26,419,415,0.157691,0.071009,0.071009,0.22870000000000001,0.7713
198,366234672716741757435258864069198637471462810470347219616629,26,688,679,0.026249,0.02719,0.039082,0.065331,0.934669
198,381944248262064685581254962871209750407378184907165945167889,26,559,559,0.04364,0.04364,0.0,0.04364,0.95636
198,354687072527494597410093290280585584399421663969934020853223,26,598,598,0.155294,0.155294,0.0,0.155294,0.844706
198,379245416457437245542302776449664948360818185536921628076539,26,432,432,0.080891,0.080891,0.0,0.080891,0.919109
198,276003453857523809899467677088049878845070200584331936691041,26,534,534,0.060029,0.060029,0.0,0.060029,0.939971
198,209990048987204577494427221770767574738889930041728156874193,26,577,577,0.073111,0.073111,0.0,0.073111,0.926889
198,256901948110234610129862767369945243180538397102365122358427,26,484,483,0.063545,0.157906,0.157906,0.221451,0.7785489999999999
198,392896855902880253325160541666344098709384930507930453171681,26,468,468,0.026841,0.026841,0.0,0.026841,0.973159
198,261148592887412956171116968549303549257459540886776423198739,26,509,508,0.010422,0.026754,0.026754,0.037176,0.962824
198,380307295207752593087679241538739081357344508076536875023627,26,597,574,0.16012700000000002,0.223483,0.337273,0.4974,0.5025999999999999
198,388299617663319746972489463784551990330983404458676571447693,26,517,496,0.030088,0.017076,0.101052,0.13114,0.86886
198,328573357774619762260295479993442675189590010826879831896677,26,534,519,0.013472,0.034698,0.04663,0.060101999999999996,0.939898
198,345095965742713044505246800463174842475462680793869138019261,26,453,453,0.110333,0.110333,0.0,0.110333,0.889667
198,292581670931790651470491827458218900376775743841380672403887,26,503,503,0.053877,0.053877,0.0,0.053877,0.946123
198,390539114582262272077001713638342490864897532470034331261247,26,491,473,0.090257,0.169226,0.169226,0.259483,0.740517
198,360504086773559647539204736208829484928785732049355565383643,26,395,395,0.052373,0.052373,0.0,0.052373,0.947627
198,235950558879078260282437419803935172239069320587333159451019,26,530,530,0.038265,0.038265,0.0,0.038265,0.961735
198,398227691324642613283526129594013507506766970246599454997939,26,659,643,0.035653,0.017959,0.031179,0.066832,0.933168
199,754357335704061312767906283574368857849729996361323767853021,26,540,540,0.233547,0.233547,0.0,0.233547,0.766453
199,740449135866891063702563724186205751814739503564925633250647,26,478,453,0.046167,0.038192,0.102843,0.14901,0.85099
199,783572025208462059459081331520531102495696274404533915350617,26,510,493,0.10228,0.071517,0.18849899999999997,0.29077899999999995,0.7092210000000001
199,689619749063096498116944459976173154436509257531702365821471,26,624,613,0.063034,0.04036,0.056632,0.11966600000000001,0.880334
199,792261444591087612509889756571590671010253289767476929883959,26,692,692,0.13154,0.13154,0.0,0.13154,0.86846
199,485165244720747932715066275346273892339756962905587028338027,26,452,452,0.176126,0.176126,0.0,0.176126,0.823874
199,701425127964276666799904563003747018572056891360383272760451,26,1119,1102,0.025107,0.136668,0.136668,0.161775,0.838225
199,790893896840481035276180066252113476643190200344778153065643,26,924,924,0.157125,0.157125,0.0,0.157125,0.842875
199,763536298621525364342165189094083117188952849209780027677679,26,601,593,0.087535,0.040103,0.09263199999999999,0.180167,0.819833
199,613617912594322713495151233564022371433770815044783317065269,26,827,827,0.036299,0.036299,0.0,0.036299,0.963701
199,701969238772333138157522384223588554623546191713496616248319,26,475,475,0.145022,0.145022,0.0,0.145022,0.854978
199,659743727985962787654640554658683537620374805989756454087933,26,679,679,0.031896,0.031896,0.0,0.031896,0.968104
199,690360274208079369250317450856211794224002008122073050016637,26,522,522,0.106653,0.106653,0.0,0.106653,0.893347
199,500887070634424955740905032565576942995006631697841024678317,26,521,521,0.04619,0.04619,0.0,0.04619,0.95381
199,562515533415072305976115813906881843805019952700501666255663,26,510,509,0.020449,0.013659,0.013659,0.034108,0.965892
199,687386421009493082281833809951506042909624825066468351426301,26,451,437,0.130649,0.03334,0.046516,0.177165,0.822835
199,627831828857047974697867855909832323916998184071016955354641,26,557,557,0.178414,0.178414,0.0,0.178414,0.821586
199,531493718748199409115070187956201803475378862922781030803881,26,499,499,0.115876,0.115876,0.0,0.115876,0.884124
199,764298723870080571982440894112670628624228896767629734930611,26,441,425,0.145731,0.138856,0.138856,0.28458700000000003,0.715413
199,563561550095967293743840793623207928679303836705271230763571,26,769,762,0.044171,0.025016,0.060734,0.104905,0.895095
200,1295789132477604807715877944458947246775511838525972200835657,26,631,631,0.096964,0.096964,0.0,0.096964,0.903036
200,1580265433117145949318612574335473147379586407902007615572209,26,560,553,0.033237,0.036413,0.036413,0.06965,0.93035
200,1031264165415914398404034296717937295434353057321618942293977,26,686,662,0.03953400000000001,0.029064,0.168788,0.208322,0.791678
200,942274183107708126744367799889859979943002828490182769563693,26,743,715,0.014114999999999999,0.056045,0.3413000000000001,0.3554150000000001,0.644585
200,1243256742262564810336975229173603901549307573958804818142771,26,585,568,0.056423,0.039278,0.066168,0.122591,0.877409
200,1332260463557925975266900697251791362056896106900938778652773,26,696,696,0.020122,0.020122,0.0,0.020122,0.979878
200,1534546510819566200886924830244913417667526810936895301477933,26,457,452,0.145438,0.018625,0.06716899999999999,0.212607,0.787393
200,1457315434423192483527568367362496447605043071246754450536801,26,567,567,0.067487,0.067487,0.0,0.067487,0.932513
200,1515478547137402687976907484166669091143375006869904371011019,26,580,580,0.068156,0.068156,0.0,0.068156,0.931844
200,1328401728722624823335450602027897002059084341229046226740677,26,501,500,0.016117,0.010615,0.010615,0.026732,0.973268
200,1069405338840333297089210313682851116995000495488370707114107,26,868,865,0.057701,0.017001,0.017001,0.074702,0.925298
200,1577668914616112972976239927299568044527242009386300299995513,26,993,993,0.085676,0.085676,0.0,0.085676,0.914324
200,924932144930952159695588929751342486737404577556159754527249,26,444,435,0.039625,0.04859,0.04859,0.088215,0.911785
200,1430455149298665257668430782969274466789353299446322896956953,26,484,475,0.013537,0.007818,0.026909000000000002,0.040446,0.959554
200,1471759896903796862187242593818058236014421372969552658348613,26,837,837,0.420532,0.420532,0.0,0.420532,0.579468
200,1024997524686414507856278528573582273997937245288256214142637,26,547,547,0.048019,0.048019,0.0,0.048019,0.951981
200,1269662956978065591146754145192337292773571460456699566030607,26,531,531,0.110266,0.110266,0.0,0.110266,0.889734
200,1251023694717248924976673861910298094342092199701445949798563,26,706,706,0.032912,0.032912,0.0,0.032912,0.967088
200,1165094867829338354631660035180329869977597764175158753523867,26,548,548,0.31296,0.31296,0.0,0.31296,0.68704
200,1245161625256545119714043746004026254459007086115269518670777,26,662,661,0.015486,0.037635,0.037635,0.053121,0.946879
