Bit_length,N,Lattice_dimension,|b_op - t|^2,|vbest - t|^2,P(b_op),P(vbest),P(|vnew - t|^2 < |b_op - t|^2),P(|vnew - t|^2 <= |b_op - t|^2),P(|vnew - t|^2 > |b_op - t|^2)
150,1268771206145175299492684899681878877410684841,21,728,728,0.110062,0.110062,0.0,0.110062,0.889938
150,1403762530472620237905076428332939916844331359,21,310,297,0.094098,0.130243,0.17860399999999998,0.272702,0.727298
150,918882917500502786903408324526441238854631741,21,407,397,0.079401,0.075461,0.075461,0.154862,0.845138
150,1044411862674117053622929515451672202864979129,21,397,397,0.087357,0.087357,0.0,0.087357,0.912643
150,1199592981228806239321120961178599459097610483,21,601,601,0.025241,0.025241,0.0,0.025241,0.974759
150,912632394066698132144971044037258218777602291,21,384,384,0.11059,0.11059,0.0,0.11059,0.88941
150,1033085278351720441874660444922199074374033881,21,454,454,0.039941,0.039941,0.0,0.039941,0.960059
150,1039667922595230805682141254323399644574814367,21,704,702,0.091948,0.243278,0.243278,0.335226,0.664774
150,1076261801716221769627743498540654753005411033,21,605,584,0.028721,0.03811,0.3924869999999999,0.4212079999999999,0.5787920000000001
150,868981675879730421007669707059890716656754209,21,391,391,0.104327,0.104327,0.0,0.104327,0.8956729999999999
150,1198940008513470371886998720870433706529677289,21,318,309,0.081476,0.10043,0.37798000000000004,0.45945600000000003,0.5405439999999999
150,1001065868810988745766471076060380006588792189,21,391,391,0.096148,0.096148,0.0,0.096148,0.903852
150,1018523197675518130041140861676478171959383813,21,315,315,0.286761,0.286761,0.0,0.286761,0.713239
150,999406335763551690568793874408994581594369181,21,305,305,0.372021,0.372021,0.0,0.372021,0.6279790000000001
150,1386649915270975663546803936212330370020386207,21,333,333,0.090304,0.090304,0.0,0.090304,0.9096960000000001
150,1252835724482748605844023934169349660374906087,21,379,379,0.266593,0.266593,0.0,0.266593,0.7334069999999999
150,1420753685420564064872708676390123998125705549,21,349,349,0.194583,0.194583,0.0,0.194583,0.805417
150,1076920912535396901213842625717381087368331181,21,417,417,0.101371,0.101371,0.0,0.101371,0.898629
150,1124397583306701037985991208303905429810161357,21,352,352,0.151316,0.151316,0.0,0.151316,0.848684
150,1130353955473240791783568532060655958732460941,21,408,408,0.144341,0.144341,0.0,0.144341,0.855659
151,2363319035074246419340419055739401443130238059,21,544,505,0.040992999999999995,0.009207,0.35967099999999996,0.40066399999999996,0.5993360000000001
151,2471201957583473321167345886570639941825218311,21,396,396,0.059766,0.059766,0.0,0.059766,0.940234
151,2315715608364087921901708175621836301416617007,21,292,292,0.054348,0.054348,0.0,0.054348,0.945652
151,2763171157217537386323259861099914830334818519,21,613,595,0.042238,0.037232,0.037232,0.07947,0.92053
151,1758775630326182635026447808028302358291781499,21,296,296,0.108761,0.108761,0.0,0.108761,0.891239
151,2188378164211148987192836592303698338909975503,21,332,318,0.139319,0.053768,0.053768,0.193087,0.806913
151,1829627983140478483810934234803641664206450619,21,355,355,0.105119,0.105119,0.0,0.105119,0.894881
151,1569735030968914361557174823910579735657956107,21,310,304,0.271793,0.135134,0.135134,0.40692700000000004,0.593073
151,2843239852874861508784440371081621911410347591,21,581,581,0.096876,0.096876,0.0,0.096876,0.903124
151,2624675574003230296718034974584383454961661761,21,577,577,0.061656,0.061656,0.0,0.061656,0.938344
151,1746328694271824837631752461766830788699201941,21,497,492,0.032189,0.034346,0.055944,0.088133,0.911867
151,2456234120258232727729365675070691784694223131,21,661,651,0.050896,0.05503,0.09036199999999998,0.141258,0.858742
151,2689914182894566195371701173819301836708498979,21,414,397,0.06753,0.022328,0.2699580000000001,0.3374880000000001,0.6625119999999999
151,2472879649799491864465871187917726124213054643,21,388,383,0.041568,0.045862,0.045862,0.08743000000000001,0.91257
151,2641928437820330089399895839369416426912654047,21,603,596,0.095035,0.094627,0.094627,0.189662,0.810338
151,2217024583566038902931835040749210710155293863,21,329,329,0.176204,0.176204,0.0,0.176204,0.823796
151,2795955547593262531562466415054318143278579719,21,418,393,0.028561,0.043579,0.23031699999999994,0.25887799999999994,0.7411220000000001
151,2754384674264655946791346511962590129499967297,21,527,527,0.059553,0.059553,0.0,0.059553,0.940447
151,1922698035563121141756137662031262831101446511,21,321,321,0.02239,0.02239,0.0,0.02239,0.97761
151,2578633082003778088940013102956628479805360761,21,526,526,0.082955,0.082955,0.0,0.082955,0.917045
152,3650146379785934850995660671580553841765454981,21,332,327,0.057418,0.091074,0.182168,0.239586,0.760414
152,4447694107941335768274189003948589146948883409,21,397,397,0.290541,0.290541,0.0,0.290541,0.7094590000000001
152,5304044781028480773455459789567804501864780699,21,391,379,0.198156,0.04017,0.04017,0.23832599999999998,0.761674
152,5225791236691602749703859113684043992716841463,21,404,404,0.177402,0.177402,0.0,0.177402,0.8225979999999999
152,5425403301002418901669361546561888615280596761,21,404,374,0.066245,0.052113,0.27762,0.343865,0.656135
152,5202335230032226630491022567996748864390119873,21,446,446,0.253938,0.253938,0.0,0.253938,0.746062
152,4003774395708740189647636396775460720094087057,21,338,333,0.042058,0.011213,0.011213,0.053271,0.946729
152,5276249290787396224699127825641594167433771223,21,372,372,0.125459,0.125459,0.0,0.125459,0.874541
152,4381176969443188923764265381058182084891594073,21,455,455,0.144249,0.144249,0.0,0.144249,0.855751
152,5541991812747053012003965966406093820220699999,21,301,301,0.432863,0.432863,0.0,0.432863,0.567137
152,5648300508047326241541247933495397085050508533,21,379,379,0.242283,0.242283,0.0,0.242283,0.757717
152,4837654055687374110886315087296888936559582543,21,331,291,0.07569000000000001,0.069515,0.32098,0.39666999999999997,0.60333
152,3169527753809835033737422227494034075208154897,21,365,365,0.045138,0.045138,0.0,0.045138,0.954862
152,4751384359859390003700613749548751936187354063,21,353,353,0.256172,0.256172,0.0,0.256172,0.7438279999999999
152,5115713692797196694227360148049458957592665221,21,314,307,0.06875,0.072667,0.273012,0.341762,0.658238
152,5377906651632174967507002058972880963848446937,21,461,451,0.078489,0.016419,0.016419,0.094908,0.905092
152,4794192939950703723191510856383251915586655239,21,375,375,0.235609,0.235609,0.0,0.235609,0.764391
152,4098436965705153817981088577951066512799793241,21,486,467,0.185107,0.310888,0.310888,0.49599499999999996,0.504005
152,4397317578261604652631366972202456990923173239,21,607,602,0.054857,0.034634,0.034634,0.089491,0.910509
152,5641409895201969238429625932613600677431973529,21,369,358,0.115519,0.158568,0.365571,0.48108999999999996,0.51891
153,7688734886215973313958737522072259896979469359,21,488,488,0.125203,0.125203,0.0,0.125203,0.874797
153,9965367899123149749669237053467022764500819709,21,364,340,0.011132,0.028555,0.110435,0.12156700000000001,0.878433
153,8648715940089396413954292296253489279668879831,21,364,355,0.115872,0.159378,0.212065,0.32793700000000003,0.672063
153,9992486217185404533285574560152593379868586411,21,312,303,0.208499,0.072225,0.072225,0.280724,0.719276
153,8752395201001776336645971436266201719253038903,21,273,273,0.090953,0.090953,0.0,0.090953,0.9090469999999999
153,10307828778112676279744687232183733883997747787,21,304,304,0.17417,0.17417,0.0,0.17417,0.8258300000000001
153,8927473020776419491333060829150295244420281503,21,499,462,0.064206,0.00616,0.30813199999999996,0.37233799999999995,0.627662
153,7853849523366438727173539795218496833560636149,21,509,489,0.10595299999999999,0.023945,0.23855300000000004,0.34450600000000003,0.655494
153,8674604146514496475964987674111780570888473743,21,283,283,0.091336,0.091336,0.0,0.091336,0.908664
153,8982522494550749295857332138146435777716539013,21,326,326,0.142504,0.142504,0.0,0.142504,0.857496
153,7465338556163117004724110416934405812498881597,21,443,443,0.23346,0.23346,0.0,0.23346,0.76654
153,9002256784614521734062834292945636253381789701,21,482,471,0.101648,0.082262,0.082262,0.18391000000000002,0.81609
153,9730043924092499024899737640031060516457357727,21,518,518,0.249406,0.249406,0.0,0.249406,0.750594
153,7772785559916630760629013439531712505833223283,21,335,335,0.30199,0.30199,0.0,0.30199,0.69801
153,6331403492532550906969515225158616949065412553,21,348,340,0.086112,0.086283,0.086283,0.172395,0.827605
153,9499729964075602707801866275682306216169333647,21,580,580,0.12032,0.12032,0.0,0.12032,0.87968
153,10623137933847890583214243354934109612727566337,21,398,398,0.08955,0.08955,0.0,0.08955,0.91045
153,8298489176359263229418112630907164868713161869,21,425,425,0.185405,0.185405,0.0,0.185405,0.814595
153,10423403876173039960502215978962041272294895987,21,351,351,0.089634,0.089634,0.0,0.089634,0.910366
153,11331438524408402513759859710883003140234689001,21,566,555,0.013811,0.045154,0.145399,0.15921,0.84079
154,20144352470088160067192230120293841747066127093,21,398,394,0.045403,0.018534,0.018534,0.063937,0.936063
154,13741129409913179912586613425642421907057677927,21,331,331,0.607652,0.607652,0.0,0.607652,0.39234800000000003
154,22555697926472858658256090868373281917048139777,21,484,480,0.023783,0.007102,0.07319,0.096973,0.903027
154,21622466558921334027105350728738281221011715713,21,470,470,0.10102900000000001,0.10102900000000001,0.0,0.10102900000000001,0.898971
154,22717282832414613486487854671615889194348202509,21,432,432,0.112436,0.112436,0.0,0.112436,0.887564
154,15553662272752172389304818266535674850670048197,21,324,324,0.0555,0.0555,0.0,0.0555,0.9445
154,16287234057599780494928529944429983938735953333,21,356,338,0.064575,0.018078,0.081303,0.145878,0.854122
154,20227306669577710217883266196429106847542507013,21,591,591,0.036285,0.036285,0.0,0.036285,0.963715
154,18361999857484992568400964915559137162309312233,21,359,359,0.049748,0.049748,0.0,0.049748,0.950252
154,17615067981495998635949724796624661825505231481,21,515,475,0.061149,0.051103,0.6504449999999999,0.711594,0.28840600000000005
154,16965780184675510815549338206501125311473383031,21,416,416,0.006234,0.006234,0.0,0.006234,0.993766
154,17145713058305669983102778787612006911670513347,21,475,452,0.18729,0.091427,0.091427,0.278717,0.721283
154,20285317985568063024579677341972941193428143231,21,300,300,0.224945,0.224945,0.0,0.224945,0.775055
154,19892574816341431255761561129070142233703448899,21,484,484,0.20015,0.20015,0.0,0.20015,0.79985
154,14482484907695104154754286426816369245597742123,21,429,429,0.094101,0.094101,0.0,0.094101,0.905899
154,21308599822779449843544699903616188167691769657,21,446,427,0.102923,0.079638,0.079638,0.182561,0.817439
154,19652552707990061015357354059734076466348869901,21,368,368,0.051018,0.051018,0.0,0.051018,0.948982
154,15836062588559999481222001755306755400249974411,21,351,348,0.133945,0.098929,0.098929,0.23287400000000003,0.767126
154,17640605793899812190237760431948486244893089589,21,390,390,0.034129,0.034129,0.0,0.034129,0.965871
154,13200322048523091361380223530828151918467232499,21,285,277,0.020467,0.021646,0.021646,0.042113,0.957887
155,31340595875958809044343360964929799034189512361,21,438,436,0.201679,0.06412,0.06412,0.265799,0.734201
155,33883679322606457824492978417378120332359598171,21,356,350,0.20977600000000002,0.060963,0.060963,0.270739,0.7292609999999999
155,38431961138800983210425437779183955699273663877,21,536,536,0.137831,0.137831,0.0,0.137831,0.862169
155,44842574992398006827792831817449122409176524571,21,385,377,0.028498,0.010881,0.024023,0.052521,0.947479
155,44479412022428483167051033854365771430317272061,21,544,544,0.037257,0.037257,0.0,0.037257,0.962743
155,39653904137769014668557378511260469269135182431,21,326,299,0.051004,0.058267,0.256283,0.307287,0.692713
155,36615548944643269126239193831815135044946113087,21,338,329,0.120479,0.147866,0.147866,0.268345,0.7316549999999999
155,35728624388846244763032748679732750007278619919,21,328,328,0.138421,0.138421,0.0,0.138421,0.861579
155,39471143362465673450737740007926815837598407923,21,455,439,0.06495,0.006016,0.07612400000000001,0.141074,0.858926
155,43620356160753924413764228467447052158522613007,21,452,431,0.077472,0.11205,0.11205,0.189522,0.810478
155,29666396188587728462615862057347321613786496027,21,547,545,0.102812,0.018136,0.018136,0.120948,0.879052
155,41677893527522320684434778067984642792936350873,21,527,494,0.033533,0.049462,0.244617,0.27815,0.72185
155,32675536969479286942701324674137910119680337459,21,332,332,0.273075,0.273075,0.0,0.273075,0.726925
155,44919866654372607559021538428305729263662282117,21,528,528,0.427945,0.427945,0.0,0.427945,0.572055
155,36452200589072916411983425394632165549777886227,21,468,468,0.125192,0.125192,0.0,0.125192,0.874808
155,33203524258924130270853246380045741567145994259,21,443,434,0.266262,0.076673,0.076673,0.342935,0.657065
155,36946503351030864812990481678628454987070959527,21,394,364,0.03972,0.038521,0.38712299999999994,0.4268429999999999,0.5731570000000001
155,44458044889519333576801527839740244268692202469,21,636,623,0.022963,0.022836,0.10205199999999999,0.125015,0.874985
155,36744155090184780124393526442075144163055399837,21,366,366,0.069389,0.069389,0.0,0.069389,0.930611
155,32611265262434541992311659835491097552848382807,21,277,277,0.081759,0.081759,0.0,0.081759,0.918241
156,58842411492108631901824870167723622565249820361,21,541,541,0.083,0.083,0.0,0.083,0.917
156,58647263901409677188415888297848821138605832667,21,353,338,0.072302,0.32926,0.32926,0.401562,0.598438
156,60691833191625566815713087621249445278906020923,21,443,443,0.124448,0.124448,0.0,0.124448,0.875552
156,83500911560012017920943706628836329963659227611,21,420,420,0.080552,0.080552,0.0,0.080552,0.919448
156,79699952235555146846014724188269022467857700953,21,458,450,0.03665,0.033103,0.033103,0.06975300000000001,0.930247
156,68617923715717279114730426060969764483412652871,21,562,562,0.08581,0.08581,0.0,0.08581,0.9141900000000001
156,70292815550175575334435593661308688973972707499,21,329,324,0.063279,0.173272,0.173272,0.236551,0.763449
156,88395906091853951743306426033388820009527178553,21,334,334,0.27538,0.27538,0.0,0.27538,0.72462
156,58490997193338963447736793476829606786651843411,21,361,361,0.133982,0.133982,0.0,0.133982,0.866018
156,88153376653160901709431525294744255033299399513,21,438,438,0.107006,0.107006,0.0,0.107006,0.892994
156,83749952449871415989936799658384575288153567857,21,493,493,0.137614,0.137614,0.0,0.137614,0.862386
156,63215896343305696798861673825073441341593157323,21,286,286,0.068611,0.068611,0.0,0.068611,0.931389
156,68367618624389291832609274122568807692737410747,21,344,344,0.052743,0.052743,0.0,0.052743,0.947257
156,85976042848566498516350067546598036064176697617,21,456,454,0.034067,0.040135,0.040135,0.07420199999999999,0.925798
156,77050956204250174763972617362140681574229342091,21,728,728,0.227131,0.227131,0.0,0.227131,0.772869
156,67397778703558464646892241700035691887301648579,21,550,550,0.10328899999999999,0.10328899999999999,0.0,0.10328899999999999,0.896711
156,82158015067987949738815070788850184671973579587,21,403,403,0.086807,0.086807,0.0,0.086807,0.913193
156,55015423047501982644190563451191716439122432951,21,383,382,0.039135,0.030587,0.030587,0.069722,0.9302779999999999
156,85336908532608541436048263259686225667526362047,21,607,607,0.199027,0.199027,0.0,0.199027,0.8009729999999999
156,56731211956952175175952662358019177731725234237,21,380,380,0.059663,0.059663,0.0,0.059663,0.940337
157,120282166308024689728299980121863747670916310267,21,434,434,0.120832,0.120832,0.0,0.120832,0.879168
157,120820017068622794622130921127946349513431310843,21,531,507,0.026394,0.082987,0.226532,0.252926,0.747074
157,160354239376266933764514100701359388571858132879,22,426,426,0.137822,0.137822,0.0,0.137822,0.862178
157,178540342865713130388740603822271194677254392441,22,404,400,0.054793,0.035214,0.035214,0.090007,0.909993
157,133758242352280888913921190835052846329897153133,21,484,475,0.073921,0.074321,0.074321,0.14824199999999998,0.851758
157,119751792167523699090520105500834166573709024723,21,351,351,0.241474,0.241474,0.0,0.241474,0.758526
157,142866301722166299614859219990227501097218329553,21,429,420,0.040651,0.020553,0.064956,0.105607,0.894393
157,159460056477105651797755450704992108220297439993,22,353,353,0.093004,0.093004,0.0,0.093004,0.906996
157,129765827297228317584448178357227745213663923673,21,452,443,0.032472,0.032756,0.07181699999999999,0.10428899999999999,0.895711
157,153041151061952724068377978141007513960278537129,21,515,504,0.067368,0.112442,0.147201,0.214569,0.785431
157,112556148137934308610401610728139436816885032007,21,331,331,0.128313,0.128313,0.0,0.128313,0.871687
157,155016348949192392834761783400231900623445364769,21,555,520,0.025405,0.072792,0.39037900000000003,0.41578400000000004,0.584216
157,165332485530732496445379876290371501984439220227,22,392,392,0.039366,0.039366,0.0,0.039366,0.960634
157,173008319555191101708826910175525434497734262397,22,287,287,0.028195,0.028195,0.0,0.028195,0.971805
157,143078279358113528954735774091416278002769110083,21,576,544,0.022136,0.027777,0.17607,0.198206,0.801794
157,139537309577365933739952691194841985292959417899,21,283,283,0.100731,0.100731,0.0,0.100731,0.899269
157,150381007425703993922643997626233047809831195563,21,319,304,0.08227000000000001,0.02155,0.097616,0.179886,0.820114
157,125414534553540336555987249708054473022979850233,21,352,352,0.199433,0.199433,0.0,0.199433,0.800567
157,100495160702135079890032717344114075262462068991,21,344,344,0.375196,0.375196,0.0,0.375196,0.624804
157,126081296153973360472994917714723398699218116441,21,780,772,0.03522,0.016756,0.06934499999999999,0.10456499999999999,0.895435
158,244084876567438940415979589793753210761831799169,22,393,390,0.170374,0.100954,0.100954,0.271328,0.728672
158,311889364802148711770367329783808121108240984963,22,427,425,0.178655,0.060849,0.060849,0.239504,0.7604960000000001
158,315552892616518612169009766705743992617805242163,22,292,292,0.364968,0.364968,0.0,0.364968,0.635032
158,364568451629159625851465545891850771901219214163,22,374,371,0.172773,0.081907,0.081907,0.25468,0.74532
158,213880798395599609631736184456759089379285659049,22,435,435,0.049477,0.049477,0.0,0.049477,0.950523
158,364596676892949119436289041863521153445811753029,22,520,520,0.095693,0.095693,0.0,0.095693,0.904307
158,215840103126036545942721515629965329944602697057,22,572,561,0.035261,0.048367,0.206926,0.24218699999999999,0.7578130000000001
158,259043540185824666457272444893607678141566205487,22,346,346,0.10983,0.10983,0.0,0.10983,0.89017
158,311426830077414386887481553693471517445014703609,22,373,367,0.057004,0.030102,0.116728,0.173732,0.826268
158,220678872755010770809359894948879428023872635453,22,355,352,0.074215,0.070568,0.070568,0.144783,0.855217
158,324273864736092445034262802970079797120470198979,22,439,439,0.173258,0.173258,0.0,0.173258,0.826742
158,335973439137660892963362517099047189556286786761,22,323,323,0.058995,0.058995,0.0,0.058995,0.941005
158,282449349227109527988465852865060163003324312407,22,324,324,0.187311,0.187311,0.0,0.187311,0.812689
158,208746167169143822300193643710778500356712398063,22,467,462,0.066602,0.020187,0.034343,0.100945,0.899055
158,334111037801880478290657958251924991420673909189,22,488,488,0.078832,0.078832,0.0,0.078832,0.921168
158,278758463930102758470340608089823158233270489379,22,355,319,0.125009,0.042482,0.26278399999999996,0.38779299999999994,0.6122070000000001
158,334359694784871699894821359716571301393005547539,22,411,399,0.203097,0.04156,0.133624,0.336721,0.663279
158,266330340319030988935371369155445034828168547083,22,372,372,0.042281,0.042281,0.0,0.042281,0.957719
158,304296786548695733429639288499877719781617137947,22,580,580,0.198974,0.198974,0.0,0.198974,0.801026
158,363187749995613157299748064319278147359621272623,22,662,662,0.05856,0.05856,0.0,0.05856,0.94144
159,686564447258462630098219799118347627120122126259,22,495,495,0.074743,0.074743,0.0,0.074743,0.925257
159,589551271893462661314759463097397605089591304053,22,483,483,0.144104,0.144104,0.0,0.144104,0.855896
159,631182522272441179585206326884145264567358144641,22,318,300,0.044637,0.073126,0.139039,0.183676,0.816324
159,436106084503182412560423534629337392438805726397,22,508,508,0.056144,0.056144,0.0,0.056144,0.943856
159,614365874960561724255698902936314085451009978123,22,438,426,0.091237,0.041483,0.197067,0.288304,0.711696
159,652808814800014009591626662453549818193223047839,22,675,675,0.133896,0.133896,0.0,0.133896,0.866104
159,431497693573687811342235449780503037093880478249,22,422,422,0.127349,0.127349,0.0,0.127349,0.8726510000000001
159,641417960009003073536715539762385574694132608057,22,318,318,0.045745,0.045745,0.0,0.045745,0.954255
159,556755493522333610334550996104356886728067513937,22,446,446,0.224796,0.224796,0.0,0.224796,0.775204
159,518738300042543123329242792010704876266634471203,22,531,512,0.075913,0.123705,0.123705,0.199618,0.800382
159,622775601463755434010798895296308923399679148479,22,370,367,0.024397,0.013712,0.049356000000000004,0.073753,0.926247
159,721092743353983610239239300767561842232656810121,22,371,371,0.157658,0.157658,0.0,0.157658,0.842342
159,725700541872878647978311987906512435448724917323,22,360,344,0.102929,0.03136,0.405692,0.508621,0.491379
159,680792306276738068787445684933623704836521586517,22,402,402,0.104995,0.104995,0.0,0.104995,0.895005
159,609838293034917899422422535971964737888944079431,22,564,554,0.030475,0.070103,0.191112,0.221587,0.778413
159,500003566005968344293642166685142120533963613397,22,375,366,0.048993,0.113886,0.395645,0.44463800000000003,0.5553619999999999
159,672585552363075626030436013518741587083784197091,22,956,956,0.078955,0.078955,0.0,0.078955,0.921045
159,667853203575891446356676483576275288677930218477,22,369,369,0.056448,0.056448,0.0,0.056448,0.943552
159,452729177399062213984412625994093209513957053659,22,491,490,0.028566,0.050202,0.050202,0.078768,0.921232
159,718517666115847144224280227758502807408113808437,22,604,595,0.033944,0.024474,0.024474,0.058418,0.941582
160,1115913240165002032294944939882858364194015937199,22,356,337,0.029256,0.05291,0.184896,0.214152,0.785848
160,1440912770676709848638629792376134253525608074541,22,628,626,0.025906,0.095278,0.095278,0.121184,0.878816
160,933815358984064483011197510331330335221655664157,22,410,404,0.11947,0.069185,0.212856,0.332326,0.667674
160,969243323728712475535486623630623651719920512731,22,368,368,0.463082,0.463082,0.0,0.463082,0.536918
160,1076466504888089627494905309713319219664710433643,22,374,373,0.127648,0.128083,0.128083,0.25573100000000004,0.744269
160,1421116437931458286969196379690998986504855152749,22,564,553,0.048085,0.027949,0.093607,0.14169199999999998,0.8583080000000001
160,1172553592352544090305146581654443943982800468347,22,384,384,0.170001,0.170001,0.0,0.170001,0.8299989999999999
160,909793617870750937141425081136809004936031725807,22,846,837,0.098342,0.069447,0.097333,0.195675,0.804325
160,1057437110620229076506102833609193814696668318251,22,409,408,0.236856,0.047712,0.047712,0.284568,0.7154320000000001
160,1272489506939449407441353102540516266393948251787,22,392,392,0.093064,0.093064,0.0,0.093064,0.906936
160,1080313044916089688695708805273339794814591207951,22,334,334,0.091723,0.091723,0.0,0.091723,0.908277
160,1149353867679185877473020663684612261737991945873,22,322,316,0.078432,0.102143,0.102143,0.18057499999999999,0.8194250000000001
160,983949157142389589790721652739207946878875195771,22,355,349,0.10709,0.097665,0.097665,0.20475500000000002,0.795245
160,1361143599389480694086689546211220334021828686817,22,405,405,0.309107,0.309107,0.0,0.309107,0.690893
160,1021091838147883904869937336936298707335596006313,22,467,448,0.051463,0.015642,0.25936399999999993,0.3108269999999999,0.689173
160,1294988162211010208686476509915675738782236322669,22,401,401,0.370204,0.370204,0.0,0.370204,0.629796
160,1122941529731570548110403398235866601161586536011,22,350,350,0.113392,0.113392,0.0,0.113392,0.886608
160,1432805530443255062195929071604085524855630107221,22,361,361,0.100409,0.100409,0.0,0.100409,0.899591
160,1153032896620140114746318270771321999716861546507,22,437,437,0.178511,0.178511,0.0,0.178511,0.821489
160,964310714558373662737593657033125267637818078167,22,374,361,0.051326,0.090549,0.16418100000000002,0.215507,0.784493
161,2549342994142969438502207735324263431486603124709,22,349,349,0.093625,0.093625,0.0,0.093625,0.906375
161,2681100216348215889829625802961254331665674276717,22,434,433,0.038418,0.00826,0.00826,0.046678,0.953322
161,2880298692764464678292391755309173496702002183049,22,454,454,0.05806,0.05806,0.0,0.05806,0.94194
161,1772591985057680454231176923477927954936575167497,22,298,298,0.271016,0.271016,0.0,0.271016,0.7289840000000001
161,2083705746610030102470078930728254734269258767559,22,405,405,0.213719,0.213719,0.0,0.213719,0.786281
161,2592051223899969308896255211589583595849607840917,22,531,522,0.047372,0.031097,0.134162,0.181534,0.818466
161,1964444950659050423101133436896095725128026615861,22,320,320,0.045654,0.045654,0.0,0.045654,0.954346
161,2664894503748551145754658751022334263049302504109,22,410,396,0.083733,0.072574,0.093471,0.177204,0.822796
161,2890667027374661591725712210164725411830649644971,22,453,453,0.12893,0.12893,0.0,0.12893,0.87107
161,2315237919643127678001317504649602348775135239989,22,419,419,0.202014,0.202014,0.0,0.202014,0.797986
161,2263615665739021443959839330064499024174205984757,22,355,353,0.249527,0.10482,0.10482,0.35434699999999997,0.645653
161,2715737041694779962072587570440702427479596688267,22,412,399,0.046386,0.100956,0.157049,0.20343499999999998,0.796565
161,2242913431855633380375884470582819076336280851693,22,563,563,0.060291,0.060291,0.0,0.060291,0.939709
161,2196055705110050413211594819707917380387387874647,22,478,478,0.117863,0.117863,0.0,0.117863,0.882137
161,2386559963764208317133465196705396071874399113177,22,454,454,0.105759,0.105759,0.0,0.105759,0.894241
161,2496018222066887071360307538619052262154796275933,22,460,451,0.049189,0.147389,0.147389,0.19657799999999997,0.8034220000000001
161,2643999513168057204584957107582487653622472397817,22,473,473,0.036977,0.036977,0.0,0.036977,0.963023
161,2635743115320503461112643487699959884803825828717,22,412,412,0.200544,0.200544,0.0,0.200544,0.7994559999999999
161,2825605982926347409937517778879057613012900909681,22,434,433,0.020006,0.015326,0.015326,0.035332,0.964668
161,1945681273593238791686785823639092496168175333883,22,455,455,0.050119,0.050119,0.0,0.050119,0.949881
162,5142726192263316119305765044724202366191059020131,22,431,431,0.15326,0.15326,0.0,0.15326,0.84674
162,4356714020119985091707387224305757015484033268083,22,354,354,0.285612,0.285612,0.0,0.285612,0.714388
162,5760088733269586802798761031015562375783053998981,22,411,399,0.163957,0.102179,0.102179,0.266136,0.7338640000000001
162,5126536210830929842911126218863559555593079772241,22,462,449,0.058083,0.021114,0.034187,0.09227,0.90773
162,4355984306317180250941284630714493550289288293197,22,529,529,0.107672,0.107672,0.0,0.107672,0.892328
162,5372238624316637074604877264416233805336449398107,22,393,381,0.028104,0.046537,0.15477400000000002,0.182878,0.817122
162,3370953511586955617438834489704567964510236112387,22,366,348,0.039718,0.149382,0.26585899999999996,0.305577,0.694423
162,5654048134438701321190467092520015125597334765619,22,929,919,0.037552,0.02563,0.035419,0.07297100000000001,0.927029
162,5347560175544712010315634817224870510859508906709,22,426,426,0.175639,0.175639,0.0,0.175639,0.824361
162,5736419416140119735836049169364015628764346059723,22,814,797,0.019827,0.02055,0.086811,0.106638,0.893362
162,4650109252981784028797300655435682334415722439709,22,507,504,0.136142,0.028454,0.028454,0.16459600000000002,0.835404
162,4851575313540019468754262146798472592699356416503,22,445,445,0.096887,0.096887,0.0,0.096887,0.903113
162,4620052361353557581946034404083231874642184874639,22,470,462,0.27862299999999995,0.037643,0.037643,0.31626599999999994,0.6837340000000001
162,5522800988337253824728791418632480547260333713827,22,417,417,0.194398,0.194398,0.0,0.194398,0.805602
162,5499586014822265836968576304450001678297022377393,22,658,658,0.063195,0.063195,0.0,0.063195,0.936805
162,3564133393297332356275713734544213713680389996917,22,385,385,0.094901,0.094901,0.0,0.094901,0.905099
162,5515322111725050184603784308918954761722437406837,22,422,413,0.105438,0.026296,0.026296,0.13173400000000002,0.868266
162,4485461183490214672847356727639397071039303926699,22,390,390,0.115576,0.115576,0.0,0.115576,0.884424
162,5195480640606091839263058107075820094394110075261,22,379,374,0.103986,0.065303,0.065303,0.169289,0.830711
162,5741107958946558148650160180297387601202820663099,22,469,469,0.12541,0.12541,0.0,0.12541,0.87459
163,9747578468936317254902406784741698921811080904511,22,423,408,0.074353,0.059859,0.155143,0.229496,0.770504
163,10111701947436338618707597112719816959644907307921,22,494,494,0.127248,0.127248,0.0,0.127248,0.872752
163,9500974977324321481710304769960767745184067228853,22,389,383,0.071309,0.074742,0.074742,0.146051,0.8539490000000001
163,10923265258610933252939304751090963667320491815059,22,370,370,0.142265,0.142265,0.0,0.142265,0.857735
163,6277296598420519157375291811600475171257085054819,22,328,328,0.143066,0.143066,0.0,0.143066,0.856934
163,9231618602773719751425117097585869209969078112883,22,456,449,0.093302,0.064752,0.095775,0.189077,0.8109230000000001
163,10035352768951452538707551978057565508665635317309,22,472,465,0.042465,0.099401,0.099401,0.141866,0.858134
163,7654209071367977951897371689264431599631570961337,22,337,337,0.074479,0.074479,0.0,0.074479,0.925521
163,10824194889247063645916265364865318315163275587691,22,393,363,0.073148,0.089247,0.133719,0.20686700000000002,0.793133
163,7007067855178084077334907729020251703138388423407,22,588,588,0.08785,0.08785,0.0,0.08785,0.91215
163,11563629162960767561469993435982566900206290797341,22,339,339,0.239201,0.239201,0.0,0.239201,0.760799
163,10432647582007091942814866236806348920448169897081,22,412,409,0.092264,0.056926,0.21418500000000001,0.306449,0.693551
163,11013321740409425001654829975108773198879722323169,22,486,486,0.225251,0.225251,0.0,0.225251,0.774749
163,11388208541060705561819087229232095358667380786273,22,566,566,0.214497,0.214497,0.0,0.214497,0.7855030000000001
163,11103735522688372546281614770298463681690271542443,22,512,512,0.177336,0.177336,0.0,0.177336,0.8226640000000001
163,8215686036974456744106483973928387713743004968589,22,459,449,0.105613,0.047995,0.047995,0.153608,0.846392
163,10366420373188722818237768081269384282174284586279,22,524,518,0.043969,0.107328,0.107328,0.15129700000000001,0.848703
163,9887493049291697627584648336712714992824228820507,22,384,384,0.118269,0.118269,0.0,0.118269,0.881731
163,11291772697596805962306082330181863662191216703401,22,705,685,0.020538,0.014092,0.10109,0.121628,0.878372
163,8629299483287912574962165393081179705241759373329,22,539,539,0.230297,0.230297,0.0,0.230297,0.769703
164,20210344270042780228524473590981781384374263250651,22,712,674,0.013511,0.00891,0.19001800000000002,0.20352900000000002,0.7964709999999999
164,17385754946083473907588211247263282920082635440931,22,449,449,0.096255,0.096255,0.0,0.096255,0.903745
164,15065200337324516365624234372840728893791849883677,22,549,549,0.132943,0.132943,0.0,0.132943,0.867057
164,20001274208685757373389824972298109151192644683421,22,467,444,0.068769,0.10315,0.290444,0.359213,0.640787
164,23206373050027225840725924288883018652907266761573,22,416,416,0.074319,0.074319,0.0,0.074319,0.925681
164,22025345891505684794425190360346292788092251835117,22,343,343,0.153516,0.153516,0.0,0.153516,0.846484
164,17433500709489283073258616221836367960841092957683,22,417,417,0.199313,0.199313,0.0,0.199313,0.800687
164,20619243792726008996626054260855579390889646661671,22,519,514,0.050322,0.014954,0.092348,0.14267,0.85733
164,17851954102483708548111820947964979316071559518321,22,520,506,0.028883,0.042108,0.1636,0.192483,0.807517
164,15520227091786292775179646082304899324457570987803,22,414,414,0.157881,0.157881,0.0,0.157881,0.8421190000000001
164,21025509716353739955780362583473341923163070100707,22,511,508,0.135293,0.09192,0.09192,0.227213,0.772787
164,14498146431977835998639783360838649091026316741701,22,513,513,0.128152,0.128152,0.0,0.128152,0.871848
164,19111791960401045569879778943278968002523890458231,22,326,326,0.046864,0.046864,0.0,0.046864,0.953136
164,16530301572124410378960034538876085010836459672467,22,349,349,0.030209,0.030209,0.0,0.030209,0.969791
164,18221873864190480631751119997397311265906143427919,22,640,640,0.218903,0.218903,0.0,0.218903,0.781097
164,19509002958117864345830026901941875949728480482351,22,679,679,0.079367,0.079367,0.0,0.079367,0.920633
164,22672286378997470934496964350911104497412505665789,22,422,422,0.142964,0.142964,0.0,0.142964,0.857036
164,23046477364042922130498611236049763734841923672321,22,584,571,0.020089,0.023017,0.30104300000000006,0.3211320000000001,0.6788679999999999
164,17549286263321631100185248104947257910955608889553,22,373,373,0.258609,0.258609,0.0,0.258609,0.741391
164,21059636316678691840527110401614339175235554714931,22,480,480,0.152226,0.152226,0.0,0.152226,0.847774
165,41832933592112304400801943026671467969363831087923,22,360,360,0.04466,0.04466,0.0,0.04466,0.95534
165,35682862411294951100561921127821057964487467339443,22,420,408,0.18978,0.252367,0.252367,0.442147,0.5578529999999999
165,42835312913720678185448545784074783359123970744159,22,383,383,0.207863,0.207863,0.0,0.207863,0.792137
165,40881659780738625128558353749592964839279265435171,22,366,364,0.052682,0.106862,0.106862,0.159544,0.840456
165,45322494471102900510547891895971824081862698563281,22,360,343,0.038018,0.01737,0.08243299999999999,0.120451,0.879549
165,45929128788840959205376511336193947297685265640951,22,950,946,0.043077000000000004,0.011972,0.011972,0.055049,0.944951
165,44489998373490387700600426834275888436763809873019,22,807,807,0.042588,0.042588,0.0,0.042588,0.957412
165,35790092378947652923809024031202004014344249255817,22,484,473,0.103111,0.028505,0.028505,0.13161599999999998,0.868384
165,45161106773899709982331683988937842529673051859151,22,517,517,0.119887,0.119887,0.0,0.119887,0.880113
165,41611075822328138418773040753161992670148754649183,22,427,427,0.036673,0.036673,0.0,0.036673,0.963327
165,43893688025396579244143003549941949711112694897597,22,595,595,0.084144,0.084144,0.0,0.084144,0.915856
165,38949108443317524477011125919734633057707138102373,22,460,460,0.036381,0.036381,0.0,0.036381,0.963619
165,44506757530726502698455041633661918108484228681201,22,606,587,0.044778,0.03811,0.16773100000000002,0.212509,0.7874909999999999
165,45700176760813962794447132804379570073089321130619,22,452,450,0.158927,0.016973,0.030279999999999998,0.18920700000000001,0.810793
165,36717319074712975178793976563482551630954666600147,22,518,518,0.063528,0.063528,0.0,0.063528,0.936472
165,40081717737177734357477768258828819203380673838299,22,467,467,0.06387,0.06387,0.0,0.06387,0.93613
165,42668271582757088828333733690941986896240697265291,22,344,344,0.472914,0.472914,0.0,0.472914,0.5270859999999999
165,42066162699265700510000155471171171993026790897181,22,335,335,0.08802,0.08802,0.0,0.08802,0.91198
165,43079437256800894081452117481597778557867932256481,22,761,721,0.032687,0.04361,0.22997499999999998,0.262662,0.737338
165,39639751732104952918265482468837059446746603506727,22,455,455,0.057313,0.057313,0.0,0.057313,0.942687
166,64455071458380183185819126791305562795840205337607,22,556,556,0.021526,0.021526,0.0,0.021526,0.978474
166,90075771203582122330247262323941154266135655067703,23,584,577,0.14100000000000001,0.060415,0.060415,0.201415,0.798585
166,72228823129784081606691745887439926673012583025583,22,602,602,0.112674,0.112674,0.0,0.112674,0.8873260000000001
166,69837432774442923128016482628855170461287372899371,22,459,431,0.059556,0.054675,0.35506599999999994,0.41462199999999994,0.5853780000000001
166,89244922194937743144971782767253188914316795885797,23,520,502,0.056927,0.068456,0.068456,0.125383,0.874617
166,88746453267789363020668583643470490537450658613921,23,430,428,0.070427,0.048952,0.048952,0.11937900000000001,0.880621
166,88713786474705850221237608801094392192327303798911,23,433,409,0.033347,0.020264,0.11986100000000001,0.153208,0.846792
166,87557406481398096612837568774546924908523956472679,22,501,501,0.275436,0.275436,0.0,0.275436,0.724564
166,83804917377281198336877975468864158449629337119497,22,429,429,0.178697,0.178697,0.0,0.178697,0.821303
166,81569638913156092214718111347132660641468885512997,22,374,374,0.126508,0.126508,0.0,0.126508,0.8734919999999999
166,52608719657148563796512530136536674250280158137673,22,587,587,0.264334,0.264334,0.0,0.264334,0.7356659999999999
166,89221264190598117801701321295581964396857406691793,23,360,360,0.313243,0.313243,0.0,0.313243,0.6867570000000001
166,91421352408629645983856436933886907626516790327531,23,444,439,0.027403,0.149273,0.24083899999999997,0.268242,0.731758
166,92354408607697290294087669975129842220424154225839,23,359,359,0.027333,0.027333,0.0,0.027333,0.972667
166,90307244958886521065070588400571519599452170426827,23,440,433,0.253114,0.022987,0.022987,0.276101,0.7238990000000001
166,61951676507642868191945772939153670793162317140439,22,659,659,0.082314,0.082314,0.0,0.082314,0.917686
166,57096092534835312898852423687190032724229132615371,22,402,402,0.058746,0.058746,0.0,0.058746,0.941254
166,77734094079183033282661848210260105535011878058221,22,443,426,0.077241,0.334578,0.3838519999999999,0.4610929999999999,0.538907
166,61439716290799937763975920406477923341938046630307,22,538,533,0.24907700000000002,0.014217,0.014217,0.26329400000000003,0.736706
166,92944946903546196014112302841886638418369209076507,23,333,312,0.056242,0.097093,0.15641,0.212652,0.7873479999999999
167,185191770581306272864194984747884925328034141094049,23,360,355,0.042025,0.028887,0.028887,0.070912,0.929088
167,150753299534321728385042450116986328932503586710791,23,402,402,0.202198,0.202198,0.0,0.202198,0.797802
167,122185038003700368219528064449236784866763422689417,23,384,384,0.028065,0.028065,0.0,0.028065,0.971935
167,178235118269758334366445181520116909697869973267843,23,418,418,0.041708,0.041708,0.0,0.041708,0.958292
167,125101284926137051500851455837556179024574472599693,23,403,399,0.050652,0.0433,0.111997,0.162649,0.837351
167,183608279157579728300471834586610846132033916363009,23,435,435,0.20342,0.20342,0.0,0.20342,0.7965800000000001
167,123823837425211259366602079641341299640350463304427,23,487,460,0.035057000000000005,0.014971,0.20944400000000002,0.24450100000000002,0.7554989999999999
167,182738591737141364288038096817725089299414242881199,23,372,363,0.0295,0.031771,0.127771,0.157271,0.8427290000000001
167,144881986800772159131971678194070421363231610326503,23,488,488,0.264604,0.264604,0.0,0.264604,0.7353959999999999
167,169113029671003783909165383403390189332006078766403,23,756,756,0.121069,0.121069,0.0,0.121069,0.878931
167,180203454172404433999728807424822530543427009853893,23,618,613,0.087435,0.038985,0.060328999999999994,0.147764,0.852236
167,176740473075257510677017027826065071164478066806109,23,329,329,0.070394,0.070394,0.0,0.070394,0.929606
167,154708744984764752253150630606148953411120836248223,23,517,515,0.057775,0.109439,0.109439,0.167214,0.832786
167,185822038963156756154989463606402264231845142986571,23,499,499,0.044211,0.044211,0.0,0.044211,0.955789
167,164713641976176077509064527913611509808492198546303,23,429,429,0.078577,0.078577,0.0,0.078577,0.921423
167,174143473517067658771245663523001506669684229251583,23,294,294,0.137158,0.137158,0.0,0.137158,0.862842
167,134875484299471317108685835177615212803568324951771,23,325,325,0.171687,0.171687,0.0,0.171687,0.828313
167,182071589557326943011646537770784052720010679622671,23,457,457,0.149854,0.149854,0.0,0.149854,0.8501460000000001
167,107723548795615044892707554332906198918982581905521,23,416,416,0.058117,0.058117,0.0,0.058117,0.941883
167,110235062257219473750266489148464622602430677309023,23,469,461,0.077081,0.018987,0.060875,0.137956,0.862044
168,355867559027045347481742474164268313169270448267103,23,532,532,0.046596,0.046596,0.0,0.046596,0.953404
168,354354498343882825539049178202420048518235057099511,23,382,380,0.139107,0.031321,0.031321,0.17042800000000002,0.829572
168,297316862371625606791660530918145246188551598375827,23,462,462,0.097853,0.097853,0.0,0.097853,0.902147
168,251334070780906996792106667358010626199124871015193,23,382,382,0.108777,0.108777,0.0,0.108777,0.891223
168,266089629335928959939990984219310389073099671366189,23,377,377,0.119322,0.119322,0.0,0.119322,0.880678
168,297312478520764466042800805099268401234237086618769,23,498,498,0.063408,0.063408,0.0,0.063408,0.936592
168,252694597694857518298868919901861055603851696256479,23,402,402,0.030816,0.030816,0.0,0.030816,0.969184
168,286391540226265125508001191752822610514127971418977,23,445,445,0.117645,0.117645,0.0,0.117645,0.882355
168,318688943619592236326261968753666579542852488008771,23,516,512,0.079634,0.044014,0.044014,0.123648,0.876352
168,348197322658922333549563681800422289216265150015297,23,516,495,0.048985,0.038586,0.208818,0.257803,0.742197
168,368542669960002587168410129566818072485889583789247,23,477,477,0.064024,0.064024,0.0,0.064024,0.935976
168,268548911990920458790785330758705695531710970965877,23,384,384,0.103451,0.103451,0.0,0.103451,0.896549
168,331941207943771650157715950616862772785852585230449,23,394,379,0.08194,0.121696,0.34790099999999996,0.429841,0.5701590000000001
168,323877960143720182139921715509016936864755738538083,23,395,395,0.018317,0.018317,0.0,0.018317,0.981683
168,363122401231538903702884958200573978698665726858941,23,428,425,0.15195,0.058975,0.058975,0.210925,0.789075
168,308228420728279829232936597270463065825898054642939,23,374,374,0.273326,0.273326,0.0,0.273326,0.726674
168,283116060916231999061737214282503740357534622019947,23,391,391,0.132222,0.132222,0.0,0.132222,0.8677779999999999
168,281428688528495768940994883006958194198779974610219,23,509,508,0.120436,0.099911,0.099911,0.22034700000000002,0.7796529999999999
168,326678933726286291994787934645555743351568375175913,23,420,411,0.123069,0.166983,0.166983,0.290052,0.709948
168,242229774464479250019542042945875041752252033094853,23,806,785,0.0064470000000000005,0.026956,0.150929,0.15737600000000002,0.842624
169,549419723295960540447780008307906211005792776812829,23,484,484,0.066523,0.066523,0.0,0.066523,0.933477
169,664865469281161842324657652489314073194401709162263,23,616,616,0.096022,0.096022,0.0,0.096022,0.903978
169,526275837673483487444634125901789672050479746789367,23,459,452,0.014944,0.042625,0.06792100000000001,0.08286500000000001,0.917135
169,677970966743848576239473283142953742552801707940111,23,437,437,0.064272,0.064272,0.0,0.064272,0.935728
169,657821691628060301322956147101670288895728662024039,23,429,429,0.252696,0.252696,0.0,0.252696,0.747304
169,715264587022453456200004920592343027582234072699119,23,727,686,0.009493999999999999,0.030412,0.399925,0.409419,0.590581
169,564263055842251392661877742982498545034787789672701,23,391,385,0.03763,0.053899,0.130419,0.168049,0.831951
169,709752893570015397017697204082578787464541589122757,23,360,360,0.065096,0.065096,0.0,0.065096,0.934904
169,655017367008869539322579634764112530246507710350587,23,422,422,0.31638,0.31638,0.0,0.31638,0.68362
169,657292182528951725976013293116638919927942739731969,23,405,371,0.033143,0.015263,0.245938,0.27908099999999997,0.7209190000000001
169,723786901355715251133499133823457447564442130316753,23,894,894,0.089192,0.089192,0.0,0.089192,0.9108080000000001
169,523829125978495822418790946811975528394043957096661,23,390,390,0.207364,0.207364,0.0,0.207364,0.792636
169,541477377066573582590059723667831900889584456117101,23,343,343,0.192324,0.192324,0.0,0.192324,0.8076760000000001
169,695788992079943252596035093883032289031003550676639,23,463,463,0.057033,0.057033,0.0,0.057033,0.942967
169,694333695686916638920533025197721880230919832136049,23,363,363,0.16063,0.16063,0.0,0.16063,0.83937
169,485822670269234256517166328139449043912746690035101,23,401,394,0.033885,0.041884,0.084587,0.118472,0.881528
169,621048212309618498722906441939308335619301463127923,23,452,452,0.093776,0.093776,0.0,0.093776,0.906224
169,471378305746743164537629288149409115192944188760511,23,410,401,0.041224,0.046804,0.071079,0.112303,0.887697
169,679166054805478107698598400374518496104565906945673,23,338,338,0.200412,0.200412,0.0,0.200412,0.799588
169,478874915531854708795103201026072431746838752011189,23,478,470,0.057043,0.026457,0.069609,0.12665200000000001,0.873348
170,1289318240951187150423696809121408247188110724374959,23,383,383,0.18445,0.18445,0.0,0.18445,0.81555
170,1317598680651458934736004969973115054629720267802427,23,412,411,0.154367,0.109667,0.109667,0.264034,0.735966
170,1387016971391792365767686427962070113773978808021599,23,435,427,0.025769,0.039522,0.081251,0.10702,0.89298
170,1301605848278604502292287990083848668281772339668443,23,529,525,0.011002,0.022804,0.040057,0.051059,0.948941
170,1454027346176602205583289937091731344133146246553801,23,577,558,0.228853,0.091643,0.238363,0.46721599999999996,0.532784
170,967653528079116878085780463103240904324567568232963,23,531,531,0.138553,0.138553,0.0,0.138553,0.861447
170,1261056843454978621289453730316681785701648409889253,23,488,487,0.072872,0.116946,0.116946,0.189818,0.810182
170,837639897222655440981696060794566569158254246200341,23,432,432,0.011463,0.011463,0.0,0.011463,0.988537
170,1380352939133440466587651274847015029204065064236727,23,661,661,0.261948,0.261948,0.0,0.261948,0.7380519999999999
170,1470202321847100083182546960194231350823305902723733,23,488,488,0.170607,0.170607,0.0,0.170607,0.829393
170,1395451141662017337518566124235400507157510063162651,23,386,386,0.105484,0.105484,0.0,0.105484,0.894516
170,1443973581327167714924022043427922410334336886476631,23,452,436,0.057159,0.021363,0.145218,0.20237700000000003,0.797623
170,1248251220039825096428185208030859202496488462447199,23,480,480,0.192363,0.192363,0.0,0.192363,0.8076369999999999
170,1485074191992056020325974520634552289818056666197811,23,431,431,0.074672,0.074672,0.0,0.074672,0.925328
170,1254247931868399620218293166952069391063175723231013,23,515,502,0.16141,0.057831,0.200904,0.362314,0.637686
170,1257669066486116581118684542985264257389351752099207,23,336,336,0.189888,0.189888,0.0,0.189888,0.8101119999999999
170,938770475414108901814693140661602364827961258856599,23,363,359,0.054053,0.111908,0.111908,0.165961,0.834039
170,1066007335410228423895411628779579916508643551606013,23,442,440,0.13393,0.077438,0.077438,0.211368,0.788632
170,1055641473154584299321451059456907378615225873359927,23,466,466,0.190795,0.190795,0.0,0.190795,0.809205
170,1450909537806030357996742850817171901677376101936973,23,352,349,0.09121699999999999,0.037479,0.097031,0.188248,0.811752
171,2320628485992640066699844867503781431624090632616007,23,420,409,0.166914,0.140789,0.140789,0.307703,0.6922969999999999
171,2687357138509969949945838036658262421119489089392571,23,398,392,0.006333,0.016387,0.016387,0.022719999999999997,0.97728
171,2179890418570410841271805505892530931206234443075251,23,499,499,0.140704,0.140704,0.0,0.140704,0.8592960000000001
171,2643553863724729454040982582317963102955115497112137,23,664,659,0.070195,0.028032,0.043094,0.113289,0.886711
171,2460627882183105189199201566900305707431196028435837,23,483,483,0.075363,0.075363,0.0,0.075363,0.924637
171,2339826321982801679364695234505710301355859790744791,23,685,685,0.025845,0.025845,0.0,0.025845,0.974155
171,2758900339445195828507819823171495863952057663997793,23,372,372,0.228104,0.228104,0.0,0.228104,0.771896
171,1842882812388021598690092464110026835556610550203901,23,687,664,0.031322,0.043094,0.135934,0.16725600000000002,0.8327439999999999
171,2527348162893818585716726864029885307488142009814867,23,378,352,0.059026999999999996,0.035906,0.087782,0.146809,0.853191
171,2837554568622031909115383188427508045834871248866231,23,390,390,0.342788,0.342788,0.0,0.342788,0.657212
171,1980107624548085725945997103475068875829188531206579,23,895,895,0.233495,0.233495,0.0,0.233495,0.766505
171,2569544928058170304082873120455860591460518083182909,23,515,515,0.078837,0.078837,0.0,0.078837,0.921163
171,2690941433828007792933739463035154894668803736090667,23,360,356,0.128206,0.184763,0.184763,0.312969,0.687031
171,2790043200701068932081541267461948287073389647656629,23,317,317,0.185371,0.185371,0.0,0.185371,0.814629
171,2090916108644774601950745809429826244133327238488009,23,444,425,0.082934,0.158872,0.158872,0.24180600000000002,0.758194
171,2565736058589956952109798640055629482853606450052707,23,494,488,0.093473,0.10454,0.10454,0.198013,0.801987
171,2857998842268811336179375833801691573922890863274847,23,686,686,0.101529,0.101529,0.0,0.101529,0.898471
171,2396493466906125285828056384566870470681794130877669,23,441,441,0.09257599999999999,0.09257599999999999,0.0,0.09257599999999999,0.907424
171,2690381636823230507251275613355703537300523990202027,23,567,546,0.06135499999999999,0.041024,0.227479,0.288834,0.711166
171,2534044398151279155788338071872494168885731333317717,23,517,517,0.104726,0.104726,0.0,0.104726,0.895274
172,4462022261486228276470696903183179974341102550314813,23,589,579,0.072509,0.050947,0.195281,0.26779000000000003,0.73221
172,4973934130046512061706003746504778764546358353047069,23,483,469,0.095309,0.032314,0.135397,0.230706,0.769294
172,5648094522288795174255363457633460814882962588225833,23,595,573,0.021468,0.020257,0.206124,0.22759200000000002,0.772408
172,4726592204009198207872992689944913141786425094656837,23,812,812,0.14616,0.14616,0.0,0.14616,0.8538399999999999
172,5594622054792930920033030420069168546546514996297059,23,375,375,0.110715,0.110715,0.0,0.110715,0.889285
172,5195538082333779164457732930160988690944352296084861,23,419,402,0.099231,0.046514,0.31222,0.411451,0.588549
172,4025284698876107182620642633377455297801856255767501,23,452,452,0.063064,0.063064,0.0,0.063064,0.936936
172,4383786029746298282865883459946099335415639923579151,23,540,527,0.13502,0.122691,0.122691,0.257711,0.742289
172,4240211809755560196715516460800231502364014252588639,23,428,423,0.161649,0.086365,0.086365,0.24801399999999998,0.751986
172,5548533853252799042694444930927799861408846535815007,23,419,411,0.065805,0.03956,0.106881,0.172686,0.827314
172,5437902847130435025801669508069442332314935248409143,23,460,451,0.063975,0.078903,0.10634,0.170315,0.829685
172,4141743792397074660421973109728086317758715931017277,23,427,423,0.031453,0.20376,0.20376,0.235213,0.764787
172,4778987191980938572456617933856060465243353739312487,23,499,465,0.032115000000000005,0.024977,0.2348139999999999,0.2669289999999999,0.733071
172,4739381656678028395979571409181320777773237194812847,23,415,399,0.027603,0.116586,0.34796,0.375563,0.624437
172,4804326313493129486456115335738865566041096602990667,23,728,728,0.095952,0.095952,0.0,0.095952,0.904048
172,4104752537262135739627532234359506058920546702141581,23,409,409,0.150059,0.150059,0.0,0.150059,0.8499410000000001
172,3803744058813253158320678543084926588928670333519661,23,428,428,0.130084,0.130084,0.0,0.130084,0.869916
172,4385465259125919643879994689875257236736934784890611,23,483,478,0.015669,0.036151,0.036151,0.051820000000000005,0.94818
172,5279890751954713468197389506413223751577777606451787,23,424,424,0.365406,0.365406,0.0,0.365406,0.634594
172,4160916851387881458666582220339040710916709604934989,23,458,458,0.058966,0.058966,0.0,0.058966,0.941034
173,10923792501645012754794107569655030715119609536422907,23,415,415,0.075368,0.075368,0.0,0.075368,0.924632
173,10049473751846112538141515321974984014498020571782187,23,361,361,0.221523,0.221523,0.0,0.221523,0.778477
173,11478453237002096953758919917104639903243507350422841,23,640,640,0.085988,0.085988,0.0,0.085988,0.914012
173,10169455292752448241266658515571649753093170083937973,23,376,376,0.076519,0.076519,0.0,0.076519,0.923481
173,11141435091489660417203162826279290403361648348555217,23,404,404,0.096793,0.096793,0.0,0.096793,0.903207
173,11845946756557169576442319415563300804632186316185761,23,359,359,0.13925,0.13925,0.0,0.13925,0.86075
173,6606020196711476677748380921663035663590800650212861,23,496,496,0.090064,0.090064,0.0,0.090064,0.909936
173,9223304994372936325365139311788951438575340466147653,23,358,358,0.057637,0.057637,0.0,0.057637,0.942363
173,9937936138453613172200974798887957858538887333434453,23,453,449,0.015453,0.010511,0.010511,0.025964,0.974036
173,11559606582085509839598371324267429245568074606311239,23,375,372,0.130938,0.060383,0.060383,0.191321,0.808679
173,8567518689055579897923237570331424934191919130124683,23,408,392,0.106904,0.02549,0.079369,0.186273,0.813727
173,7757833041287954123219330741833398980401403365844671,23,521,514,0.050561999999999996,0.028684,0.060691,0.11125299999999999,0.888747
173,9316049178944443793561813909420289680048038873209887,23,711,711,0.184981,0.184981,0.0,0.184981,0.8150189999999999
173,9928833671075698004690547493411708722996168864524191,23,442,442,0.162742,0.162742,0.0,0.162742,0.8372580000000001
173,8082599286688078272326597296230019194455017969460353,23,403,397,0.066462,0.042063,0.042063,0.108525,0.891475
173,11722980560595969629675859144256076147885119391535181,23,573,573,0.122812,0.122812,0.0,0.122812,0.877188
173,9593608908661975634163739787876317382759712663032617,23,807,807,0.017588,0.017588,0.0,0.017588,0.982412
173,7514341258039837561785554369913705517231217351886269,23,514,501,0.145435,0.131664,0.131664,0.277099,0.722901
173,10788110854762710095666872487306279223201853493970649,23,448,441,0.034136,0.036821,0.036821,0.07095699999999999,0.9290430000000001
173,10830515307409583755599110009630409242843757129551833,23,435,416,0.128705,0.116272,0.175286,0.303991,0.696009
174,22104611793997230117343176470598753099597657699857767,23,364,364,0.245837,0.245837,0.0,0.245837,0.754163
174,18763942404536135019296013058405167365237739426352961,23,382,382,0.233303,0.233303,0.0,0.233303,0.766697
174,14688504101174039979833028914301622192512344235844163,23,530,530,0.116379,0.116379,0.0,0.116379,0.883621
174,16722058225437982034822488549751786303201587785473951,23,460,460,0.150925,0.150925,0.0,0.150925,0.849075
174,21509336382097775444053571500023183533792843315954141,23,668,668,0.077183,0.077183,0.0,0.077183,0.922817
174,22850977655225044606098189565776865301144522899108753,23,373,373,0.291429,0.291429,0.0,0.291429,0.7085710000000001
174,17279223071662642072680635911044372251032271203557523,23,391,391,0.065476,0.065476,0.0,0.065476,0.934524
174,22947441514018658653094720368483897068968757283032113,23,369,362,0.038125,0.01676,0.03433,0.07245499999999999,0.9275450000000001
174,18341314976728685056786009125261875389901729222197411,23,524,500,0.028991,0.065915,0.115272,0.144263,0.855737
174,21198313883423610607647845217061584129219727405462807,23,699,693,0.2223,0.009228,0.18616899999999997,0.40846899999999997,0.591531
174,12839400785843164820295834351653620428577969094536553,23,545,513,0.116354,0.044267,0.107679,0.22403299999999998,0.7759670000000001
174,23322450000830661268788758752052782250935597472051533,23,357,342,0.061527,0.017781,0.017781,0.079308,0.920692
174,16333148817978325754024309091523862744059567919963111,23,543,543,0.21932,0.21932,0.0,0.21932,0.78068
174,14462970911237542989272454421381604521266425359311389,23,536,536,0.095715,0.095715,0.0,0.095715,0.904285
174,18949560281665792004413178756295887592891979934348561,23,364,364,0.095883,0.095883,0.0,0.095883,0.9041170000000001
174,21408407116291656012109167833580671913503017751545967,23,495,495,0.044292,0.044292,0.0,0.044292,0.955708
174,22631651939782172827484157664433587783833485119069961,23,456,456,0.087865,0.087865,0.0,0.087865,0.912135
174,21837034941512546186024799051115680122246295015518093,23,436,436,0.047921,0.047921,0.0,0.047921,0.952079
174,23437804484573336991839150008388329128133779513222523,23,705,705,0.052977,0.052977,0.0,0.052977,0.947023
174,21670228153893009427879223165719671325428625794224927,23,378,378,0.387911,0.387911,0.0,0.387911,0.612089
175,40488067071432624121676494427962676744307992814206389,23,495,495,0.055362,0.055362,0.0,0.055362,0.944638
175,47880832610030432571309186253738451904700554037260907,23,391,391,0.314193,0.314193,0.0,0.314193,0.685807
175,45878748309865752441663931039655772029562012040164497,23,421,418,0.104818,0.087203,0.087203,0.192021,0.807979
175,44519607957401945468255440685812779498238330725202451,23,714,714,0.051614,0.051614,0.0,0.051614,0.948386
175,38437122674547888080483896869357910936491022366930391,23,566,558,0.074447,0.070856,0.097514,0.171961,0.828039
175,47064113916853618606448841022057749802258231599045617,23,378,374,0.129698,0.143339,0.143339,0.273037,0.726963
175,38418920847258974395155918878755125806886124993281449,23,530,530,0.058449,0.058449,0.0,0.058449,0.941551
175,29860959886171008880417800461459339604720394693120859,23,525,491,0.009637999999999999,0.066784,0.38328699999999993,0.3929249999999999,0.607075
175,47523346294694090590598436816448664799865583071536947,23,397,397,0.051243,0.051243,0.0,0.051243,0.948757
175,40430147177650634814659419575820969943704601075586779,23,488,488,0.094498,0.094498,0.0,0.094498,0.905502
175,30673381581036186694644718658867052922438672540632679,23,377,360,0.03468,0.039231,0.039231,0.073911,0.9260889999999999
175,46321511197924674401868707445937064255819847549207181,23,566,552,0.067595,0.029343,0.057911000000000004,0.125506,0.874494
175,40793108447338904457818158698839208728924655609269741,23,496,480,0.079498,0.10194,0.10194,0.181438,0.818562
175,47563799216222959471208717042267403920241999763230907,23,392,392,0.116055,0.116055,0.0,0.116055,0.883945
175,44747799795754951639143084884684883018614820083166937,23,423,406,0.024023,0.020831,0.058601,0.082624,0.917376
175,46867320328474189488708379756417548186877640469492347,23,448,448,0.225831,0.225831,0.0,0.225831,0.774169
175,46542356956969036203230698142264416107162071627147053,23,396,396,0.063959,0.063959,0.0,0.063959,0.936041
175,45701878003472651488780363802977956628041054016481659,23,495,495,0.182636,0.182636,0.0,0.182636,0.817364
175,25458726975309530242094669164823103336392162094875803,23,423,423,0.193744,0.193744,0.0,0.193744,0.806256
175,39959523049873920871877996128842998488581987804339877,23,420,420,0.023335,0.023335,0.0,0.023335,0.976665
176,87990886338847859195592642389102593039937487082558279,24,489,489,0.08280599999999999,0.08280599999999999,0.0,0.08280599999999999,0.9171940000000001
176,92564124955148991262968874807483374435803628161108999,24,934,925,0.033589,0.035551,0.049306,0.082895,0.9171050000000001
176,94129007589456961191977269147297543003266132666549953,24,395,395,0.084709,0.084709,0.0,0.084709,0.915291
176,93819484016161644344551753829300322151041926203410181,24,435,435,0.028732,0.028732,0.0,0.028732,0.971268
176,73157616268457907406971375723178615684280166706710493,24,398,398,0.353859,0.353859,0.0,0.353859,0.6461410000000001
176,61542774938750705714463225629776244056185970967253653,24,496,486,0.043383,0.106302,0.106302,0.14968499999999998,0.850315
176,71800771048867515580859417044203063847762338647077403,24,390,390,0.268284,0.268284,0.0,0.268284,0.731716
176,77258340421405866522724393177859419720883968347782627,24,536,524,0.019772,0.030887,0.143022,0.16279400000000002,0.837206
176,89837078281524964039898044063254336032471057480771579,24,709,698,0.026819999999999997,0.008624,0.066655,0.093475,0.906525
176,67631371474217585591492093931057414532556760623695867,24,387,387,0.062659,0.062659,0.0,0.062659,0.937341
176,89832926575159265651841476273066740015357110318540347,24,639,610,0.038386,0.02048,0.19490699999999997,0.23329299999999997,0.766707
176,67118204137332948793553589627698826319196161548428537,24,400,382,0.086533,0.096178,0.173161,0.259694,0.740306
176,87774156256777768160436756789989062372701963996758741,24,553,549,0.13408,0.069855,0.069855,0.203935,0.796065
176,70572719969624332011199901351228566052874877227465031,24,467,467,0.013282,0.013282,0.0,0.013282,0.986718
176,86250046064114433343982710398437258754379418231496971,24,405,405,0.111181,0.111181,0.0,0.111181,0.888819
176,87134348646583113354803029928666774546954085244353883,24,368,358,0.074446,0.029615,0.029615,0.104061,0.895939
176,71901633824806274691548687743309648812921855456127637,24,391,391,0.106228,0.106228,0.0,0.106228,0.893772
176,90150270285363435056040734184802693760325360863282387,24,527,509,0.029152,0.037702,0.09902799999999999,0.12818,0.87182
176,94046017590480304561168089303295538090394575865219973,24,523,506,0.072879,0.068485,0.097593,0.170472,0.829528
176,64190892782173257959767693618630438907905705925983597,24,432,432,0.12448,0.12448,0.0,0.12448,0.87552
177,119125070369688751792163725903852573808324382853761851,24,514,514,0.09393,0.09393,0.0,0.09393,0.90607
177,182726819299327515165849812245648871121491177942129611,24,527,511,0.071682,0.047962,0.063564,0.13524599999999998,0.864754
177,188893960779618570376876195763394634184667143767990939,24,479,479,0.103969,0.103969,0.0,0.103969,0.896031
177,177226234109374423417710011618572758541886871555971773,24,509,509,0.186796,0.186796,0.0,0.186796,0.813204
177,170417219917741538865104682908758540815889415996081587,24,501,478,0.042594,0.084556,0.136747,0.179341,0.820659
177,184456472780322533717507274449727396706948277959651997,24,726,726,0.061254,0.061254,0.0,0.061254,0.938746
177,172591822599216441031826476355149233765150072380634947,24,451,451,0.062069,0.062069,0.0,0.062069,0.937931
177,160262516696147396603234199689194202325829336961400089,24,439,424,0.039215,0.101291,0.130251,0.169466,0.830534
177,189488332491885140927092409494182632690603024073949519,24,476,457,0.055326,0.014362,0.14894700000000002,0.20427300000000004,0.795727
177,158860589548227817116386228914199311016251079037823631,24,427,426,0.06389600000000001,0.055211,0.055211,0.11910700000000002,0.8808929999999999
177,131023867650554721773986626498755865101732014114852169,24,538,522,0.078776,0.06218,0.193348,0.272124,0.727876
177,185419546061793924107275707453523293583979540373323441,24,435,427,0.042181,0.115636,0.364184,0.40636500000000003,0.5936349999999999
177,130739606859025377984032427604557137652684751978400777,24,513,508,0.089669,0.156586,0.156586,0.246255,0.753745
177,148738595022486208740372312134935505218833565972371451,24,439,439,0.208667,0.208667,0.0,0.208667,0.7913330000000001
177,167245458534901805246177899856773690854765016929409441,24,602,588,0.018933,0.028311,0.156438,0.175371,0.8246290000000001
177,167743233925335463625480222303950384908571933339861327,24,429,429,0.108979,0.108979,0.0,0.108979,0.891021
177,127846725145209783213161083219697857237418143943954471,24,572,572,0.10926,0.10926,0.0,0.10926,0.89074
177,175371321030994867998753692974243811078511522480617843,24,432,432,0.238055,0.238055,0.0,0.238055,0.761945
177,116000582161408742104082789047643826044722595827305757,24,517,508,0.033351,0.022774,0.09321800000000001,0.12656900000000001,0.873431
177,170372630777230523245695634046185057408362313049454403,24,634,627,0.012104,0.014021,0.024748,0.036851999999999996,0.963148
178,326370916554170909248800565447441227366364752100439299,24,363,363,0.136106,0.136106,0.0,0.136106,0.8638939999999999
178,351133543531254740082619452808507153835828169762359977,24,363,363,0.027919,0.027919,0.0,0.027919,0.972081
178,336454357966569634923263904170681101591018051550982463,24,507,507,0.315519,0.315519,0.0,0.315519,0.684481
178,287084766998192650266030523003134421022082997050134521,24,478,478,0.035806,0.035806,0.0,0.035806,0.964194
178,352927538094715815006260624760445835128691040320016481,24,436,436,0.097857,0.097857,0.0,0.097857,0.902143
178,338358782479052619339175922612376094187822886673941721,24,584,584,0.014776,0.014776,0.0,0.014776,0.985224
178,350983244504690877302934108411058885737259142622352279,24,404,404,0.078289,0.078289,0.0,0.078289,0.921711
178,362113241669248116131584645381866273037844314273508653,24,848,837,0.009996,0.005794,0.044001,0.053996999999999996,0.946003
178,354699753705738888969549737288396049484417614825528751,24,539,539,0.092119,0.092119,0.0,0.092119,0.9078809999999999
178,331690661156431736210765004245137972208022366664402553,24,1003,1000,0.024634,0.046005,0.046005,0.070639,0.929361
178,332675546545853496255458413537230392333963633325833083,24,397,397,0.026018,0.026018,0.0,0.026018,0.973982
178,313703344571742936697405437124510360823965169983069999,24,975,967,0.050267,0.045615,0.045615,0.095882,0.904118
178,380254134293999860410999253285210970240457628198742663,24,456,456,0.078274,0.078274,0.0,0.078274,0.921726
178,360641711799225046890015181472030377655985832139240759,24,615,615,0.202054,0.202054,0.0,0.202054,0.797946
178,263917085618902017901372402907639485241329433989841083,24,528,528,0.145164,0.145164,0.0,0.145164,0.854836
178,266288106436622503269927529785703488384905659026805291,24,519,474,0.067863,0.052094,0.160662,0.228525,0.771475
178,344304805683409519331394242367711732435948148819916561,24,514,514,0.115379,0.115379,0.0,0.115379,0.884621
178,341709744235492519708940578050014342971004111389339661,24,349,349,0.26755,0.26755,0.0,0.26755,0.73245
178,310967967663884862956076583774857977926596023977520621,24,718,718,0.240445,0.240445,0.0,0.240445,0.759555
178,327279608257895351469611029322246368521417106545791761,24,737,717,0.030802,0.022281,0.049076999999999996,0.07987899999999999,0.920121
179,558936428874945996924383768356203135254350439671785479,24,379,379,0.319536,0.319536,0.0,0.319536,0.680464
179,674926639517348090731177770827913991101246148882287283,24,1000,992,0.071116,0.025339,0.025339,0.096455,0.903545
179,520778796933569712475497803976339448328715986002072523,24,580,575,0.046095,0.054975,0.054975,0.10107,0.89893
179,748335037461936801408133793949275373189490397012798993,24,583,583,0.28779,0.28779,0.0,0.28779,0.71221
179,750121838409245984074572114070043722336783466522324083,24,521,521,0.14139,0.14139,0.0,0.14139,0.85861
179,652699193242756150846355283234498871767984936149202997,24,366,366,0.159366,0.159366,0.0,0.159366,0.840634
179,701012462554551393326136469593585664907414625879938377,24,574,556,0.049613,0.24822,0.24822,0.297833,0.702167
179,651811943098199803843122079676572375058573432081265941,24,338,338,0.079395,0.079395,0.0,0.079395,0.920605
179,551025100698026169975841797211316492193395216233257361,24,703,697,0.057364,0.024992,0.024992,0.082356,0.917644
179,568232849243253819024806302642399573345242309126608059,24,478,459,0.100371,0.126584,0.22055999999999998,0.32093099999999997,0.679069
179,639820098139219068308973252189078237340004822241496393,24,355,355,0.27462,0.27462,0.0,0.27462,0.72538
179,761792849352011360883518708616350161974544759945523083,24,445,445,0.061933,0.061933,0.0,0.061933,0.938067
179,628942419048318189765862150028221450462352308232102681,24,384,384,0.128642,0.128642,0.0,0.128642,0.871358
179,566889538234990454641052189675936791837860452121325949,24,481,481,0.05723,0.05723,0.0,0.05723,0.94277
179,716452162573779008868293903020235512769764173696217249,24,657,637,0.049242999999999995,0.061061,0.117389,0.166632,0.833368
179,621413530195004739611180163225538908969413935549872629,24,930,924,0.031371,0.028091,0.041974,0.073345,0.926655
179,645609036446719663018922094515491080262538063860555597,24,428,380,0.036539,0.101311,0.2814940000000001,0.31803300000000007,0.681967
179,555489032258653592242576233173121867113539610787783833,24,418,418,0.218955,0.218955,0.0,0.218955,0.781045
179,535750173793033032362966709603096420101001099801784643,24,550,550,0.034313,0.034313,0.0,0.034313,0.965687
179,456506540313436296309522192769161449949543126587051023,24,424,424,0.144023,0.144023,0.0,0.144023,0.855977
180,1358996782341013393471064892946133021632416224066738371,24,781,757,0.018344,0.022237,0.112985,0.131329,0.868671
180,1147190830767755812327995081041386320310165753132541849,24,648,648,0.052929,0.052929,0.0,0.052929,0.947071
180,1403925300691032372140940928473865553985310895500181911,24,464,464,0.162271,0.162271,0.0,0.162271,0.837729
180,1495775451737959760457511687274350579183536185139242641,24,434,434,0.077446,0.077446,0.0,0.077446,0.922554
180,1110739563446777289531838627303749633950291508344598743,24,503,503,0.071947,0.071947,0.0,0.071947,0.928053
180,1194024369143971552927889417542591741693717575625673111,24,507,483,0.046551,0.064254,0.21514000000000003,0.261691,0.738309
180,1260166637346508034925373413900190230508510171798948477,24,759,759,0.072365,0.072365,0.0,0.072365,0.927635
180,1455316476136829091460607052510092178765985268783561317,24,513,513,0.109749,0.109749,0.0,0.109749,0.890251
180,1309093992710635640836698146159549405123972272927404881,24,496,496,0.053131,0.053131,0.0,0.053131,0.946869
180,1390894799146412153168495467213932724874405876411579611,24,474,474,0.480269,0.480269,0.0,0.480269,0.5197309999999999
180,1520134781616046526108129582711299483597548910524846853,24,479,459,0.04852,0.060955,0.281619,0.330139,0.669861
180,1505439219343167470373459269572451082957623944381924673,24,436,436,0.234689,0.234689,0.0,0.234689,0.765311
180,1057025848491395991324830754425862907965800790964989169,24,403,403,0.360944,0.360944,0.0,0.360944,0.6390560000000001
180,1022335052507123413464678276586097658581994406812064513,24,433,433,0.070732,0.070732,0.0,0.070732,0.929268
180,986820806071662897465598796288744366007908716888546481,24,788,788,0.114746,0.114746,0.0,0.114746,0.885254
180,1524644692974396926561992448558626212968367576768526879,24,427,417,0.138182,0.072536,0.17460900000000001,0.31279100000000004,0.687209
180,1314131625546751137305337304108371769311553500059572603,24,429,429,0.04422,0.04422,0.0,0.04422,0.95578
180,1159287238259464432648787656029088912397674342457115643,24,446,446,0.052419,0.052419,0.0,0.052419,0.947581
180,1475197377405499619513187533655878473208974647166678079,24,436,427,0.023222,0.009131,0.074906,0.09812799999999999,0.901872
180,1092513974848862293580063101113260203144966532297855803,24,591,585,0.049484,0.021809,0.021809,0.071293,0.928707
181,2146755962617820701939724558369889009769651618593397373,24,498,498,0.080703,0.080703,0.0,0.080703,0.919297
181,2072316348390379785942053767435731590279096222618626363,24,505,503,0.080572,0.009464,0.009464,0.090036,0.909964
181,2877046995656031836501313697137912148919872998967745519,24,568,561,0.017119,0.011315,0.011315,0.028434,0.971566
181,2880369969123252961817754651476818952571924308651017163,24,482,482,0.063771,0.063771,0.0,0.063771,0.936229
181,2861708897811122498028015229576663189712718130603358513,24,585,580,0.062239,0.067467,0.067467,0.129706,0.870294
181,2806788267767978306991980520946809467457007629229500787,24,679,679,0.05415,0.05415,0.0,0.05415,0.94585
181,2302747288573481437114058572318921809401333842388506063,24,568,568,0.055519,0.055519,0.0,0.055519,0.944481
181,2533946943181812616782556407056335292416812676112585527,24,436,433,0.023092,0.156602,0.156602,0.179694,0.820306
181,2487771293557144436196457222451407643840343448896262201,24,427,418,0.126634,0.02513,0.173099,0.299733,0.700267
181,2345607456560758996293272875237597113634991575593930503,24,426,408,0.127419,0.03674,0.03674,0.164159,0.8358410000000001
181,2451877345078985122707203168343312742955044811033249477,24,515,515,0.051451,0.051451,0.0,0.051451,0.948549
181,2340974696399471038404420962322551749504771560040272007,24,536,536,0.13432,0.13432,0.0,0.13432,0.86568
181,2477342015750519040996010692078739219032174672206011307,24,580,580,0.130653,0.130653,0.0,0.130653,0.869347
181,2296086844355268411990274677061153842585626962159704019,24,428,428,0.128011,0.128011,0.0,0.128011,0.871989
181,2857327712261479603462914395058626994702465220337337739,24,597,571,0.014323,0.055643,0.15287099999999998,0.16719399999999998,0.832806
181,1869241629214427269662931336533353684013970622159921317,24,527,526,0.101911,0.100019,0.100019,0.20193,0.7980700000000001
181,2136463886038630304242691639030926383783507376355925571,24,424,424,0.131227,0.131227,0.0,0.131227,0.868773
181,2877127110897588495873508614076070239692397854333669421,24,886,868,0.021096,0.026778,0.07885,0.09994600000000001,0.900054
181,2391506213382517426158791151215598942262031718622544827,24,538,495,0.073368,0.054571,0.117008,0.190376,0.809624
181,2948841039361971531410668839665611640358315799683010259,24,559,559,0.065185,0.065185,0.0,0.065185,0.934815
182,4191292476346020518783656275665657989599723159847851667,24,581,560,0.025751,0.09433,0.22994199999999998,0.255693,0.744307
182,4368915889305698991841916329930420223695538711679696073,24,425,404,0.080533,0.046121,0.09143899999999999,0.17197199999999999,0.828028
182,4603173397210774045412589779080265237568427782430487923,24,624,624,0.07629,0.07629,0.0,0.07629,0.92371
182,4412747380103085417736789338590629677444833420942921431,24,640,640,0.057216,0.057216,0.0,0.057216,0.942784
182,5274862496484527199284351082466041501734256417850671079,24,353,353,0.150786,0.150786,0.0,0.150786,0.849214
182,4800792925814278444401434125143406347751419932688595051,24,418,407,0.049171,0.041149,0.075815,0.12498599999999999,0.875014
182,3653812005152759308354861844496272098804036966408036451,24,539,531,0.075372,0.078261,0.078261,0.153633,0.846367
182,4646737653138437262079866979167515682324029521366613887,24,632,632,0.107598,0.107598,0.0,0.107598,0.892402
182,5244063665198047536361296769370401123699361439281027921,24,406,403,0.037096,0.170912,0.170912,0.208008,0.791992
182,5043512217423355819857280369022042682912863299358815427,24,588,588,0.108302,0.108302,0.0,0.108302,0.891698
182,5381424364337562423689277556082862960704173067855407963,24,416,413,0.137964,0.062889,0.062889,0.200853,0.799147
182,5605622646710231703717995108618170373087268192211651819,24,486,451,0.012225,0.048395,0.341967,0.354192,0.6458079999999999
182,5372876402521245557172885073810823234220306537484862171,24,555,530,0.039153,0.040231,0.23890799999999998,0.278061,0.721939
182,5193787393634226710856637245122360855837884143711668923,24,430,426,0.029185,0.09057,0.096758,0.125943,0.874057
182,4901526449801380100603842024908873735304969564340783837,24,576,546,0.08082400000000001,0.005252,0.33083799999999997,0.411662,0.588338
182,6116842254080121661991651815972543754648149039661461711,24,552,543,0.153258,0.096232,0.11694,0.270198,0.7298020000000001
182,4848300292233620118117558303318082764588214458439723993,24,716,703,0.017839,0.034825,0.12799700000000003,0.14583600000000002,0.8541639999999999
182,5455870824923288995533498136798277725990387457579154641,24,392,392,0.021693,0.021693,0.0,0.021693,0.978307
182,3785938512649873423258671464276287016184708730225383793,24,424,412,0.081022,0.187578,0.271242,0.35226399999999997,0.6477360000000001
182,4491160981645514588938837869554023508980963008773065231,24,596,596,0.034234,0.034234,0.0,0.034234,0.965766
183,9166723778901347230936039451531749253767512951187044911,24,358,358,0.274567,0.274567,0.0,0.274567,0.725433
183,10455930224123599063565031820487918262028421842464564737,24,976,976,0.081592,0.081592,0.0,0.081592,0.918408
183,7427674099806058459503172382903188275128363209564310927,24,365,365,0.160391,0.160391,0.0,0.160391,0.839609
183,10617285421144533269412481609230267820807269357289585027,24,495,495,0.051599,0.051599,0.0,0.051599,0.948401
183,11010471763583359046491348791311818146317648218012267883,24,592,591,0.017105,0.034611,0.034611,0.051716,0.948284
183,10332376251302120495254834326196282275734767686242549761,24,391,371,0.045218999999999995,0.019134,0.289032,0.334251,0.6657489999999999
183,11749977713551691032971054523891664935137255323436579743,24,635,635,0.182033,0.182033,0.0,0.182033,0.817967
183,10038010870002094481651798134300472801725442018653785307,24,522,486,0.025081000000000003,0.058971,0.384062,0.40914300000000003,0.590857
183,10982511715433447835689163250582120464921150302579077343,24,407,407,0.117571,0.117571,0.0,0.117571,0.882429
183,8953983959087052116701047035345005923200525137226524679,24,574,543,0.04394,0.083638,0.20804899999999998,0.25198899999999996,0.748011
183,8876846022270762570247578740470934525848460110861548643,24,716,706,0.13228,0.10744,0.10744,0.23972,0.7602800000000001
183,7272641689296160343480501161670052491504793391277318831,24,468,468,0.166231,0.166231,0.0,0.166231,0.833769
183,12244318449419593826201370835952825834440723200097525199,24,587,585,0.054172,0.031775,0.031775,0.085947,0.914053
183,11599990885992088420849467859622548958581504884697039151,24,534,523,0.005877,0.035119,0.115109,0.12098600000000001,0.879014
183,7605813317180000005669607627882043830747996242518578099,24,601,601,0.057223,0.057223,0.0,0.057223,0.942777
183,12182702859135303445823465643541896884548888148712896953,24,386,386,0.053884,0.053884,0.0,0.053884,0.946116
183,9709983608535670096749131929304035374023228870737229987,24,528,516,0.015772,0.148657,0.148657,0.16442900000000002,0.835571
183,10464773632474194098893561476862794550508738502141675107,24,606,606,0.03099,0.03099,0.0,0.03099,0.96901
183,9586059037733377655369346899873870070324449037164235107,24,359,359,0.127795,0.127795,0.0,0.127795,0.872205
183,9699446562764165401251791317533912674237385429964214831,24,440,433,0.052538,0.032801,0.078136,0.130674,0.869326
184,18626849292167387044123969723309390925329349903285206507,24,405,383,0.027805,0.063446,0.19614900000000002,0.22395400000000001,0.776046
184,18804282751054831530309800753579061511332519271103678431,24,554,554,0.091501,0.091501,0.0,0.091501,0.908499
184,18252028929067861875789984563223162861221576906848127717,24,664,664,0.029173,0.029173,0.0,0.029173,0.970827
184,24181446627067838775417564967666980419690582548365581197,24,507,507,0.059682,0.059682,0.0,0.059682,0.940318
184,23005878760564119588403003965951554728473230184759392953,24,637,605,0.03472,0.009646,0.200734,0.235454,0.764546
184,23936510072986768214421716184424106299398221539866239897,24,504,500,0.089406,0.034308,0.034308,0.12371399999999999,0.876286
184,16234034926709714462589794505359125056267838558020716281,24,674,664,0.03795,0.04423,0.04423,0.08218,0.91782
184,23428690111692592128116212619775791367144015582938967239,24,463,456,0.133581,0.124337,0.15496300000000002,0.288544,0.711456
184,18912759825437398136803515023873579742325104166174841671,24,487,487,0.068155,0.068155,0.0,0.068155,0.931845
184,19927044154018425176840956388997557677674288593187597089,24,444,444,0.021801,0.021801,0.0,0.021801,0.978199
184,19536799308159701904048108852677303754701680967104128127,24,467,451,0.055669,0.063081,0.112543,0.168212,0.831788
184,19071823677149723706403511825275713145306081300414131937,24,611,608,0.010242,0.02095,0.02095,0.031191999999999998,0.968808
184,20612269609108741202241460271673864594887702871452882101,24,472,461,0.051363,0.038805,0.112764,0.164127,0.835873
184,18920239559229041789878510751170285007946834591953601329,24,707,689,0.055285,0.012754,0.18703199999999998,0.24231699999999998,0.757683
184,22611644979880324889689047625329907958432993333469481211,24,423,423,0.055176,0.055176,0.0,0.055176,0.944824
184,22464664451229199112637114050957084764371480284978460343,24,438,427,0.021621,0.029259,0.040848999999999996,0.06247,0.93753
184,20229563940142821382398535762812188204560973744420706551,24,554,554,0.06177,0.06177,0.0,0.06177,0.93823
184,14302906747822375527736225805395822106070407268478927343,24,463,463,0.042031,0.042031,0.0,0.042031,0.957969
184,22648934796018516144639607669733048190885481628018590453,24,502,495,0.044167,0.028213,0.028213,0.07238,0.92762
184,15697907949934382447029781871211500370846936672724531567,24,482,463,0.027408,0.053208,0.208215,0.235623,0.764377
185,39302817494925418904731805103331681348585472258348444957,25,627,624,0.08478,0.079871,0.079871,0.164651,0.835349
185,39163563717688705635413025356219451066821712937228964227,25,522,519,0.055183,0.021635,0.029914000000000003,0.085097,0.914903
185,43686826810459062412827238710551696728616518667617692019,25,620,600,0.012553,0.010908,0.100944,0.113497,0.886503
185,44530085274113978279620207534979690950635532686975502813,25,358,358,0.282198,0.282198,0.0,0.282198,0.717802
185,43570715964626102904381136448155751424171061828655209841,25,511,503,0.058257,0.137996,0.137996,0.196253,0.803747
185,42847627148824300921093636376913601640563740728623558181,25,766,764,0.027242,0.017291,0.017291,0.044533,0.955467
185,32083703321789764487338768250718421793945445188847533027,24,724,709,0.100659,0.080151,0.128066,0.228725,0.7712749999999999
185,33014805666036752589259540494640708288963751747621341763,25,580,580,0.0323,0.0323,0.0,0.0323,0.9677
185,41464335276070540341399584119313180727925975932568415057,25,443,411,0.026485,0.022211,0.139609,0.16609400000000002,0.833906
185,33861582902426483337301296118131448522568614203251711863,25,482,476,0.069575,0.068855,0.130331,0.199906,0.800094
185,46071639138339644800558097284225066199315293701982806079,25,869,869,0.039643,0.039643,0.0,0.039643,0.960357
185,37936033159136473000212002322269943296231496368568922549,25,391,391,0.060365,0.060365,0.0,0.060365,0.939635
185,48350569892826986379872186809679223015058022521047573871,25,531,531,0.157382,0.157382,0.0,0.157382,0.842618
185,41198097084082663709570476103319690345818375254249026263,25,455,455,0.035871,0.035871,0.0,0.035871,0.964129
185,45101352016751018053319721236302099399595057715497241929,25,497,471,0.046893000000000004,0.027915,0.082832,0.129725,0.870275
185,42065769993861888778368368385451592776021006938027669583,25,914,914,0.066459,0.066459,0.0,0.066459,0.933541
185,41907847300045853777854516119774591215451371041706482459,25,656,656,0.072064,0.072064,0.0,0.072064,0.927936
185,48828218167552081470122749610887068068091405463826001571,25,429,429,0.077589,0.077589,0.0,0.077589,0.922411
185,41321776714362126833330727735907708762522999908493584631,25,507,500,0.069655,0.011961,0.011961,0.081616,0.918384
185,45383217518804476499152706989070758316114620859553366943,25,365,365,0.082651,0.082651,0.0,0.082651,0.917349
186,91860233843352511299828307727646362358888480420031170413,25,666,666,0.131869,0.131869,0.0,0.131869,0.868131
186,80310109483483183267313583353855043236387938949945913511,25,366,366,0.178359,0.178359,0.0,0.178359,0.8216410000000001
186,80341684383462084364790814145428006802552449749708478169,25,644,644,0.015452,0.015452,0.0,0.015452,0.984548
186,94274586636737974618847930138230885567012445571032348059,25,563,562,0.038426,0.07177,0.07177,0.110196,0.889804
186,85286064753422311838018802719562606418460845712040300179,25,456,456,0.182995,0.182995,0.0,0.182995,0.817005
186,95824663807095715873047831217240459086791279500036727837,25,557,557,0.07521,0.07521,0.0,0.07521,0.92479
186,80600641280005619173439191411717632606164953443740925413,25,666,666,0.024375,0.024375,0.0,0.024375,0.975625
186,53363439485857552435882838625033101776848292903405327631,25,486,486,0.051558,0.051558,0.0,0.051558,0.948442
186,84360977267528679389916660229858829202359730331725108419,25,608,578,0.05443,0.090002,0.090002,0.144432,0.855568
186,79840201135431317961751024566665709261061070004618876607,25,415,399,0.048149,0.101088,0.101088,0.149237,0.8507629999999999
186,86866046861802039662583542752660385034769683216166980061,25,705,705,0.057532,0.057532,0.0,0.057532,0.942468
186,86323619254797487920466332795791126216445907418620989923,25,549,527,0.03078,0.005414,0.08415500000000001,0.11493500000000001,0.885065
186,96229941655765770007029825039522376331365113196946498957,25,456,456,0.040809,0.040809,0.0,0.040809,0.959191
186,68612351526722038739277226442469049931568086799744053797,25,516,483,0.041324,0.05082,0.268795,0.31011900000000003,0.689881
186,68105415306841011876975324285506148265126787018204059721,25,698,698,0.049761,0.049761,0.0,0.049761,0.9502390000000001
186,82153452353776642549718572430278706898613500637862573111,25,591,591,0.164876,0.164876,0.0,0.164876,0.835124
186,58260742770043455753114412466166256900662844348827175237,25,675,669,0.022742,0.037146,0.037146,0.059888,0.9401120000000001
186,92398084669964916514251013016603556504210733394779182767,25,387,362,0.009853,0.096033,0.388351,0.398204,0.601796
186,85070111672001330371958789558357340118850688442337853217,25,418,418,0.065507,0.065507,0.0,0.065507,0.934493
186,77006883355586853676151730714225091231991247740864640619,25,452,452,0.087888,0.087888,0.0,0.087888,0.912112
187,185702567469454758545522669141358609758902348939813864093,25,552,552,0.1076,0.1076,0.0,0.1076,0.8924
187,179941892859217785606681885687143742888315889414346363689,25,1050,1050,0.028901,0.028901,0.0,0.028901,0.971099
187,181526373319561920706249179904543072763946711556143801553,25,556,556,0.189022,0.189022,0.0,0.189022,0.810978
187,167429568427479950155810682841163388259872915659211758439,25,440,428,0.026154,0.061354,0.061354,0.087508,0.912492
187,186979504018673334316662054121094588580490052795915527519,25,598,594,0.077156,0.035094,0.035094,0.11225,0.88775
187,145169698815553753950995436308896640554249031871232995529,25,616,616,0.029759,0.029759,0.0,0.029759,0.970241
187,189461310023527313299690027067741970827568893636258377063,25,791,791,0.015397,0.015397,0.0,0.015397,0.984603
187,195549547224884539368396804380565596304971046728434683161,25,445,439,0.070444,0.039287,0.039287,0.10973100000000001,0.890269
187,178245846474078559274688392189915797290638577194576694293,25,467,467,0.162744,0.162744,0.0,0.162744,0.837256
187,140252436907018775044357018689165543420042260373871440727,25,544,532,0.016944,0.068573,0.196444,0.21338800000000002,0.786612
187,192105990641511042361486580149859043063803753731838318981,25,861,825,0.04469,0.030867,0.256671,0.301361,0.698639
187,178454889426021172984526500874394848133697897783899319511,25,1017,996,0.18731099999999998,0.052535,0.072333,0.259644,0.740356
187,147793902755095806954444489354226029687835800736294743133,25,654,654,0.127126,0.127126,0.0,0.127126,0.872874
187,181066564675332279473924972484406057203667755771628163519,25,433,427,0.043515,0.049072,0.049072,0.092587,0.907413
187,168818801318777087057170297997195516793375607488939767557,25,507,472,0.053966,0.020861,0.124604,0.17857,0.82143
187,163084686989748233415040348211861253938756903626114968719,25,430,430,0.021256,0.021256,0.0,0.021256,0.978744
187,188075731576689556162612507442726713223245640460883288489,25,608,600,0.04358,0.044123,0.11648700000000001,0.16006700000000001,0.839933
187,132226185708852638537764772743714220747210366978910886177,25,497,492,0.010385,0.044055,0.061621999999999996,0.072007,0.927993
187,194698576701919400115040833966319106090888842928840082833,25,487,487,0.053099,0.053099,0.0,0.053099,0.946901
187,125253423035716542158322394161648453041038946552062725559,25,507,507,0.038604,0.038604,0.0,0.038604,0.961396
188,314224750521702231589078779205748577487125730214151848227,25,477,477,0.148119,0.148119,0.0,0.148119,0.851881
188,214725867801677657763150716044378228025925022271604157093,25,381,381,0.043097,0.043097,0.0,0.043097,0.956903
188,337786569927761505444410838242068306234426938889367376089,25,438,438,0.229651,0.229651,0.0,0.229651,0.770349
188,360223106477640603715939086025088234494108141240755800321,25,461,461,0.034838,0.034838,0.0,0.034838,0.965162
188,374124987525817520307508964115960865602386918837898179827,25,671,671,0.149403,0.149403,0.0,0.149403,0.850597
188,361989780913006793919620222968747185160737595989089084909,25,463,454,0.025626,0.010889,0.10593200000000001,0.131558,0.8684419999999999
188,317559581118592945343728270732523067627215982144611637637,25,424,409,0.05615,0.070731,0.109794,0.165944,0.834056
188,379999621526733814982174866558604085395375086537465979591,25,411,411,0.01871,0.01871,0.0,0.01871,0.98129
188,366021560344730588643709636731405132352498915207181378779,25,433,433,0.278412,0.278412,0.0,0.278412,0.721588
188,387944003533460640819952009732254475678414088984486177033,25,657,657,0.035695,0.035695,0.0,0.035695,0.964305
188,374845489005902740783352118914562105030081362850475258007,25,684,681,0.033883,0.053095,0.053095,0.086978,0.913022
188,386515816923087548415772467909907858268131406963172669599,25,549,548,0.170068,0.03648,0.03648,0.206548,0.793452
188,221106737983069547058303874626625601611876932304469714993,25,470,470,0.10368,0.10368,0.0,0.10368,0.89632
188,240210128646608330322236250926839186745574038027417949109,25,557,555,0.124784,0.012554,0.012554,0.13733800000000002,0.862662
188,318351913440867881282887107239336403432896585513539162139,25,495,473,0.045694000000000005,0.026484,0.06654700000000001,0.11224100000000001,0.887759
188,378635620380227758123177463104203120047480633879439638329,25,474,474,0.078302,0.078302,0.0,0.078302,0.921698
188,319199732197973078769687558220972231917492453889455575179,25,475,475,0.151371,0.151371,0.0,0.151371,0.848629
188,381980473612089531334196860824416470009021634012423067737,25,457,457,0.04788,0.04788,0.0,0.04788,0.95212
188,256586033541357135375485125099595006467144223152458416503,25,378,378,0.161151,0.161151,0.0,0.161151,0.838849
188,353636550421510722509208696720104070107782240230147107101,25,526,526,0.081742,0.081742,0.0,0.081742,0.918258
189,408589902288642681578344276763041902416284671692080986377,25,440,407,0.009732,0.047371,0.19447599999999998,0.20420799999999997,0.795792
189,646628678273258141372517202145221034603557799378124614201,25,559,559,0.00743,0.00743,0.0,0.00743,0.99257
189,592635606571861287284224295593110454631652264655249578353,25,530,528,0.018667,0.011839,0.011839,0.030506,0.969494
189,650208432524537748605744087782608274999617116493579199513,25,627,618,0.038718,0.031038,0.047071,0.085789,0.914211
189,599419609079700662276957964472775050611343385405910300163,25,797,783,0.016267999999999998,0.011903,0.09386900000000001,0.11013700000000001,0.889863
189,591139658903332237066666950704418695507871569867166356959,25,517,517,0.060325,0.060325,0.0,0.060325,0.939675
189,759303095841708533868206131077305245572712516145789616107,25,440,440,0.110063,0.110063,0.0,0.110063,0.889937
189,723374087894581884780114042666006439305170047096296570421,25,441,420,0.014441,0.053703,0.110126,0.124567,0.875433
189,642089268364349919722039425710377324200681378773618660631,25,544,544,0.026568,0.026568,0.0,0.026568,0.973432
189,493458509028245692711455247191997853201057771326056542803,25,816,801,0.080222,0.047635,0.047635,0.127857,0.872143
189,775267771444101410063934578993845769575953505357992661799,25,822,822,0.139097,0.139097,0.0,0.139097,0.860903
189,525214235994067347101638348805237964788334546789415420243,25,655,648,0.011546,0.012181,0.012181,0.023727,0.976273
189,510228484199873332122049098813102378921923672052464278333,25,443,443,0.097118,0.097118,0.0,0.097118,0.902882
189,630121824338129668949919059009823882545840337934822277567,25,715,699,0.061979,0.018977,0.109478,0.171457,0.828543
189,755634779781799121353112557954459602771587484582257255551,25,411,411,0.021926,0.021926,0.0,0.021926,0.978074
189,612172740703460905652990412541931502012476806243188854431,25,635,629,0.035444,0.014798,0.070538,0.105982,0.894018
189,530704707601162495384297467780173501132805319654798984003,25,458,433,0.047912,0.029254,0.106511,0.154423,0.845577
189,756916004872319657418986856461653189263814971681663763573,25,577,572,0.157,0.048651,0.048651,0.205651,0.794349
189,490921607897052107753246264180398217237973784027521089099,25,450,445,0.026213,0.048914,0.09586,0.122073,0.877927
189,767702133245506513310164240704062695141079949461903447479,25,508,499,0.057146,0.011662,0.051768999999999996,0.108915,0.891085
190,1107697980005560535935691181882881481298971577503883545431,25,513,511,0.093698,0.039727,0.039727,0.13342500000000002,0.866575
190,1447718595714448727207173851527167403200700108585820235931,25,401,401,0.177986,0.177986,0.0,0.177986,0.822014
190,1067595819970828694093593212927706218036137678171084438953,25,506,479,0.040454000000000004,0.060026,0.23586300000000007,0.2763170000000001,0.7236829999999999
190,1236956916814563958009976698763228455869309463346857145209,25,444,424,0.027591,0.029864,0.266023,0.293614,0.706386
190,1303595662239872394152630143462469139534875953977955173719,25,959,953,0.058214,0.024726,0.069089,0.127303,0.8726970000000001
190,1436728764183159269584547372484560757421757510937607299719,25,426,426,0.153391,0.153391,0.0,0.153391,0.846609
190,1358738873900145804437909196195927584579190583894624729549,25,522,518,0.114778,0.0266,0.0266,0.141378,0.858622
190,1309414713325066973570726305039978280113478833538624990717,25,689,689,0.015859,0.015859,0.0,0.015859,0.984141
190,1119233946195882068749589393936438955574244336504433599743,25,534,534,0.231228,0.231228,0.0,0.231228,0.768772
190,1391390333131732070825024754648255205953706845753859235761,25,876,876,0.101406,0.101406,0.0,0.101406,0.898594
190,1219405195991088602219964475590713847204090579216876133247,25,688,688,0.035097,0.035097,0.0,0.035097,0.964903
190,1285952433782265124699401960911465263241667818151785942989,25,502,469,0.065152,0.04697,0.251473,0.316625,0.6833750000000001
190,936281692826227408663886118472398327211075139996831483807,25,467,460,0.1092,0.021667,0.021667,0.130867,0.8691329999999999
190,1495152348884655255748854019985088902044523205603769307549,25,506,506,0.113488,0.113488,0.0,0.113488,0.886512
190,1543054376408543181151756345226381442258117792563593031941,25,481,481,0.037177,0.037177,0.0,0.037177,0.962823
190,1197900039859831281860297786593556759105357856705065296097,25,369,369,0.312471,0.312471,0.0,0.312471,0.6875290000000001
190,1325762643789188253480076014106355323863094856768820242033,25,414,414,0.245545,0.245545,0.0,0.245545,0.754455
190,1549503894836788136271053205345052692884272523599834807513,25,515,513,0.077552,0.104211,0.104211,0.181763,0.818237
190,1371820001327266974371651800423316814650750283162857664521,25,384,384,0.129965,0.129965,0.0,0.129965,0.870035
190,1319759631078608755615705806993244756656084597458744780879,25,521,500,0.039304,0.032559,0.13737200000000002,0.17667600000000003,0.823324
191,2180877054471620294689724695606846212849552332318992940407,25,497,497,0.117093,0.117093,0.0,0.117093,0.882907
191,1606385381360148813307516689773707722363849418834436678389,25,418,418,0.074153,0.074153,0.0,0.074153,0.925847
191,2738991831553984659353836548560279154535043688289688027603,25,465,458,0.02718,0.025326,0.035361000000000004,0.062541,0.937459
191,2021640631374636353782008830324840969777513038468864748759,25,652,648,0.037807,0.03752,0.03752,0.075327,0.924673
191,2105598972222103150968007207241144213000505023620025661667,25,422,422,0.080373,0.080373,0.0,0.080373,0.919627
191,2954552227750152336095183292848417913001395070298811029879,25,615,609,0.0648,0.005311,0.005311,0.07011099999999999,0.929889
191,2604823021534871940153658516882468145972589783978202484923,25,499,499,0.076087,0.076087,0.0,0.076087,0.923913
191,2697799617327879157081712621189446951709202892838110789249,25,1093,1093,0.103999,0.103999,0.0,0.103999,0.896001
191,2749750578464362511041140809468842163052814508247072125809,25,709,702,0.014848,0.067676,0.067676,0.082524,0.917476
191,2810254725646498720414994000029322939731083303115400227283,25,624,595,0.033888999999999996,0.02502,0.18330300000000005,0.21719200000000005,0.782808
191,2919723125927389511356972449231841889026550065177689782341,25,632,606,0.078799,0.042857,0.29040699999999997,0.369206,0.6307940000000001
191,2384759410471810319375657922573509817577252181814221416381,25,543,543,0.15049,0.15049,0.0,0.15049,0.84951
191,2870902859138464144898136609805487079043674281379484515257,25,565,564,0.040962,0.014038,0.014038,0.055,0.945
191,2531428612228677358426023750691561085464553004835817283823,25,685,685,0.052042,0.052042,0.0,0.052042,0.947958
191,2569199376454128229458263634674647272803671413063904093681,25,483,469,0.050816,0.040136,0.071458,0.122274,0.877726
191,2077139403037075257284520813457747381680630617898050789129,25,582,582,0.044901,0.044901,0.0,0.044901,0.955099
191,2599527300982831600647840629042688948539972657946504879419,25,743,739,0.02901,0.011953,0.011953,0.040963,0.959037
191,2939945259852704861237884063321703407639606324099970984489,25,520,520,0.20324,0.20324,0.0,0.20324,0.79676
191,2806787067261975292631801717103764100516337005958274854877,25,907,904,0.04941,0.012953,0.061146,0.110556,0.889444
191,3102854422286895681399386946361481173908793767638701190957,25,535,535,0.152703,0.152703,0.0,0.152703,0.847297
192,6053136549975215707114861824618604186550967571524618556511,25,587,574,0.092807,0.131231,0.19295099999999998,0.28575799999999996,0.714242
192,5772223899679240100865858833866067485733365743633882768503,25,429,417,0.032453,0.099885,0.236736,0.269189,0.730811
192,4939008137476552065240184537828644764133517214756158762829,25,496,490,0.044697,0.076819,0.15930999999999998,0.204007,0.795993
192,6212435194276394115763543059243494938563033646586224859629,25,574,559,0.045334,0.044451,0.095775,0.14110899999999998,0.8588910000000001
192,3874204338182140753502701838530384426297759523506113427483,25,628,628,0.091511,0.091511,0.0,0.091511,0.908489
192,3347208880492337566130653746802735549578109517894379499733,25,785,784,0.126501,0.01978,0.01978,0.146281,0.853719
192,4306083721119286908591380042584606571729048503575164227711,25,507,496,0.035511,0.045651,0.121864,0.157375,0.842625
192,5163763031624406920207830805702663059843081289928205028959,25,626,626,0.064084,0.064084,0.0,0.064084,0.935916
192,6130364660359904866071451106195076205876004972250032444803,25,494,494,0.022291,0.022291,0.0,0.022291,0.977709
192,6254696907579855069014156880599952401895926775151729298633,25,580,580,0.076212,0.076212,0.0,0.076212,0.923788
192,4873661477686905481674696353544486097679453418713697857441,25,1093,1093,0.084889,0.084889,0.0,0.084889,0.915111
192,5412175546964427994074789034451167835889491793324688758467,25,799,789,0.025306,0.035621,0.049877,0.075183,0.924817
192,5910884209390437413999109263981667425861292837036749005609,25,578,576,0.089435,0.035657,0.035657,0.125092,0.874908
192,4621285287029859947459316813570982113322073918209718266019,25,559,559,0.176617,0.176617,0.0,0.176617,0.823383
192,5696283951894185144007889520249234417647198158940715431933,25,440,440,0.047317,0.047317,0.0,0.047317,0.952683
192,3683958575511235413756595798246241035800834295791075521963,25,463,463,0.087193,0.087193,0.0,0.087193,0.912807
192,4468006165118885684913086683109597497945491118316503789123,25,1043,1002,0.023561,0.02795,0.293745,0.317306,0.682694
192,5488497809815368048793079212529624026388526869419621039691,25,562,550,0.034132,0.015298,0.19152,0.225652,0.774348
192,5659542164522658766094858453465847140623734081033257305487,25,457,457,0.040434,0.040434,0.0,0.040434,0.959566
192,6149807903410653285967321465976396749348286539647506887699,25,638,635,0.069458,0.054565,0.054565,0.12402300000000001,0.875977
193,9905013207931875527529191960135739218017812814063208578531,25,663,629,0.057328000000000004,0.033327,0.24335,0.300678,0.699322
193,10100483858506872648422975068896319443064533148276380832169,25,694,674,0.039653,0.045913,0.157863,0.197516,0.802484
193,11663540999446197162723452607497563376895758675776898312369,25,546,534,0.07755899999999999,0.207934,0.26893500000000004,0.346494,0.6535059999999999
193,10897749645060145624874358483865606849691424744321528304937,25,565,562,0.053778,0.009181,0.022258,0.07603599999999999,0.923964
193,10565624405515099844116517970763527091130891790570283157137,25,488,488,0.190638,0.190638,0.0,0.190638,0.809362
193,12070921450587575263287627747872390786879378063838490617043,25,697,697,0.081173,0.081173,0.0,0.081173,0.9188270000000001
193,9664634974777947645604027278555623329607100282762834013441,25,509,509,0.029891,0.029891,0.0,0.029891,0.970109
193,12322960193874180073992358693327396906594292112230707610489,25,648,614,0.010599,0.010462,0.136216,0.146815,0.853185
193,8099708654360452993215966572101668396566826381629301683063,25,608,570,0.06628200000000001,0.058915,0.3170430000000001,0.3833250000000001,0.6166749999999999
193,11214351833369361189026414622248506634769198922661651441293,25,527,527,0.06877,0.06877,0.0,0.06877,0.93123
193,9128073803947130372484141505624445498586637123573747380151,25,441,441,0.065732,0.065732,0.0,0.065732,0.934268
193,11312813665303613237304198878301422628970319071234047845347,25,719,700,0.017,0.012385,0.027545,0.044545,0.9554549999999999
193,11023902979621732752907862575267849055507922142544485438789,25,571,562,0.008622,0.018104,0.044511999999999996,0.053133999999999994,0.946866
193,11262927042730954176015822824963334235937052626560568007419,25,567,567,0.027324,0.027324,0.0,0.027324,0.972676
193,10857095320997612707420637232964945337144528989105797131153,25,816,816,0.079267,0.079267,0.0,0.079267,0.920733
193,10494271519339392909894195833014476236187539413566084429379,25,584,584,0.037306,0.037306,0.0,0.037306,0.962694
193,12278064626184964589595523842860542425676931971855436832259,25,610,610,0.051821,0.051821,0.0,0.051821,0.948179
193,8482872608322654051369609585269639790901351219221511846733,25,497,497,0.06557,0.06557,0.0,0.06557,0.93443
193,7306887098618586073076594877395470343989113832174839245017,25,574,555,0.049945,0.049893,0.049893,0.09983800000000001,0.900162
193,12409265929614063311478379725438459124196359168832063103151,25,479,478,0.159308,0.134996,0.134996,0.294304,0.705696
194,20683260459467499029277828805303888053838228828420773810227,25,676,674,0.01763,0.021015,0.021015,0.038645,0.961355
194,21350469721329597074134362589876985354717072338210358108849,26,398,398,0.129266,0.129266,0.0,0.129266,0.870734
194,18942954816325570836124528681131878336599202626159580306777,25,469,463,0.046717,0.061566,0.116055,0.162772,0.837228
194,24458941949583565962792372221933150989311549041638920536113,26,689,675,0.048065,0.020385,0.13818,0.186245,0.813755
194,21076672769905977070352813226874932564034530295953191284753,25,535,535,0.030483,0.030483,0.0,0.030483,0.969517
194,22249362777783306049117932825890593656249535237757916625729,26,442,418,0.061059,0.066506,0.099034,0.16009299999999999,0.839907
194,23203422452949787679074210878498136594954609999835899906157,26,610,603,0.04627,0.052385,0.077587,0.123857,0.876143
194,20868115815896194713106525621357671273079634596135616425361,25,625,619,0.047324,0.081286,0.126467,0.173791,0.826209
194,23192686299066524320738010687390362447126038875074169556253,26,613,605,0.033491,0.016617,0.066764,0.10025500000000001,0.899745
194,22340054129412896419322214973520037370083718012993281910367,26,418,418,0.020583,0.020583,0.0,0.020583,0.979417
194,23181673086820734631906360554899103585708564817833096064921,26,1289,1289,0.079945,0.079945,0.0,0.079945,0.920055
194,24582599091151675799091021479482934414662039688624223437687,26,426,426,0.030495,0.030495,0.0,0.030495,0.969505
194,25065435242975997360701202808292864499688676903327335870541,26,495,495,0.044518,0.044518,0.0,0.044518,0.9554819999999999
194,18390454080376419958677765335623388001794346466558675435283,25,548,544,0.060224,0.025598,0.025598,0.085822,0.914178
194,22922786508061659363842923473806512470282966011733435851431,26,1073,1042,0.002711,0.005527,0.014873999999999998,0.017584999999999996,0.982415
194,17061387184720152302891304554226083544383293835520188213651,25,467,443,0.178145,0.017161,0.26908200000000004,0.44722700000000004,0.552773
194,18618516616598255372519874377476542080222536021373325270311,25,464,464,0.348059,0.348059,0.0,0.348059,0.651941
194,21282237135538130116514856262480953933294724963389201954481,26,554,551,0.030826,0.046034,0.046034,0.07686,0.92314
194,20522969516655873169000695377445575228468042248954518479057,25,565,536,0.018446,0.01511,0.115807,0.13425299999999998,0.865747
194,14989350088210543607482262847185984320363092765497004877451,25,647,639,0.018854,0.018599,0.018599,0.037453,0.962547
195,43040604789452163741387408621112136409598757059035661677893,26,584,578,0.099831,0.040204,0.070767,0.170598,0.829402
195,49088991794939140574010539690236171966040109026993415914269,26,445,442,0.16002,0.082408,0.082408,0.24242799999999998,0.757572
195,48300749567102905436273718192442740995408307546941115427897,26,494,482,0.085254,0.132042,0.132042,0.217296,0.7827040000000001
195,48906073225085902924815189872988257194974124450370814611651,26,421,421,0.14943499999999998,0.14943499999999998,0.0,0.14943499999999998,0.850565
195,36863086582293400960306820600939234657564365893479938560799,26,734,706,0.010731000000000001,0.036821,0.117899,0.12863,0.87137
195,39520094337921324612196662792851626492332520911673811699729,26,885,885,0.023153,0.023153,0.0,0.023153,0.976847
195,48712327583936410948919472729136236367597407084610635272833,26,458,458,0.02762,0.02762,0.0,0.02762,0.97238
195,40655326120160876332407096732056168721873529846326635963177,26,449,435,0.057257,0.031407,0.129419,0.186676,0.8133239999999999
195,49535766793358394398954575009134138350900646325935636614543,26,585,573,0.103264,0.092677,0.161764,0.265028,0.734972
195,41862719142251391308296850055406978004299551713109836123227,26,582,576,0.053427,0.024356,0.024356,0.077783,0.922217
195,39425775947292327135017849550127493358385136125831647180659,26,469,456,0.046122,0.121736,0.121736,0.167858,0.8321419999999999
195,40030915462863037646967083275653053673838289093488559065567,26,612,598,0.067214,0.090749,0.090749,0.157963,0.842037
195,40570734708690516020996671408225641495385595046735671957119,26,459,459,0.088601,0.088601,0.0,0.088601,0.911399
195,40934085183179492462123851985126002111578252845347853305697,26,486,486,0.233974,0.233974,0.0,0.233974,0.766026
195,35128682060529629825193792168573153198841552039371874266881,26,455,446,0.034928,0.028306,0.028306,0.063234,0.936766
195,33386520498533519946398383478624977467807699443830033789513,26,580,580,0.077698,0.077698,0.0,0.077698,0.922302
195,40141148770606288794672640695647670636575757821310805897243,26,516,516,0.068646,0.068646,0.0,0.068646,0.931354
195,40490518455055723132909066555944613680023787528271085543291,26,564,564,0.1311,0.1311,0.0,0.1311,0.8689
195,47614627301874134935455529116186115164906112363136503150483,26,654,654,0.094528,0.094528,0.0,0.094528,0.905472
195,34473817038037491202068900808519350419613875057302440357481,26,602,602,0.011505000000000001,0.011505000000000001,0.0,0.011505000000000001,0.988495
196,95168415107121660560916881793289203952418490854465168975321,26,685,685,0.027135,0.027135,0.0,0.027135,0.972865
196,90009791547499984548910278716753576073152720702817059055901,26,511,498,0.100325,0.065336,0.065336,0.165661,0.8343389999999999
196,87459073763838296701927301523704259554148918532862184975629,26,551,551,0.074525,0.074525,0.0,0.074525,0.925475
196,70309503501777340343079821334567642537559966663221390472973,26,501,477,0.02342,0.071146,0.173583,0.19700299999999998,0.802997
196,95305038515393842196007534454562012255827385548443606952501,26,605,597,0.008703,0.013592,0.070704,0.079407,0.920593
196,82858880649466251495449216071414702109906561191821038787641,26,397,397,0.058431,0.058431,0.0,0.058431,0.941569
196,97083793852684433813008089400054003385653724507596918274297,26,684,663,0.010626,0.044752,0.10427700000000001,0.114903,0.885097
196,99466774561138218293682307547255032274447325955533021392447,26,486,486,0.097933,0.097933,0.0,0.097933,0.902067
196,62333097639089791343889610479116623630492359496474506120427,26,844,829,0.028785,0.008711,0.09622400000000002,0.125009,0.874991
196,98202769533374705029605057892210661368086364721024686834069,26,593,593,0.045919,0.045919,0.0,0.045919,0.954081
196,76205915167282914218102341674425274873438928127960827493699,26,787,784,0.17855,0.076335,0.076335,0.254885,0.745115
196,99735781901275954167800573841902347907225001572434442739617,26,680,680,0.092381,0.092381,0.0,0.092381,0.907619
196,75523924234554614323219474180414139839611222725124775536109,26,469,469,0.080232,0.080232,0.0,0.080232,0.919768
196,98856416133856584127753735193005691636012090201233990732729,26,443,428,0.066411,0.103305,0.218777,0.285188,0.714812
196,74465721503975476013420915082380026622357493970492148475923,26,621,621,0.099294,0.099294,0.0,0.099294,0.900706
196,93695083979722113939155057731935369089046162236564738423191,26,541,537,0.033018,0.035346,0.035346,0.06836400000000001,0.931636
196,77879392079591903526474505876698267670805166486636028530899,26,494,472,0.100244,0.041882,0.041882,0.142126,0.857874
196,84229306643800747300264590699152695007580757244203842094811,26,552,552,0.079443,0.079443,0.0,0.079443,0.920557
196,94030668663190317444347187347006250211939496898445186865789,26,840,817,0.015879,0.032413,0.070363,0.086242,0.913758
196,100248369583162082393739261464041339014101482772776091948201,26,438,431,0.062541,0.045997,0.112516,0.17505700000000002,0.824943
197,167659105655698882339508182915480992256595774433903924122623,26,1544,1534,0.043615,0.014195,0.088286,0.131901,0.868099
197,122449747198975822084132001235051055769374123302428745305941,26,652,652,0.047897,0.047897,0.0,0.047897,0.952103
197,157771390213784769025733801475620067885551276043484431320057,26,522,522,0.154834,0.154834,0.0,0.154834,0.845166
197,195362636325845913268639913567995093493514004135984307800363,26,573,551,0.09925,0.009152,0.30822599999999994,0.40747599999999995,0.592524
197,160328182105787324869078655378810538500450812696259544941773,26,496,496,0.1793,0.1793,0.0,0.1793,0.8207
197,184970800291752440068635983309521468062368504646083676644033,26,648,648,0.035453,0.035453,0.0,0.035453,0.964547
197,164144776080649194883406513297516553025716555924591056615183,26,435,431,0.063024,0.034371,0.059177999999999994,0.12220199999999999,0.877798
197,140818764650826975296987375129283355966942621459853255150479,26,564,564,0.043588,0.043588,0.0,0.043588,0.956412
197,189022387984517778950705123442972032908094852334290657306231,26,449,449,0.070792,0.070792,0.0,0.070792,0.929208
197,172220763612696405396243073018306035394484382521705030045911,26,445,438,0.028271,0.022454,0.058809,0.08708,0.91292
197,154481106607181704446691691500013964555830349483415881254479,26,744,743,0.055707000000000007,0.064288,0.064288,0.119995,0.880005
197,138116520840863501578382275910208792542013786200119809943421,26,465,465,0.059802,0.059802,0.0,0.059802,0.940198
197,128167436666847967508432921399395745683533771986744909507099,26,467,467,0.094291,0.094291,0.0,0.094291,0.905709
197,179430245545432323474984038609312519060231752952330260578973,26,644,644,0.015512,0.015512,0.0,0.015512,0.984488
197,164907321185035410613697079130730386934791247649211425433501,26,643,616,0.00909,0.008044,0.09119800000000002,0.10028800000000002,0.899712
197,149559974584198894049055200074096371180280008283748787845411,26,446,432,0.21669700000000003,0.076526,0.076526,0.293223,0.706777
197,141960287108387193832375793429518062558146806429474522246723,26,506,506,0.074945,0.074945,0.0,0.074945,0.925055
197,117962418323306660486403773161381103053143923297611666689523,26,462,462,0.028164,0.028164,0.0,0.028164,0.971836
197,159003940652452327574248903060253950134870172438916155070369,26,723,688,0.046096,0.014041,0.4579480000000001,0.504044,0.49595599999999995
197,186310928751907307724815625865601039478473930304908425333493,26,812,812,0.047852,0.047852,0.0,0.047852,0.952148
198,358800385741478548379741226608716034844371071935561085305833,26,623,617,0.051285,0.054619,0.054619,0.105904,0.894096
198,361832547229010809777991703475089455145922714751449984988413,26,419,415,0.153529,0.07599,0.07599,0.229519,0.770481
198,366234672716741757435258864069198637471462810470347219616629,26,688,679,0.026707,0.03001,0.042853999999999996,0.069561,0.930439
198,381944248262064685581254962871209750407378184907165945167889,26,559,559,0.041443,0.041443,0.0,0.041443,0.958557
198,354687072527494597410093290280585584399421663969934020853223,26,598,598,0.122789,0.122789,0.0,0.122789,0.877211
198,379245416457437245542302776449664948360818185536921628076539,26,432,432,0.079875,0.079875,0.0,0.079875,0.920125
198,276003453857523809899467677088049878845070200584331936691041,26,534,534,0.058446,0.058446,0.0,0.058446,0.941554
198,209990048987204577494427221770767574738889930041728156874193,26,577,577,0.097628,0.097628,0.0,0.097628,0.902372
198,256901948110234610129862767369945243180538397102365122358427,26,484,483,0.041754,0.143313,0.143313,0.18506699999999998,0.814933
198,392896855902880253325160541666344098709384930507930453171681,26,468,468,0.034916,0.034916,0.0,0.034916,0.965084
198,261148592887412956171116968549303549257459540886776423198739,26,509,508,0.0137,0.030219,0.030219,0.043919,0.956081
198,380307295207752593087679241538739081357344508076536875023627,26,597,574,0.11617899999999999,0.1689,0.25587,0.37204899999999996,0.627951
198,388299617663319746972489463784551990330983404458676571447693,26,517,496,0.031221,0.016656,0.101567,0.13278800000000002,0.867212
198,328573357774619762260295479993442675189590010826879831896677,26,534,519,0.01558,0.047212,0.060356999999999994,0.07593699999999999,0.924063
198,345095965742713044505246800463174842475462680793869138019261,26,453,453,0.13098,0.13098,0.0,0.13098,0.86902
198,292581670931790651470491827458218900376775743841380672403887,26,503,503,0.05124,0.05124,0.0,0.05124,0.94876
198,390539114582262272077001713638342490864897532470034331261247,26,491,473,0.093379,0.141706,0.141706,0.235085,0.764915
198,360504086773559647539204736208829484928785732049355565383643,26,395,395,0.058741,0.058741,0.0,0.058741,0.941259
198,235950558879078260282437419803935172239069320587333159451019,26,530,530,0.039097,0.039097,0.0,0.039097,0.960903
198,398227691324642613283526129594013507506766970246599454997939,26,659,643,0.049694,0.023749,0.038021,0.087715,0.912285
199,754357335704061312767906283574368857849729996361323767853021,26,540,540,0.171947,0.171947,0.0,0.171947,0.828053
199,740449135866891063702563724186205751814739503564925633250647,26,478,453,0.050882,0.034793,0.098226,0.149108,0.850892
199,783572025208462059459081331520531102495696274404533915350617,26,510,493,0.080603,0.067175,0.167682,0.24828499999999998,0.751715
199,689619749063096498116944459976173154436509257531702365821471,26,624,613,0.078003,0.055184,0.071355,0.149358,0.850642
199,792261444591087612509889756571590671010253289767476929883959,26,692,692,0.116116,0.116116,0.0,0.116116,0.883884
199,485165244720747932715066275346273892339756962905587028338027,26,452,452,0.1559,0.1559,0.0,0.1559,0.8441
199,701425127964276666799904563003747018572056891360383272760451,26,1119,1102,0.018894,0.140298,0.140298,0.159192,0.840808
199,790893896840481035276180066252113476643190200344778153065643,26,924,924,0.135115,0.135115,0.0,0.135115,0.864885
199,763536298621525364342165189094083117188952849209780027677679,26,601,593,0.111767,0.049654,0.10472399999999998,0.216491,0.783509
199,613617912594322713495151233564022371433770815044783317065269,26,827,827,0.040266,0.040266,0.0,0.040266,0.959734
199,701969238772333138157522384223588554623546191713496616248319,26,475,475,0.181046,0.181046,0.0,0.181046,0.818954
199,659743727985962787654640554658683537620374805989756454087933,26,679,679,0.029916,0.029916,0.0,0.029916,0.970084
199,690360274208079369250317450856211794224002008122073050016637,26,522,522,0.118152,0.118152,0.0,0.118152,0.881848
199,500887070634424955740905032565576942995006631697841024678317,26,521,521,0.05243,0.05243,0.0,0.05243,0.94757
199,562515533415072305976115813906881843805019952700501666255663,26,510,509,0.026879,0.016309,0.016309,0.043188000000000004,0.956812
199,687386421009493082281833809951506042909624825066468351426301,26,451,437,0.150801,0.031337,0.041306999999999996,0.192108,0.807892
199,627831828857047974697867855909832323916998184071016955354641,26,557,557,0.16707,0.16707,0.0,0.16707,0.83293
199,531493718748199409115070187956201803475378862922781030803881,26,499,499,0.08401,0.08401,0.0,0.08401,0.91599
199,764298723870080571982440894112670628624228896767629734930611,26,441,425,0.088741,0.098326,0.098326,0.18706699999999998,0.812933
199,563561550095967293743840793623207928679303836705271230763571,26,769,762,0.0556,0.03213,0.066112,0.121712,0.878288
200,1295789132477604807715877944458947246775511838525972200835657,26,631,631,0.102132,0.102132,0.0,0.102132,0.897868
200,1580265433117145949318612574335473147379586407902007615572209,26,560,553,0.026737,0.0376,0.0376,0.064337,0.935663
200,1031264165415914398404034296717937295434353057321618942293977,26,686,662,0.034766,0.028211,0.171275,0.206041,0.793959
200,942274183107708126744367799889859979943002828490182769563693,26,743,715,0.011406999999999999,0.065311,0.36784700000000004,0.37925400000000004,0.620746
200,1243256742262564810336975229173603901549307573958804818142771,26,585,568,0.06805,0.046361,0.075145,0.14319500000000002,0.856805
200,1332260463557925975266900697251791362056896106900938778652773,26,696,696,0.025128,0.025128,0.0,0.025128,0.974872
200,1534546510819566200886924830244913417667526810936895301477933,26,457,452,0.172015,0.021552,0.073763,0.245778,0.754222
200,1457315434423192483527568367362496447605043071246754450536801,26,567,567,0.091983,0.091983,0.0,0.091983,0.908017
200,1515478547137402687976907484166669091143375006869904371011019,26,580,580,0.071014,0.071014,0.0,0.071014,0.928986
200,1328401728722624823335450602027897002059084341229046226740677,26,501,500,0.019239,0.012762,0.012762,0.032001,0.967999
200,1069405338840333297089210313682851116995000495488370707114107,26,868,865,0.070958,0.019492,0.019492,0.09044999999999999,0.90955
200,1577668914616112972976239927299568044527242009386300299995513,26,993,993,0.119247,0.119247,0.0,0.119247,0.880753
200,924932144930952159695588929751342486737404577556159754527249,26,444,435,0.062671,0.06654,0.06654,0.12921100000000002,0.870789
200,1430455149298665257668430782969274466789353299446322896956953,26,484,475,0.015616,0.008356,0.033331,0.048947,0.951053
200,1471759896903796862187242593818058236014421372969552658348613,26,837,837,0.404713,0.404713,0.0,0.404713,0.595287
200,1024997524686414507856278528573582273997937245288256214142637,26,547,547,0.059671,0.059671,0.0,0.059671,0.940329
200,1269662956978065591146754145192337292773571460456699566030607,26,531,531,0.091434,0.091434,0.0,0.091434,0.908566
200,1251023694717248924976673861910298094342092199701445949798563,26,706,706,0.02592,0.02592,0.0,0.02592,0.9740800000000001
200,1165094867829338354631660035180329869977597764175158753523867,26,548,548,0.265437,0.265437,0.0,0.265437,0.7345630000000001
200,1245161625256545119714043746004026254459007086115269518670777,26,662,661,0.017423,0.051279,0.051279,0.068702,0.931298
