Bit_length,N,Lattice_dimension,|b_op - t|^2,|vbest - t|^2,P(b_op),P(vbest),P(|vnew - t|^2 < |b_op - t|^2),P(|vnew - t|^2 <= |b_op - t|^2),P(|vnew - t|^2 > |b_op - t|^2)
150,1268771206145175299492684899681878877410684841,21,728,728,0.022651,0.022651,0.0,0.022651,0.977349
150,1403762530472620237905076428332939916844331359,21,310,297,0.037023,0.035251,0.060409,0.09743199999999999,0.902568
150,918882917500502786903408324526441238854631741,21,407,397,0.023485,0.013639,0.013639,0.037124,0.962876
150,1044411862674117053622929515451672202864979129,21,397,397,0.028581,0.028581,0.0,0.028581,0.971419
150,1199592981228806239321120961178599459097610483,21,601,601,0.004699,0.004699,0.0,0.004699,0.995301
150,912632394066698132144971044037258218777602291,21,384,384,0.052742,0.052742,0.0,0.052742,0.947258
150,1033085278351720441874660444922199074374033881,21,454,454,0.007247,0.007247,0.0,0.007247,0.992753
150,1039667922595230805682141254323399644574814367,21,704,702,0.044143,0.147538,0.147538,0.191681,0.808319
150,1076261801716221769627743498540654753005411033,21,605,584,0.012644,0.013611,0.13694599999999998,0.14958999999999997,0.85041
150,868981675879730421007669707059890716656754209,21,391,391,0.026844,0.026844,0.0,0.026844,0.973156
150,1198940008513470371886998720870433706529677289,21,318,309,0.020975,0.027164,0.140992,0.161967,0.838033
150,1001065868810988745766471076060380006588792189,21,391,391,0.020723,0.020723,0.0,0.020723,0.979277
150,1018523197675518130041140861676478171959383813,21,315,315,0.092847,0.092847,0.0,0.092847,0.907153
150,999406335763551690568793874408994581594369181,21,305,305,0.153457,0.153457,0.0,0.153457,0.846543
150,1386649915270975663546803936212330370020386207,21,333,333,0.021178,0.021178,0.0,0.021178,0.978822
150,1252835724482748605844023934169349660374906087,21,379,379,0.049016,0.049016,0.0,0.049016,0.950984
150,1420753685420564064872708676390123998125705549,21,349,349,0.063481,0.063481,0.0,0.063481,0.936519
150,1076920912535396901213842625717381087368331181,21,417,417,0.017121,0.017121,0.0,0.017121,0.982879
150,1124397583306701037985991208303905429810161357,21,352,352,0.029415,0.029415,0.0,0.029415,0.970585
150,1130353955473240791783568532060655958732460941,21,408,408,0.044492,0.044492,0.0,0.044492,0.955508
151,2363319035074246419340419055739401443130238059,21,544,505,0.017221,0.004156,0.14761699999999997,0.16483799999999998,0.835162
151,2471201957583473321167345886570639941825218311,21,396,396,0.016558,0.016558,0.0,0.016558,0.983442
151,2315715608364087921901708175621836301416617007,21,292,292,0.009946,0.009946,0.0,0.009946,0.990054
151,2763171157217537386323259861099914830334818519,21,613,595,0.008561,0.006463,0.006463,0.015024,0.984976
151,1758775630326182635026447808028302358291781499,21,296,296,0.036322,0.036322,0.0,0.036322,0.963678
151,2188378164211148987192836592303698338909975503,21,332,318,0.020941,0.018783,0.018783,0.039724,0.960276
151,1829627983140478483810934234803641664206450619,21,355,355,0.019566,0.019566,0.0,0.019566,0.980434
151,1569735030968914361557174823910579735657956107,21,310,304,0.062911,0.043676,0.043676,0.10658699999999999,0.893413
151,2843239852874861508784440371081621911410347591,21,581,581,0.010415,0.010415,0.0,0.010415,0.989585
151,2624675574003230296718034974584383454961661761,21,577,577,0.010777,0.010777,0.0,0.010777,0.989223
151,1746328694271824837631752461766830788699201941,21,497,492,0.011509,0.010785,0.013172,0.024681,0.975319
151,2456234120258232727729365675070691784694223131,21,661,651,0.018877,0.011486,0.021358000000000002,0.04023500000000001,0.959765
151,2689914182894566195371701173819301836708498979,21,414,397,0.033652,0.009403,0.10829099999999998,0.14194299999999999,0.8580570000000001
151,2472879649799491864465871187917726124213054643,21,388,383,0.006074,0.008579,0.008579,0.014653,0.985347
151,2641928437820330089399895839369416426912654047,21,603,596,0.033057,0.033287,0.033287,0.066344,0.933656
151,2217024583566038902931835040749210710155293863,21,329,329,0.038376,0.038376,0.0,0.038376,0.961624
151,2795955547593262531562466415054318143278579719,21,418,393,0.005763,0.005729,0.061355999999999994,0.067119,0.932881
151,2754384674264655946791346511962590129499967297,21,527,527,0.014857,0.014857,0.0,0.014857,0.985143
151,1922698035563121141756137662031262831101446511,21,321,321,0.005685,0.005685,0.0,0.005685,0.994315
151,2578633082003778088940013102956628479805360761,21,526,526,0.009143,0.009143,0.0,0.009143,0.990857
152,3650146379785934850995660671580553841765454981,21,332,327,0.022026,0.041951,0.070395,0.092421,0.907579
152,4447694107941335768274189003948589146948883409,21,397,397,0.081653,0.081653,0.0,0.081653,0.918347
152,5304044781028480773455459789567804501864780699,21,391,379,0.055384,0.007789,0.007789,0.063173,0.936827
152,5225791236691602749703859113684043992716841463,21,404,404,0.06244,0.06244,0.0,0.06244,0.93756
152,5425403301002418901669361546561888615280596761,21,404,374,0.028502,0.011774,0.10954900000000001,0.138051,0.861949
152,5202335230032226630491022567996748864390119873,21,446,446,0.043285,0.043285,0.0,0.043285,0.956715
152,4003774395708740189647636396775460720094087057,21,338,333,0.013488,0.002865,0.002865,0.016353,0.983647
152,5276249290787396224699127825641594167433771223,21,372,372,0.021557,0.021557,0.0,0.021557,0.978443
152,4381176969443188923764265381058182084891594073,21,455,455,0.038559,0.038559,0.0,0.038559,0.961441
152,5541991812747053012003965966406093820220699999,21,301,301,0.129519,0.129519,0.0,0.129519,0.8704810000000001
152,5648300508047326241541247933495397085050508533,21,379,379,0.030462,0.030462,0.0,0.030462,0.969538
152,4837654055687374110886315087296888936559582543,21,331,291,0.049465,0.017526,0.087329,0.136794,0.863206
152,3169527753809835033737422227494034075208154897,21,365,365,0.012223,0.012223,0.0,0.012223,0.987777
152,4751384359859390003700613749548751936187354063,21,353,353,0.060534,0.060534,0.0,0.060534,0.939466
152,5115713692797196694227360148049458957592665221,21,314,307,0.043354,0.016548,0.10574800000000001,0.149102,0.8508979999999999
152,5377906651632174967507002058972880963848446937,21,461,451,0.033577,0.005997,0.005997,0.039574000000000005,0.960426
152,4794192939950703723191510856383251915586655239,21,375,375,0.064482,0.064482,0.0,0.064482,0.935518
152,4098436965705153817981088577951066512799793241,21,486,467,0.059684,0.094296,0.094296,0.15398,0.84602
152,4397317578261604652631366972202456990923173239,21,607,602,0.016174,0.008888,0.008888,0.025062,0.974938
152,5641409895201969238429625932613600677431973529,21,369,358,0.062783,0.05691,0.105796,0.168579,0.831421
153,7688734886215973313958737522072259896979469359,21,488,488,0.037859,0.037859,0.0,0.037859,0.962141
153,9965367899123149749669237053467022764500819709,21,364,340,0.004958,0.005446,0.024969,0.029927000000000002,0.970073
153,8648715940089396413954292296253489279668879831,21,364,355,0.031458,0.037928,0.055058,0.08651600000000001,0.913484
153,9992486217185404533285574560152593379868586411,21,312,303,0.064546,0.024693,0.024693,0.08923900000000001,0.9107609999999999
153,8752395201001776336645971436266201719253038903,21,273,273,0.02305,0.02305,0.0,0.02305,0.97695
153,10307828778112676279744687232183733883997747787,21,304,304,0.036432,0.036432,0.0,0.036432,0.963568
153,8927473020776419491333060829150295244420281503,21,499,462,0.027749,0.005384,0.14486,0.17260899999999998,0.827391
153,7853849523366438727173539795218496833560636149,21,509,489,0.036062000000000004,0.004249,0.0733,0.10936200000000001,0.890638
153,8674604146514496475964987674111780570888473743,21,283,283,0.017036,0.017036,0.0,0.017036,0.982964
153,8982522494550749295857332138146435777716539013,21,326,326,0.025397,0.025397,0.0,0.025397,0.974603
153,7465338556163117004724110416934405812498881597,21,443,443,0.048437,0.048437,0.0,0.048437,0.951563
153,9002256784614521734062834292945636253381789701,21,482,471,0.038671,0.029592,0.029592,0.06826299999999999,0.931737
153,9730043924092499024899737640031060516457357727,21,518,518,0.078642,0.078642,0.0,0.078642,0.921358
153,7772785559916630760629013439531712505833223283,21,335,335,0.085926,0.085926,0.0,0.085926,0.914074
153,6331403492532550906969515225158616949065412553,21,348,340,0.014234,0.026346,0.026346,0.040580000000000005,0.9594199999999999
153,9499729964075602707801866275682306216169333647,21,580,580,0.031264,0.031264,0.0,0.031264,0.968736
153,10623137933847890583214243354934109612727566337,21,398,398,0.030918,0.030918,0.0,0.030918,0.969082
153,8298489176359263229418112630907164868713161869,21,425,425,0.052066,0.052066,0.0,0.052066,0.947934
153,10423403876173039960502215978962041272294895987,21,351,351,0.012915,0.012915,0.0,0.012915,0.987085
153,11331438524408402513759859710883003140234689001,21,566,555,0.004626,0.013929,0.047098,0.051724,0.948276
154,20144352470088160067192230120293841747066127093,21,398,394,0.015995,0.005182,0.005182,0.021176999999999998,0.978823
154,13741129409913179912586613425642421907057677927,21,331,331,0.195638,0.195638,0.0,0.195638,0.804362
154,22555697926472858658256090868373281917048139777,21,484,480,0.007426,0.002531,0.020857,0.028283000000000003,0.9717169999999999
154,21622466558921334027105350728738281221011715713,21,470,470,0.044855,0.044855,0.0,0.044855,0.955145
154,22717282832414613486487854671615889194348202509,21,432,432,0.013688,0.013688,0.0,0.013688,0.986312
154,15553662272752172389304818266535674850670048197,21,324,324,0.018424,0.018424,0.0,0.018424,0.981576
154,16287234057599780494928529944429983938735953333,21,356,338,0.03633,0.005683,0.027786,0.064116,0.9358839999999999
154,20227306669577710217883266196429106847542507013,21,591,591,0.007467,0.007467,0.0,0.007467,0.992533
154,18361999857484992568400964915559137162309312233,21,359,359,0.014186,0.014186,0.0,0.014186,0.985814
154,17615067981495998635949724796624661825505231481,21,515,475,0.016871,0.033628,0.343996,0.36086700000000005,0.639133
154,16965780184675510815549338206501125311473383031,21,416,416,0.004175,0.004175,0.0,0.004175,0.995825
154,17145713058305669983102778787612006911670513347,21,475,452,0.071344,0.011837,0.011837,0.083181,0.916819
154,20285317985568063024579677341972941193428143231,21,300,300,0.065423,0.065423,0.0,0.065423,0.934577
154,19892574816341431255761561129070142233703448899,21,484,484,0.035234,0.035234,0.0,0.035234,0.964766
154,14482484907695104154754286426816369245597742123,21,429,429,0.021817,0.021817,0.0,0.021817,0.978183
154,21308599822779449843544699903616188167691769657,21,446,427,0.026577999999999997,0.021555,0.021555,0.048132999999999995,0.951867
154,19652552707990061015357354059734076466348869901,21,368,368,0.016202,0.016202,0.0,0.016202,0.983798
154,15836062588559999481222001755306755400249974411,21,351,348,0.024376,0.039625,0.039625,0.064001,0.935999
154,17640605793899812190237760431948486244893089589,21,390,390,0.013509,0.013509,0.0,0.013509,0.986491
154,13200322048523091361380223530828151918467232499,21,285,277,0.003758,0.001898,0.001898,0.005656,0.994344
155,31340595875958809044343360964929799034189512361,21,438,436,0.098253,0.013426,0.013426,0.111679,0.888321
155,33883679322606457824492978417378120332359598171,21,356,350,0.078607,0.013678,0.013678,0.09228499999999999,0.907715
155,38431961138800983210425437779183955699273663877,21,536,536,0.029619,0.029619,0.0,0.029619,0.970381
155,44842574992398006827792831817449122409176524571,21,385,377,0.007658,0.003559,0.00825,0.015908,0.984092
155,44479412022428483167051033854365771430317272061,21,544,544,0.012714,0.012714,0.0,0.012714,0.987286
155,39653904137769014668557378511260469269135182431,21,326,299,0.013702,0.013905,0.083694,0.09739600000000001,0.902604
155,36615548944643269126239193831815135044946113087,21,338,329,0.048874,0.034191,0.034191,0.083065,0.9169350000000001
155,35728624388846244763032748679732750007278619919,21,328,328,0.025691,0.025691,0.0,0.025691,0.974309
155,39471143362465673450737740007926815837598407923,21,455,439,0.021889000000000002,0.002373,0.034646,0.056535,0.943465
155,43620356160753924413764228467447052158522613007,21,452,431,0.037394,0.015907,0.015907,0.053301,0.946699
155,29666396188587728462615862057347321613786496027,21,547,545,0.027739,0.003905,0.003905,0.031644,0.968356
155,41677893527522320684434778067984642792936350873,21,527,494,0.008553,0.014957,0.078897,0.08745,0.91255
155,32675536969479286942701324674137910119680337459,21,332,332,0.140054,0.140054,0.0,0.140054,0.859946
155,44919866654372607559021538428305729263662282117,21,528,528,0.095297,0.095297,0.0,0.095297,0.904703
155,36452200589072916411983425394632165549777886227,21,468,468,0.022937,0.022937,0.0,0.022937,0.977063
155,33203524258924130270853246380045741567145994259,21,443,434,0.066245,0.053349,0.053349,0.119594,0.880406
155,36946503351030864812990481678628454987070959527,21,394,364,0.022289000000000003,0.012199,0.16436299999999998,0.18665199999999998,0.813348
155,44458044889519333576801527839740244268692202469,21,636,623,0.003778,0.004276,0.028476,0.032254000000000005,0.967746
155,36744155090184780124393526442075144163055399837,21,366,366,0.019607,0.019607,0.0,0.019607,0.980393
155,32611265262434541992311659835491097552848382807,21,277,277,0.012908,0.012908,0.0,0.012908,0.987092
156,58842411492108631901824870167723622565249820361,21,541,541,0.014246,0.014246,0.0,0.014246,0.985754
156,58647263901409677188415888297848821138605832667,21,353,338,0.015727,0.09614,0.09614,0.11186700000000001,0.888133
156,60691833191625566815713087621249445278906020923,21,443,443,0.029574,0.029574,0.0,0.029574,0.970426
156,83500911560012017920943706628836329963659227611,21,420,420,0.017582,0.017582,0.0,0.017582,0.982418
156,79699952235555146846014724188269022467857700953,21,458,450,0.013669,0.004827,0.004827,0.018496,0.981504
156,68617923715717279114730426060969764483412652871,21,562,562,0.011135,0.011135,0.0,0.011135,0.988865
156,70292815550175575334435593661308688973972707499,21,329,324,0.024508,0.035014,0.035014,0.059522000000000005,0.940478
156,88395906091853951743306426033388820009527178553,21,334,334,0.067526,0.067526,0.0,0.067526,0.932474
156,58490997193338963447736793476829606786651843411,21,361,361,0.031785,0.031785,0.0,0.031785,0.968215
156,88153376653160901709431525294744255033299399513,21,438,438,0.017039,0.017039,0.0,0.017039,0.982961
156,83749952449871415989936799658384575288153567857,21,493,493,0.031085,0.031085,0.0,0.031085,0.968915
156,63215896343305696798861673825073441341593157323,21,286,286,0.014436,0.014436,0.0,0.014436,0.985564
156,68367618624389291832609274122568807692737410747,21,344,344,0.02159,0.02159,0.0,0.02159,0.97841
156,85976042848566498516350067546598036064176697617,21,456,454,0.012408,0.014067,0.014067,0.026475,0.973525
156,77050956204250174763972617362140681574229342091,21,728,728,0.057608,0.057608,0.0,0.057608,0.942392
156,67397778703558464646892241700035691887301648579,21,550,550,0.028015,0.028015,0.0,0.028015,0.971985
156,82158015067987949738815070788850184671973579587,21,403,403,0.021069,0.021069,0.0,0.021069,0.978931
156,55015423047501982644190563451191716439122432951,21,383,382,0.008678,0.006945,0.006945,0.015623,0.984377
156,85336908532608541436048263259686225667526362047,21,607,607,0.057918,0.057918,0.0,0.057918,0.942082
156,56731211956952175175952662358019177731725234237,21,380,380,0.01216,0.01216,0.0,0.01216,0.98784
157,120282166308024689728299980121863747670916310267,21,434,434,0.019185,0.019185,0.0,0.019185,0.980815
157,120820017068622794622130921127946349513431310843,21,531,507,0.007154,0.008723999999999999,0.048998,0.056152,0.943848
157,160354239376266933764514100701359388571858132879,22,426,426,0.056098,0.056098,0.0,0.056098,0.943902
157,178540342865713130388740603822271194677254392441,22,404,400,0.032727,0.0151,0.0151,0.047827,0.952173
157,133758242352280888913921190835052846329897153133,21,484,475,0.011462,0.016838,0.016838,0.0283,0.9717
157,119751792167523699090520105500834166573709024723,21,351,351,0.08853,0.08853,0.0,0.08853,0.91147
157,142866301722166299614859219990227501097218329553,21,429,420,0.015245,0.006074,0.016231,0.031476,0.968524
157,159460056477105651797755450704992108220297439993,22,353,353,0.02953,0.02953,0.0,0.02953,0.9704699999999999
157,129765827297228317584448178357227745213663923673,21,452,443,0.008659,0.010912,0.020027,0.028686,0.971314
157,153041151061952724068377978141007513960278537129,21,515,504,0.02024,0.024713,0.033776,0.054016,0.945984
157,112556148137934308610401610728139436816885032007,21,331,331,0.031358,0.031358,0.0,0.031358,0.968642
157,155016348949192392834761783400231900623445364769,21,555,520,0.005963,0.016879,0.129968,0.135931,0.864069
157,165332485530732496445379876290371501984439220227,22,392,392,0.010943,0.010943,0.0,0.010943,0.989057
157,173008319555191101708826910175525434497734262397,22,287,287,0.003132,0.003132,0.0,0.003132,0.996868
157,143078279358113528954735774091416278002769110083,21,576,544,0.00648,0.00576,0.058866,0.065346,0.934654
157,139537309577365933739952691194841985292959417899,21,283,283,0.029319,0.029319,0.0,0.029319,0.970681
157,150381007425703993922643997626233047809831195563,21,319,304,0.028522000000000002,0.012964,0.032466999999999996,0.060989,0.939011
157,125414534553540336555987249708054473022979850233,21,352,352,0.069736,0.069736,0.0,0.069736,0.930264
157,100495160702135079890032717344114075262462068991,21,344,344,0.093663,0.093663,0.0,0.093663,0.906337
157,126081296153973360472994917714723398699218116441,21,780,772,0.009026,0.004707,0.020725,0.029751,0.970249
158,244084876567438940415979589793753210761831799169,22,393,390,0.051421,0.024418,0.024418,0.075839,0.924161
158,311889364802148711770367329783808121108240984963,22,427,425,0.055989,0.022107,0.022107,0.078096,0.9219040000000001
158,315552892616518612169009766705743992617805242163,22,292,292,0.106163,0.106163,0.0,0.106163,0.893837
158,364568451629159625851465545891850771901219214163,22,374,371,0.045935,0.033679,0.033679,0.07961399999999999,0.920386
158,213880798395599609631736184456759089379285659049,22,435,435,0.016095,0.016095,0.0,0.016095,0.983905
158,364596676892949119436289041863521153445811753029,22,520,520,0.027816,0.027816,0.0,0.027816,0.972184
158,215840103126036545942721515629965329944602697057,22,572,561,0.014849,0.010881,0.050535000000000004,0.065384,0.934616
158,259043540185824666457272444893607678141566205487,22,346,346,0.021722,0.021722,0.0,0.021722,0.978278
158,311426830077414386887481553693471517445014703609,22,373,367,0.031748,0.004925,0.032910999999999996,0.064659,0.935341
158,220678872755010770809359894948879428023872635453,22,355,352,0.022619,0.022577,0.022577,0.045196,0.954804
158,324273864736092445034262802970079797120470198979,22,439,439,0.110678,0.110678,0.0,0.110678,0.889322
158,335973439137660892963362517099047189556286786761,22,323,323,0.015102,0.015102,0.0,0.015102,0.984898
158,282449349227109527988465852865060163003324312407,22,324,324,0.031468,0.031468,0.0,0.031468,0.968532
158,208746167169143822300193643710778500356712398063,22,467,462,0.014471000000000001,0.005399,0.010165,0.024636,0.975364
158,334111037801880478290657958251924991420673909189,22,488,488,0.017414,0.017414,0.0,0.017414,0.982586
158,278758463930102758470340608089823158233270489379,22,355,319,0.040943,0.016046,0.095189,0.136132,0.863868
158,334359694784871699894821359716571301393005547539,22,411,399,0.051743,0.018342,0.04298,0.094723,0.905277
158,266330340319030988935371369155445034828168547083,22,372,372,0.007667,0.007667,0.0,0.007667,0.992333
158,304296786548695733429639288499877719781617137947,22,580,580,0.045065,0.045065,0.0,0.045065,0.954935
158,363187749995613157299748064319278147359621272623,22,662,662,0.012908,0.012908,0.0,0.012908,0.987092
159,686564447258462630098219799118347627120122126259,22,495,495,0.011196,0.011196,0.0,0.011196,0.988804
159,589551271893462661314759463097397605089591304053,22,483,483,0.030436,0.030436,0.0,0.030436,0.969564
159,631182522272441179585206326884145264567358144641,22,318,300,0.019317,0.010176,0.021438,0.040755,0.959245
159,436106084503182412560423534629337392438805726397,22,508,508,0.012096,0.012096,0.0,0.012096,0.987904
159,614365874960561724255698902936314085451009978123,22,438,426,0.019952,0.015012,0.047723,0.067675,0.932325
159,652808814800014009591626662453549818193223047839,22,675,675,0.046812,0.046812,0.0,0.046812,0.953188
159,431497693573687811342235449780503037093880478249,22,422,422,0.031587,0.031587,0.0,0.031587,0.968413
159,641417960009003073536715539762385574694132608057,22,318,318,0.011375,0.011375,0.0,0.011375,0.988625
159,556755493522333610334550996104356886728067513937,22,446,446,0.065431,0.065431,0.0,0.065431,0.934569
159,518738300042543123329242792010704876266634471203,22,531,512,0.021373,0.036018,0.036018,0.057391,0.942609
159,622775601463755434010798895296308923399679148479,22,370,367,0.009454,0.002337,0.015269000000000001,0.024723000000000002,0.975277
159,721092743353983610239239300767561842232656810121,22,371,371,0.042014,0.042014,0.0,0.042014,0.957986
159,725700541872878647978311987906512435448724917323,22,360,344,0.023265,0.010576,0.116891,0.140156,0.859844
159,680792306276738068787445684933623704836521586517,22,402,402,0.022297,0.022297,0.0,0.022297,0.977703
159,609838293034917899422422535971964737888944079431,22,564,554,0.012472,0.025596,0.06882,0.081292,0.918708
159,500003566005968344293642166685142120533963613397,22,375,366,0.009021,0.033682,0.09826399999999999,0.10728499999999999,0.892715
159,672585552363075626030436013518741587083784197091,22,956,956,0.014821,0.014821,0.0,0.014821,0.985179
159,667853203575891446356676483576275288677930218477,22,369,369,0.015659,0.015659,0.0,0.015659,0.984341
159,452729177399062213984412625994093209513957053659,22,491,490,0.004825,0.010704,0.010704,0.015529000000000001,0.984471
159,718517666115847144224280227758502807408113808437,22,604,595,0.006044,0.00415,0.00415,0.010194,0.989806
160,1115913240165002032294944939882858364194015937199,22,356,337,0.007616,0.009302,0.041711,0.049326999999999996,0.950673
160,1440912770676709848638629792376134253525608074541,22,628,626,0.012573,0.011891,0.011891,0.024464,0.975536
160,933815358984064483011197510331330335221655664157,22,410,404,0.02232,0.015161,0.052841000000000006,0.075161,0.924839
160,969243323728712475535486623630623651719920512731,22,368,368,0.18198,0.18198,0.0,0.18198,0.81802
160,1076466504888089627494905309713319219664710433643,22,374,373,0.033451999999999996,0.027069,0.027069,0.06052099999999999,0.939479
160,1421116437931458286969196379690998986504855152749,22,564,553,0.016182,0.013511,0.044886999999999996,0.061069,0.938931
160,1172553592352544090305146581654443943982800468347,22,384,384,0.052601,0.052601,0.0,0.052601,0.947399
160,909793617870750937141425081136809004936031725807,22,846,837,0.030698,0.018706,0.026112,0.05681,0.94319
160,1057437110620229076506102833609193814696668318251,22,409,408,0.032204,0.011334,0.011334,0.04353800000000001,0.956462
160,1272489506939449407441353102540516266393948251787,22,392,392,0.010832,0.010832,0.0,0.010832,0.989168
160,1080313044916089688695708805273339794814591207951,22,334,334,0.033948,0.033948,0.0,0.033948,0.966052
160,1149353867679185877473020663684612261737991945873,22,322,316,0.040205,0.027695,0.027695,0.0679,0.9321
160,983949157142389589790721652739207946878875195771,22,355,349,0.026261,0.031603,0.031603,0.057864,0.942136
160,1361143599389480694086689546211220334021828686817,22,405,405,0.074206,0.074206,0.0,0.074206,0.925794
160,1021091838147883904869937336936298707335596006313,22,467,448,0.021023,0.001345,0.089061,0.110084,0.889916
160,1294988162211010208686476509915675738782236322669,22,401,401,0.10934,0.10934,0.0,0.10934,0.89066
160,1122941529731570548110403398235866601161586536011,22,350,350,0.033471,0.033471,0.0,0.033471,0.966529
160,1432805530443255062195929071604085524855630107221,22,361,361,0.028491,0.028491,0.0,0.028491,0.971509
160,1153032896620140114746318270771321999716861546507,22,437,437,0.026969,0.026969,0.0,0.026969,0.973031
160,964310714558373662737593657033125267637818078167,22,374,361,0.013173,0.01933,0.046384999999999996,0.059558,0.940442
161,2549342994142969438502207735324263431486603124709,22,349,349,0.03344,0.03344,0.0,0.03344,0.96656
161,2681100216348215889829625802961254331665674276717,22,434,433,0.010490000000000001,0.003138,0.003138,0.013628000000000001,0.986372
161,2880298692764464678292391755309173496702002183049,22,454,454,0.007822,0.007822,0.0,0.007822,0.992178
161,1772591985057680454231176923477927954936575167497,22,298,298,0.076961,0.076961,0.0,0.076961,0.9230389999999999
161,2083705746610030102470078930728254734269258767559,22,405,405,0.03719,0.03719,0.0,0.03719,0.9628099999999999
161,2592051223899969308896255211589583595849607840917,22,531,522,0.015852,0.011149,0.045127,0.060979000000000005,0.939021
161,1964444950659050423101133436896095725128026615861,22,320,320,0.005937,0.005937,0.0,0.005937,0.994063
161,2664894503748551145754658751022334263049302504109,22,410,396,0.023775,0.014423,0.019910999999999998,0.043686,0.956314
161,2890667027374661591725712210164725411830649644971,22,453,453,0.020002,0.020002,0.0,0.020002,0.979998
161,2315237919643127678001317504649602348775135239989,22,419,419,0.054281,0.054281,0.0,0.054281,0.945719
161,2263615665739021443959839330064499024174205984757,22,355,353,0.07703,0.032931,0.032931,0.109961,0.890039
161,2715737041694779962072587570440702427479596688267,22,412,399,0.012264,0.020706,0.036244,0.048507999999999996,0.951492
161,2242913431855633380375884470582819076336280851693,22,563,563,0.016154,0.016154,0.0,0.016154,0.983846
161,2196055705110050413211594819707917380387387874647,22,478,478,0.030074,0.030074,0.0,0.030074,0.969926
161,2386559963764208317133465196705396071874399113177,22,454,454,0.036734,0.036734,0.0,0.036734,0.963266
161,2496018222066887071360307538619052262154796275933,22,460,451,0.023348,0.041612,0.041612,0.06496,0.93504
161,2643999513168057204584957107582487653622472397817,22,473,473,0.01274,0.01274,0.0,0.01274,0.98726
161,2635743115320503461112643487699959884803825828717,22,412,412,0.058357000000000006,0.058357000000000006,0.0,0.058357000000000006,0.941643
161,2825605982926347409937517778879057613012900909681,22,434,433,0.003837,0.004363,0.004363,0.008199999999999999,0.9918
161,1945681273593238791686785823639092496168175333883,22,455,455,0.008028,0.008028,0.0,0.008028,0.991972
162,5142726192263316119305765044724202366191059020131,22,431,431,0.037933999999999996,0.037933999999999996,0.0,0.037933999999999996,0.962066
162,4356714020119985091707387224305757015484033268083,22,354,354,0.118279,0.118279,0.0,0.118279,0.881721
162,5760088733269586802798761031015562375783053998981,22,411,399,0.039154,0.028636,0.028636,0.06779,0.93221
162,5126536210830929842911126218863559555593079772241,22,462,449,0.014722,0.007338,0.010728999999999999,0.025451,0.974549
162,4355984306317180250941284630714493550289288293197,22,529,529,0.020291,0.020291,0.0,0.020291,0.979709
162,5372238624316637074604877264416233805336449398107,22,393,381,0.012627,0.012953,0.052993,0.06562,0.93438
162,3370953511586955617438834489704567964510236112387,22,366,348,0.016198,0.035804,0.074786,0.09098400000000001,0.909016
162,5654048134438701321190467092520015125597334765619,22,929,919,0.006737,0.004426,0.00686,0.013597,0.986403
162,5347560175544712010315634817224870510859508906709,22,426,426,0.087926,0.087926,0.0,0.087926,0.912074
162,5736419416140119735836049169364015628764346059723,22,814,797,0.008782,0.004099,0.01953,0.028311999999999997,0.971688
162,4650109252981784028797300655435682334415722439709,22,507,504,0.044701,0.012287,0.012287,0.056988,0.943012
162,4851575313540019468754262146798472592699356416503,22,445,445,0.02515,0.02515,0.0,0.02515,0.97485
162,4620052361353557581946034404083231874642184874639,22,470,462,0.067049,0.006691,0.006691,0.07374,0.92626
162,5522800988337253824728791418632480547260333713827,22,417,417,0.042421,0.042421,0.0,0.042421,0.957579
162,5499586014822265836968576304450001678297022377393,22,658,658,0.012505,0.012505,0.0,0.012505,0.987495
162,3564133393297332356275713734544213713680389996917,22,385,385,0.015981,0.015981,0.0,0.015981,0.984019
162,5515322111725050184603784308918954761722437406837,22,422,413,0.013783,0.007585,0.007585,0.021367999999999998,0.978632
162,4485461183490214672847356727639397071039303926699,22,390,390,0.019582,0.019582,0.0,0.019582,0.980418
162,5195480640606091839263058107075820094394110075261,22,379,374,0.018145,0.010342,0.010342,0.028487000000000002,0.971513
162,5741107958946558148650160180297387601202820663099,22,469,469,0.031389,0.031389,0.0,0.031389,0.968611
163,9747578468936317254902406784741698921811080904511,22,423,408,0.024128999999999998,0.005888,0.038867,0.062996,0.937004
163,10111701947436338618707597112719816959644907307921,22,494,494,0.037056,0.037056,0.0,0.037056,0.962944
163,9500974977324321481710304769960767745184067228853,22,389,383,0.016341,0.023027,0.023027,0.039368,0.960632
163,10923265258610933252939304751090963667320491815059,22,370,370,0.018476,0.018476,0.0,0.018476,0.981524
163,6277296598420519157375291811600475171257085054819,22,328,328,0.029183,0.029183,0.0,0.029183,0.970817
163,9231618602773719751425117097585869209969078112883,22,456,449,0.030358,0.034564,0.050414,0.080772,0.919228
163,10035352768951452538707551978057565508665635317309,22,472,465,0.011376,0.022903,0.022903,0.034279000000000004,0.965721
163,7654209071367977951897371689264431599631570961337,22,337,337,0.021411,0.021411,0.0,0.021411,0.978589
163,10824194889247063645916265364865318315163275587691,22,393,363,0.023096,0.034441,0.043865,0.06696099999999999,0.933039
163,7007067855178084077334907729020251703138388423407,22,588,588,0.017698,0.017698,0.0,0.017698,0.982302
163,11563629162960767561469993435982566900206290797341,22,339,339,0.070006,0.070006,0.0,0.070006,0.929994
163,10432647582007091942814866236806348920448169897081,22,412,409,0.017226,0.020393,0.08071700000000001,0.09794300000000002,0.902057
163,11013321740409425001654829975108773198879722323169,22,486,486,0.031314,0.031314,0.0,0.031314,0.968686
163,11388208541060705561819087229232095358667380786273,22,566,566,0.101411,0.101411,0.0,0.101411,0.898589
163,11103735522688372546281614770298463681690271542443,22,512,512,0.05694,0.05694,0.0,0.05694,0.94306
163,8215686036974456744106483973928387713743004968589,22,459,449,0.049072,0.004419,0.004419,0.053491,0.946509
163,10366420373188722818237768081269384282174284586279,22,524,518,0.009685,0.016944,0.016944,0.026629,0.973371
163,9887493049291697627584648336712714992824228820507,22,384,384,0.015696,0.015696,0.0,0.015696,0.984304
163,11291772697596805962306082330181863662191216703401,22,705,685,0.006793,0.002142,0.023095000000000004,0.029888000000000005,0.970112
163,8629299483287912574962165393081179705241759373329,22,539,539,0.048272,0.048272,0.0,0.048272,0.951728
164,20210344270042780228524473590981781384374263250651,22,712,674,0.006559000000000001,0.003664,0.067067,0.073626,0.926374
164,17385754946083473907588211247263282920082635440931,22,449,449,0.021227,0.021227,0.0,0.021227,0.978773
164,15065200337324516365624234372840728893791849883677,22,549,549,0.039056,0.039056,0.0,0.039056,0.960944
164,20001274208685757373389824972298109151192644683421,22,467,444,0.012552,0.01753,0.058814,0.071366,0.928634
164,23206373050027225840725924288883018652907266761573,22,416,416,0.024298,0.024298,0.0,0.024298,0.975702
164,22025345891505684794425190360346292788092251835117,22,343,343,0.077118,0.077118,0.0,0.077118,0.922882
164,17433500709489283073258616221836367960841092957683,22,417,417,0.048889,0.048889,0.0,0.048889,0.951111
164,20619243792726008996626054260855579390889646661671,22,519,514,0.022239,0.003127,0.029619000000000003,0.051858,0.948142
164,17851954102483708548111820947964979316071559518321,22,520,506,0.005644,0.007273,0.028578999999999997,0.034222999999999996,0.965777
164,15520227091786292775179646082304899324457570987803,22,414,414,0.032924,0.032924,0.0,0.032924,0.967076
164,21025509716353739955780362583473341923163070100707,22,511,508,0.035478,0.016508,0.016508,0.051986000000000004,0.948014
164,14498146431977835998639783360838649091026316741701,22,513,513,0.025583,0.025583,0.0,0.025583,0.974417
164,19111791960401045569879778943278968002523890458231,22,326,326,0.012593,0.012593,0.0,0.012593,0.987407
164,16530301572124410378960034538876085010836459672467,22,349,349,0.006589,0.006589,0.0,0.006589,0.993411
164,18221873864190480631751119997397311265906143427919,22,640,640,0.047239,0.047239,0.0,0.047239,0.952761
164,19509002958117864345830026901941875949728480482351,22,679,679,0.015576,0.015576,0.0,0.015576,0.984424
164,22672286378997470934496964350911104497412505665789,22,422,422,0.027639,0.027639,0.0,0.027639,0.972361
164,23046477364042922130498611236049763734841923672321,22,584,571,0.006527,0.00515,0.10163000000000001,0.10815700000000002,0.8918429999999999
164,17549286263321631100185248104947257910955608889553,22,373,373,0.118484,0.118484,0.0,0.118484,0.881516
164,21059636316678691840527110401614339175235554714931,22,480,480,0.05499,0.05499,0.0,0.05499,0.94501
165,41832933592112304400801943026671467969363831087923,22,360,360,0.010045,0.010045,0.0,0.010045,0.989955
165,35682862411294951100561921127821057964487467339443,22,420,408,0.067115,0.075549,0.075549,0.142664,0.857336
165,42835312913720678185448545784074783359123970744159,22,383,383,0.069583,0.069583,0.0,0.069583,0.930417
165,40881659780738625128558353749592964839279265435171,22,366,364,0.009852,0.018924,0.018924,0.028776,0.971224
165,45322494471102900510547891895971824081862698563281,22,360,343,0.016993,0.006244,0.027275999999999998,0.044269,0.955731
165,45929128788840959205376511336193947297685265640951,22,950,946,0.012400000000000001,0.003457,0.003457,0.015857000000000003,0.984143
165,44489998373490387700600426834275888436763809873019,22,807,807,0.005819,0.005819,0.0,0.005819,0.994181
165,35790092378947652923809024031202004014344249255817,22,484,473,0.033898,0.010471,0.010471,0.044369,0.955631
165,45161106773899709982331683988937842529673051859151,22,517,517,0.017259,0.017259,0.0,0.017259,0.982741
165,41611075822328138418773040753161992670148754649183,22,427,427,0.007691,0.007691,0.0,0.007691,0.992309
165,43893688025396579244143003549941949711112694897597,22,595,595,0.025123,0.025123,0.0,0.025123,0.974877
165,38949108443317524477011125919734633057707138102373,22,460,460,0.011298,0.011298,0.0,0.011298,0.988702
165,44506757530726502698455041633661918108484228681201,22,606,587,0.010894999999999998,0.007952,0.037431,0.048325999999999994,0.951674
165,45700176760813962794447132804379570073089321130619,22,452,450,0.034393,0.007408,0.013229999999999999,0.047623,0.952377
165,36717319074712975178793976563482551630954666600147,22,518,518,0.00891,0.00891,0.0,0.00891,0.99109
165,40081717737177734357477768258828819203380673838299,22,467,467,0.020046,0.020046,0.0,0.020046,0.979954
165,42668271582757088828333733690941986896240697265291,22,344,344,0.188458,0.188458,0.0,0.188458,0.811542
165,42066162699265700510000155471171171993026790897181,22,335,335,0.017185,0.017185,0.0,0.017185,0.982815
165,43079437256800894081452117481597778557867932256481,22,761,721,0.017443999999999998,0.009182,0.06640700000000001,0.08385100000000001,0.916149
165,39639751732104952918265482468837059446746603506727,22,455,455,0.015513,0.015513,0.0,0.015513,0.984487
166,64455071458380183185819126791305562795840205337607,22,556,556,0.005501,0.005501,0.0,0.005501,0.994499
166,90075771203582122330247262323941154266135655067703,23,584,577,0.023259000000000002,0.011327,0.011327,0.034586000000000006,0.965414
166,72228823129784081606691745887439926673012583025583,22,602,602,0.019664,0.019664,0.0,0.019664,0.980336
166,69837432774442923128016482628855170461287372899371,22,459,431,0.030398,0.023034,0.094196,0.12459400000000001,0.875406
166,89244922194937743144971782767253188914316795885797,23,520,502,0.019483,0.013926,0.013926,0.033409,0.966591
166,88746453267789363020668583643470490537450658613921,23,430,428,0.019099,0.009443,0.009443,0.028542,0.971458
166,88713786474705850221237608801094392192327303798911,23,433,409,0.015587,0.005815,0.037705999999999996,0.05329299999999999,0.946707
166,87557406481398096612837568774546924908523956472679,22,501,501,0.056901,0.056901,0.0,0.056901,0.943099
166,83804917377281198336877975468864158449629337119497,22,429,429,0.06373,0.06373,0.0,0.06373,0.93627
166,81569638913156092214718111347132660641468885512997,22,374,374,0.023676,0.023676,0.0,0.023676,0.976324
166,52608719657148563796512530136536674250280158137673,22,587,587,0.057571,0.057571,0.0,0.057571,0.942429
166,89221264190598117801701321295581964396857406691793,23,360,360,0.053039,0.053039,0.0,0.053039,0.9469609999999999
166,91421352408629645983856436933886907626516790327531,23,444,439,0.01389,0.058675,0.09178499999999999,0.10567499999999999,0.894325
166,92354408607697290294087669975129842220424154225839,23,359,359,0.016319,0.016319,0.0,0.016319,0.983681
166,90307244958886521065070588400571519599452170426827,23,440,433,0.075739,0.010029,0.010029,0.085768,0.914232
166,61951676507642868191945772939153670793162317140439,22,659,659,0.019877,0.019877,0.0,0.019877,0.980123
166,57096092534835312898852423687190032724229132615371,22,402,402,0.014058,0.014058,0.0,0.014058,0.985942
166,77734094079183033282661848210260105535011878058221,22,443,426,0.02602,0.104078,0.14516,0.17118,0.82882
166,61439716290799937763975920406477923341938046630307,22,538,533,0.090283,0.009689,0.009689,0.099972,0.900028
166,92944946903546196014112302841886638418369209076507,23,333,312,0.002878,0.013106,0.029443000000000004,0.032321,0.967679
167,185191770581306272864194984747884925328034141094049,23,360,355,0.01202,0.005847,0.005847,0.017867,0.982133
167,150753299534321728385042450116986328932503586710791,23,402,402,0.06011,0.06011,0.0,0.06011,0.93989
167,122185038003700368219528064449236784866763422689417,23,384,384,0.003688,0.003688,0.0,0.003688,0.996312
167,178235118269758334366445181520116909697869973267843,23,418,418,0.006516,0.006516,0.0,0.006516,0.993484
167,125101284926137051500851455837556179024574472599693,23,403,399,0.012677,0.010864,0.035071000000000005,0.047748000000000006,0.952252
167,183608279157579728300471834586610846132033916363009,23,435,435,0.047343,0.047343,0.0,0.047343,0.952657
167,123823837425211259366602079641341299640350463304427,23,487,460,0.014254,0.004876,0.066878,0.08113200000000001,0.918868
167,182738591737141364288038096817725089299414242881199,23,372,363,0.007812,0.004708,0.025677000000000002,0.033489000000000005,0.966511
167,144881986800772159131971678194070421363231610326503,23,488,488,0.082862,0.082862,0.0,0.082862,0.917138
167,169113029671003783909165383403390189332006078766403,23,756,756,0.035784,0.035784,0.0,0.035784,0.964216
167,180203454172404433999728807424822530543427009853893,23,618,613,0.031418,0.016125,0.020937,0.052355,0.947645
167,176740473075257510677017027826065071164478066806109,23,329,329,0.010649,0.010649,0.0,0.010649,0.989351
167,154708744984764752253150630606148953411120836248223,23,517,515,0.01309,0.017598,0.017598,0.030688,0.969312
167,185822038963156756154989463606402264231845142986571,23,499,499,0.007008,0.007008,0.0,0.007008,0.992992
167,164713641976176077509064527913611509808492198546303,23,429,429,0.008791,0.008791,0.0,0.008791,0.991209
167,174143473517067658771245663523001506669684229251583,23,294,294,0.026824,0.026824,0.0,0.026824,0.973176
167,134875484299471317108685835177615212803568324951771,23,325,325,0.038472,0.038472,0.0,0.038472,0.961528
167,182071589557326943011646537770784052720010679622671,23,457,457,0.038661,0.038661,0.0,0.038661,0.9613389999999999
167,107723548795615044892707554332906198918982581905521,23,416,416,0.011762,0.011762,0.0,0.011762,0.988238
167,110235062257219473750266489148464622602430677309023,23,469,461,0.026404,0.008217,0.019971,0.046375,0.953625
168,355867559027045347481742474164268313169270448267103,23,532,532,0.006799,0.006799,0.0,0.006799,0.993201
168,354354498343882825539049178202420048518235057099511,23,382,380,0.033554,0.009226999999999999,0.009226999999999999,0.042781,0.957219
168,297316862371625606791660530918145246188551598375827,23,462,462,0.0239,0.0239,0.0,0.0239,0.9761
168,251334070780906996792106667358010626199124871015193,23,382,382,0.023906,0.023906,0.0,0.023906,0.976094
168,266089629335928959939990984219310389073099671366189,23,377,377,0.036527,0.036527,0.0,0.036527,0.963473
168,297312478520764466042800805099268401234237086618769,23,498,498,0.009528,0.009528,0.0,0.009528,0.990472
168,252694597694857518298868919901861055603851696256479,23,402,402,0.005768,0.005768,0.0,0.005768,0.994232
168,286391540226265125508001191752822610514127971418977,23,445,445,0.027428,0.027428,0.0,0.027428,0.972572
168,318688943619592236326261968753666579542852488008771,23,516,512,0.031308,0.008358,0.008358,0.03966600000000001,0.960334
168,348197322658922333549563681800422289216265150015297,23,516,495,0.016704,0.011429,0.075706,0.09240999999999999,0.90759
168,368542669960002587168410129566818072485889583789247,23,477,477,0.014619,0.014619,0.0,0.014619,0.985381
168,268548911990920458790785330758705695531710970965877,23,384,384,0.018063,0.018063,0.0,0.018063,0.981937
168,331941207943771650157715950616862772785852585230449,23,394,379,0.037143,0.035255,0.106037,0.14318,0.85682
168,323877960143720182139921715509016936864755738538083,23,395,395,0.007282,0.007282,0.0,0.007282,0.992718
168,363122401231538903702884958200573978698665726858941,23,428,425,0.064448,0.011896,0.011896,0.07634400000000001,0.923656
168,308228420728279829232936597270463065825898054642939,23,374,374,0.049402,0.049402,0.0,0.049402,0.950598
168,283116060916231999061737214282503740357534622019947,23,391,391,0.025962,0.025962,0.0,0.025962,0.974038
168,281428688528495768940994883006958194198779974610219,23,509,508,0.032628,0.032979,0.032979,0.065607,0.934393
168,326678933726286291994787934645555743351568375175913,23,420,411,0.030207,0.030265,0.030265,0.060472,0.939528
168,242229774464479250019542042945875041752252033094853,23,806,785,0.002125,0.007489,0.06474200000000001,0.06686700000000001,0.933133
169,549419723295960540447780008307906211005792776812829,23,484,484,0.011429,0.011429,0.0,0.011429,0.988571
169,664865469281161842324657652489314073194401709162263,23,616,616,0.023377,0.023377,0.0,0.023377,0.976623
169,526275837673483487444634125901789672050479746789367,23,459,452,0.00553,0.010042,0.017561,0.023091,0.976909
169,677970966743848576239473283142953742552801707940111,23,437,437,0.011674,0.011674,0.0,0.011674,0.988326
169,657821691628060301322956147101670288895728662024039,23,429,429,0.067391,0.067391,0.0,0.067391,0.932609
169,715264587022453456200004920592343027582234072699119,23,727,686,0.004032,0.010072,0.15330100000000005,0.15733300000000006,0.8426669999999999
169,564263055842251392661877742982498545034787789672701,23,391,385,0.021605,0.017306,0.040145999999999994,0.06175099999999999,0.938249
169,709752893570015397017697204082578787464541589122757,23,360,360,0.018719,0.018719,0.0,0.018719,0.981281
169,655017367008869539322579634764112530246507710350587,23,422,422,0.057786,0.057786,0.0,0.057786,0.942214
169,657292182528951725976013293116638919927942739731969,23,405,371,0.0071140000000000005,0.004362,0.072237,0.07935099999999999,0.920649
169,723786901355715251133499133823457447564442130316753,23,894,894,0.015115,0.015115,0.0,0.015115,0.984885
169,523829125978495822418790946811975528394043957096661,23,390,390,0.055618,0.055618,0.0,0.055618,0.944382
169,541477377066573582590059723667831900889584456117101,23,343,343,0.05866,0.05866,0.0,0.05866,0.94134
169,695788992079943252596035093883032289031003550676639,23,463,463,0.011561,0.011561,0.0,0.011561,0.988439
169,694333695686916638920533025197721880230919832136049,23,363,363,0.031558,0.031558,0.0,0.031558,0.968442
169,485822670269234256517166328139449043912746690035101,23,401,394,0.015259,0.019472,0.032877,0.048136000000000005,0.951864
169,621048212309618498722906441939308335619301463127923,23,452,452,0.021608,0.021608,0.0,0.021608,0.978392
169,471378305746743164537629288149409115192944188760511,23,410,401,0.007818,0.011824,0.016703,0.024521,0.975479
169,679166054805478107698598400374518496104565906945673,23,338,338,0.043782,0.043782,0.0,0.043782,0.956218
169,478874915531854708795103201026072431746838752011189,23,478,470,0.046176,0.010223,0.033842,0.080018,0.919982
170,1289318240951187150423696809121408247188110724374959,23,383,383,0.050466,0.050466,0.0,0.050466,0.949534
170,1317598680651458934736004969973115054629720267802427,23,412,411,0.042163,0.030069,0.030069,0.07223199999999999,0.927768
170,1387016971391792365767686427962070113773978808021599,23,435,427,0.005189,0.011436,0.02093,0.026119,0.973881
170,1301605848278604502292287990083848668281772339668443,23,529,525,0.003536,0.004099,0.008863,0.012399,0.987601
170,1454027346176602205583289937091731344133146246553801,23,577,558,0.050979000000000003,0.014576,0.08094799999999999,0.131927,0.868073
170,967653528079116878085780463103240904324567568232963,23,531,531,0.037386,0.037386,0.0,0.037386,0.962614
170,1261056843454978621289453730316681785701648409889253,23,488,487,0.02585,0.030264,0.030264,0.056114,0.943886
170,837639897222655440981696060794566569158254246200341,23,432,432,0.002053,0.002053,0.0,0.002053,0.997947
170,1380352939133440466587651274847015029204065064236727,23,661,661,0.060458,0.060458,0.0,0.060458,0.939542
170,1470202321847100083182546960194231350823305902723733,23,488,488,0.043907,0.043907,0.0,0.043907,0.956093
170,1395451141662017337518566124235400507157510063162651,23,386,386,0.012433,0.012433,0.0,0.012433,0.987567
170,1443973581327167714924022043427922410334336886476631,23,452,436,0.014191,0.005901,0.043172,0.057363000000000004,0.942637
170,1248251220039825096428185208030859202496488462447199,23,480,480,0.041687,0.041687,0.0,0.041687,0.958313
170,1485074191992056020325974520634552289818056666197811,23,431,431,0.012805,0.012805,0.0,0.012805,0.987195
170,1254247931868399620218293166952069391063175723231013,23,515,502,0.028579,0.047,0.083226,0.11180499999999999,0.8881950000000001
170,1257669066486116581118684542985264257389351752099207,23,336,336,0.039325,0.039325,0.0,0.039325,0.960675
170,938770475414108901814693140661602364827961258856599,23,363,359,0.023791,0.033704,0.033704,0.057495,0.942505
170,1066007335410228423895411628779579916508643551606013,23,442,440,0.048237,0.023461,0.023461,0.071698,0.928302
170,1055641473154584299321451059456907378615225873359927,23,466,466,0.076392,0.076392,0.0,0.076392,0.923608
170,1450909537806030357996742850817171901677376101936973,23,352,349,0.040753,0.017574,0.035757000000000004,0.07651,0.92349
171,2320628485992640066699844867503781431624090632616007,23,420,409,0.051461,0.035956,0.035956,0.087417,0.912583
171,2687357138509969949945838036658262421119489089392571,23,398,392,0.001299,0.002775,0.002775,0.004074,0.995926
171,2179890418570410841271805505892530931206234443075251,23,499,499,0.038812,0.038812,0.0,0.038812,0.961188
171,2643553863724729454040982582317963102955115497112137,23,664,659,0.016173,0.006579,0.011085,0.027257999999999998,0.972742
171,2460627882183105189199201566900305707431196028435837,23,483,483,0.015693,0.015693,0.0,0.015693,0.984307
171,2339826321982801679364695234505710301355859790744791,23,685,685,0.004623,0.004623,0.0,0.004623,0.995377
171,2758900339445195828507819823171495863952057663997793,23,372,372,0.052822,0.052822,0.0,0.052822,0.947178
171,1842882812388021598690092464110026835556610550203901,23,687,664,0.004411,0.00894,0.021687,0.026098000000000003,0.973902
171,2527348162893818585716726864029885307488142009814867,23,378,352,0.015423,0.007826,0.020249,0.035671999999999995,0.964328
171,2837554568622031909115383188427508045834871248866231,23,390,390,0.080259,0.080259,0.0,0.080259,0.919741
171,1980107624548085725945997103475068875829188531206579,23,895,895,0.042711,0.042711,0.0,0.042711,0.9572890000000001
171,2569544928058170304082873120455860591460518083182909,23,515,515,0.013732,0.013732,0.0,0.013732,0.986268
171,2690941433828007792933739463035154894668803736090667,23,360,356,0.022711,0.032795,0.032795,0.055506,0.944494
171,2790043200701068932081541267461948287073389647656629,23,317,317,0.035976,0.035976,0.0,0.035976,0.964024
171,2090916108644774601950745809429826244133327238488009,23,444,425,0.021316,0.029777,0.029777,0.051093,0.948907
171,2565736058589956952109798640055629482853606450052707,23,494,488,0.026798,0.009119,0.009119,0.035917,0.964083
171,2857998842268811336179375833801691573922890863274847,23,686,686,0.031467,0.031467,0.0,0.031467,0.968533
171,2396493466906125285828056384566870470681794130877669,23,441,441,0.022566000000000003,0.022566000000000003,0.0,0.022566000000000003,0.977434
171,2690381636823230507251275613355703537300523990202027,23,567,546,0.021454,0.017729,0.07133700000000001,0.09279100000000001,0.9072089999999999
171,2534044398151279155788338071872494168885731333317717,23,517,517,0.018018,0.018018,0.0,0.018018,0.981982
172,4462022261486228276470696903183179974341102550314813,23,589,579,0.023151,0.010542,0.049491999999999994,0.072643,0.927357
172,4973934130046512061706003746504778764546358353047069,23,483,469,0.007947,0.004921,0.025653000000000002,0.033600000000000005,0.9664
172,5648094522288795174255363457633460814882962588225833,23,595,573,0.003313,0.004872,0.046019000000000004,0.049332,0.950668
172,4726592204009198207872992689944913141786425094656837,23,812,812,0.01711,0.01711,0.0,0.01711,0.98289
172,5594622054792930920033030420069168546546514996297059,23,375,375,0.026198,0.026198,0.0,0.026198,0.9738020000000001
172,5195538082333779164457732930160988690944352296084861,23,419,402,0.044742,0.025888,0.13026400000000002,0.17500600000000002,0.824994
172,4025284698876107182620642633377455297801856255767501,23,452,452,0.015103,0.015103,0.0,0.015103,0.984897
172,4383786029746298282865883459946099335415639923579151,23,540,527,0.034788,0.035542,0.035542,0.07033,0.92967
172,4240211809755560196715516460800231502364014252588639,23,428,423,0.048811,0.034891,0.034891,0.083702,0.9162980000000001
172,5548533853252799042694444930927799861408846535815007,23,419,411,0.013572,0.007036,0.022184,0.035755999999999996,0.964244
172,5437902847130435025801669508069442332314935248409143,23,460,451,0.014379,0.014925,0.025139,0.039518,0.9604820000000001
172,4141743792397074660421973109728086317758715931017277,23,427,423,0.010777,0.031952999999999995,0.031952999999999995,0.04273,0.95727
172,4778987191980938572456617933856060465243353739312487,23,499,465,0.018228,0.005803,0.065216,0.08344399999999999,0.916556
172,4739381656678028395979571409181320777773237194812847,23,415,399,0.012558,0.037074,0.098326,0.110884,0.889116
172,4804326313493129486456115335738865566041096602990667,23,728,728,0.032529,0.032529,0.0,0.032529,0.967471
172,4104752537262135739627532234359506058920546702141581,23,409,409,0.032208,0.032208,0.0,0.032208,0.967792
172,3803744058813253158320678543084926588928670333519661,23,428,428,0.01865,0.01865,0.0,0.01865,0.98135
172,4385465259125919643879994689875257236736934784890611,23,483,478,0.003979,0.009868,0.009868,0.013847,0.986153
172,5279890751954713468197389506413223751577777606451787,23,424,424,0.085177,0.085177,0.0,0.085177,0.9148229999999999
172,4160916851387881458666582220339040710916709604934989,23,458,458,0.013403,0.013403,0.0,0.013403,0.986597
173,10923792501645012754794107569655030715119609536422907,23,415,415,0.012421,0.012421,0.0,0.012421,0.987579
173,10049473751846112538141515321974984014498020571782187,23,361,361,0.090483,0.090483,0.0,0.090483,0.909517
173,11478453237002096953758919917104639903243507350422841,23,640,640,0.010261,0.010261,0.0,0.010261,0.989739
173,10169455292752448241266658515571649753093170083937973,23,376,376,0.01739,0.01739,0.0,0.01739,0.98261
173,11141435091489660417203162826279290403361648348555217,23,404,404,0.029555,0.029555,0.0,0.029555,0.970445
173,11845946756557169576442319415563300804632186316185761,23,359,359,0.037682,0.037682,0.0,0.037682,0.962318
173,6606020196711476677748380921663035663590800650212861,23,496,496,0.013775,0.013775,0.0,0.013775,0.986225
173,9223304994372936325365139311788951438575340466147653,23,358,358,0.013638,0.013638,0.0,0.013638,0.986362
173,9937936138453613172200974798887957858538887333434453,23,453,449,0.004296,0.002733,0.002733,0.0070290000000000005,0.992971
173,11559606582085509839598371324267429245568074606311239,23,375,372,0.023496,0.011376,0.011376,0.034872,0.965128
173,8567518689055579897923237570331424934191919130124683,23,408,392,0.030766,0.005406,0.016138,0.046904,0.9530959999999999
173,7757833041287954123219330741833398980401403365844671,23,521,514,0.01216,0.008607,0.021919,0.034079,0.965921
173,9316049178944443793561813909420289680048038873209887,23,711,711,0.041395,0.041395,0.0,0.041395,0.958605
173,9928833671075698004690547493411708722996168864524191,23,442,442,0.059602,0.059602,0.0,0.059602,0.940398
173,8082599286688078272326597296230019194455017969460353,23,403,397,0.013311,0.010151,0.010151,0.023462,0.976538
173,11722980560595969629675859144256076147885119391535181,23,573,573,0.032205,0.032205,0.0,0.032205,0.967795
173,9593608908661975634163739787876317382759712663032617,23,807,807,0.007832,0.007832,0.0,0.007832,0.992168
173,7514341258039837561785554369913705517231217351886269,23,514,501,0.025007,0.022945,0.022945,0.047952,0.952048
173,10788110854762710095666872487306279223201853493970649,23,448,441,0.008377,0.007862,0.007862,0.016239,0.983761
173,10830515307409583755599110009630409242843757129551833,23,435,416,0.058204,0.046473,0.068234,0.126438,0.873562
174,22104611793997230117343176470598753099597657699857767,23,364,364,0.035702,0.035702,0.0,0.035702,0.964298
174,18763942404536135019296013058405167365237739426352961,23,382,382,0.115885,0.115885,0.0,0.115885,0.884115
174,14688504101174039979833028914301622192512344235844163,23,530,530,0.021518,0.021518,0.0,0.021518,0.978482
174,16722058225437982034822488549751786303201587785473951,23,460,460,0.052576,0.052576,0.0,0.052576,0.947424
174,21509336382097775444053571500023183533792843315954141,23,668,668,0.013599,0.013599,0.0,0.013599,0.986401
174,22850977655225044606098189565776865301144522899108753,23,373,373,0.080989,0.080989,0.0,0.080989,0.919011
174,17279223071662642072680635911044372251032271203557523,23,391,391,0.012363,0.012363,0.0,0.012363,0.987637
174,22947441514018658653094720368483897068968757283032113,23,369,362,0.005378,0.003227,0.007299,0.012677,0.987323
174,18341314976728685056786009125261875389901729222197411,23,524,500,0.007156,0.014634,0.030226999999999997,0.037383,0.9626170000000001
174,21198313883423610607647845217061584129219727405462807,23,699,693,0.037418,0.004378,0.056264,0.093682,0.906318
174,12839400785843164820295834351653620428577969094536553,23,545,513,0.029136000000000002,0.010857,0.027561000000000002,0.056697000000000004,0.943303
174,23322450000830661268788758752052782250935597472051533,23,357,342,0.012465,0.006933,0.006933,0.019398,0.980602
174,16333148817978325754024309091523862744059567919963111,23,543,543,0.035039,0.035039,0.0,0.035039,0.964961
174,14462970911237542989272454421381604521266425359311389,23,536,536,0.018825,0.018825,0.0,0.018825,0.981175
174,18949560281665792004413178756295887592891979934348561,23,364,364,0.01526,0.01526,0.0,0.01526,0.98474
174,21408407116291656012109167833580671913503017751545967,23,495,495,0.011868,0.011868,0.0,0.011868,0.988132
174,22631651939782172827484157664433587783833485119069961,23,456,456,0.020964,0.020964,0.0,0.020964,0.979036
174,21837034941512546186024799051115680122246295015518093,23,436,436,0.006934,0.006934,0.0,0.006934,0.993066
174,23437804484573336991839150008388329128133779513222523,23,705,705,0.014826,0.014826,0.0,0.014826,0.985174
174,21670228153893009427879223165719671325428625794224927,23,378,378,0.060202,0.060202,0.0,0.060202,0.939798
175,40488067071432624121676494427962676744307992814206389,23,495,495,0.012271,0.012271,0.0,0.012271,0.987729
175,47880832610030432571309186253738451904700554037260907,23,391,391,0.052811,0.052811,0.0,0.052811,0.9471890000000001
175,45878748309865752441663931039655772029562012040164497,23,421,418,0.030493,0.016433,0.016433,0.046925999999999995,0.953074
175,44519607957401945468255440685812779498238330725202451,23,714,714,0.011024,0.011024,0.0,0.011024,0.988976
175,38437122674547888080483896869357910936491022366930391,23,566,558,0.016706,0.019883,0.026215000000000002,0.042921,0.957079
175,47064113916853618606448841022057749802258231599045617,23,378,374,0.039401,0.060975,0.060975,0.10037599999999999,0.899624
175,38418920847258974395155918878755125806886124993281449,23,530,530,0.01297,0.01297,0.0,0.01297,0.98703
175,29860959886171008880417800461459339604720394693120859,23,525,491,0.0045260000000000005,0.008613,0.10642700000000002,0.11095300000000002,0.8890469999999999
175,47523346294694090590598436816448664799865583071536947,23,397,397,0.016526,0.016526,0.0,0.016526,0.983474
175,40430147177650634814659419575820969943704601075586779,23,488,488,0.023745,0.023745,0.0,0.023745,0.976255
175,30673381581036186694644718658867052922438672540632679,23,377,360,0.004158,0.010577,0.010577,0.014735,0.985265
175,46321511197924674401868707445937064255819847549207181,23,566,552,0.017387,0.00351,0.014065999999999999,0.031452999999999995,0.968547
175,40793108447338904457818158698839208728924655609269741,23,496,480,0.019135,0.026837,0.026837,0.045972,0.954028
175,47563799216222959471208717042267403920241999763230907,23,392,392,0.023894,0.023894,0.0,0.023894,0.976106
175,44747799795754951639143084884684883018614820083166937,23,423,406,0.010516,0.004096,0.01208,0.022595999999999998,0.977404
175,46867320328474189488708379756417548186877640469492347,23,448,448,0.036816,0.036816,0.0,0.036816,0.963184
175,46542356956969036203230698142264416107162071627147053,23,396,396,0.02392,0.02392,0.0,0.02392,0.97608
175,45701878003472651488780363802977956628041054016481659,23,495,495,0.044789,0.044789,0.0,0.044789,0.955211
175,25458726975309530242094669164823103336392162094875803,23,423,423,0.034271,0.034271,0.0,0.034271,0.965729
175,39959523049873920871877996128842998488581987804339877,23,420,420,0.003932,0.003932,0.0,0.003932,0.996068
176,87990886338847859195592642389102593039937487082558279,24,489,489,0.015667,0.015667,0.0,0.015667,0.984333
176,92564124955148991262968874807483374435803628161108999,24,934,925,0.011122,0.010031,0.012258,0.023379999999999998,0.97662
176,94129007589456961191977269147297543003266132666549953,24,395,395,0.030299,0.030299,0.0,0.030299,0.969701
176,93819484016161644344551753829300322151041926203410181,24,435,435,0.004472,0.004472,0.0,0.004472,0.995528
176,73157616268457907406971375723178615684280166706710493,24,398,398,0.064789,0.064789,0.0,0.064789,0.935211
176,61542774938750705714463225629776244056185970967253653,24,496,486,0.011232,0.019412,0.019412,0.030643999999999998,0.969356
176,71800771048867515580859417044203063847762338647077403,24,390,390,0.075207,0.075207,0.0,0.075207,0.924793
176,77258340421405866522724393177859419720883968347782627,24,536,524,0.009881,0.006433,0.034670999999999993,0.044551999999999994,0.955448
176,89837078281524964039898044063254336032471057480771579,24,709,698,0.009556,0.003251,0.026386,0.035942,0.964058
176,67631371474217585591492093931057414532556760623695867,24,387,387,0.016265,0.016265,0.0,0.016265,0.983735
176,89832926575159265651841476273066740015357110318540347,24,639,610,0.004828,0.003078,0.036109,0.040937,0.959063
176,67118204137332948793553589627698826319196161548428537,24,400,382,0.015673,0.015069,0.039132,0.054805,0.945195
176,87774156256777768160436756789989062372701963996758741,24,553,549,0.023615,0.01789,0.01789,0.041505,0.958495
176,70572719969624332011199901351228566052874877227465031,24,467,467,0.004834,0.004834,0.0,0.004834,0.995166
176,86250046064114433343982710398437258754379418231496971,24,405,405,0.018599,0.018599,0.0,0.018599,0.981401
176,87134348646583113354803029928666774546954085244353883,24,368,358,0.02046,0.007208,0.007208,0.027667999999999998,0.972332
176,71901633824806274691548687743309648812921855456127637,24,391,391,0.025953,0.025953,0.0,0.025953,0.974047
176,90150270285363435056040734184802693760325360863282387,24,527,509,0.003665,0.008955,0.023572999999999997,0.027238,0.972762
176,94046017590480304561168089303295538090394575865219973,24,523,506,0.017176,0.008975,0.017509,0.034685,0.965315
176,64190892782173257959767693618630438907905705925983597,24,432,432,0.032051,0.032051,0.0,0.032051,0.967949
177,119125070369688751792163725903852573808324382853761851,24,514,514,0.016209,0.016209,0.0,0.016209,0.983791
177,182726819299327515165849812245648871121491177942129611,24,527,511,0.008072,0.010662,0.017765,0.025837,0.974163
177,188893960779618570376876195763394634184667143767990939,24,479,479,0.020817,0.020817,0.0,0.020817,0.979183
177,177226234109374423417710011618572758541886871555971773,24,509,509,0.069181,0.069181,0.0,0.069181,0.930819
177,170417219917741538865104682908758540815889415996081587,24,501,478,0.003363,0.016577,0.022461000000000002,0.025824000000000003,0.974176
177,184456472780322533717507274449727396706948277959651997,24,726,726,0.02375,0.02375,0.0,0.02375,0.97625
177,172591822599216441031826476355149233765150072380634947,24,451,451,0.010916,0.010916,0.0,0.010916,0.989084
177,160262516696147396603234199689194202325829336961400089,24,439,424,0.009776,0.025624,0.038407,0.048183,0.951817
177,189488332491885140927092409494182632690603024073949519,24,476,457,0.017069,0.00465,0.045819000000000006,0.062888,0.937112
177,158860589548227817116386228914199311016251079037823631,24,427,426,0.029067000000000003,0.012981,0.012981,0.042048,0.957952
177,131023867650554721773986626498755865101732014114852169,24,538,522,0.026714,0.028955,0.070301,0.097015,0.902985
177,185419546061793924107275707453523293583979540373323441,24,435,427,0.026041,0.044348,0.127491,0.153532,0.846468
177,130739606859025377984032427604557137652684751978400777,24,513,508,0.025006,0.042079,0.042079,0.067085,0.9329149999999999
177,148738595022486208740372312134935505218833565972371451,24,439,439,0.054273,0.054273,0.0,0.054273,0.945727
177,167245458534901805246177899856773690854765016929409441,24,602,588,0.004182,0.001677,0.026505,0.030687,0.969313
177,167743233925335463625480222303950384908571933339861327,24,429,429,0.014219,0.014219,0.0,0.014219,0.985781
177,127846725145209783213161083219697857237418143943954471,24,572,572,0.022177,0.022177,0.0,0.022177,0.977823
177,175371321030994867998753692974243811078511522480617843,24,432,432,0.033178,0.033178,0.0,0.033178,0.966822
177,116000582161408742104082789047643826044722595827305757,24,517,508,0.006757,0.005346,0.016746999999999998,0.023503999999999997,0.976496
177,170372630777230523245695634046185057408362313049454403,24,634,627,0.002522,0.003876,0.006554,0.009076,0.990924
178,326370916554170909248800565447441227366364752100439299,24,363,363,0.02391,0.02391,0.0,0.02391,0.97609
178,351133543531254740082619452808507153835828169762359977,24,363,363,0.004769,0.004769,0.0,0.004769,0.995231
178,336454357966569634923263904170681101591018051550982463,24,507,507,0.082021,0.082021,0.0,0.082021,0.917979
178,287084766998192650266030523003134421022082997050134521,24,478,478,0.007083,0.007083,0.0,0.007083,0.992917
178,352927538094715815006260624760445835128691040320016481,24,436,436,0.026929,0.026929,0.0,0.026929,0.973071
178,338358782479052619339175922612376094187822886673941721,24,584,584,0.003445,0.003445,0.0,0.003445,0.996555
178,350983244504690877302934108411058885737259142622352279,24,404,404,0.009331,0.009331,0.0,0.009331,0.990669
178,362113241669248116131584645381866273037844314273508653,24,848,837,0.004371,0.00133,0.012351999999999998,0.016723,0.983277
178,354699753705738888969549737288396049484417614825528751,24,539,539,0.027233,0.027233,0.0,0.027233,0.972767
178,331690661156431736210765004245137972208022366664402553,24,1003,1000,0.008785,0.011566,0.011566,0.020351,0.979649
178,332675546545853496255458413537230392333963633325833083,24,397,397,0.004103,0.004103,0.0,0.004103,0.995897
178,313703344571742936697405437124510360823965169983069999,24,975,967,0.007096,0.005397,0.005397,0.012493,0.987507
178,380254134293999860410999253285210970240457628198742663,24,456,456,0.015156,0.015156,0.0,0.015156,0.984844
178,360641711799225046890015181472030377655985832139240759,24,615,615,0.035232,0.035232,0.0,0.035232,0.964768
178,263917085618902017901372402907639485241329433989841083,24,528,528,0.045307,0.045307,0.0,0.045307,0.954693
178,266288106436622503269927529785703488384905659026805291,24,519,474,0.008435,0.018165,0.042638999999999996,0.051073999999999994,0.948926
178,344304805683409519331394242367711732435948148819916561,24,514,514,0.027843,0.027843,0.0,0.027843,0.972157
178,341709744235492519708940578050014342971004111389339661,24,349,349,0.086147,0.086147,0.0,0.086147,0.913853
178,310967967663884862956076583774857977926596023977520621,24,718,718,0.045253,0.045253,0.0,0.045253,0.954747
178,327279608257895351469611029322246368521417106545791761,24,737,717,0.012633,0.003522,0.015016000000000002,0.027649,0.972351
179,558936428874945996924383768356203135254350439671785479,24,379,379,0.132344,0.132344,0.0,0.132344,0.867656
179,674926639517348090731177770827913991101246148882287283,24,1000,992,0.014513,0.003922,0.003922,0.018435,0.981565
179,520778796933569712475497803976339448328715986002072523,24,580,575,0.010028,0.014714,0.014714,0.024742,0.975258
179,748335037461936801408133793949275373189490397012798993,24,583,583,0.078443,0.078443,0.0,0.078443,0.921557
179,750121838409245984074572114070043722336783466522324083,24,521,521,0.031805,0.031805,0.0,0.031805,0.968195
179,652699193242756150846355283234498871767984936149202997,24,366,366,0.017746,0.017746,0.0,0.017746,0.982254
179,701012462554551393326136469593585664907414625879938377,24,574,556,0.013363,0.077737,0.077737,0.0911,0.9089
179,651811943098199803843122079676572375058573432081265941,24,338,338,0.017918,0.017918,0.0,0.017918,0.982082
179,551025100698026169975841797211316492193395216233257361,24,703,697,0.022029,0.003131,0.003131,0.025160000000000002,0.97484
179,568232849243253819024806302642399573345242309126608059,24,478,459,0.046688,0.053647,0.101681,0.148369,0.851631
179,639820098139219068308973252189078237340004822241496393,24,355,355,0.034106,0.034106,0.0,0.034106,0.965894
179,761792849352011360883518708616350161974544759945523083,24,445,445,0.011167,0.011167,0.0,0.011167,0.988833
179,628942419048318189765862150028221450462352308232102681,24,384,384,0.019369,0.019369,0.0,0.019369,0.980631
179,566889538234990454641052189675936791837860452121325949,24,481,481,0.011669,0.011669,0.0,0.011669,0.988331
179,716452162573779008868293903020235512769764173696217249,24,657,637,0.016103,0.012395,0.027451000000000003,0.043554,0.956446
179,621413530195004739611180163225538908969413935549872629,24,930,924,0.00643,0.011446,0.015024,0.021454,0.978546
179,645609036446719663018922094515491080262538063860555597,24,428,380,0.015489000000000001,0.015338,0.074931,0.09042,0.90958
179,555489032258653592242576233173121867113539610787783833,24,418,418,0.051979,0.051979,0.0,0.051979,0.948021
179,535750173793033032362966709603096420101001099801784643,24,550,550,0.007734,0.007734,0.0,0.007734,0.992266
179,456506540313436296309522192769161449949543126587051023,24,424,424,0.03448,0.03448,0.0,0.03448,0.96552
180,1358996782341013393471064892946133021632416224066738371,24,781,757,0.004537,0.00503,0.03938300000000001,0.04392000000000001,0.95608
180,1147190830767755812327995081041386320310165753132541849,24,648,648,0.0117,0.0117,0.0,0.0117,0.9883
180,1403925300691032372140940928473865553985310895500181911,24,464,464,0.029178,0.029178,0.0,0.029178,0.970822
180,1495775451737959760457511687274350579183536185139242641,24,434,434,0.012881,0.012881,0.0,0.012881,0.987119
180,1110739563446777289531838627303749633950291508344598743,24,503,503,0.009401,0.009401,0.0,0.009401,0.990599
180,1194024369143971552927889417542591741693717575625673111,24,507,483,0.00861,0.009802,0.043377000000000006,0.051987000000000005,0.948013
180,1260166637346508034925373413900190230508510171798948477,24,759,759,0.009248,0.009248,0.0,0.009248,0.990752
180,1455316476136829091460607052510092178765985268783561317,24,513,513,0.015794,0.015794,0.0,0.015794,0.984206
180,1309093992710635640836698146159549405123972272927404881,24,496,496,0.01095,0.01095,0.0,0.01095,0.98905
180,1390894799146412153168495467213932724874405876411579611,24,474,474,0.238035,0.238035,0.0,0.238035,0.761965
180,1520134781616046526108129582711299483597548910524846853,24,479,459,0.007098,0.014517,0.08167799999999999,0.088776,0.911224
180,1505439219343167470373459269572451082957623944381924673,24,436,436,0.046575,0.046575,0.0,0.046575,0.953425
180,1057025848491395991324830754425862907965800790964989169,24,403,403,0.098011,0.098011,0.0,0.098011,0.901989
180,1022335052507123413464678276586097658581994406812064513,24,433,433,0.019419,0.019419,0.0,0.019419,0.980581
180,986820806071662897465598796288744366007908716888546481,24,788,788,0.032354,0.032354,0.0,0.032354,0.967646
180,1524644692974396926561992448558626212968367576768526879,24,427,417,0.048082,0.017736,0.05578,0.10386200000000001,0.896138
180,1314131625546751137305337304108371769311553500059572603,24,429,429,0.009349,0.009349,0.0,0.009349,0.990651
180,1159287238259464432648787656029088912397674342457115643,24,446,446,0.016736,0.016736,0.0,0.016736,0.983264
180,1475197377405499619513187533655878473208974647166678079,24,436,427,0.011609999999999999,0.00128,0.017331,0.028940999999999998,0.971059
180,1092513974848862293580063101113260203144966532297855803,24,591,585,0.013018,0.005437,0.005437,0.018455,0.981545
181,2146755962617820701939724558369889009769651618593397373,24,498,498,0.018828,0.018828,0.0,0.018828,0.981172
181,2072316348390379785942053767435731590279096222618626363,24,505,503,0.012104,0.003016,0.003016,0.01512,0.98488
181,2877046995656031836501313697137912148919872998967745519,24,568,561,0.005517,0.004056,0.004056,0.009573,0.990427
181,2880369969123252961817754651476818952571924308651017163,24,482,482,0.011192,0.011192,0.0,0.011192,0.988808
181,2861708897811122498028015229576663189712718130603358513,24,585,580,0.030845,0.012719,0.012719,0.043564,0.956436
181,2806788267767978306991980520946809467457007629229500787,24,679,679,0.01227,0.01227,0.0,0.01227,0.98773
181,2302747288573481437114058572318921809401333842388506063,24,568,568,0.007182,0.007182,0.0,0.007182,0.992818
181,2533946943181812616782556407056335292416812676112585527,24,436,433,0.013433,0.035884,0.035884,0.049317,0.950683
181,2487771293557144436196457222451407643840343448896262201,24,427,418,0.034346,0.009353,0.054623,0.08896899999999999,0.911031
181,2345607456560758996293272875237597113634991575593930503,24,426,408,0.024268,0.013131,0.013131,0.037399,0.962601
181,2451877345078985122707203168343312742955044811033249477,24,515,515,0.010331,0.010331,0.0,0.010331,0.989669
181,2340974696399471038404420962322551749504771560040272007,24,536,536,0.020471,0.020471,0.0,0.020471,0.979529
181,2477342015750519040996010692078739219032174672206011307,24,580,580,0.036118,0.036118,0.0,0.036118,0.963882
181,2296086844355268411990274677061153842585626962159704019,24,428,428,0.063636,0.063636,0.0,0.063636,0.936364
181,2857327712261479603462914395058626994702465220337337739,24,597,571,0.001795,0.007919,0.026539,0.028334,0.971666
181,1869241629214427269662931336533353684013970622159921317,24,527,526,0.017669,0.018794,0.018794,0.036463,0.963537
181,2136463886038630304242691639030926383783507376355925571,24,424,424,0.016739,0.016739,0.0,0.016739,0.983261
181,2877127110897588495873508614076070239692397854333669421,24,886,868,0.006404,0.005584,0.018711000000000002,0.025115000000000002,0.974885
181,2391506213382517426158791151215598942262031718622544827,24,538,495,0.02293,0.011878,0.037362,0.060292,0.939708
181,2948841039361971531410668839665611640358315799683010259,24,559,559,0.009656,0.009656,0.0,0.009656,0.990344
182,4191292476346020518783656275665657989599723159847851667,24,581,560,0.008641,0.033065,0.071804,0.080445,0.919555
182,4368915889305698991841916329930420223695538711679696073,24,425,404,0.017536,0.022392,0.041264999999999996,0.05880099999999999,0.941199
182,4603173397210774045412589779080265237568427782430487923,24,624,624,0.010463,0.010463,0.0,0.010463,0.989537
182,4412747380103085417736789338590629677444833420942921431,24,640,640,0.014077,0.014077,0.0,0.014077,0.985923
182,5274862496484527199284351082466041501734256417850671079,24,353,353,0.050593,0.050593,0.0,0.050593,0.949407
182,4800792925814278444401434125143406347751419932688595051,24,418,407,0.009725,0.012133,0.0219,0.031625,0.968375
182,3653812005152759308354861844496272098804036966408036451,24,539,531,0.010294,0.033941,0.033941,0.044235,0.955765
182,4646737653138437262079866979167515682324029521366613887,24,632,632,0.028908,0.028908,0.0,0.028908,0.971092
182,5244063665198047536361296769370401123699361439281027921,24,406,403,0.008307,0.036051,0.036051,0.044358,0.955642
182,5043512217423355819857280369022042682912863299358815427,24,588,588,0.01698,0.01698,0.0,0.01698,0.98302
182,5381424364337562423689277556082862960704173067855407963,24,416,413,0.064805,0.021386,0.021386,0.086191,0.913809
182,5605622646710231703717995108618170373087268192211651819,24,486,451,0.0031450000000000002,0.013293,0.10408699999999997,0.10723199999999997,0.892768
182,5372876402521245557172885073810823234220306537484862171,24,555,530,0.0062900000000000005,0.004775,0.07415599999999999,0.08044599999999999,0.919554
182,5193787393634226710856637245122360855837884143711668923,24,430,426,0.007756,0.018062,0.019403,0.027159,0.972841
182,4901526449801380100603842024908873735304969564340783837,24,576,546,0.030407000000000003,0.00205,0.11429600000000001,0.14470300000000003,0.855297
182,6116842254080121661991651815972543754648149039661461711,24,552,543,0.047011,0.012975,0.021889,0.06889999999999999,0.9311
182,4848300292233620118117558303318082764588214458439723993,24,716,703,0.00696,0.009047,0.032644,0.039604,0.960396
182,5455870824923288995533498136798277725990387457579154641,24,392,392,0.005486,0.005486,0.0,0.005486,0.994514
182,3785938512649873423258671464276287016184708730225383793,24,424,412,0.024588,0.059561,0.09722300000000002,0.12181100000000002,0.878189
182,4491160981645514588938837869554023508980963008773065231,24,596,596,0.008901,0.008901,0.0,0.008901,0.991099
183,9166723778901347230936039451531749253767512951187044911,24,358,358,0.045761,0.045761,0.0,0.045761,0.954239
183,10455930224123599063565031820487918262028421842464564737,24,976,976,0.032894,0.032894,0.0,0.032894,0.967106
183,7427674099806058459503172382903188275128363209564310927,24,365,365,0.04464,0.04464,0.0,0.04464,0.95536
183,10617285421144533269412481609230267820807269357289585027,24,495,495,0.017286,0.017286,0.0,0.017286,0.982714
183,11010471763583359046491348791311818146317648218012267883,24,592,591,0.004266,0.011445,0.011445,0.015711,0.984289
183,10332376251302120495254834326196282275734767686242549761,24,391,371,0.013194999999999998,0.006567,0.09324400000000001,0.106439,0.893561
183,11749977713551691032971054523891664935137255323436579743,24,635,635,0.030332,0.030332,0.0,0.030332,0.969668
183,10038010870002094481651798134300472801725442018653785307,24,522,486,0.014403,0.016428,0.13453599999999996,0.14893899999999996,0.8510610000000001
183,10982511715433447835689163250582120464921150302579077343,24,407,407,0.015891,0.015891,0.0,0.015891,0.984109
183,8953983959087052116701047035345005923200525137226524679,24,574,543,0.011747,0.019516,0.050366,0.062113,0.937887
183,8876846022270762570247578740470934525848460110861548643,24,716,706,0.026536,0.012445,0.012445,0.038981,0.961019
183,7272641689296160343480501161670052491504793391277318831,24,468,468,0.024592,0.024592,0.0,0.024592,0.975408
183,12244318449419593826201370835952825834440723200097525199,24,587,585,0.009732,0.008569,0.008569,0.018300999999999998,0.981699
183,11599990885992088420849467859622548958581504884697039151,24,534,523,0.00222,0.007677,0.027991000000000002,0.030211000000000002,0.969789
183,7605813317180000005669607627882043830747996242518578099,24,601,601,0.010173,0.010173,0.0,0.010173,0.989827
183,12182702859135303445823465643541896884548888148712896953,24,386,386,0.010069,0.010069,0.0,0.010069,0.989931
183,9709983608535670096749131929304035374023228870737229987,24,528,516,0.004461,0.028908,0.028908,0.033368999999999996,0.966631
183,10464773632474194098893561476862794550508738502141675107,24,606,606,0.005916,0.005916,0.0,0.005916,0.994084
183,9586059037733377655369346899873870070324449037164235107,24,359,359,0.025794,0.025794,0.0,0.025794,0.974206
183,9699446562764165401251791317533912674237385429964214831,24,440,433,0.016716,0.00735,0.020151,0.036867,0.963133
184,18626849292167387044123969723309390925329349903285206507,24,405,383,0.010459,0.019243,0.05874,0.069199,0.930801
184,18804282751054831530309800753579061511332519271103678431,24,554,554,0.010988,0.010988,0.0,0.010988,0.989012
184,18252028929067861875789984563223162861221576906848127717,24,664,664,0.004479,0.004479,0.0,0.004479,0.995521
184,24181446627067838775417564967666980419690582548365581197,24,507,507,0.013944999999999999,0.013944999999999999,0.0,0.013944999999999999,0.986055
184,23005878760564119588403003965951554728473230184759392953,24,637,605,0.012856000000000001,0.001902,0.03954699999999999,0.05240299999999999,0.947597
184,23936510072986768214421716184424106299398221539866239897,24,504,500,0.025845,0.009588,0.009588,0.035433,0.964567
184,16234034926709714462589794505359125056267838558020716281,24,674,664,0.002845,0.006752,0.006752,0.009597,0.990403
184,23428690111692592128116212619775791367144015582938967239,24,463,456,0.047061,0.033127,0.05133,0.098391,0.901609
184,18912759825437398136803515023873579742325104166174841671,24,487,487,0.008208,0.008208,0.0,0.008208,0.991792
184,19927044154018425176840956388997557677674288593187597089,24,444,444,0.006228,0.006228,0.0,0.006228,0.993772
184,19536799308159701904048108852677303754701680967104128127,24,467,451,0.008049,0.015552,0.023073,0.031122,0.968878
184,19071823677149723706403511825275713145306081300414131937,24,611,608,0.003229,0.002941,0.002941,0.00617,0.99383
184,20612269609108741202241460271673864594887702871452882101,24,472,461,0.013105,0.009774,0.028072,0.041177,0.958823
184,18920239559229041789878510751170285007946834591953601329,24,707,689,0.023019,0.000763,0.041684,0.064703,0.935297
184,22611644979880324889689047625329907958432993333469481211,24,423,423,0.019818,0.019818,0.0,0.019818,0.980182
184,22464664451229199112637114050957084764371480284978460343,24,438,427,0.005715,0.008244,0.011224999999999999,0.016939999999999997,0.98306
184,20229563940142821382398535762812188204560973744420706551,24,554,554,0.009616,0.009616,0.0,0.009616,0.990384
184,14302906747822375527736225805395822106070407268478927343,24,463,463,0.008792,0.008792,0.0,0.008792,0.991208
184,22648934796018516144639607669733048190885481628018590453,24,502,495,0.009434,0.007588,0.007588,0.017022,0.982978
184,15697907949934382447029781871211500370846936672724531567,24,482,463,0.004768,0.007535,0.04789100000000001,0.05265900000000001,0.947341
185,39302817494925418904731805103331681348585472258348444957,25,627,624,0.017428,0.032416,0.032416,0.049844,0.950156
185,39163563717688705635413025356219451066821712937228964227,25,522,519,0.022302,0.004481,0.006326,0.028628,0.971372
185,43686826810459062412827238710551696728616518667617692019,25,620,600,0.006358,0.001475,0.038684,0.045042000000000006,0.954958
185,44530085274113978279620207534979690950635532686975502813,25,358,358,0.049657,0.049657,0.0,0.049657,0.950343
185,43570715964626102904381136448155751424171061828655209841,25,511,503,0.008621,0.021581,0.021581,0.030202,0.969798
185,42847627148824300921093636376913601640563740728623558181,25,766,764,0.005973,0.004653,0.004653,0.010626,0.989374
185,32083703321789764487338768250718421793945445188847533027,24,724,709,0.014646,0.012221,0.021654,0.0363,0.9637
185,33014805666036752589259540494640708288963751747621341763,25,580,580,0.012922,0.012922,0.0,0.012922,0.987078
185,41464335276070540341399584119313180727925975932568415057,25,443,411,0.008006,0.004036,0.03558599999999999,0.04359199999999999,0.956408
185,33861582902426483337301296118131448522568614203251711863,25,482,476,0.008545,0.011417,0.022879999999999998,0.031424999999999995,0.968575
185,46071639138339644800558097284225066199315293701982806079,25,869,869,0.008598,0.008598,0.0,0.008598,0.991402
185,37936033159136473000212002322269943296231496368568922549,25,391,391,0.007413,0.007413,0.0,0.007413,0.992587
185,48350569892826986379872186809679223015058022521047573871,25,531,531,0.040345,0.040345,0.0,0.040345,0.959655
185,41198097084082663709570476103319690345818375254249026263,25,455,455,0.00252,0.00252,0.0,0.00252,0.99748
185,45101352016751018053319721236302099399595057715497241929,25,497,471,0.007351,0.005026,0.01807,0.025421,0.974579
185,42065769993861888778368368385451592776021006938027669583,25,914,914,0.021626,0.021626,0.0,0.021626,0.978374
185,41907847300045853777854516119774591215451371041706482459,25,656,656,0.019745,0.019745,0.0,0.019745,0.980255
185,48828218167552081470122749610887068068091405463826001571,25,429,429,0.024341,0.024341,0.0,0.024341,0.975659
185,41321776714362126833330727735907708762522999908493584631,25,507,500,0.01778,0.006873,0.006873,0.024653,0.975347
185,45383217518804476499152706989070758316114620859553366943,25,365,365,0.025379,0.025379,0.0,0.025379,0.974621
186,91860233843352511299828307727646362358888480420031170413,25,666,666,0.023618,0.023618,0.0,0.023618,0.976382
186,80310109483483183267313583353855043236387938949945913511,25,366,366,0.059091,0.059091,0.0,0.059091,0.940909
186,80341684383462084364790814145428006802552449749708478169,25,644,644,0.006703,0.006703,0.0,0.006703,0.993297
186,94274586636737974618847930138230885567012445571032348059,25,563,562,0.006269,0.01403,0.01403,0.020299,0.979701
186,85286064753422311838018802719562606418460845712040300179,25,456,456,0.038076,0.038076,0.0,0.038076,0.961924
186,95824663807095715873047831217240459086791279500036727837,25,557,557,0.013696,0.013696,0.0,0.013696,0.986304
186,80600641280005619173439191411717632606164953443740925413,25,666,666,0.00349,0.00349,0.0,0.00349,0.99651
186,53363439485857552435882838625033101776848292903405327631,25,486,486,0.00839,0.00839,0.0,0.00839,0.99161
186,84360977267528679389916660229858829202359730331725108419,25,608,578,0.012139,0.023368,0.023368,0.035507,0.964493
186,79840201135431317961751024566665709261061070004618876607,25,415,399,0.006033,0.017679,0.017679,0.023712,0.976288
186,86866046861802039662583542752660385034769683216166980061,25,705,705,0.013309000000000001,0.013309000000000001,0.0,0.013309000000000001,0.986691
186,86323619254797487920466332795791126216445907418620989923,25,549,527,0.00837,0.001172,0.016725,0.025095,0.974905
186,96229941655765770007029825039522376331365113196946498957,25,456,456,0.007463,0.007463,0.0,0.007463,0.992537
186,68612351526722038739277226442469049931568086799744053797,25,516,483,0.01963,0.013387,0.069823,0.089453,0.910547
186,68105415306841011876975324285506148265126787018204059721,25,698,698,0.017424,0.017424,0.0,0.017424,0.982576
186,82153452353776642549718572430278706898613500637862573111,25,591,591,0.019705,0.019705,0.0,0.019705,0.980295
186,58260742770043455753114412466166256900662844348827175237,25,675,669,0.007324,0.008012,0.008012,0.015335999999999999,0.984664
186,92398084669964916514251013016603556504210733394779182767,25,387,362,0.004333,0.029337,0.108614,0.112947,0.887053
186,85070111672001330371958789558357340118850688442337853217,25,418,418,0.013448,0.013448,0.0,0.013448,0.986552
186,77006883355586853676151730714225091231991247740864640619,25,452,452,0.021146,0.021146,0.0,0.021146,0.978854
187,185702567469454758545522669141358609758902348939813864093,25,552,552,0.01846,0.01846,0.0,0.01846,0.98154
187,179941892859217785606681885687143742888315889414346363689,25,1050,1050,0.004837,0.004837,0.0,0.004837,0.995163
187,181526373319561920706249179904543072763946711556143801553,25,556,556,0.026576,0.026576,0.0,0.026576,0.973424
187,167429568427479950155810682841163388259872915659211758439,25,440,428,0.007189,0.00874,0.00874,0.015929,0.984071
187,186979504018673334316662054121094588580490052795915527519,25,598,594,0.01869,0.003877,0.003877,0.022566999999999997,0.977433
187,145169698815553753950995436308896640554249031871232995529,25,616,616,0.004663,0.004663,0.0,0.004663,0.995337
187,189461310023527313299690027067741970827568893636258377063,25,791,791,0.004018,0.004018,0.0,0.004018,0.995982
187,195549547224884539368396804380565596304971046728434683161,25,445,439,0.011301,0.009792,0.009792,0.021093,0.978907
187,178245846474078559274688392189915797290638577194576694293,25,467,467,0.031138,0.031138,0.0,0.031138,0.968862
187,140252436907018775044357018689165543420042260373871440727,25,544,532,0.003895,0.005909,0.036043,0.039938,0.960062
187,192105990641511042361486580149859043063803753731838318981,25,861,825,0.02053,0.011899,0.08265700000000001,0.103187,0.896813
187,178454889426021172984526500874394848133697897783899319511,25,1017,996,0.056415,0.01576,0.020441,0.07685600000000001,0.923144
187,147793902755095806954444489354226029687835800736294743133,25,654,654,0.033324,0.033324,0.0,0.033324,0.966676
187,181066564675332279473924972484406057203667755771628163519,25,433,427,0.010048,0.007711,0.007711,0.017759,0.982241
187,168818801318777087057170297997195516793375607488939767557,25,507,472,0.013425,0.004976,0.029620999999999998,0.043046,0.956954
187,163084686989748233415040348211861253938756903626114968719,25,430,430,0.005973,0.005973,0.0,0.005973,0.994027
187,188075731576689556162612507442726713223245640460883288489,25,608,600,0.013668,0.012904,0.030611,0.044279,0.955721
187,132226185708852638537764772743714220747210366978910886177,25,497,492,0.004129,0.010475,0.014475,0.018604,0.981396
187,194698576701919400115040833966319106090888842928840082833,25,487,487,0.007702,0.007702,0.0,0.007702,0.992298
187,125253423035716542158322394161648453041038946552062725559,25,507,507,0.008615,0.008615,0.0,0.008615,0.991385
188,314224750521702231589078779205748577487125730214151848227,25,477,477,0.03411,0.03411,0.0,0.03411,0.96589
188,214725867801677657763150716044378228025925022271604157093,25,381,381,0.006085,0.006085,0.0,0.006085,0.993915
188,337786569927761505444410838242068306234426938889367376089,25,438,438,0.086823,0.086823,0.0,0.086823,0.913177
188,360223106477640603715939086025088234494108141240755800321,25,461,461,0.006323,0.006323,0.0,0.006323,0.993677
188,374124987525817520307508964115960865602386918837898179827,25,671,671,0.064946,0.064946,0.0,0.064946,0.935054
188,361989780913006793919620222968747185160737595989089084909,25,463,454,0.008076,0.001832,0.027629,0.035705,0.964295
188,317559581118592945343728270732523067627215982144611637637,25,424,409,0.012965,0.023437,0.032123,0.045088,0.954912
188,379999621526733814982174866558604085395375086537465979591,25,411,411,0.004141,0.004141,0.0,0.004141,0.995859
188,366021560344730588643709636731405132352498915207181378779,25,433,433,0.03038,0.03038,0.0,0.03038,0.96962
188,387944003533460640819952009732254475678414088984486177033,25,657,657,0.003712,0.003712,0.0,0.003712,0.996288
188,374845489005902740783352118914562105030081362850475258007,25,684,681,0.004017,0.014946,0.014946,0.018963,0.981037
188,386515816923087548415772467909907858268131406963172669599,25,549,548,0.04037,0.006034,0.006034,0.046404,0.953596
188,221106737983069547058303874626625601611876932304469714993,25,470,470,0.013228,0.013228,0.0,0.013228,0.986772
188,240210128646608330322236250926839186745574038027417949109,25,557,555,0.02753,0.004354,0.004354,0.031883999999999996,0.968116
188,318351913440867881282887107239336403432896585513539162139,25,495,473,0.016218,0.008096,0.020148999999999997,0.036367,0.963633
188,378635620380227758123177463104203120047480633879439638329,25,474,474,0.015454,0.015454,0.0,0.015454,0.984546
188,319199732197973078769687558220972231917492453889455575179,25,475,475,0.018937,0.018937,0.0,0.018937,0.981063
188,381980473612089531334196860824416470009021634012423067737,25,457,457,0.007135,0.007135,0.0,0.007135,0.992865
188,256586033541357135375485125099595006467144223152458416503,25,378,378,0.036686,0.036686,0.0,0.036686,0.963314
188,353636550421510722509208696720104070107782240230147107101,25,526,526,0.01507,0.01507,0.0,0.01507,0.98493
189,408589902288642681578344276763041902416284671692080986377,25,440,407,0.004468,0.015031,0.068812,0.07328,0.92672
189,646628678273258141372517202145221034603557799378124614201,25,559,559,0.002234,0.002234,0.0,0.002234,0.997766
189,592635606571861287284224295593110454631652264655249578353,25,530,528,0.003492,0.002879,0.002879,0.006371,0.993629
189,650208432524537748605744087782608274999617116493579199513,25,627,618,0.008403,0.005409,0.010124,0.018527000000000002,0.981473
189,599419609079700662276957964472775050611343385405910300163,25,797,783,0.005639,0.001927,0.015720999999999995,0.021359999999999997,0.97864
189,591139658903332237066666950704418695507871569867166356959,25,517,517,0.010383,0.010383,0.0,0.010383,0.989617
189,759303095841708533868206131077305245572712516145789616107,25,440,440,0.027511,0.027511,0.0,0.027511,0.972489
189,723374087894581884780114042666006439305170047096296570421,25,441,420,0.00255,0.011508,0.02269,0.02524,0.97476
189,642089268364349919722039425710377324200681378773618660631,25,544,544,0.005161,0.005161,0.0,0.005161,0.994839
189,493458509028245692711455247191997853201057771326056542803,25,816,801,0.067435,0.017947,0.017947,0.085382,0.914618
189,775267771444101410063934578993845769575953505357992661799,25,822,822,0.019905,0.019905,0.0,0.019905,0.980095
189,525214235994067347101638348805237964788334546789415420243,25,655,648,0.002683,0.002038,0.002038,0.0047209999999999995,0.995279
189,510228484199873332122049098813102378921923672052464278333,25,443,443,0.030708,0.030708,0.0,0.030708,0.969292
189,630121824338129668949919059009823882545840337934822277567,25,715,699,0.030806,0.00464,0.036400999999999996,0.06720699999999999,0.932793
189,755634779781799121353112557954459602771587484582257255551,25,411,411,0.003026,0.003026,0.0,0.003026,0.996974
189,612172740703460905652990412541931502012476806243188854431,25,635,629,0.005581,0.00401,0.019353000000000002,0.024934,0.975066
189,530704707601162495384297467780173501132805319654798984003,25,458,433,0.01629,0.010645,0.024131999999999997,0.040422,0.959578
189,756916004872319657418986856461653189263814971681663763573,25,577,572,0.025085,0.021354,0.021354,0.046439,0.953561
189,490921607897052107753246264180398217237973784027521089099,25,450,445,0.004069,0.012542,0.022513,0.026581999999999998,0.973418
189,767702133245506513310164240704062695141079949461903447479,25,508,499,0.016525,0.004496,0.012395,0.02892,0.9710799999999999
190,1107697980005560535935691181882881481298971577503883545431,25,513,511,0.021011,0.010253,0.010253,0.031264,0.968736
190,1447718595714448727207173851527167403200700108585820235931,25,401,401,0.045986,0.045986,0.0,0.045986,0.954014
190,1067595819970828694093593212927706218036137678171084438953,25,506,479,0.009729999999999999,0.010875,0.072758,0.082488,0.917512
190,1236956916814563958009976698763228455869309463346857145209,25,444,424,0.007784,0.008377,0.09165600000000002,0.09944000000000001,0.90056
190,1303595662239872394152630143462469139534875953977955173719,25,959,953,0.020454,0.011103,0.022238,0.042692,0.957308
190,1436728764183159269584547372484560757421757510937607299719,25,426,426,0.031988,0.031988,0.0,0.031988,0.968012
190,1358738873900145804437909196195927584579190583894624729549,25,522,518,0.022127,0.013265,0.013265,0.035392,0.964608
190,1309414713325066973570726305039978280113478833538624990717,25,689,689,0.002852,0.002852,0.0,0.002852,0.997148
190,1119233946195882068749589393936438955574244336504433599743,25,534,534,0.041969,0.041969,0.0,0.041969,0.958031
190,1391390333131732070825024754648255205953706845753859235761,25,876,876,0.014669,0.014669,0.0,0.014669,0.985331
190,1219405195991088602219964475590713847204090579216876133247,25,688,688,0.011257,0.011257,0.0,0.011257,0.988743
190,1285952433782265124699401960911465263241667818151785942989,25,502,469,0.022276999999999998,0.006105,0.067728,0.090005,0.909995
190,936281692826227408663886118472398327211075139996831483807,25,467,460,0.023284,0.003941,0.003941,0.027225,0.972775
190,1495152348884655255748854019985088902044523205603769307549,25,506,506,0.019711,0.019711,0.0,0.019711,0.980289
190,1543054376408543181151756345226381442258117792563593031941,25,481,481,0.009659,0.009659,0.0,0.009659,0.990341
190,1197900039859831281860297786593556759105357856705065296097,25,369,369,0.062298,0.062298,0.0,0.062298,0.937702
190,1325762643789188253480076014106355323863094856768820242033,25,414,414,0.060934,0.060934,0.0,0.060934,0.939066
190,1549503894836788136271053205345052692884272523599834807513,25,515,513,0.01682,0.023988,0.023988,0.040808,0.959192
190,1371820001327266974371651800423316814650750283162857664521,25,384,384,0.048143,0.048143,0.0,0.048143,0.951857
190,1319759631078608755615705806993244756656084597458744780879,25,521,500,0.00583,0.004043,0.027018,0.032848,0.967152
191,2180877054471620294689724695606846212849552332318992940407,25,497,497,0.019475,0.019475,0.0,0.019475,0.980525
191,1606385381360148813307516689773707722363849418834436678389,25,418,418,0.010059,0.010059,0.0,0.010059,0.989941
191,2738991831553984659353836548560279154535043688289688027603,25,465,458,0.008741,0.008134,0.012191,0.020932,0.979068
191,2021640631374636353782008830324840969777513038468864748759,25,652,648,0.007306,0.008174,0.008174,0.01548,0.98452
191,2105598972222103150968007207241144213000505023620025661667,25,422,422,0.007669,0.007669,0.0,0.007669,0.992331
191,2954552227750152336095183292848417913001395070298811029879,25,615,609,0.014059,0.001384,0.001384,0.015443,0.984557
191,2604823021534871940153658516882468145972589783978202484923,25,499,499,0.019459,0.019459,0.0,0.019459,0.980541
191,2697799617327879157081712621189446951709202892838110789249,25,1093,1093,0.028318,0.028318,0.0,0.028318,0.971682
191,2749750578464362511041140809468842163052814508247072125809,25,709,702,0.001771,0.005011,0.005011,0.006782,0.993218
191,2810254725646498720414994000029322939731083303115400227283,25,624,595,0.007233,0.005795,0.039521,0.046754000000000004,0.953246
191,2919723125927389511356972449231841889026550065177689782341,25,632,606,0.030435999999999998,0.005997,0.070599,0.10103499999999999,0.898965
191,2384759410471810319375657922573509817577252181814221416381,25,543,543,0.036334,0.036334,0.0,0.036334,0.963666
191,2870902859138464144898136609805487079043674281379484515257,25,565,564,0.009425,0.004956,0.004956,0.014381,0.985619
191,2531428612228677358426023750691561085464553004835817283823,25,685,685,0.011869,0.011869,0.0,0.011869,0.988131
191,2569199376454128229458263634674647272803671413063904093681,25,483,469,0.011245,0.008588,0.016912,0.028157,0.971843
191,2077139403037075257284520813457747381680630617898050789129,25,582,582,0.012268,0.012268,0.0,0.012268,0.987732
191,2599527300982831600647840629042688948539972657946504879419,25,743,739,0.009201,0.002452,0.002452,0.011653,0.988347
191,2939945259852704861237884063321703407639606324099970984489,25,520,520,0.029226000000000002,0.029226000000000002,0.0,0.029226000000000002,0.970774
191,2806787067261975292631801717103764100516337005958274854877,25,907,904,0.006161,0.003707,0.010209,0.01637,0.98363
191,3102854422286895681399386946361481173908793767638701190957,25,535,535,0.029444,0.029444,0.0,0.029444,0.970556
192,6053136549975215707114861824618604186550967571524618556511,25,587,574,0.01843,0.017634,0.030732000000000002,0.049162,0.950838
192,5772223899679240100865858833866067485733365743633882768503,25,429,417,0.00645,0.020545,0.062587,0.069037,0.930963
192,4939008137476552065240184537828644764133517214756158762829,25,496,490,0.012397,0.016545,0.039832,0.052229,0.947771
192,6212435194276394115763543059243494938563033646586224859629,25,574,559,0.011025,0.010557,0.032711000000000004,0.043736000000000004,0.956264
192,3874204338182140753502701838530384426297759523506113427483,25,628,628,0.02069,0.02069,0.0,0.02069,0.97931
192,3347208880492337566130653746802735549578109517894379499733,25,785,784,0.01644,0.004437,0.004437,0.020877,0.979123
192,4306083721119286908591380042584606571729048503575164227711,25,507,496,0.013388,0.014883,0.043031,0.056419,0.943581
192,5163763031624406920207830805702663059843081289928205028959,25,626,626,0.011911,0.011911,0.0,0.011911,0.988089
192,6130364660359904866071451106195076205876004972250032444803,25,494,494,0.003293,0.003293,0.0,0.003293,0.996707
192,6254696907579855069014156880599952401895926775151729298633,25,580,580,0.016235,0.016235,0.0,0.016235,0.983765
192,4873661477686905481674696353544486097679453418713697857441,25,1093,1093,0.013957,0.013957,0.0,0.013957,0.986043
192,5412175546964427994074789034451167835889491793324688758467,25,799,789,0.004955,0.006909,0.011231999999999999,0.016187,0.983813
192,5910884209390437413999109263981667425861292837036749005609,25,578,576,0.010108,0.007749,0.007749,0.017857,0.982143
192,4621285287029859947459316813570982113322073918209718266019,25,559,559,0.021783,0.021783,0.0,0.021783,0.978217
192,5696283951894185144007889520249234417647198158940715431933,25,440,440,0.014274,0.014274,0.0,0.014274,0.985726
192,3683958575511235413756595798246241035800834295791075521963,25,463,463,0.02268,0.02268,0.0,0.02268,0.97732
192,4468006165118885684913086683109597497945491118316503789123,25,1043,1002,0.009676,0.006401,0.064698,0.07437400000000001,0.925626
192,5488497809815368048793079212529624026388526869419621039691,25,562,550,0.009687,0.004396,0.064512,0.074199,0.925801
192,5659542164522658766094858453465847140623734081033257305487,25,457,457,0.008797,0.008797,0.0,0.008797,0.9912030000000001
192,6149807903410653285967321465976396749348286539647506887699,25,638,635,0.020697,0.02103,0.02103,0.041727,0.958273
193,9905013207931875527529191960135739218017812814063208578531,25,663,629,0.015118,0.009115,0.06499599999999998,0.08011399999999999,0.919886
193,10100483858506872648422975068896319443064533148276380832169,25,694,674,0.006649,0.014449,0.041233000000000006,0.04788200000000001,0.952118
193,11663540999446197162723452607497563376895758675776898312369,25,546,534,0.026892,0.045884,0.059244000000000005,0.086136,0.913864
193,10897749645060145624874358483865606849691424744321528304937,25,565,562,0.009293,0.001862,0.004078999999999999,0.013371999999999998,0.986628
193,10565624405515099844116517970763527091130891790570283157137,25,488,488,0.042938,0.042938,0.0,0.042938,0.957062
193,12070921450587575263287627747872390786879378063838490617043,25,697,697,0.010547,0.010547,0.0,0.010547,0.989453
193,9664634974777947645604027278555623329607100282762834013441,25,509,509,0.015178,0.015178,0.0,0.015178,0.984822
193,12322960193874180073992358693327396906594292112230707610489,25,648,614,0.0030949999999999997,0.002159,0.039622000000000004,0.042717000000000005,0.957283
193,8099708654360452993215966572101668396566826381629301683063,25,608,570,0.023172,0.021103,0.119853,0.143025,0.856975
193,11214351833369361189026414622248506634769198922661651441293,25,527,527,0.014617,0.014617,0.0,0.014617,0.985383
193,9128073803947130372484141505624445498586637123573747380151,25,441,441,0.01376,0.01376,0.0,0.01376,0.98624
193,11312813665303613237304198878301422628970319071234047845347,25,719,700,0.002848,0.00191,0.00437,0.007218,0.992782
193,11023902979621732752907862575267849055507922142544485438789,25,571,562,0.002957,0.006005,0.014372,0.017329,0.982671
193,11262927042730954176015822824963334235937052626560568007419,25,567,567,0.005371,0.005371,0.0,0.005371,0.994629
193,10857095320997612707420637232964945337144528989105797131153,25,816,816,0.008785,0.008785,0.0,0.008785,0.991215
193,10494271519339392909894195833014476236187539413566084429379,25,584,584,0.006083,0.006083,0.0,0.006083,0.993917
193,12278064626184964589595523842860542425676931971855436832259,25,610,610,0.008303,0.008303,0.0,0.008303,0.991697
193,8482872608322654051369609585269639790901351219221511846733,25,497,497,0.013456,0.013456,0.0,0.013456,0.986544
193,7306887098618586073076594877395470343989113832174839245017,25,574,555,0.010816,0.008254,0.008254,0.019069999999999997,0.98093
193,12409265929614063311478379725438459124196359168832063103151,25,479,478,0.0326,0.032212,0.032212,0.064812,0.935188
194,20683260459467499029277828805303888053838228828420773810227,25,676,674,0.004311,0.006281,0.006281,0.010592,0.989408
194,21350469721329597074134362589876985354717072338210358108849,26,398,398,0.024148,0.024148,0.0,0.024148,0.975852
194,18942954816325570836124528681131878336599202626159580306777,25,469,463,0.011905,0.010915,0.018829,0.030733999999999997,0.969266
194,24458941949583565962792372221933150989311549041638920536113,26,689,675,0.014682,0.004129,0.04231,0.056992,0.943008
194,21076672769905977070352813226874932564034530295953191284753,25,535,535,0.003718,0.003718,0.0,0.003718,0.996282
194,22249362777783306049117932825890593656249535237757916625729,26,442,418,0.017951,0.010082,0.019995000000000002,0.03794600000000001,0.962054
194,23203422452949787679074210878498136594954609999835899906157,26,610,603,0.010241,0.008359,0.013888000000000001,0.024129,0.975871
194,20868115815896194713106525621357671273079634596135616425361,25,625,619,0.009143,0.016929,0.031859,0.041002,0.958998
194,23192686299066524320738010687390362447126038875074169556253,26,613,605,0.006454,0.004875,0.028693,0.035147,0.964853
194,22340054129412896419322214973520037370083718012993281910367,26,418,418,0.004073,0.004073,0.0,0.004073,0.995927
194,23181673086820734631906360554899103585708564817833096064921,26,1289,1289,0.012733,0.012733,0.0,0.012733,0.987267
194,24582599091151675799091021479482934414662039688624223437687,26,426,426,0.004263,0.004263,0.0,0.004263,0.995737
194,25065435242975997360701202808292864499688676903327335870541,26,495,495,0.007821,0.007821,0.0,0.007821,0.992179
194,18390454080376419958677765335623388001794346466558675435283,25,548,544,0.010155,0.005981,0.005981,0.016136,0.983864
194,22922786508061659363842923473806512470282966011733435851431,26,1073,1042,0.000763,0.001171,0.002797,0.00356,0.99644
194,17061387184720152302891304554226083544383293835520188213651,25,467,443,0.048932,0.006225,0.11575500000000001,0.16468700000000003,0.835313
194,18618516616598255372519874377476542080222536021373325270311,25,464,464,0.060875,0.060875,0.0,0.060875,0.939125
194,21282237135538130116514856262480953933294724963389201954481,26,554,551,0.008203,0.012913,0.012913,0.021116000000000003,0.978884
194,20522969516655873169000695377445575228468042248954518479057,25,565,536,0.003741,0.002374,0.027094,0.030835,0.969165
194,14989350088210543607482262847185984320363092765497004877451,25,647,639,0.004346,0.004327,0.004327,0.008673,0.991327
195,43040604789452163741387408621112136409598757059035661677893,26,584,578,0.026371,0.008726,0.016833,0.043204,0.956796
195,49088991794939140574010539690236171966040109026993415914269,26,445,442,0.058711,0.031678,0.031678,0.090389,0.909611
195,48300749567102905436273718192442740995408307546941115427897,26,494,482,0.022318,0.022891,0.022891,0.045209,0.954791
195,48906073225085902924815189872988257194974124450370814611651,26,421,421,0.03111,0.03111,0.0,0.03111,0.96889
195,36863086582293400960306820600939234657564365893479938560799,26,734,706,0.002226,0.005641,0.022230999999999997,0.024456999999999996,0.975543
195,39520094337921324612196662792851626492332520911673811699729,26,885,885,0.003584,0.003584,0.0,0.003584,0.996416
195,48712327583936410948919472729136236367597407084610635272833,26,458,458,0.003617,0.003617,0.0,0.003617,0.996383
195,40655326120160876332407096732056168721873529846326635963177,26,449,435,0.005794,0.007472,0.033138,0.038932,0.961068
195,49535766793358394398954575009134138350900646325935636614543,26,585,573,0.046312,0.013028,0.028287,0.074599,0.925401
195,41862719142251391308296850055406978004299551713109836123227,26,582,576,0.008421,0.005438,0.005438,0.013859,0.986141
195,39425775947292327135017849550127493358385136125831647180659,26,469,456,0.010957,0.019325,0.019325,0.030281999999999996,0.969718
195,40030915462863037646967083275653053673838289093488559065567,26,612,598,0.018893,0.021639,0.021639,0.040532,0.959468
195,40570734708690516020996671408225641495385595046735671957119,26,459,459,0.020371,0.020371,0.0,0.020371,0.979629
195,40934085183179492462123851985126002111578252845347853305697,26,486,486,0.082392,0.082392,0.0,0.082392,0.917608
195,35128682060529629825193792168573153198841552039371874266881,26,455,446,0.005105,0.00352,0.00352,0.008625,0.991375
195,33386520498533519946398383478624977467807699443830033789513,26,580,580,0.018364,0.018364,0.0,0.018364,0.981636
195,40141148770606288794672640695647670636575757821310805897243,26,516,516,0.017472,0.017472,0.0,0.017472,0.982528
195,40490518455055723132909066555944613680023787528271085543291,26,564,564,0.02851,0.02851,0.0,0.02851,0.97149
195,47614627301874134935455529116186115164906112363136503150483,26,654,654,0.018375,0.018375,0.0,0.018375,0.981625
195,34473817038037491202068900808519350419613875057302440357481,26,602,602,0.002066,0.002066,0.0,0.002066,0.997934
196,95168415107121660560916881793289203952418490854465168975321,26,685,685,0.003831,0.003831,0.0,0.003831,0.996169
196,90009791547499984548910278716753576073152720702817059055901,26,511,498,0.032342,0.031498,0.031498,0.06384000000000001,0.93616
196,87459073763838296701927301523704259554148918532862184975629,26,551,551,0.017758,0.017758,0.0,0.017758,0.982242
196,70309503501777340343079821334567642537559966663221390472973,26,501,477,0.006739,0.030759,0.076565,0.08330399999999999,0.916696
196,95305038515393842196007534454562012255827385548443606952501,26,605,597,0.003319,0.003902,0.020189999999999996,0.023508999999999995,0.976491
196,82858880649466251495449216071414702109906561191821038787641,26,397,397,0.0191,0.0191,0.0,0.0191,0.9809
196,97083793852684433813008089400054003385653724507596918274297,26,684,663,0.001896,0.004545,0.023428000000000004,0.025324000000000003,0.974676
196,99466774561138218293682307547255032274447325955533021392447,26,486,486,0.014065,0.014065,0.0,0.014065,0.985935
196,62333097639089791343889610479116623630492359496474506120427,26,844,829,0.004054,0.002728,0.023098,0.027152000000000003,0.972848
196,98202769533374705029605057892210661368086364721024686834069,26,593,593,0.006709,0.006709,0.0,0.006709,0.993291
196,76205915167282914218102341674425274873438928127960827493699,26,787,784,0.020696,0.014534,0.014534,0.03523,0.96477
196,99735781901275954167800573841902347907225001572434442739617,26,680,680,0.016678,0.016678,0.0,0.016678,0.983322
196,75523924234554614323219474180414139839611222725124775536109,26,469,469,0.014072,0.014072,0.0,0.014072,0.985928
196,98856416133856584127753735193005691636012090201233990732729,26,443,428,0.008874,0.019524,0.035385,0.044259,0.955741
196,74465721503975476013420915082380026622357493970492148475923,26,621,621,0.021769,0.021769,0.0,0.021769,0.978231
196,93695083979722113939155057731935369089046162236564738423191,26,541,537,0.006117,0.009354,0.009354,0.015470999999999999,0.984529
196,77879392079591903526474505876698267670805166486636028530899,26,494,472,0.016789,0.007687,0.007687,0.024475999999999998,0.9755240000000001
196,84229306643800747300264590699152695007580757244203842094811,26,552,552,0.028709,0.028709,0.0,0.028709,0.971291
196,94030668663190317444347187347006250211939496898445186865789,26,840,817,0.001933,0.004076,0.009670999999999999,0.011604,0.988396
196,100248369583162082393739261464041339014101482772776091948201,26,438,431,0.012508,0.010647,0.01883,0.031338,0.968662
197,167659105655698882339508182915480992256595774433903924122623,26,1544,1534,0.005446,0.002179,0.013833,0.019279,0.980721
197,122449747198975822084132001235051055769374123302428745305941,26,652,652,0.008095,0.008095,0.0,0.008095,0.991905
197,157771390213784769025733801475620067885551276043484431320057,26,522,522,0.018306,0.018306,0.0,0.018306,0.981694
197,195362636325845913268639913567995093493514004135984307800363,26,573,551,0.038537,0.002354,0.11229199999999999,0.150829,0.849171
197,160328182105787324869078655378810538500450812696259544941773,26,496,496,0.049407,0.049407,0.0,0.049407,0.950593
197,184970800291752440068635983309521468062368504646083676644033,26,648,648,0.009363,0.009363,0.0,0.009363,0.990637
197,164144776080649194883406513297516553025716555924591056615183,26,435,431,0.010856999999999999,0.007438,0.01044,0.021296999999999996,0.978703
197,140818764650826975296987375129283355966942621459853255150479,26,564,564,0.010505,0.010505,0.0,0.010505,0.989495
197,189022387984517778950705123442972032908094852334290657306231,26,449,449,0.031707,0.031707,0.0,0.031707,0.968293
197,172220763612696405396243073018306035394484382521705030045911,26,445,438,0.006567,0.004008,0.013981,0.020548,0.979452
197,154481106607181704446691691500013964555830349483415881254479,26,744,743,0.005993,0.012316,0.012316,0.018309,0.981691
197,138116520840863501578382275910208792542013786200119809943421,26,465,465,0.010564,0.010564,0.0,0.010564,0.989436
197,128167436666847967508432921399395745683533771986744909507099,26,467,467,0.015685,0.015685,0.0,0.015685,0.984315
197,179430245545432323474984038609312519060231752952330260578973,26,644,644,0.003547,0.003547,0.0,0.003547,0.996453
197,164907321185035410613697079130730386934791247649211425433501,26,643,616,0.002066,0.002929,0.025761,0.027826999999999998,0.972173
197,149559974584198894049055200074096371180280008283748787845411,26,446,432,0.078377,0.027801,0.027801,0.106178,0.893822
197,141960287108387193832375793429518062558146806429474522246723,26,506,506,0.013253,0.013253,0.0,0.013253,0.986747
197,117962418323306660486403773161381103053143923297611666689523,26,462,462,0.006625,0.006625,0.0,0.006625,0.993375
197,159003940652452327574248903060253950134870172438916155070369,26,723,688,0.010615,0.005305,0.150721,0.16133599999999998,0.8386640000000001
197,186310928751907307724815625865601039478473930304908425333493,26,812,812,0.009896,0.009896,0.0,0.009896,0.990104
198,358800385741478548379741226608716034844371071935561085305833,26,623,617,0.01142,0.008189,0.008189,0.019609,0.980391
198,361832547229010809777991703475089455145922714751449984988413,26,419,415,0.037559,0.014714,0.014714,0.052273,0.947727
198,366234672716741757435258864069198637471462810470347219616629,26,688,679,0.004037,0.003842,0.005828,0.009864999999999999,0.990135
198,381944248262064685581254962871209750407378184907165945167889,26,559,559,0.007516,0.007516,0.0,0.007516,0.992484
198,354687072527494597410093290280585584399421663969934020853223,26,598,598,0.028069,0.028069,0.0,0.028069,0.971931
198,379245416457437245542302776449664948360818185536921628076539,26,432,432,0.015264,0.015264,0.0,0.015264,0.9847360000000001
198,276003453857523809899467677088049878845070200584331936691041,26,534,534,0.013367,0.013367,0.0,0.013367,0.986633
198,209990048987204577494427221770767574738889930041728156874193,26,577,577,0.025743,0.025743,0.0,0.025743,0.974257
198,256901948110234610129862767369945243180538397102365122358427,26,484,483,0.009382,0.035461,0.035461,0.044843,0.955157
198,392896855902880253325160541666344098709384930507930453171681,26,468,468,0.006594,0.006594,0.0,0.006594,0.993406
198,261148592887412956171116968549303549257459540886776423198739,26,509,508,0.003751,0.006446,0.006446,0.010197000000000001,0.989803
198,380307295207752593087679241538739081357344508076536875023627,26,597,574,0.016999,0.025479,0.05148199999999999,0.06848099999999999,0.931519
198,388299617663319746972489463784551990330983404458676571447693,26,517,496,0.004005,0.005251,0.023062,0.027067,0.972933
198,328573357774619762260295479993442675189590010826879831896677,26,534,519,0.003639,0.010542,0.013271999999999999,0.016911,0.983089
198,345095965742713044505246800463174842475462680793869138019261,26,453,453,0.015987,0.015987,0.0,0.015987,0.984013
198,292581670931790651470491827458218900376775743841380672403887,26,503,503,0.007247,0.007247,0.0,0.007247,0.992753
198,390539114582262272077001713638342490864897532470034331261247,26,491,473,0.03592,0.044886,0.044886,0.080806,0.919194
198,360504086773559647539204736208829484928785732049355565383643,26,395,395,0.008233,0.008233,0.0,0.008233,0.991767
198,235950558879078260282437419803935172239069320587333159451019,26,530,530,0.00661,0.00661,0.0,0.00661,0.99339
198,398227691324642613283526129594013507506766970246599454997939,26,659,643,0.015033,0.005895,0.012015,0.027048,0.972952
199,754357335704061312767906283574368857849729996361323767853021,26,540,540,0.038667,0.038667,0.0,0.038667,0.961333
199,740449135866891063702563724186205751814739503564925633250647,26,478,453,0.013289,0.010315,0.018783,0.032072,0.967928
199,783572025208462059459081331520531102495696274404533915350617,26,510,493,0.009108,0.011208,0.029689,0.038797,0.961203
199,689619749063096498116944459976173154436509257531702365821471,26,624,613,0.013878000000000001,0.0096,0.014162,0.028040000000000002,0.97196
199,792261444591087612509889756571590671010253289767476929883959,26,692,692,0.022516,0.022516,0.0,0.022516,0.977484
199,485165244720747932715066275346273892339756962905587028338027,26,452,452,0.036779,0.036779,0.0,0.036779,0.963221
199,701425127964276666799904563003747018572056891360383272760451,26,1119,1102,0.008259,0.021001,0.021001,0.02926,0.97074
199,790893896840481035276180066252113476643190200344778153065643,26,924,924,0.046455,0.046455,0.0,0.046455,0.953545
199,763536298621525364342165189094083117188952849209780027677679,26,601,593,0.027155,0.008829,0.030937,0.058092,0.941908
199,613617912594322713495151233564022371433770815044783317065269,26,827,827,0.010835,0.010835,0.0,0.010835,0.989165
199,701969238772333138157522384223588554623546191713496616248319,26,475,475,0.028122,0.028122,0.0,0.028122,0.971878
199,659743727985962787654640554658683537620374805989756454087933,26,679,679,0.006043,0.006043,0.0,0.006043,0.993957
199,690360274208079369250317450856211794224002008122073050016637,26,522,522,0.025132,0.025132,0.0,0.025132,0.974868
199,500887070634424955740905032565576942995006631697841024678317,26,521,521,0.010053,0.010053,0.0,0.010053,0.989947
199,562515533415072305976115813906881843805019952700501666255663,26,510,509,0.006466,0.005952,0.005952,0.012418,0.987582
199,687386421009493082281833809951506042909624825066468351426301,26,451,437,0.032915,0.011822,0.01299,0.045905,0.954095
199,627831828857047974697867855909832323916998184071016955354641,26,557,557,0.036736,0.036736,0.0,0.036736,0.963264
199,531493718748199409115070187956201803475378862922781030803881,26,499,499,0.014185,0.014185,0.0,0.014185,0.985815
199,764298723870080571982440894112670628624228896767629734930611,26,441,425,0.011396,0.011869,0.011869,0.023265,0.976735
199,563561550095967293743840793623207928679303836705271230763571,26,769,762,0.005918,0.00535,0.013176,0.019094,0.9809060000000001
200,1295789132477604807715877944458947246775511838525972200835657,26,631,631,0.019266,0.019266,0.0,0.019266,0.980734
200,1580265433117145949318612574335473147379586407902007615572209,26,560,553,0.004105,0.009141,0.009141,0.013246,0.986754
200,1031264165415914398404034296717937295434353057321618942293977,26,686,662,0.013924999999999998,0.015864,0.04513500000000001,0.05906000000000001,0.94094
200,942274183107708126744367799889859979943002828490182769563693,26,743,715,0.005196,0.017249,0.13154600000000002,0.13674200000000003,0.863258
200,1243256742262564810336975229173603901549307573958804818142771,26,585,568,0.013041,0.005269,0.009715000000000001,0.022756000000000002,0.977244
200,1332260463557925975266900697251791362056896106900938778652773,26,696,696,0.004758,0.004758,0.0,0.004758,0.995242
200,1534546510819566200886924830244913417667526810936895301477933,26,457,452,0.035119,0.003575,0.01324,0.048359,0.951641
200,1457315434423192483527568367362496447605043071246754450536801,26,567,567,0.038695,0.038695,0.0,0.038695,0.961305
200,1515478547137402687976907484166669091143375006869904371011019,26,580,580,0.022878,0.022878,0.0,0.022878,0.977122
200,1328401728722624823335450602027897002059084341229046226740677,26,501,500,0.005289,0.003426,0.003426,0.008715,0.991285
200,1069405338840333297089210313682851116995000495488370707114107,26,868,865,0.01126,0.003279,0.003279,0.014539,0.985461
200,1577668914616112972976239927299568044527242009386300299995513,26,993,993,0.017048,0.017048,0.0,0.017048,0.982952
200,924932144930952159695588929751342486737404577556159754527249,26,444,435,0.015259,0.014039,0.014039,0.029297999999999998,0.970702
200,1430455149298665257668430782969274466789353299446322896956953,26,484,475,0.002497,0.002111,0.0063999999999999994,0.008896999999999999,0.991103
200,1471759896903796862187242593818058236014421372969552658348613,26,837,837,0.065103,0.065103,0.0,0.065103,0.934897
200,1024997524686414507856278528573582273997937245288256214142637,26,547,547,0.010945,0.010945,0.0,0.010945,0.989055
200,1269662956978065591146754145192337292773571460456699566030607,26,531,531,0.013154,0.013154,0.0,0.013154,0.986846
200,1251023694717248924976673861910298094342092199701445949798563,26,706,706,0.003757,0.003757,0.0,0.003757,0.996243
200,1165094867829338354631660035180329869977597764175158753523867,26,548,548,0.077471,0.077471,0.0,0.077471,0.922529
200,1245161625256545119714043746004026254459007086115269518670777,26,662,661,0.003976,0.014757,0.014757,0.018733,0.981267
