Bit_length,N,Lattice_dimension,|b_op - t|^2,|vbest - t|^2,P(b_op),P(vbest),P(|vnew - t|^2 < |b_op - t|^2),P(|vnew - t|^2 <= |b_op - t|^2),P(|vnew - t|^2 > |b_op - t|^2)
150.0,1268771206145175299492684899681878877410684841,21.0,724.0,722.0,0.04504,0.017111,0.017111,0.062151,0.937849
150.0,1403762530472620237905076428332939916844331359,21.0,260.0,260.0,0.155148,0.155148,0.0,0.155148,0.8448519999999999
150.0,918882917500502786903408324526441238854631741,21.0,383.0,376.0,0.031746,0.019032,0.070938,0.102684,0.897316
150.0,1044411862674117053622929515451672202864979129,21.0,396.0,379.0,0.039245,0.034261,0.21929300000000004,0.25853800000000005,0.741462
150.0,1199592981228806239321120961178599459097610483,21.0,596.0,596.0,0.068947,0.068947,0.0,0.068947,0.931053
150.0,912632394066698132144971044037258218777602291,21.0,352.0,352.0,0.048465,0.048465,0.0,0.048465,0.951535
150.0,1033085278351720441874660444922199074374033881,21.0,429.0,429.0,0.031010999999999997,0.031010999999999997,0.0,0.031010999999999997,0.968989
150.0,1039667922595230805682141254323399644574814367,21.0,689.0,689.0,0.040931999999999996,0.040931999999999996,0.0,0.040931999999999996,0.959068
150.0,1076261801716221769627743498540654753005411033,21.0,569.0,569.0,0.193903,0.193903,0.0,0.193903,0.8060970000000001
150.0,868981675879730421007669707059890716656754209,21.0,380.0,380.0,0.037076,0.037076,0.0,0.037076,0.962924
150.0,1198940008513470371886998720870433706529677289,21.0,286.0,285.0,0.018163,0.014786,0.014786,0.032949,0.967051
150.0,1001065868810988745766471076060380006588792189,21.0,391.0,390.0,0.011599,0.034425,0.034425,0.046023999999999995,0.953976
150.0,1018523197675518130041140861676478171959383813,21.0,330.0,314.0,0.086509,0.024238,0.12349600000000001,0.210005,0.789995
150.0,999406335763551690568793874408994581594369181,21.0,293.0,293.0,0.064136,0.064136,0.0,0.064136,0.935864
150.0,1386649915270975663546803936212330370020386207,21.0,322.0,322.0,0.030476,0.030476,0.0,0.030476,0.969524
150.0,1252835724482748605844023934169349660374906087,21.0,379.0,379.0,0.021797,0.021797,0.0,0.021797,0.978203
150.0,1420753685420564064872708676390123998125705549,21.0,325.0,323.0,0.081483,0.053171,0.053171,0.134654,0.865346
150.0,1076920912535396901213842625717381087368331181,21.0,388.0,388.0,0.015579,0.015579,0.0,0.015579,0.984421
150.0,1124397583306701037985991208303905429810161357,21.0,362.0,352.0,0.019882,0.01276,0.119305,0.139187,0.860813
150.0,1130353955473240791783568532060655958732460941,21.0,392.0,369.0,0.026049,0.018314,0.14674399999999996,0.17279299999999995,0.827207
151.0,2363319035074246419340419055739401443130238059,21.0,484.0,484.0,0.030932,0.030932,0.0,0.030932,0.969068
151.0,2471201957583473321167345886570639941825218311,21.0,363.0,363.0,0.082978,0.082978,0.0,0.082978,0.917022
151.0,2315715608364087921901708175621836301416617007,21.0,256.0,256.0,0.065744,0.065744,0.0,0.065744,0.934256
151.0,2763171157217537386323259861099914830334818519,21.0,580.0,580.0,0.159676,0.159676,0.0,0.159676,0.840324
151.0,1758775630326182635026447808028302358291781499,21.0,276.0,265.0,0.125643,0.137573,0.153918,0.279561,0.720439
151.0,2188378164211148987192836592303698338909975503,21.0,309.0,309.0,0.057532,0.057532,0.0,0.057532,0.942468
151.0,1829627983140478483810934234803641664206450619,21.0,357.0,346.0,0.126097,0.068606,0.068606,0.194703,0.805297
151.0,1569735030968914361557174823910579735657956107,21.0,275.0,275.0,0.113785,0.113785,0.0,0.113785,0.886215
151.0,2843239852874861508784440371081621911410347591,21.0,564.0,551.0,0.066002,0.01768,0.030405,0.096407,0.903593
151.0,2624675574003230296718034974584383454961661761,21.0,604.0,574.0,0.026289,0.014724,0.152858,0.179147,0.820853
151.0,1746328694271824837631752461766830788699201941,21.0,491.0,491.0,0.042213,0.042213,0.0,0.042213,0.9577869999999999
151.0,2456234120258232727729365675070691784694223131,21.0,627.0,627.0,0.03762,0.03762,0.0,0.03762,0.96238
151.0,2689914182894566195371701173819301836708498979,21.0,375.0,375.0,0.013848,0.013848,0.0,0.013848,0.986152
151.0,2472879649799491864465871187917726124213054643,21.0,370.0,356.0,0.009725,0.006265,0.01868,0.028405,0.971595
151.0,2641928437820330089399895839369416426912654047,21.0,586.0,580.0,0.029842,0.01621,0.052952,0.082794,0.917206
151.0,2217024583566038902931835040749210710155293863,21.0,311.0,308.0,0.031129,0.017337,0.033850000000000005,0.06497900000000001,0.935021
151.0,2795955547593262531562466415054318143278579719,21.0,370.0,368.0,0.020754,0.010837,0.010837,0.031591,0.968409
151.0,2754384674264655946791346511962590129499967297,21.0,526.0,523.0,0.044066,0.029274,0.029274,0.07334,0.92666
151.0,1922698035563121141756137662031262831101446511,21.0,278.0,278.0,0.3687,0.3687,0.0,0.3687,0.6313
151.0,2578633082003778088940013102956628479805360761,21.0,498.0,498.0,0.046798,0.046798,0.0,0.046798,0.953202
152.0,3650146379785934850995660671580553841765454981,21.0,277.0,277.0,0.022348,0.022348,0.0,0.022348,0.977652
152.0,4447694107941335768274189003948589146948883409,21.0,404.0,401.0,0.097581,0.054453,0.122935,0.220516,0.7794840000000001
152.0,5304044781028480773455459789567804501864780699,21.0,371.0,371.0,0.13927,0.13927,0.0,0.13927,0.86073
152.0,5225791236691602749703859113684043992716841463,21.0,412.0,399.0,0.058093,0.023949,0.08477900000000001,0.142872,0.857128
152.0,5425403301002418901669361546561888615280596761,21.0,371.0,363.0,0.09653800000000001,0.12252,0.12252,0.21905800000000003,0.780942
152.0,5202335230032226630491022567996748864390119873,21.0,420.0,420.0,0.035645,0.035645,0.0,0.035645,0.964355
152.0,4003774395708740189647636396775460720094087057,21.0,316.0,316.0,0.033116,0.033116,0.0,0.033116,0.966884
152.0,5276249290787396224699127825641594167433771223,21.0,338.0,338.0,0.095317,0.095317,0.0,0.095317,0.904683
152.0,4381176969443188923764265381058182084891594073,21.0,467.0,467.0,0.01209,0.01209,0.0,0.01209,0.98791
152.0,5541991812747053012003965966406093820220699999,21.0,288.0,288.0,0.063012,0.063012,0.0,0.063012,0.936988
152.0,5648300508047326241541247933495397085050508533,21.0,375.0,350.0,0.094808,0.067444,0.28098799999999996,0.37579599999999996,0.624204
152.0,4837654055687374110886315087296888936559582543,21.0,298.0,291.0,0.174561,0.018319,0.042913999999999994,0.21747499999999997,0.782525
152.0,3169527753809835033737422227494034075208154897,21.0,347.0,347.0,0.034451,0.034451,0.0,0.034451,0.965549
152.0,4751384359859390003700613749548751936187354063,21.0,344.0,344.0,0.032162,0.032162,0.0,0.032162,0.967838
152.0,5115713692797196694227360148049458957592665221,21.0,309.0,295.0,0.066264,0.053378,0.116445,0.182709,0.817291
152.0,5377906651632174967507002058972880963848446937,21.0,441.0,441.0,0.022528,0.022528,0.0,0.022528,0.977472
152.0,4794192939950703723191510856383251915586655239,21.0,370.0,370.0,0.210901,0.210901,0.0,0.210901,0.789099
152.0,4098436965705153817981088577951066512799793241,21.0,464.0,464.0,0.092432,0.092432,0.0,0.092432,0.907568
152.0,4397317578261604652631366972202456990923173239,21.0,585.0,585.0,0.067906,0.067906,0.0,0.067906,0.932094
152.0,5641409895201969238429625932613600677431973529,21.0,367.0,341.0,0.035068,0.039557,0.30018100000000003,0.335249,0.664751
153.0,7688734886215973313958737522072259896979469359,21.0,478.0,468.0,0.003756,0.019736,0.033323,0.037079,0.962921
153.0,9965367899123149749669237053467022764500819709,21.0,296.0,296.0,0.186951,0.186951,0.0,0.186951,0.813049
153.0,8648715940089396413954292296253489279668879831,21.0,325.0,325.0,0.079437,0.079437,0.0,0.079437,0.920563
153.0,9992486217185404533285574560152593379868586411,21.0,283.0,283.0,0.188757,0.188757,0.0,0.188757,0.8112429999999999
153.0,8752395201001776336645971436266201719253038903,21.0,281.0,273.0,0.050067,0.036485,0.19525199999999998,0.24531899999999998,0.754681
153.0,10307828778112676279744687232183733883997747787,21.0,309.0,296.0,0.110118,0.037693,0.052798,0.162916,0.8370839999999999
153.0,8927473020776419491333060829150295244420281503,21.0,458.0,458.0,0.011347,0.011347,0.0,0.011347,0.988653
153.0,7853849523366438727173539795218496833560636149,21.0,456.0,456.0,0.038726,0.038726,0.0,0.038726,0.961274
153.0,8674604146514496475964987674111780570888473743,21.0,264.0,264.0,0.093877,0.093877,0.0,0.093877,0.906123
153.0,8982522494550749295857332138146435777716539013,21.0,316.0,315.0,0.125156,0.062114,0.062114,0.18727,0.81273
153.0,7465338556163117004724110416934405812498881597,21.0,415.0,415.0,0.184871,0.184871,0.0,0.184871,0.815129
153.0,9002256784614521734062834292945636253381789701,21.0,459.0,459.0,0.050733,0.050733,0.0,0.050733,0.949267
153.0,9730043924092499024899737640031060516457357727,21.0,508.0,503.0,0.049471,0.029339,0.029339,0.07881,0.92119
153.0,7772785559916630760629013439531712505833223283,21.0,334.0,334.0,0.135544,0.135544,0.0,0.135544,0.864456
153.0,6331403492532550906969515225158616949065412553,21.0,329.0,320.0,0.023068,0.005819,0.026737,0.049805,0.950195
153.0,9499729964075602707801866275682306216169333647,21.0,577.0,559.0,0.06539,0.022305,0.12187100000000001,0.187261,0.812739
153.0,10623137933847890583214243354934109612727566337,21.0,389.0,378.0,0.033829,0.07284,0.13167700000000002,0.16550600000000001,0.834494
153.0,8298489176359263229418112630907164868713161869,21.0,436.0,434.0,0.019806,0.032787,0.051496999999999994,0.07130299999999999,0.928697
153.0,10423403876173039960502215978962041272294895987,21.0,347.0,342.0,0.058062,0.084298,0.18153,0.239592,0.760408
153.0,11331438524408402513759859710883003140234689001,21.0,537.0,536.0,0.085203,0.038543,0.038543,0.123746,0.876254
154.0,20144352470088160067192230120293841747066127093,21.0,375.0,374.0,0.184041,0.183484,0.183484,0.367525,0.632475
154.0,13741129409913179912586613425642421907057677927,21.0,315.0,315.0,0.117057,0.117057,0.0,0.117057,0.882943
154.0,22555697926472858658256090868373281917048139777,21.0,452.0,452.0,0.031375,0.031375,0.0,0.031375,0.968625
154.0,21622466558921334027105350728738281221011715713,21.0,462.0,457.0,0.086967,0.04083,0.089553,0.17652,0.82348
154.0,22717282832414613486487854671615889194348202509,21.0,420.0,418.0,0.037725,0.05716,0.107744,0.14546900000000001,0.8545309999999999
154.0,15553662272752172389304818266535674850670048197,21.0,315.0,315.0,0.147603,0.147603,0.0,0.147603,0.852397
154.0,16287234057599780494928529944429983938735953333,21.0,317.0,317.0,0.221648,0.221648,0.0,0.221648,0.7783519999999999
154.0,20227306669577710217883266196429106847542507013,21.0,597.0,597.0,0.042618,0.042618,0.0,0.042618,0.957382
154.0,18361999857484992568400964915559137162309312233,21.0,348.0,348.0,0.035396,0.035396,0.0,0.035396,0.964604
154.0,17615067981495998635949724796624661825505231481,21.0,451.0,451.0,0.035587,0.035587,0.0,0.035587,0.964413
154.0,16965780184675510815549338206501125311473383031,21.0,364.0,364.0,0.180988,0.180988,0.0,0.180988,0.819012
154.0,17145713058305669983102778787612006911670513347,21.0,448.0,442.0,0.075045,0.031419,0.031419,0.106464,0.893536
154.0,20285317985568063024579677341972941193428143231,21.0,291.0,291.0,0.219189,0.219189,0.0,0.219189,0.780811
154.0,19892574816341431255761561129070142233703448899,21.0,486.0,481.0,0.085293,0.056845,0.110759,0.196052,0.803948
154.0,14482484907695104154754286426816369245597742123,21.0,405.0,405.0,0.129898,0.129898,0.0,0.129898,0.8701019999999999
154.0,21308599822779449843544699903616188167691769657,21.0,402.0,402.0,0.085493,0.085493,0.0,0.085493,0.914507
154.0,19652552707990061015357354059734076466348869901,21.0,360.0,360.0,0.179391,0.179391,0.0,0.179391,0.820609
154.0,15836062588559999481222001755306755400249974411,21.0,319.0,319.0,0.11452,0.11452,0.0,0.11452,0.88548
154.0,17640605793899812190237760431948486244893089589,21.0,377.0,372.0,0.009629,0.022152,0.022152,0.031781000000000004,0.9682189999999999
154.0,13200322048523091361380223530828151918467232499,21.0,268.0,265.0,0.099448,0.035826,0.095133,0.194581,0.805419
155.0,31340595875958809044343360964929799034189512361,21.0,445.0,425.0,0.11055799999999999,0.040487,0.296099,0.406657,0.593343
155.0,33883679322606457824492978417378120332359598171,21.0,337.0,333.0,0.127891,0.028173,0.046049,0.17394,0.82606
155.0,38431961138800983210425437779183955699273663877,21.0,543.0,535.0,0.024703,0.040749,0.122161,0.146864,0.853136
155.0,44842574992398006827792831817449122409176524571,21.0,356.0,354.0,0.02827,0.012413,0.012413,0.040683,0.959317
155.0,44479412022428483167051033854365771430317272061,21.0,537.0,525.0,0.024321,0.015539,0.08879300000000001,0.113114,0.886886
155.0,39653904137769014668557378511260469269135182431,21.0,298.0,298.0,0.09125,0.09125,0.0,0.09125,0.90875
155.0,36615548944643269126239193831815135044946113087,21.0,288.0,288.0,0.317832,0.317832,0.0,0.317832,0.682168
155.0,35728624388846244763032748679732750007278619919,21.0,326.0,326.0,0.090677,0.090677,0.0,0.090677,0.909323
155.0,39471143362465673450737740007926815837598407923,21.0,418.0,409.0,0.013284,0.012562,0.024397000000000002,0.037681000000000006,0.962319
155.0,43620356160753924413764228467447052158522613007,21.0,423.0,423.0,0.070297,0.070297,0.0,0.070297,0.929703
155.0,29666396188587728462615862057347321613786496027,21.0,540.0,521.0,0.026753,0.029252,0.117042,0.143795,0.856205
155.0,41677893527522320684434778067984642792936350873,21.0,482.0,482.0,0.086216,0.086216,0.0,0.086216,0.913784
155.0,32675536969479286942701324674137910119680337459,21.0,314.0,314.0,0.022121,0.022121,0.0,0.022121,0.977879
155.0,44919866654372607559021538428305729263662282117,21.0,525.0,525.0,0.021988,0.021988,0.0,0.021988,0.978012
155.0,36452200589072916411983425394632165549777886227,21.0,476.0,452.0,0.061745,0.016951,0.3294609999999999,0.3912059999999999,0.6087940000000001
155.0,33203524258924130270853246380045741567145994259,21.0,434.0,428.0,0.043112000000000004,0.019698,0.06962499999999999,0.112737,0.887263
155.0,36946503351030864812990481678628454987070959527,21.0,346.0,346.0,0.044786,0.044786,0.0,0.044786,0.955214
155.0,44458044889519333576801527839740244268692202469,21.0,621.0,603.0,0.022361,0.05134,0.16333699999999995,0.18569799999999995,0.8143020000000001
155.0,36744155090184780124393526442075144163055399837,21.0,359.0,359.0,0.354519,0.354519,0.0,0.354519,0.645481
155.0,32611265262434541992311659835491097552848382807,21.0,275.0,275.0,0.07824,0.07824,0.0,0.07824,0.92176
156.0,58842411492108631901824870167723622565249820361,21.0,539.0,538.0,0.047723,0.074952,0.074952,0.122675,0.877325
156.0,58647263901409677188415888297848821138605832667,21.0,340.0,340.0,0.054995,0.054995,0.0,0.054995,0.945005
156.0,60691833191625566815713087621249445278906020923,21.0,440.0,435.0,0.107128,0.023163,0.023163,0.130291,0.8697090000000001
156.0,83500911560012017920943706628836329963659227611,21.0,397.0,397.0,0.113714,0.113714,0.0,0.113714,0.886286
156.0,79699952235555146846014724188269022467857700953,21.0,420.0,420.0,0.126419,0.126419,0.0,0.126419,0.8735809999999999
156.0,68617923715717279114730426060969764483412652871,21.0,561.0,551.0,0.009635,0.032215,0.032215,0.04185,0.9581500000000001
156.0,70292815550175575334435593661308688973972707499,21.0,303.0,303.0,0.047651,0.047651,0.0,0.047651,0.952349
156.0,88395906091853951743306426033388820009527178553,21.0,318.0,310.0,0.070366,0.02429,0.02429,0.09465599999999999,0.905344
156.0,58490997193338963447736793476829606786651843411,21.0,333.0,324.0,0.095732,0.054078,0.113802,0.209534,0.790466
156.0,88153376653160901709431525294744255033299399513,21.0,438.0,423.0,0.090379,0.041693,0.041693,0.132072,0.867928
156.0,83749952449871415989936799658384575288153567857,21.0,494.0,494.0,0.013619,0.013619,0.0,0.013619,0.986381
156.0,63215896343305696798861673825073441341593157323,21.0,277.0,277.0,0.085058,0.085058,0.0,0.085058,0.914942
156.0,68367618624389291832609274122568807692737410747,21.0,322.0,322.0,0.057761,0.057761,0.0,0.057761,0.942239
156.0,85976042848566498516350067546598036064176697617,21.0,449.0,449.0,0.043782,0.043782,0.0,0.043782,0.956218
156.0,77050956204250174763972617362140681574229342091,21.0,722.0,722.0,0.073634,0.073634,0.0,0.073634,0.926366
156.0,67397778703558464646892241700035691887301648579,21.0,534.0,530.0,0.021692,0.009737,0.034739,0.056430999999999995,0.943569
156.0,82158015067987949738815070788850184671973579587,21.0,409.0,371.0,0.030358999999999997,0.015839,0.165251,0.19561,0.8043899999999999
156.0,55015423047501982644190563451191716439122432951,21.0,383.0,382.0,0.043956,0.032204,0.032204,0.07616,0.92384
156.0,85336908532608541436048263259686225667526362047,21.0,587.0,582.0,0.039577,0.022626,0.022626,0.062203,0.937797
156.0,56731211956952175175952662358019177731725234237,21.0,354.0,354.0,0.172724,0.172724,0.0,0.172724,0.827276
157.0,120282166308024689728299980121863747670916310267,21.0,413.0,413.0,0.101777,0.101777,0.0,0.101777,0.898223
157.0,120820017068622794622130921127946349513431310843,21.0,495.0,483.0,0.029317,0.02127,0.052829,0.082146,0.917854
157.0,160354239376266933764514100701359388571858132879,22.0,394.0,394.0,0.054718,0.054718,0.0,0.054718,0.945282
157.0,178540342865713130388740603822271194677254392441,22.0,381.0,376.0,0.013909,0.049644,0.049644,0.063553,0.936447
157.0,133758242352280888913921190835052846329897153133,21.0,467.0,467.0,0.05799,0.05799,0.0,0.05799,0.94201
157.0,119751792167523699090520105500834166573709024723,21.0,335.0,328.0,0.068803,0.019391,0.019391,0.088194,0.911806
157.0,142866301722166299614859219990227501097218329553,21.0,386.0,386.0,0.041517,0.041517,0.0,0.041517,0.958483
157.0,159460056477105651797755450704992108220297439993,22.0,320.0,312.0,0.036508,0.03663,0.055342,0.09185,0.90815
157.0,129765827297228317584448178357227745213663923673,21.0,444.0,429.0,0.065957,0.041653,0.08880199999999999,0.15475899999999998,0.845241
157.0,153041151061952724068377978141007513960278537129,21.0,492.0,491.0,0.179356,0.032629,0.032629,0.21198499999999998,0.788015
157.0,112556148137934308610401610728139436816885032007,21.0,319.0,319.0,0.059205,0.059205,0.0,0.059205,0.940795
157.0,155016348949192392834761783400231900623445364769,21.0,506.0,495.0,0.015353,0.017515,0.11141500000000001,0.12676800000000002,0.873232
157.0,165332485530732496445379876290371501984439220227,22.0,400.0,394.0,0.04398,0.047137,0.068601,0.11258099999999999,0.887419
157.0,173008319555191101708826910175525434497734262397,22.0,280.0,280.0,0.122662,0.122662,0.0,0.122662,0.877338
157.0,143078279358113528954735774091416278002769110083,21.0,551.0,545.0,0.108591,0.014038,0.014038,0.12262899999999999,0.877371
157.0,139537309577365933739952691194841985292959417899,21.0,295.0,295.0,0.079788,0.079788,0.0,0.079788,0.920212
157.0,150381007425703993922643997626233047809831195563,21.0,289.0,289.0,0.062903,0.062903,0.0,0.062903,0.937097
157.0,125414534553540336555987249708054473022979850233,21.0,357.0,342.0,0.043439,0.024349,0.067392,0.11083099999999999,0.889169
157.0,100495160702135079890032717344114075262462068991,21.0,321.0,319.0,0.036295,0.012004,0.012004,0.048299,0.951701
157.0,126081296153973360472994917714723398699218116441,21.0,755.0,751.0,0.020392,0.032768000000000005,0.056467,0.07685900000000001,0.923141
158.0,244084876567438940415979589793753210761831799169,22.0,357.0,351.0,0.097814,0.021999,0.021999,0.119813,0.880187
158.0,311889364802148711770367329783808121108240984963,22.0,419.0,419.0,0.201142,0.201142,0.0,0.201142,0.7988580000000001
158.0,315552892616518612169009766705743992617805242163,22.0,286.0,283.0,0.166238,0.067935,0.16008299999999998,0.32632099999999997,0.673679
158.0,364568451629159625851465545891850771901219214163,22.0,388.0,374.0,0.030001,0.054373000000000005,0.187472,0.217473,0.782527
158.0,213880798395599609631736184456759089379285659049,22.0,416.0,415.0,0.004162,0.007144,0.007144,0.011306,0.988694
158.0,364596676892949119436289041863521153445811753029,22.0,516.0,513.0,0.037222,0.068287,0.068287,0.10550899999999999,0.894491
158.0,215840103126036545942721515629965329944602697057,22.0,544.0,539.0,0.095763,0.020127,0.068461,0.16422399999999998,0.8357760000000001
158.0,259043540185824666457272444893607678141566205487,22.0,341.0,341.0,0.025625,0.025625,0.0,0.025625,0.974375
158.0,311426830077414386887481553693471517445014703609,22.0,348.0,340.0,0.011843,0.016497,0.016497,0.02834,0.97166
158.0,220678872755010770809359894948879428023872635453,22.0,348.0,346.0,0.052437,0.064857,0.064857,0.117294,0.882706
158.0,324273864736092445034262802970079797120470198979,22.0,411.0,411.0,0.086226,0.086226,0.0,0.086226,0.913774
158.0,335973439137660892963362517099047189556286786761,22.0,301.0,301.0,0.024794,0.024794,0.0,0.024794,0.975206
158.0,282449349227109527988465852865060163003324312407,22.0,331.0,326.0,0.035355,0.07898,0.07898,0.11433499999999999,0.885665
158.0,208746167169143822300193643710778500356712398063,22.0,467.0,448.0,0.017702,0.007645,0.128358,0.14606,0.85394
158.0,334111037801880478290657958251924991420673909189,22.0,475.0,475.0,0.121332,0.121332,0.0,0.121332,0.878668
158.0,278758463930102758470340608089823158233270489379,22.0,309.0,309.0,0.263723,0.263723,0.0,0.263723,0.7362770000000001
158.0,334359694784871699894821359716571301393005547539,22.0,363.0,363.0,0.102308,0.102308,0.0,0.102308,0.897692
158.0,266330340319030988935371369155445034828168547083,22.0,345.0,345.0,0.010212,0.010212,0.0,0.010212,0.989788
158.0,304296786548695733429639288499877719781617137947,22.0,576.0,572.0,0.018733,0.009833,0.009833,0.028566,0.971434
158.0,363187749995613157299748064319278147359621272623,22.0,645.0,645.0,0.082143,0.082143,0.0,0.082143,0.917857
159.0,686564447258462630098219799118347627120122126259,22.0,503.0,492.0,0.021441,0.024004,0.093146,0.11458700000000001,0.885413
159.0,589551271893462661314759463097397605089591304053,22.0,488.0,488.0,0.06024,0.06024,0.0,0.06024,0.93976
159.0,631182522272441179585206326884145264567358144641,22.0,291.0,287.0,0.098029,0.120975,0.16844900000000002,0.266478,0.733522
159.0,436106084503182412560423534629337392438805726397,22.0,489.0,484.0,0.072602,0.023998,0.023998,0.09659999999999999,0.9034
159.0,614365874960561724255698902936314085451009978123,22.0,417.0,417.0,0.15399,0.15399,0.0,0.15399,0.84601
159.0,652808814800014009591626662453549818193223047839,22.0,670.0,670.0,0.018653,0.018653,0.0,0.018653,0.981347
159.0,431497693573687811342235449780503037093880478249,22.0,421.0,421.0,0.008209,0.008209,0.0,0.008209,0.991791
159.0,641417960009003073536715539762385574694132608057,22.0,297.0,297.0,0.215338,0.215338,0.0,0.215338,0.784662
159.0,556755493522333610334550996104356886728067513937,22.0,453.0,452.0,0.047709,0.082809,0.082809,0.130518,0.869482
159.0,518738300042543123329242792010704876266634471203,22.0,512.0,509.0,0.061315,0.035236,0.035236,0.096551,0.903449
159.0,622775601463755434010798895296308923399679148479,22.0,345.0,340.0,0.021729,0.065498,0.080278,0.102007,0.897993
159.0,721092743353983610239239300767561842232656810121,22.0,367.0,367.0,0.025591,0.025591,0.0,0.025591,0.974409
159.0,725700541872878647978311987906512435448724917323,22.0,306.0,306.0,0.042288,0.042288,0.0,0.042288,0.957712
159.0,680792306276738068787445684933623704836521586517,22.0,385.0,385.0,0.128013,0.128013,0.0,0.128013,0.8719870000000001
159.0,609838293034917899422422535971964737888944079431,22.0,549.0,536.0,0.024303,0.017512,0.077019,0.10132200000000001,0.898678
159.0,500003566005968344293642166685142120533963613397,22.0,365.0,358.0,0.025033,0.005757,0.02361,0.048643,0.951357
159.0,672585552363075626030436013518741587083784197091,22.0,926.0,926.0,0.006675,0.006675,0.0,0.006675,0.993325
159.0,667853203575891446356676483576275288677930218477,22.0,335.0,335.0,0.023938,0.023938,0.0,0.023938,0.976062
159.0,452729177399062213984412625994093209513957053659,22.0,474.0,474.0,0.060312,0.060312,0.0,0.060312,0.939688
159.0,718517666115847144224280227758502807408113808437,22.0,572.0,572.0,0.064111,0.064111,0.0,0.064111,0.935889
160.0,1115913240165002032294944939882858364194015937199,22.0,333.0,322.0,0.027653,0.063883,0.143448,0.171101,0.828899
160.0,1440912770676709848638629792376134253525608074541,22.0,585.0,585.0,0.02918,0.02918,0.0,0.02918,0.97082
160.0,933815358984064483011197510331330335221655664157,22.0,366.0,366.0,0.081705,0.081705,0.0,0.081705,0.918295
160.0,969243323728712475535486623630623651719920512731,22.0,379.0,372.0,0.072336,0.034479,0.054393000000000004,0.126729,0.873271
160.0,1076466504888089627494905309713319219664710433643,22.0,364.0,356.0,0.035408,0.060546,0.10117000000000001,0.136578,0.863422
160.0,1421116437931458286969196379690998986504855152749,22.0,547.0,543.0,0.02364,0.024022,0.056662,0.080302,0.919698
160.0,1172553592352544090305146581654443943982800468347,22.0,372.0,363.0,0.041533,0.021195,0.078241,0.119774,0.880226
160.0,909793617870750937141425081136809004936031725807,22.0,854.0,828.0,0.009451,0.020843,0.11920199999999999,0.128653,0.871347
160.0,1057437110620229076506102833609193814696668318251,22.0,403.0,388.0,0.058513,0.017053,0.121108,0.179621,0.820379
160.0,1272489506939449407441353102540516266393948251787,22.0,375.0,375.0,0.104394,0.104394,0.0,0.104394,0.895606
160.0,1080313044916089688695708805273339794814591207951,22.0,324.0,324.0,0.197184,0.197184,0.0,0.197184,0.802816
160.0,1149353867679185877473020663684612261737991945873,22.0,307.0,307.0,0.043544,0.043544,0.0,0.043544,0.956456
160.0,983949157142389589790721652739207946878875195771,22.0,343.0,343.0,0.024827,0.024827,0.0,0.024827,0.975173
160.0,1361143599389480694086689546211220334021828686817,22.0,408.0,396.0,0.002866,0.069617,0.18973799999999996,0.19260399999999997,0.807396
160.0,1021091838147883904869937336936298707335596006313,22.0,426.0,424.0,0.070431,0.026416,0.026416,0.09684699999999999,0.903153
160.0,1294988162211010208686476509915675738782236322669,22.0,396.0,396.0,0.112927,0.112927,0.0,0.112927,0.887073
160.0,1122941529731570548110403398235866601161586536011,22.0,347.0,347.0,0.040325,0.040325,0.0,0.040325,0.9596750000000001
160.0,1432805530443255062195929071604085524855630107221,22.0,320.0,320.0,0.082699,0.082699,0.0,0.082699,0.917301
160.0,1153032896620140114746318270771321999716861546507,22.0,421.0,421.0,0.033949,0.033949,0.0,0.033949,0.966051
160.0,964310714558373662737593657033125267637818078167,22.0,351.0,351.0,0.048883,0.048883,0.0,0.048883,0.951117
161.0,2549342994142969438502207735324263431486603124709,22.0,338.0,338.0,0.10464,0.10464,0.0,0.10464,0.89536
161.0,2681100216348215889829625802961254331665674276717,22.0,392.0,392.0,0.014001,0.014001,0.0,0.014001,0.985999
161.0,2880298692764464678292391755309173496702002183049,22.0,447.0,447.0,0.005393,0.005393,0.0,0.005393,0.994607
161.0,1772591985057680454231176923477927954936575167497,22.0,298.0,298.0,0.166498,0.166498,0.0,0.166498,0.833502
161.0,2083705746610030102470078930728254734269258767559,22.0,404.0,400.0,0.047908,0.05488,0.09359200000000001,0.14150000000000001,0.8585
161.0,2592051223899969308896255211589583595849607840917,22.0,519.0,503.0,0.055655,0.037191,0.140716,0.19637100000000002,0.8036289999999999
161.0,1964444950659050423101133436896095725128026615861,22.0,323.0,286.0,0.042538,0.155426,0.432465,0.475003,0.5249969999999999
161.0,2664894503748551145754658751022334263049302504109,22.0,396.0,396.0,0.031457,0.031457,0.0,0.031457,0.968543
161.0,2890667027374661591725712210164725411830649644971,22.0,457.0,456.0,0.029759,0.010979,0.010979,0.040737999999999996,0.9592620000000001
161.0,2315237919643127678001317504649602348775135239989,22.0,410.0,410.0,0.037309,0.037309,0.0,0.037309,0.962691
161.0,2263615665739021443959839330064499024174205984757,22.0,356.0,354.0,0.043752,0.046946,0.094224,0.137976,0.862024
161.0,2715737041694779962072587570440702427479596688267,22.0,368.0,368.0,0.10366,0.10366,0.0,0.10366,0.89634
161.0,2242913431855633380375884470582819076336280851693,22.0,555.0,551.0,0.02127,0.036087,0.07053200000000001,0.09180200000000001,0.908198
161.0,2196055705110050413211594819707917380387387874647,22.0,488.0,481.0,0.078366,0.02528,0.043031,0.121397,0.878603
161.0,2386559963764208317133465196705396071874399113177,22.0,442.0,442.0,0.224312,0.224312,0.0,0.224312,0.7756879999999999
161.0,2496018222066887071360307538619052262154796275933,22.0,441.0,441.0,0.222114,0.222114,0.0,0.222114,0.777886
161.0,2643999513168057204584957107582487653622472397817,22.0,464.0,464.0,0.068303,0.068303,0.0,0.068303,0.931697
161.0,2635743115320503461112643487699959884803825828717,22.0,392.0,392.0,0.026209,0.026209,0.0,0.026209,0.973791
161.0,2825605982926347409937517778879057613012900909681,22.0,419.0,419.0,0.065603,0.065603,0.0,0.065603,0.934397
161.0,1945681273593238791686785823639092496168175333883,22.0,416.0,416.0,0.058157,0.058157,0.0,0.058157,0.941843
162.0,5142726192263316119305765044724202366191059020131,22.0,400.0,392.0,0.083495,0.010748,0.010748,0.094243,0.905757
162.0,4356714020119985091707387224305757015484033268083,22.0,365.0,334.0,0.004562,0.031125,0.308032,0.312594,0.687406
162.0,5760088733269586802798761031015562375783053998981,22.0,396.0,384.0,0.018838,0.009435,0.009435,0.028273,0.971727
162.0,5126536210830929842911126218863559555593079772241,22.0,439.0,432.0,0.101118,0.00605,0.016510999999999998,0.117629,0.882371
162.0,4355984306317180250941284630714493550289288293197,22.0,531.0,525.0,0.017535,0.041103,0.041103,0.058637999999999996,0.941362
162.0,5372238624316637074604877264416233805336449398107,22.0,363.0,363.0,0.037292,0.037292,0.0,0.037292,0.962708
162.0,3370953511586955617438834489704567964510236112387,22.0,319.0,319.0,0.00398,0.00398,0.0,0.00398,0.99602
162.0,5654048134438701321190467092520015125597334765619,22.0,896.0,896.0,0.041511,0.041511,0.0,0.041511,0.958489
162.0,5347560175544712010315634817224870510859508906709,22.0,429.0,421.0,0.021619,0.021286,0.09955,0.121169,0.878831
162.0,5736419416140119735836049169364015628764346059723,22.0,781.0,769.0,0.006927,0.003976,0.056345,0.063272,0.936728
162.0,4650109252981784028797300655435682334415722439709,22.0,485.0,485.0,0.061813,0.061813,0.0,0.061813,0.938187
162.0,4851575313540019468754262146798472592699356416503,22.0,446.0,440.0,0.053341,0.025326,0.125568,0.178909,0.821091
162.0,4620052361353557581946034404083231874642184874639,22.0,448.0,448.0,0.050013,0.050013,0.0,0.050013,0.949987
162.0,5522800988337253824728791418632480547260333713827,22.0,416.0,410.0,0.008047,0.006402,0.006402,0.014449,0.985551
162.0,5499586014822265836968576304450001678297022377393,22.0,653.0,653.0,0.0568,0.0568,0.0,0.0568,0.9432
162.0,3564133393297332356275713734544213713680389996917,22.0,367.0,367.0,0.029243,0.029243,0.0,0.029243,0.970757
162.0,5515322111725050184603784308918954761722437406837,22.0,388.0,388.0,0.02964,0.02964,0.0,0.02964,0.97036
162.0,4485461183490214672847356727639397071039303926699,22.0,353.0,353.0,0.027702,0.027702,0.0,0.027702,0.972298
162.0,5195480640606091839263058107075820094394110075261,22.0,376.0,364.0,0.026217,0.039625,0.11041599999999999,0.13663299999999998,0.863367
162.0,5741107958946558148650160180297387601202820663099,22.0,476.0,465.0,0.055832,0.047839,0.087363,0.143195,0.856805
163.0,9747578468936317254902406784741698921811080904511,22.0,383.0,374.0,0.09544699999999999,0.01933,0.053371,0.148818,0.851182
163.0,10111701947436338618707597112719816959644907307921,22.0,489.0,489.0,0.027227,0.027227,0.0,0.027227,0.972773
163.0,9500974977324321481710304769960767745184067228853,22.0,360.0,360.0,0.082077,0.082077,0.0,0.082077,0.917923
163.0,10923265258610933252939304751090963667320491815059,22.0,360.0,360.0,0.081987,0.081987,0.0,0.081987,0.918013
163.0,6277296598420519157375291811600475171257085054819,22.0,292.0,292.0,0.048499,0.048499,0.0,0.048499,0.951501
163.0,9231618602773719751425117097585869209969078112883,22.0,451.0,451.0,0.082681,0.082681,0.0,0.082681,0.917319
163.0,10035352768951452538707551978057565508665635317309,22.0,447.0,447.0,0.01718,0.01718,0.0,0.01718,0.98282
163.0,7654209071367977951897371689264431599631570961337,22.0,332.0,331.0,0.109123,0.012109,0.012109,0.12123199999999999,0.878768
163.0,10824194889247063645916265364865318315163275587691,22.0,333.0,333.0,0.160321,0.160321,0.0,0.160321,0.8396790000000001
163.0,7007067855178084077334907729020251703138388423407,22.0,589.0,589.0,0.03836,0.03836,0.0,0.03836,0.96164
163.0,11563629162960767561469993435982566900206290797341,22.0,329.0,325.0,0.083997,0.076168,0.076168,0.160165,0.839835
163.0,10432647582007091942814866236806348920448169897081,22.0,379.0,379.0,0.061639,0.061639,0.0,0.061639,0.938361
163.0,11013321740409425001654829975108773198879722323169,22.0,488.0,486.0,0.054811,0.08431,0.08431,0.139121,0.860879
163.0,11388208541060705561819087229232095358667380786273,22.0,550.0,544.0,0.005229,0.016729,0.023276,0.028505000000000003,0.971495
163.0,11103735522688372546281614770298463681690271542443,22.0,490.0,490.0,0.078979,0.078979,0.0,0.078979,0.921021
163.0,8215686036974456744106483973928387713743004968589,22.0,435.0,428.0,0.022418,0.046456000000000004,0.046456000000000004,0.068874,0.931126
163.0,10366420373188722818237768081269384282174284586279,22.0,496.0,496.0,0.076846,0.076846,0.0,0.076846,0.923154
163.0,9887493049291697627584648336712714992824228820507,22.0,392.0,371.0,0.013027,0.031981,0.040971,0.053998000000000004,0.946002
163.0,11291772697596805962306082330181863662191216703401,22.0,662.0,662.0,0.016216,0.016216,0.0,0.016216,0.983784
163.0,8629299483287912574962165393081179705241759373329,22.0,516.0,510.0,0.004597,0.02465,0.02465,0.029247,0.970753
164.0,20210344270042780228524473590981781384374263250651,22.0,682.0,673.0,0.008498,0.010435,0.045852,0.054349999999999996,0.94565
164.0,17385754946083473907588211247263282920082635440931,22.0,454.0,454.0,0.043815,0.043815,0.0,0.043815,0.956185
164.0,15065200337324516365624234372840728893791849883677,22.0,517.0,517.0,0.064035,0.064035,0.0,0.064035,0.935965
164.0,20001274208685757373389824972298109151192644683421,22.0,441.0,441.0,0.111243,0.111243,0.0,0.111243,0.888757
164.0,23206373050027225840725924288883018652907266761573,22.0,379.0,379.0,0.038695,0.038695,0.0,0.038695,0.961305
164.0,22025345891505684794425190360346292788092251835117,22.0,311.0,311.0,0.050413,0.050413,0.0,0.050413,0.949587
164.0,17433500709489283073258616221836367960841092957683,22.0,420.0,416.0,0.10734099999999999,0.027444,0.14557,0.252911,0.747089
164.0,20619243792726008996626054260855579390889646661671,22.0,506.0,498.0,0.005450999999999999,0.00266,0.019048,0.024499,0.975501
164.0,17851954102483708548111820947964979316071559518321,22.0,496.0,489.0,0.0493,0.037208,0.037208,0.086508,0.913492
164.0,15520227091786292775179646082304899324457570987803,22.0,414.0,409.0,0.113247,0.005085,0.050685,0.163932,0.836068
164.0,21025509716353739955780362583473341923163070100707,22.0,489.0,489.0,0.071475,0.071475,0.0,0.071475,0.928525
164.0,14498146431977835998639783360838649091026316741701,22.0,502.0,500.0,0.051884,0.031493,0.031493,0.083377,0.916623
164.0,19111791960401045569879778943278968002523890458231,22.0,312.0,305.0,0.070354,0.012822,0.047496,0.11785,0.88215
164.0,16530301572124410378960034538876085010836459672467,22.0,301.0,301.0,0.07773,0.07773,0.0,0.07773,0.92227
164.0,18221873864190480631751119997397311265906143427919,22.0,639.0,624.0,0.042509,0.041797,0.23936200000000002,0.28187100000000004,0.718129
164.0,19509002958117864345830026901941875949728480482351,22.0,651.0,645.0,0.147646,0.014429,0.014429,0.162075,0.837925
164.0,22672286378997470934496964350911104497412505665789,22.0,431.0,421.0,0.030915,0.04109,0.04109,0.072005,0.927995
164.0,23046477364042922130498611236049763734841923672321,22.0,558.0,546.0,0.012059,0.02988,0.058245,0.070304,0.929696
164.0,17549286263321631100185248104947257910955608889553,22.0,367.0,367.0,0.075584,0.075584,0.0,0.075584,0.924416
164.0,21059636316678691840527110401614339175235554714931,22.0,487.0,486.0,0.009782,0.01381,0.01381,0.023592000000000002,0.9764079999999999
165.0,41832933592112304400801943026671467969363831087923,22.0,334.0,334.0,0.12427,0.12427,0.0,0.12427,0.87573
165.0,35682862411294951100561921127821057964487467339443,22.0,394.0,391.0,0.023033,0.042266,0.042266,0.065299,0.934701
165.0,42835312913720678185448545784074783359123970744159,22.0,379.0,367.0,0.016864,0.014015,0.026878,0.043742,0.956258
165.0,40881659780738625128558353749592964839279265435171,22.0,339.0,339.0,0.02675,0.02675,0.0,0.02675,0.97325
165.0,45322494471102900510547891895971824081862698563281,22.0,343.0,343.0,0.021525,0.021525,0.0,0.021525,0.978475
165.0,45929128788840959205376511336193947297685265640951,22.0,942.0,934.0,0.06711,0.024821,0.024821,0.091931,0.908069
165.0,44489998373490387700600426834275888436763809873019,22.0,804.0,804.0,0.021402,0.021402,0.0,0.021402,0.978598
165.0,35790092378947652923809024031202004014344249255817,22.0,461.0,460.0,0.0324,0.00752,0.00752,0.03992,0.96008
165.0,45161106773899709982331683988937842529673051859151,22.0,505.0,505.0,0.079716,0.079716,0.0,0.079716,0.920284
165.0,41611075822328138418773040753161992670148754649183,22.0,399.0,399.0,0.015214,0.015214,0.0,0.015214,0.984786
165.0,43893688025396579244143003549941949711112694897597,22.0,592.0,577.0,0.003604,0.004508,0.13493100000000002,0.13853500000000002,0.8614649999999999
165.0,38949108443317524477011125919734633057707138102373,22.0,444.0,444.0,0.133462,0.133462,0.0,0.133462,0.866538
165.0,44506757530726502698455041633661918108484228681201,22.0,572.0,567.0,0.017944,0.007442,0.007442,0.025386000000000002,0.974614
165.0,45700176760813962794447132804379570073089321130619,22.0,410.0,410.0,0.136114,0.136114,0.0,0.136114,0.8638859999999999
165.0,36717319074712975178793976563482551630954666600147,22.0,490.0,490.0,0.250651,0.250651,0.0,0.250651,0.749349
165.0,40081717737177734357477768258828819203380673838299,22.0,454.0,449.0,0.043211,0.022869,0.022869,0.06608,0.93392
165.0,42668271582757088828333733690941986896240697265291,22.0,337.0,337.0,0.010709,0.010709,0.0,0.010709,0.989291
165.0,42066162699265700510000155471171171993026790897181,22.0,335.0,325.0,0.04795100000000001,0.027039,0.038617,0.086568,0.913432
165.0,43079437256800894081452117481597778557867932256481,22.0,712.0,710.0,0.06440699999999999,0.01023,0.01023,0.074637,0.925363
165.0,39639751732104952918265482468837059446746603506727,22.0,423.0,422.0,0.082146,0.03583,0.03583,0.117976,0.882024
166.0,64455071458380183185819126791305562795840205337607,22.0,530.0,530.0,0.030372,0.030372,0.0,0.030372,0.969628
166.0,90075771203582122330247262323941154266135655067703,23.0,589.0,575.0,0.025734999999999997,0.030428,0.084987,0.11072199999999999,0.889278
166.0,72228823129784081606691745887439926673012583025583,22.0,600.0,598.0,0.052501,0.141596,0.141596,0.194097,0.805903
166.0,69837432774442923128016482628855170461287372899371,22.0,397.0,397.0,0.024844,0.024844,0.0,0.024844,0.975156
166.0,89244922194937743144971782767253188914316795885797,23.0,496.0,496.0,0.017773,0.017773,0.0,0.017773,0.982227
166.0,88746453267789363020668583643470490537450658613921,23.0,420.0,417.0,0.013781,0.025694,0.025694,0.039475,0.960525
166.0,88713786474705850221237608801094392192327303798911,23.0,366.0,366.0,0.030585,0.030585,0.0,0.030585,0.969415
166.0,87557406481398096612837568774546924908523956472679,22.0,481.0,481.0,0.049037,0.049037,0.0,0.049037,0.950963
166.0,83804917377281198336877975468864158449629337119497,22.0,411.0,411.0,0.076543,0.076543,0.0,0.076543,0.923457
166.0,81569638913156092214718111347132660641468885512997,22.0,377.0,376.0,0.123154,0.051075,0.051075,0.174229,0.825771
166.0,52608719657148563796512530136536674250280158137673,22.0,590.0,590.0,0.032215,0.032215,0.0,0.032215,0.967785
166.0,89221264190598117801701321295581964396857406691793,23.0,366.0,366.0,0.033804,0.033804,0.0,0.033804,0.966196
166.0,91421352408629645983856436933886907626516790327531,23.0,393.0,393.0,0.163065,0.163065,0.0,0.163065,0.836935
166.0,92354408607697290294087669975129842220424154225839,23.0,336.0,335.0,0.030244,0.007192,0.007192,0.037436,0.962564
166.0,90307244958886521065070588400571519599452170426827,23.0,429.0,416.0,0.092957,0.047301,0.061825000000000005,0.154782,0.845218
166.0,61951676507642868191945772939153670793162317140439,22.0,651.0,638.0,0.006567,0.045182,0.20584200000000002,0.21240900000000001,0.7875909999999999
166.0,57096092534835312898852423687190032724229132615371,22.0,408.0,397.0,0.032932,0.06495899999999999,0.11958199999999998,0.15251399999999998,0.847486
166.0,77734094079183033282661848210260105535011878058221,22.0,407.0,407.0,0.091378,0.091378,0.0,0.091378,0.908622
166.0,61439716290799937763975920406477923341938046630307,22.0,504.0,504.0,0.290443,0.290443,0.0,0.290443,0.709557
166.0,92944946903546196014112302841886638418369209076507,23.0,302.0,302.0,0.045319,0.045319,0.0,0.045319,0.954681
167.0,185191770581306272864194984747884925328034141094049,23.0,352.0,348.0,0.033275,0.025902,0.025902,0.059177,0.940823
167.0,150753299534321728385042450116986328932503586710791,23.0,384.0,384.0,0.012722,0.012722,0.0,0.012722,0.987278
167.0,122185038003700368219528064449236784866763422689417,23.0,378.0,370.0,0.130614,0.043691,0.075741,0.206355,0.7936449999999999
167.0,178235118269758334366445181520116909697869973267843,23.0,420.0,409.0,0.017658,0.018673,0.035645,0.053303,0.946697
167.0,125101284926137051500851455837556179024574472599693,23.0,373.0,373.0,0.013558,0.013558,0.0,0.013558,0.986442
167.0,183608279157579728300471834586610846132033916363009,23.0,423.0,421.0,0.028623,0.014706,0.014706,0.043329,0.956671
167.0,123823837425211259366602079641341299640350463304427,23.0,444.0,444.0,0.025320000000000002,0.025320000000000002,0.0,0.025320000000000002,0.97468
167.0,182738591737141364288038096817725089299414242881199,23.0,346.0,342.0,0.043074,0.133173,0.133173,0.17624700000000001,0.823753
167.0,144881986800772159131971678194070421363231610326503,23.0,493.0,486.0,0.026979,0.009875,0.10523099999999999,0.13221,0.8677900000000001
167.0,169113029671003783909165383403390189332006078766403,23.0,740.0,728.0,0.022717,0.012765,0.032312999999999995,0.055029999999999996,0.94497
167.0,180203454172404433999728807424822530543427009853893,23.0,587.0,587.0,0.076487,0.076487,0.0,0.076487,0.923513
167.0,176740473075257510677017027826065071164478066806109,23.0,324.0,324.0,0.041245,0.041245,0.0,0.041245,0.958755
167.0,154708744984764752253150630606148953411120836248223,23.0,504.0,496.0,0.004104,0.007478,0.020663,0.024767,0.975233
167.0,185822038963156756154989463606402264231845142986571,23.0,509.0,503.0,0.039963,0.029537,0.087191,0.127154,0.872846
167.0,164713641976176077509064527913611509808492198546303,23.0,419.0,419.0,0.041072,0.041072,0.0,0.041072,0.958928
167.0,174143473517067658771245663523001506669684229251583,23.0,294.0,294.0,0.083809,0.083809,0.0,0.083809,0.916191
167.0,134875484299471317108685835177615212803568324951771,23.0,324.0,323.0,0.016635,0.136666,0.136666,0.15330100000000002,0.846699
167.0,182071589557326943011646537770784052720010679622671,23.0,437.0,435.0,0.03757,0.008435,0.028706000000000002,0.066276,0.933724
167.0,107723548795615044892707554332906198918982581905521,23.0,412.0,406.0,0.019017,0.013877,0.024072000000000003,0.043089,0.956911
167.0,110235062257219473750266489148464622602430677309023,23.0,440.0,437.0,0.126224,0.022066,0.022066,0.14829,0.85171
168.0,355867559027045347481742474164268313169270448267103,23.0,524.0,524.0,0.055061,0.055061,0.0,0.055061,0.944939
168.0,354354498343882825539049178202420048518235057099511,23.0,359.0,359.0,0.079471,0.079471,0.0,0.079471,0.920529
168.0,297316862371625606791660530918145246188551598375827,23.0,471.0,455.0,0.061955,0.008806,0.08437299999999999,0.14632799999999999,0.853672
168.0,251334070780906996792106667358010626199124871015193,23.0,377.0,375.0,0.028161,0.017329,0.017329,0.04549,0.95451
168.0,266089629335928959939990984219310389073099671366189,23.0,355.0,355.0,0.030943,0.030943,0.0,0.030943,0.9690570000000001
168.0,297312478520764466042800805099268401234237086618769,23.0,484.0,483.0,0.019765,0.007468,0.007468,0.027233,0.972767
168.0,252694597694857518298868919901861055603851696256479,23.0,383.0,383.0,0.010308,0.010308,0.0,0.010308,0.989692
168.0,286391540226265125508001191752822610514127971418977,23.0,449.0,441.0,0.022972999999999997,0.009355,0.024831,0.047804,0.952196
168.0,318688943619592236326261968753666579542852488008771,23.0,500.0,493.0,0.126999,0.00713,0.068426,0.19542500000000002,0.804575
168.0,348197322658922333549563681800422289216265150015297,23.0,494.0,494.0,0.07771,0.07771,0.0,0.07771,0.92229
168.0,368542669960002587168410129566818072485889583789247,23.0,481.0,467.0,0.047313,0.008167,0.038494,0.085807,0.914193
168.0,268548911990920458790785330758705695531710970965877,23.0,381.0,381.0,0.133348,0.133348,0.0,0.133348,0.866652
168.0,331941207943771650157715950616862772785852585230449,23.0,368.0,368.0,0.046736,0.046736,0.0,0.046736,0.953264
168.0,323877960143720182139921715509016936864755738538083,23.0,371.0,371.0,0.052939,0.052939,0.0,0.052939,0.947061
168.0,363122401231538903702884958200573978698665726858941,23.0,422.0,419.0,0.033283,0.033373,0.054496,0.087779,0.912221
168.0,308228420728279829232936597270463065825898054642939,23.0,353.0,353.0,0.055948,0.055948,0.0,0.055948,0.944052
168.0,283116060916231999061737214282503740357534622019947,23.0,371.0,371.0,0.033799,0.033799,0.0,0.033799,0.966201
168.0,281428688528495768940994883006958194198779974610219,23.0,478.0,472.0,0.090216,0.046785,0.081055,0.171271,0.828729
168.0,326678933726286291994787934645555743351568375175913,23.0,420.0,416.0,0.031159,0.00296,0.059236000000000004,0.090395,0.909605
168.0,242229774464479250019542042945875041752252033094853,23.0,751.0,751.0,0.07047,0.07047,0.0,0.07047,0.92953
169.0,549419723295960540447780008307906211005792776812829,23.0,472.0,472.0,0.085552,0.085552,0.0,0.085552,0.914448
169.0,664865469281161842324657652489314073194401709162263,23.0,607.0,607.0,0.03305,0.03305,0.0,0.03305,0.96695
169.0,526275837673483487444634125901789672050479746789367,23.0,443.0,427.0,0.07832399999999999,0.052587999999999996,0.09508099999999998,0.17340499999999998,0.826595
169.0,677970966743848576239473283142953742552801707940111,23.0,439.0,432.0,0.02216,0.018013,0.051530000000000006,0.07369,0.92631
169.0,657821691628060301322956147101670288895728662024039,23.0,411.0,411.0,0.066698,0.066698,0.0,0.066698,0.933302
169.0,715264587022453456200004920592343027582234072699119,23.0,681.0,667.0,0.030756000000000002,0.00879,0.069859,0.10061500000000001,0.899385
169.0,564263055842251392661877742982498545034787789672701,23.0,365.0,361.0,0.014583,0.017517,0.034025,0.048608,0.951392
169.0,709752893570015397017697204082578787464541589122757,23.0,337.0,337.0,0.0246,0.0246,0.0,0.0246,0.9754
169.0,655017367008869539322579634764112530246507710350587,23.0,431.0,431.0,0.019805,0.019805,0.0,0.019805,0.980195
169.0,657292182528951725976013293116638919927942739731969,23.0,348.0,347.0,0.048071,0.102175,0.102175,0.150246,0.849754
169.0,723786901355715251133499133823457447564442130316753,23.0,875.0,875.0,0.070242,0.070242,0.0,0.070242,0.929758
169.0,523829125978495822418790946811975528394043957096661,23.0,390.0,390.0,0.040331,0.040331,0.0,0.040331,0.959669
169.0,541477377066573582590059723667831900889584456117101,23.0,317.0,317.0,0.035275,0.035275,0.0,0.035275,0.964725
169.0,695788992079943252596035093883032289031003550676639,23.0,442.0,442.0,0.152632,0.152632,0.0,0.152632,0.847368
169.0,694333695686916638920533025197721880230919832136049,23.0,362.0,362.0,0.028255,0.028255,0.0,0.028255,0.971745
169.0,485822670269234256517166328139449043912746690035101,23.0,370.0,370.0,0.072206,0.072206,0.0,0.072206,0.927794
169.0,621048212309618498722906441939308335619301463127923,23.0,457.0,454.0,0.032104,0.003953,0.012657999999999999,0.044761999999999996,0.955238
169.0,471378305746743164537629288149409115192944188760511,23.0,382.0,382.0,0.054841,0.054841,0.0,0.054841,0.945159
169.0,679166054805478107698598400374518496104565906945673,23.0,330.0,327.0,0.160917,0.018556,0.018556,0.179473,0.820527
169.0,478874915531854708795103201026072431746838752011189,23.0,467.0,457.0,0.0247,0.020096,0.056134,0.080834,0.919166
170.0,1289318240951187150423696809121408247188110724374959,23.0,360.0,360.0,0.024737,0.024737,0.0,0.024737,0.975263
170.0,1317598680651458934736004969973115054629720267802427,23.0,410.0,401.0,0.040483,0.008723,0.052956,0.093439,0.906561
170.0,1387016971391792365767686427962070113773978808021599,23.0,419.0,410.0,0.007025,0.017354,0.095068,0.102093,0.897907
170.0,1301605848278604502292287990083848668281772339668443,23.0,494.0,491.0,0.051749,0.033283,0.033283,0.085032,0.914968
170.0,1454027346176602205583289937091731344133146246553801,23.0,541.0,539.0,0.039915,0.042805,0.042805,0.08272,0.91728
170.0,967653528079116878085780463103240904324567568232963,23.0,516.0,516.0,0.018643,0.018643,0.0,0.018643,0.981357
170.0,1261056843454978621289453730316681785701648409889253,23.0,481.0,473.0,0.018969,0.015282,0.11166100000000001,0.13063000000000002,0.86937
170.0,837639897222655440981696060794566569158254246200341,23.0,448.0,440.0,0.025901,0.011543,0.062958,0.088859,0.911141
170.0,1380352939133440466587651274847015029204065064236727,23.0,665.0,665.0,0.151456,0.151456,0.0,0.151456,0.848544
170.0,1470202321847100083182546960194231350823305902723733,23.0,454.0,454.0,0.058444,0.058444,0.0,0.058444,0.941556
170.0,1395451141662017337518566124235400507157510063162651,23.0,387.0,382.0,0.066631,0.018952,0.018952,0.08558299999999999,0.914417
170.0,1443973581327167714924022043427922410334336886476631,23.0,420.0,412.0,0.014658,0.009234,0.009234,0.023891999999999997,0.976108
170.0,1248251220039825096428185208030859202496488462447199,23.0,472.0,471.0,0.025776,0.012997,0.012997,0.038773,0.961227
170.0,1485074191992056020325974520634552289818056666197811,23.0,434.0,434.0,0.059897,0.059897,0.0,0.059897,0.940103
170.0,1254247931868399620218293166952069391063175723231013,23.0,507.0,492.0,0.027756999999999997,0.010681,0.085102,0.11285899999999999,0.887141
170.0,1257669066486116581118684542985264257389351752099207,23.0,331.0,331.0,0.144905,0.144905,0.0,0.144905,0.8550949999999999
170.0,938770475414108901814693140661602364827961258856599,23.0,331.0,331.0,0.239468,0.239468,0.0,0.239468,0.760532
170.0,1066007335410228423895411628779579916508643551606013,23.0,411.0,411.0,0.023914,0.023914,0.0,0.023914,0.976086
170.0,1055641473154584299321451059456907378615225873359927,23.0,445.0,445.0,0.053242,0.053242,0.0,0.053242,0.946758
170.0,1450909537806030357996742850817171901677376101936973,23.0,348.0,330.0,0.022252,0.047052,0.16746699999999998,0.18971899999999997,0.810281
171.0,2320628485992640066699844867503781431624090632616007,23.0,407.0,407.0,0.028446,0.028446,0.0,0.028446,0.971554
171.0,2687357138509969949945838036658262421119489089392571,23.0,379.0,379.0,0.040592,0.040592,0.0,0.040592,0.959408
171.0,2179890418570410841271805505892530931206234443075251,23.0,496.0,487.0,0.031979,0.005687,0.005687,0.037666,0.962334
171.0,2643553863724729454040982582317963102955115497112137,23.0,631.0,631.0,0.064425,0.064425,0.0,0.064425,0.935575
171.0,2460627882183105189199201566900305707431196028435837,23.0,479.0,479.0,0.022991,0.022991,0.0,0.022991,0.977009
171.0,2339826321982801679364695234505710301355859790744791,23.0,674.0,674.0,0.026701,0.026701,0.0,0.026701,0.973299
171.0,2758900339445195828507819823171495863952057663997793,23.0,368.0,368.0,0.085623,0.085623,0.0,0.085623,0.914377
171.0,1842882812388021598690092464110026835556610550203901,23.0,649.0,649.0,0.114615,0.114615,0.0,0.114615,0.885385
171.0,2527348162893818585716726864029885307488142009814867,23.0,346.0,346.0,0.029847,0.029847,0.0,0.029847,0.970153
171.0,2837554568622031909115383188427508045834871248866231,23.0,361.0,361.0,0.075475,0.075475,0.0,0.075475,0.924525
171.0,1980107624548085725945997103475068875829188531206579,23.0,892.0,892.0,0.07072,0.07072,0.0,0.07072,0.92928
171.0,2569544928058170304082873120455860591460518083182909,23.0,514.0,498.0,0.03904,0.041354,0.10994,0.14898,0.85102
171.0,2690941433828007792933739463035154894668803736090667,23.0,360.0,356.0,0.035914,0.03171,0.03171,0.067624,0.932376
171.0,2790043200701068932081541267461948287073389647656629,23.0,321.0,321.0,0.011689,0.011689,0.0,0.011689,0.988311
171.0,2090916108644774601950745809429826244133327238488009,23.0,415.0,415.0,0.071079,0.071079,0.0,0.071079,0.928921
171.0,2565736058589956952109798640055629482853606450052707,23.0,496.0,476.0,0.019281,0.011414,0.10252499999999999,0.121806,0.878194
171.0,2857998842268811336179375833801691573922890863274847,23.0,694.0,683.0,0.015847,0.018532,0.048843000000000004,0.06469,0.93531
171.0,2396493466906125285828056384566870470681794130877669,23.0,439.0,426.0,0.024459,0.027246,0.040389999999999995,0.06484899999999999,0.9351510000000001
171.0,2690381636823230507251275613355703537300523990202027,23.0,517.0,517.0,0.16672,0.16672,0.0,0.16672,0.83328
171.0,2534044398151279155788338071872494168885731333317717,23.0,508.0,508.0,0.057685,0.057685,0.0,0.057685,0.942315
172.0,4462022261486228276470696903183179974341102550314813,23.0,557.0,555.0,0.023806,0.066592,0.066592,0.090398,0.909602
172.0,4973934130046512061706003746504778764546358353047069,23.0,488.0,488.0,0.106598,0.106598,0.0,0.106598,0.893402
172.0,5648094522288795174255363457633460814882962588225833,23.0,534.0,534.0,0.032167,0.032167,0.0,0.032167,0.9678329999999999
172.0,4726592204009198207872992689944913141786425094656837,23.0,797.0,797.0,0.175001,0.175001,0.0,0.175001,0.824999
172.0,5594622054792930920033030420069168546546514996297059,23.0,374.0,357.0,0.052178999999999996,0.026703,0.063325,0.115504,0.884496
172.0,5195538082333779164457732930160988690944352296084861,23.0,378.0,375.0,0.121285,0.045954,0.045954,0.167239,0.832761
172.0,4025284698876107182620642633377455297801856255767501,23.0,456.0,447.0,0.110047,0.076776,0.076776,0.18682300000000002,0.813177
172.0,4383786029746298282865883459946099335415639923579151,23.0,509.0,507.0,0.090226,0.038779,0.038779,0.129005,0.870995
172.0,4240211809755560196715516460800231502364014252588639,23.0,406.0,406.0,0.032234,0.032234,0.0,0.032234,0.967766
172.0,5548533853252799042694444930927799861408846535815007,23.0,383.0,383.0,0.12218,0.12218,0.0,0.12218,0.87782
172.0,5437902847130435025801669508069442332314935248409143,23.0,451.0,449.0,0.067258,0.026528,0.026528,0.093786,0.906214
172.0,4141743792397074660421973109728086317758715931017277,23.0,409.0,409.0,0.026149,0.026149,0.0,0.026149,0.973851
172.0,4778987191980938572456617933856060465243353739312487,23.0,457.0,449.0,0.043639,0.02137,0.02137,0.065009,0.934991
172.0,4739381656678028395979571409181320777773237194812847,23.0,386.0,385.0,0.046154,0.017294,0.017294,0.063448,0.936552
172.0,4804326313493129486456115335738865566041096602990667,23.0,715.0,711.0,0.049824,0.033101,0.033101,0.082925,0.917075
172.0,4104752537262135739627532234359506058920546702141581,23.0,390.0,390.0,0.04244,0.04244,0.0,0.04244,0.95756
172.0,3803744058813253158320678543084926588928670333519661,23.0,411.0,411.0,0.054617,0.054617,0.0,0.054617,0.945383
172.0,4385465259125919643879994689875257236736934784890611,23.0,477.0,477.0,0.017465,0.017465,0.0,0.017465,0.982535
172.0,5279890751954713468197389506413223751577777606451787,23.0,429.0,419.0,0.027279,0.023442,0.023442,0.050721,0.949279
172.0,4160916851387881458666582220339040710916709604934989,23.0,456.0,456.0,0.030973,0.030973,0.0,0.030973,0.969027
173.0,10923792501645012754794107569655030715119609536422907,23.0,387.0,387.0,0.052158,0.052158,0.0,0.052158,0.947842
173.0,10049473751846112538141515321974984014498020571782187,23.0,341.0,341.0,0.051547,0.051547,0.0,0.051547,0.948453
173.0,11478453237002096953758919917104639903243507350422841,23.0,637.0,637.0,0.161137,0.161137,0.0,0.161137,0.838863
173.0,10169455292752448241266658515571649753093170083937973,23.0,357.0,346.0,0.10353,0.013958,0.033915,0.13744499999999998,0.862555
173.0,11141435091489660417203162826279290403361648348555217,23.0,404.0,404.0,0.157719,0.157719,0.0,0.157719,0.8422810000000001
173.0,11845946756557169576442319415563300804632186316185761,23.0,357.0,356.0,0.058221999999999996,0.018598,0.018598,0.07682,0.92318
173.0,6606020196711476677748380921663035663590800650212861,23.0,468.0,468.0,0.089999,0.089999,0.0,0.089999,0.9100010000000001
173.0,9223304994372936325365139311788951438575340466147653,23.0,363.0,363.0,0.0119,0.0119,0.0,0.0119,0.9881
173.0,9937936138453613172200974798887957858538887333434453,23.0,436.0,429.0,0.019861999999999998,0.019237,0.043265,0.06312699999999999,0.9368730000000001
173.0,11559606582085509839598371324267429245568074606311239,23.0,368.0,360.0,0.050234,0.044852,0.101298,0.151532,0.848468
173.0,8567518689055579897923237570331424934191919130124683,23.0,374.0,374.0,0.041965,0.041965,0.0,0.041965,0.958035
173.0,7757833041287954123219330741833398980401403365844671,23.0,495.0,483.0,0.017587,0.013692,0.043120000000000006,0.060707000000000004,0.939293
173.0,9316049178944443793561813909420289680048038873209887,23.0,692.0,692.0,0.089541,0.089541,0.0,0.089541,0.910459
173.0,9928833671075698004690547493411708722996168864524191,23.0,441.0,435.0,0.069244,0.054847,0.076082,0.145326,0.8546739999999999
173.0,8082599286688078272326597296230019194455017969460353,23.0,399.0,399.0,0.065104,0.065104,0.0,0.065104,0.934896
173.0,11722980560595969629675859144256076147885119391535181,23.0,580.0,554.0,0.017432,0.010968,0.093807,0.111239,0.888761
173.0,9593608908661975634163739787876317382759712663032617,23.0,800.0,800.0,0.005357,0.005357,0.0,0.005357,0.994643
173.0,7514341258039837561785554369913705517231217351886269,23.0,514.0,514.0,0.063228,0.063228,0.0,0.063228,0.9367719999999999
173.0,10788110854762710095666872487306279223201853493970649,23.0,417.0,417.0,0.051211,0.051211,0.0,0.051211,0.948789
173.0,10830515307409583755599110009630409242843757129551833,23.0,407.0,403.0,0.078987,0.065153,0.103124,0.182111,0.817889
174.0,22104611793997230117343176470598753099597657699857767,23.0,373.0,372.0,0.055719,0.05781,0.05781,0.11352899999999999,0.886471
174.0,18763942404536135019296013058405167365237739426352961,23.0,375.0,375.0,0.057453,0.057453,0.0,0.057453,0.942547
174.0,14688504101174039979833028914301622192512344235844163,23.0,539.0,531.0,0.059116,0.08809700000000001,0.112863,0.171979,0.828021
174.0,16722058225437982034822488549751786303201587785473951,23.0,450.0,450.0,0.059866,0.059866,0.0,0.059866,0.940134
174.0,21509336382097775444053571500023183533792843315954141,23.0,660.0,660.0,0.164814,0.164814,0.0,0.164814,0.835186
174.0,22850977655225044606098189565776865301144522899108753,23.0,365.0,365.0,0.014727,0.014727,0.0,0.014727,0.985273
174.0,17279223071662642072680635911044372251032271203557523,23.0,364.0,364.0,0.017647,0.017647,0.0,0.017647,0.982353
174.0,22947441514018658653094720368483897068968757283032113,23.0,355.0,350.0,0.023183,0.008292,0.008292,0.031475,0.968525
174.0,18341314976728685056786009125261875389901729222197411,23.0,502.0,495.0,0.060605,0.032133,0.065697,0.126302,0.873698
174.0,21198313883423610607647845217061584129219727405462807,23.0,696.0,696.0,0.015205,0.015205,0.0,0.015205,0.984795
174.0,12839400785843164820295834351653620428577969094536553,23.0,522.0,506.0,0.011625,0.00981,0.10004199999999999,0.11166699999999999,0.888333
174.0,23322450000830661268788758752052782250935597472051533,23.0,309.0,309.0,0.116993,0.116993,0.0,0.116993,0.883007
174.0,16333148817978325754024309091523862744059567919963111,23.0,541.0,541.0,0.044279,0.044279,0.0,0.044279,0.955721
174.0,14462970911237542989272454421381604521266425359311389,23.0,525.0,523.0,0.012412,0.004824,0.008947,0.021359,0.978641
174.0,18949560281665792004413178756295887592891979934348561,23.0,369.0,369.0,0.062689,0.062689,0.0,0.062689,0.937311
174.0,21408407116291656012109167833580671913503017751545967,23.0,458.0,458.0,0.055207,0.055207,0.0,0.055207,0.944793
174.0,22631651939782172827484157664433587783833485119069961,23.0,444.0,438.0,0.03331,0.032534,0.032534,0.065844,0.934156
174.0,21837034941512546186024799051115680122246295015518093,23.0,417.0,417.0,0.244687,0.244687,0.0,0.244687,0.755313
174.0,23437804484573336991839150008388329128133779513222523,23.0,684.0,684.0,0.126222,0.126222,0.0,0.126222,0.8737779999999999
174.0,21670228153893009427879223165719671325428625794224927,23.0,383.0,383.0,0.029557,0.029557,0.0,0.029557,0.970443
175.0,40488067071432624121676494427962676744307992814206389,23.0,490.0,490.0,0.107221,0.107221,0.0,0.107221,0.892779
175.0,47880832610030432571309186253738451904700554037260907,23.0,386.0,386.0,0.015681,0.015681,0.0,0.015681,0.9843189999999999
175.0,45878748309865752441663931039655772029562012040164497,23.0,431.0,417.0,0.021449000000000003,0.00501,0.15837900000000002,0.17982800000000002,0.820172
175.0,44519607957401945468255440685812779498238330725202451,23.0,700.0,700.0,0.01134,0.01134,0.0,0.01134,0.98866
175.0,38437122674547888080483896869357910936491022366930391,23.0,535.0,525.0,0.026242,0.022802,0.075651,0.101893,0.898107
175.0,47064113916853618606448841022057749802258231599045617,23.0,355.0,354.0,0.10265,0.06545,0.06545,0.1681,0.8319
175.0,38418920847258974395155918878755125806886124993281449,23.0,508.0,508.0,0.252718,0.252718,0.0,0.252718,0.747282
175.0,29860959886171008880417800461459339604720394693120859,23.0,493.0,472.0,0.026133999999999998,0.023203,0.18635900000000002,0.21249300000000002,0.787507
175.0,47523346294694090590598436816448664799865583071536947,23.0,385.0,373.0,0.119812,0.020459,0.09001,0.209822,0.790178
175.0,40430147177650634814659419575820969943704601075586779,23.0,483.0,475.0,0.037734,0.014134,0.049989,0.087723,0.912277
175.0,30673381581036186694644718658867052922438672540632679,23.0,351.0,343.0,0.051529,0.023246,0.023246,0.074775,0.925225
175.0,46321511197924674401868707445937064255819847549207181,23.0,549.0,542.0,0.009662,0.016277,0.045263,0.054925,0.945075
175.0,40793108447338904457818158698839208728924655609269741,23.0,465.0,465.0,0.078562,0.078562,0.0,0.078562,0.921438
175.0,47563799216222959471208717042267403920241999763230907,23.0,379.0,371.0,0.060077,0.052011,0.058778000000000004,0.118855,0.881145
175.0,44747799795754951639143084884684883018614820083166937,23.0,363.0,363.0,0.228912,0.228912,0.0,0.228912,0.771088
175.0,46867320328474189488708379756417548186877640469492347,23.0,459.0,447.0,0.059069,0.019931,0.019931,0.079,0.921
175.0,46542356956969036203230698142264416107162071627147053,23.0,398.0,381.0,0.034355,0.010323,0.034618,0.068973,0.931027
175.0,45701878003472651488780363802977956628041054016481659,23.0,473.0,473.0,0.060128,0.060128,0.0,0.060128,0.939872
175.0,25458726975309530242094669164823103336392162094875803,23.0,423.0,423.0,0.005441,0.005441,0.0,0.005441,0.994559
175.0,39959523049873920871877996128842998488581987804339877,23.0,427.0,414.0,0.012191,0.045426,0.045426,0.057617,0.942383
176.0,87990886338847859195592642389102593039937487082558279,24.0,476.0,463.0,0.004752,0.034044,0.0628,0.067552,0.9324479999999999
176.0,92564124955148991262968874807483374435803628161108999,24.0,928.0,925.0,0.008709,0.008058,0.008058,0.016766999999999997,0.983233
176.0,94129007589456961191977269147297543003266132666549953,24.0,394.0,391.0,0.008878,0.007176,0.007176,0.016054,0.983946
176.0,93819484016161644344551753829300322151041926203410181,24.0,422.0,422.0,0.134422,0.134422,0.0,0.134422,0.865578
176.0,73157616268457907406971375723178615684280166706710493,24.0,392.0,392.0,0.045796,0.045796,0.0,0.045796,0.954204
176.0,61542774938750705714463225629776244056185970967253653,24.0,490.0,489.0,0.02119,0.026754,0.026754,0.047944,0.952056
176.0,71800771048867515580859417044203063847762338647077403,24.0,359.0,359.0,0.016737,0.016737,0.0,0.016737,0.983263
176.0,77258340421405866522724393177859419720883968347782627,24.0,498.0,498.0,0.020174,0.020174,0.0,0.020174,0.979826
176.0,89837078281524964039898044063254336032471057480771579,24.0,663.0,663.0,0.084237,0.084237,0.0,0.084237,0.915763
176.0,67631371474217585591492093931057414532556760623695867,24.0,359.0,359.0,0.140631,0.140631,0.0,0.140631,0.859369
176.0,89832926575159265651841476273066740015357110318540347,24.0,617.0,600.0,0.030115000000000003,0.01031,0.144667,0.174782,0.825218
176.0,67118204137332948793553589627698826319196161548428537,24.0,371.0,371.0,0.074952,0.074952,0.0,0.074952,0.925048
176.0,87774156256777768160436756789989062372701963996758741,24.0,535.0,535.0,0.0274,0.0274,0.0,0.0274,0.9726
176.0,70572719969624332011199901351228566052874877227465031,24.0,448.0,448.0,0.06438,0.06438,0.0,0.06438,0.93562
176.0,86250046064114433343982710398437258754379418231496971,24.0,398.0,390.0,0.029546,0.015964,0.015964,0.045509999999999995,0.9544900000000001
176.0,87134348646583113354803029928666774546954085244353883,24.0,342.0,342.0,0.012946,0.012946,0.0,0.012946,0.987054
176.0,71901633824806274691548687743309648812921855456127637,24.0,391.0,391.0,0.11727,0.11727,0.0,0.11727,0.88273
176.0,90150270285363435056040734184802693760325360863282387,24.0,494.0,494.0,0.004105,0.004105,0.0,0.004105,0.995895
176.0,94046017590480304561168089303295538090394575865219973,24.0,477.0,462.0,0.012552,0.019172,0.024931000000000002,0.037483,0.962517
176.0,64190892782173257959767693618630438907905705925983597,24.0,430.0,430.0,0.039281,0.039281,0.0,0.039281,0.960719
177.0,119125070369688751792163725903852573808324382853761851,24.0,518.0,499.0,0.045795,0.029504,0.029504,0.075299,0.924701
177.0,182726819299327515165849812245648871121491177942129611,24.0,479.0,479.0,0.078436,0.078436,0.0,0.078436,0.921564
177.0,188893960779618570376876195763394634184667143767990939,24.0,463.0,463.0,0.029725,0.029725,0.0,0.029725,0.970275
177.0,177226234109374423417710011618572758541886871555971773,24.0,516.0,515.0,0.01844,0.010753,0.010753,0.029193000000000004,0.970807
177.0,170417219917741538865104682908758540815889415996081587,24.0,484.0,474.0,0.006062,0.00764,0.027408000000000002,0.03347,0.96653
177.0,184456472780322533717507274449727396706948277959651997,24.0,704.0,704.0,0.025187,0.025187,0.0,0.025187,0.974813
177.0,172591822599216441031826476355149233765150072380634947,24.0,438.0,438.0,0.010066,0.010066,0.0,0.010066,0.989934
177.0,160262516696147396603234199689194202325829336961400089,24.0,414.0,414.0,0.043965,0.043965,0.0,0.043965,0.956035
177.0,189488332491885140927092409494182632690603024073949519,24.0,433.0,432.0,0.009767,0.012774,0.012774,0.022541,0.977459
177.0,158860589548227817116386228914199311016251079037823631,24.0,400.0,400.0,0.016745,0.016745,0.0,0.016745,0.983255
177.0,131023867650554721773986626498755865101732014114852169,24.0,489.0,489.0,0.157564,0.157564,0.0,0.157564,0.842436
177.0,185419546061793924107275707453523293583979540373323441,24.0,422.0,410.0,0.022919,0.07532,0.179275,0.20219399999999998,0.797806
177.0,130739606859025377984032427604557137652684751978400777,24.0,503.0,501.0,0.005268,0.007153,0.01495,0.020218,0.979782
177.0,148738595022486208740372312134935505218833565972371451,24.0,442.0,441.0,0.027986,0.01785,0.01785,0.045836,0.954164
177.0,167245458534901805246177899856773690854765016929409441,24.0,561.0,549.0,0.055832,0.037954,0.065428,0.12126,0.87874
177.0,167743233925335463625480222303950384908571933339861327,24.0,421.0,421.0,0.030401,0.030401,0.0,0.030401,0.969599
177.0,127846725145209783213161083219697857237418143943954471,24.0,562.0,562.0,0.020181,0.020181,0.0,0.020181,0.979819
177.0,175371321030994867998753692974243811078511522480617843,24.0,485.0,435.0,0.010211,0.010221,0.390706,0.400917,0.599083
177.0,116000582161408742104082789047643826044722595827305757,24.0,489.0,489.0,0.019752,0.019752,0.0,0.019752,0.980248
177.0,170372630777230523245695634046185057408362313049454403,24.0,611.0,611.0,0.012594,0.012594,0.0,0.012594,0.987406
178.0,326370916554170909248800565447441227366364752100439299,24.0,358.0,358.0,0.027117,0.027117,0.0,0.027117,0.972883
178.0,351133543531254740082619452808507153835828169762359977,24.0,341.0,341.0,0.185117,0.185117,0.0,0.185117,0.814883
178.0,336454357966569634923263904170681101591018051550982463,24.0,517.0,517.0,0.037449,0.037449,0.0,0.037449,0.962551
178.0,287084766998192650266030523003134421022082997050134521,24.0,477.0,473.0,0.033853,0.041272,0.041272,0.075125,0.924875
178.0,352927538094715815006260624760445835128691040320016481,24.0,435.0,430.0,0.036871,0.018199,0.028043,0.064914,0.935086
178.0,338358782479052619339175922612376094187822886673941721,24.0,575.0,575.0,0.09525,0.09525,0.0,0.09525,0.9047499999999999
178.0,350983244504690877302934108411058885737259142622352279,24.0,403.0,400.0,0.048948,0.070867,0.070867,0.119815,0.880185
178.0,362113241669248116131584645381866273037844314273508653,24.0,813.0,807.0,0.026454,0.039915,0.089721,0.116175,0.883825
178.0,354699753705738888969549737288396049484417614825528751,24.0,515.0,515.0,0.053578,0.053578,0.0,0.053578,0.946422
178.0,331690661156431736210765004245137972208022366664402553,24.0,993.0,988.0,0.004008,0.006023,0.019888,0.023896,0.976104
178.0,332675546545853496255458413537230392333963633325833083,24.0,393.0,393.0,0.016682,0.016682,0.0,0.016682,0.983318
178.0,313703344571742936697405437124510360823965169983069999,24.0,954.0,954.0,0.007345,0.007345,0.0,0.007345,0.992655
178.0,380254134293999860410999253285210970240457628198742663,24.0,448.0,448.0,0.030084,0.030084,0.0,0.030084,0.969916
178.0,360641711799225046890015181472030377655985832139240759,24.0,608.0,608.0,0.024294,0.024294,0.0,0.024294,0.975706
178.0,263917085618902017901372402907639485241329433989841083,24.0,513.0,513.0,0.02782,0.02782,0.0,0.02782,0.97218
178.0,266288106436622503269927529785703488384905659026805291,24.0,475.0,475.0,0.021456,0.021456,0.0,0.021456,0.978544
178.0,344304805683409519331394242367711732435948148819916561,24.0,486.0,486.0,0.130783,0.130783,0.0,0.130783,0.869217
178.0,341709744235492519708940578050014342971004111389339661,24.0,328.0,328.0,0.063179,0.063179,0.0,0.063179,0.936821
178.0,310967967663884862956076583774857977926596023977520621,24.0,700.0,700.0,0.104263,0.104263,0.0,0.104263,0.895737
178.0,327279608257895351469611029322246368521417106545791761,24.0,682.0,673.0,0.008616,0.006245,0.011614,0.020229999999999998,0.97977
179.0,558936428874945996924383768356203135254350439671785479,24.0,366.0,366.0,0.055651,0.055651,0.0,0.055651,0.944349
179.0,674926639517348090731177770827913991101246148882287283,24.0,980.0,974.0,0.007587,0.002737,0.018651,0.026238,0.973762
179.0,520778796933569712475497803976339448328715986002072523,24.0,554.0,547.0,0.028947,0.044647,0.044647,0.07359399999999999,0.9264060000000001
179.0,748335037461936801408133793949275373189490397012798993,24.0,587.0,587.0,0.18303999999999998,0.18303999999999998,0.0,0.18303999999999998,0.81696
179.0,750121838409245984074572114070043722336783466522324083,24.0,555.0,541.0,0.051661,0.005733,0.138418,0.190079,0.809921
179.0,652699193242756150846355283234498871767984936149202997,24.0,373.0,370.0,0.048279,0.020501,0.020501,0.06878000000000001,0.9312199999999999
179.0,701012462554551393326136469593585664907414625879938377,24.0,571.0,549.0,0.066142,0.027721,0.138553,0.20469500000000002,0.7953049999999999
179.0,651811943098199803843122079676572375058573432081265941,24.0,335.0,335.0,0.020744,0.020744,0.0,0.020744,0.979256
179.0,551025100698026169975841797211316492193395216233257361,24.0,688.0,681.0,0.018243,0.04269,0.04269,0.060933,0.939067
179.0,568232849243253819024806302642399573345242309126608059,24.0,453.0,453.0,0.027575,0.027575,0.0,0.027575,0.972425
179.0,639820098139219068308973252189078237340004822241496393,24.0,359.0,335.0,0.012059,0.077002,0.356885,0.368944,0.6310560000000001
179.0,761792849352011360883518708616350161974544759945523083,24.0,427.0,427.0,0.028312,0.028312,0.0,0.028312,0.971688
179.0,628942419048318189765862150028221450462352308232102681,24.0,346.0,346.0,0.146397,0.146397,0.0,0.146397,0.853603
179.0,566889538234990454641052189675936791837860452121325949,24.0,470.0,468.0,0.056046,0.026008,0.026008,0.082054,0.917946
179.0,716452162573779008868293903020235512769764173696217249,24.0,627.0,627.0,0.018334,0.018334,0.0,0.018334,0.981666
179.0,621413530195004739611180163225538908969413935549872629,24.0,896.0,896.0,0.020093,0.020093,0.0,0.020093,0.979907
179.0,645609036446719663018922094515491080262538063860555597,24.0,374.0,374.0,0.029745,0.029745,0.0,0.029745,0.970255
179.0,555489032258653592242576233173121867113539610787783833,24.0,386.0,386.0,0.070439,0.070439,0.0,0.070439,0.929561
179.0,535750173793033032362966709603096420101001099801784643,24.0,536.0,520.0,0.022521,0.026218,0.13364800000000002,0.156169,0.843831
179.0,456506540313436296309522192769161449949543126587051023,24.0,417.0,417.0,0.048135,0.048135,0.0,0.048135,0.951865
180.0,1358996782341013393471064892946133021632416224066738371,24.0,753.0,743.0,0.043167000000000004,0.010952,0.040291,0.083458,0.916542
180.0,1147190830767755812327995081041386320310165753132541849,24.0,638.0,638.0,0.016103,0.016103,0.0,0.016103,0.983897
180.0,1403925300691032372140940928473865553985310895500181911,24.0,459.0,459.0,0.02188,0.02188,0.0,0.02188,0.97812
180.0,1495775451737959760457511687274350579183536185139242641,24.0,427.0,414.0,0.022145,0.015082,0.100037,0.122182,0.877818
180.0,1110739563446777289531838627303749633950291508344598743,24.0,488.0,488.0,0.007221,0.007221,0.0,0.007221,0.992779
180.0,1194024369143971552927889417542591741693717575625673111,24.0,467.0,467.0,0.020003,0.020003,0.0,0.020003,0.979997
180.0,1260166637346508034925373413900190230508510171798948477,24.0,732.0,732.0,0.050474,0.050474,0.0,0.050474,0.949526
180.0,1455316476136829091460607052510092178765985268783561317,24.0,516.0,502.0,0.006708,0.008103,0.042643,0.049351,0.950649
180.0,1309093992710635640836698146159549405123972272927404881,24.0,496.0,484.0,0.07624399999999999,0.007336,0.020316,0.09655999999999999,0.90344
180.0,1390894799146412153168495467213932724874405876411579611,24.0,490.0,487.0,0.056600000000000004,0.03102,0.03102,0.08762,0.91238
180.0,1520134781616046526108129582711299483597548910524846853,24.0,425.0,425.0,0.022654,0.022654,0.0,0.022654,0.977346
180.0,1505439219343167470373459269572451082957623944381924673,24.0,411.0,407.0,0.012714,0.019483,0.019483,0.032197,0.967803
180.0,1057025848491395991324830754425862907965800790964989169,24.0,415.0,414.0,0.019821,0.013683,0.013683,0.033504,0.966496
180.0,1022335052507123413464678276586097658581994406812064513,24.0,412.0,412.0,0.019547000000000002,0.019547000000000002,0.0,0.019547000000000002,0.980453
180.0,986820806071662897465598796288744366007908716888546481,24.0,789.0,784.0,0.002602,0.009731,0.009731,0.012333,0.987667
180.0,1524644692974396926561992448558626212968367576768526879,24.0,397.0,387.0,0.014858,0.014132,0.027387,0.042245000000000005,0.957755
180.0,1314131625546751137305337304108371769311553500059572603,24.0,433.0,429.0,0.034883,0.032356,0.033792,0.068675,0.931325
180.0,1159287238259464432648787656029088912397674342457115643,24.0,445.0,441.0,0.084942,0.043735,0.043735,0.128677,0.871323
180.0,1475197377405499619513187533655878473208974647166678079,24.0,400.0,400.0,0.075535,0.075535,0.0,0.075535,0.924465
180.0,1092513974848862293580063101113260203144966532297855803,24.0,575.0,575.0,0.024832,0.024832,0.0,0.024832,0.975168
181.0,2146755962617820701939724558369889009769651618593397373,24.0,485.0,476.0,0.017671,0.020418,0.034553,0.052224,0.947776
181.0,2072316348390379785942053767435731590279096222618626363,24.0,495.0,491.0,0.017812,0.02196,0.049655000000000005,0.067467,0.9325330000000001
181.0,2877046995656031836501313697137912148919872998967745519,24.0,556.0,556.0,0.02255,0.02255,0.0,0.02255,0.97745
181.0,2880369969123252961817754651476818952571924308651017163,24.0,462.0,462.0,0.014401,0.014401,0.0,0.014401,0.985599
181.0,2861708897811122498028015229576663189712718130603358513,24.0,569.0,566.0,0.03642,0.020905,0.020905,0.057325,0.942675
181.0,2806788267767978306991980520946809467457007629229500787,24.0,673.0,668.0,0.07861800000000001,0.009947,0.062139999999999994,0.140758,0.8592420000000001
181.0,2302747288573481437114058572318921809401333842388506063,24.0,550.0,550.0,0.083087,0.083087,0.0,0.083087,0.916913
181.0,2533946943181812616782556407056335292416812676112585527,24.0,430.0,419.0,0.050668000000000005,0.033709,0.079813,0.130481,0.8695189999999999
181.0,2487771293557144436196457222451407643840343448896262201,24.0,391.0,391.0,0.009582,0.009582,0.0,0.009582,0.990418
181.0,2345607456560758996293272875237597113634991575593930503,24.0,409.0,398.0,0.01816,0.024696,0.037461,0.055621000000000004,0.944379
181.0,2451877345078985122707203168343312742955044811033249477,24.0,515.0,487.0,0.020257999999999998,0.085373,0.146158,0.166416,0.833584
181.0,2340974696399471038404420962322551749504771560040272007,24.0,512.0,512.0,0.063313,0.063313,0.0,0.063313,0.936687
181.0,2477342015750519040996010692078739219032174672206011307,24.0,595.0,595.0,0.018956,0.018956,0.0,0.018956,0.981044
181.0,2296086844355268411990274677061153842585626962159704019,24.0,405.0,404.0,0.021974,0.013344,0.013344,0.035318,0.964682
181.0,2857327712261479603462914395058626994702465220337337739,24.0,578.0,576.0,0.098873,0.038582,0.038582,0.137455,0.862545
181.0,1869241629214427269662931336533353684013970622159921317,24.0,523.0,515.0,0.0314,0.046859,0.054296,0.085696,0.914304
181.0,2136463886038630304242691639030926383783507376355925571,24.0,418.0,418.0,0.026565,0.026565,0.0,0.026565,0.973435
181.0,2877127110897588495873508614076070239692397854333669421,24.0,875.0,868.0,0.011925,0.006505,0.025933,0.037858,0.962142
181.0,2391506213382517426158791151215598942262031718622544827,24.0,488.0,478.0,0.051745,0.013853,0.033871,0.085616,0.914384
181.0,2948841039361971531410668839665611640358315799683010259,24.0,552.0,552.0,0.017025,0.017025,0.0,0.017025,0.982975
182.0,4191292476346020518783656275665657989599723159847851667,24.0,550.0,539.0,0.0074470000000000005,0.007925,0.015795,0.023242,0.976758
182.0,4368915889305698991841916329930420223695538711679696073,24.0,405.0,397.0,0.01731,0.007701,0.007701,0.025011,0.974989
182.0,4603173397210774045412589779080265237568427782430487923,24.0,620.0,617.0,0.032458,0.014033,0.014033,0.046491000000000005,0.9535089999999999
182.0,4412747380103085417736789338590629677444833420942921431,24.0,630.0,630.0,0.03205,0.03205,0.0,0.03205,0.96795
182.0,5274862496484527199284351082466041501734256417850671079,24.0,331.0,331.0,0.05415,0.05415,0.0,0.05415,0.94585
182.0,4800792925814278444401434125143406347751419932688595051,24.0,401.0,391.0,0.031228,0.04166,0.04166,0.07288800000000001,0.9271119999999999
182.0,3653812005152759308354861844496272098804036966408036451,24.0,520.0,520.0,0.048781,0.048781,0.0,0.048781,0.951219
182.0,4646737653138437262079866979167515682324029521366613887,24.0,617.0,617.0,0.006952,0.006952,0.0,0.006952,0.993048
182.0,5244063665198047536361296769370401123699361439281027921,24.0,389.0,389.0,0.065826,0.065826,0.0,0.065826,0.9341740000000001
182.0,5043512217423355819857280369022042682912863299358815427,24.0,580.0,580.0,0.035696,0.035696,0.0,0.035696,0.964304
182.0,5381424364337562423689277556082862960704173067855407963,24.0,411.0,408.0,0.042154,0.056722,0.056722,0.09887599999999999,0.901124
182.0,5605622646710231703717995108618170373087268192211651819,24.0,429.0,429.0,0.102703,0.102703,0.0,0.102703,0.897297
182.0,5372876402521245557172885073810823234220306537484862171,24.0,519.0,519.0,0.020979,0.020979,0.0,0.020979,0.979021
182.0,5193787393634226710856637245122360855837884143711668923,24.0,418.0,402.0,0.006909,0.015516,0.092185,0.099094,0.900906
182.0,4901526449801380100603842024908873735304969564340783837,24.0,517.0,517.0,0.039198,0.039198,0.0,0.039198,0.960802
182.0,6116842254080121661991651815972543754648149039661461711,24.0,522.0,522.0,0.066618,0.066618,0.0,0.066618,0.933382
182.0,4848300292233620118117558303318082764588214458439723993,24.0,700.0,691.0,0.074264,0.115549,0.131223,0.205487,0.794513
182.0,5455870824923288995533498136798277725990387457579154641,24.0,369.0,369.0,0.079152,0.079152,0.0,0.079152,0.920848
182.0,3785938512649873423258671464276287016184708730225383793,24.0,371.0,371.0,0.046607,0.046607,0.0,0.046607,0.953393
182.0,4491160981645514588938837869554023508980963008773065231,24.0,572.0,572.0,0.053951,0.053951,0.0,0.053951,0.946049
183.0,9166723778901347230936039451531749253767512951187044911,24.0,351.0,351.0,0.123194,0.123194,0.0,0.123194,0.876806
183.0,10455930224123599063565031820487918262028421842464564737,24.0,942.0,940.0,0.012944,0.005368,0.005368,0.018312000000000002,0.981688
183.0,7427674099806058459503172382903188275128363209564310927,24.0,359.0,359.0,0.039932,0.039932,0.0,0.039932,0.960068
183.0,10617285421144533269412481609230267820807269357289585027,24.0,513.0,504.0,0.10475899999999999,0.065776,0.099983,0.20474199999999998,0.795258
183.0,11010471763583359046491348791311818146317648218012267883,24.0,587.0,580.0,0.023098,0.009083,0.018097000000000002,0.041195,0.958805
183.0,10332376251302120495254834326196282275734767686242549761,24.0,337.0,337.0,0.069385,0.069385,0.0,0.069385,0.930615
183.0,11749977713551691032971054523891664935137255323436579743,24.0,638.0,638.0,0.01569,0.01569,0.0,0.01569,0.98431
183.0,10038010870002094481651798134300472801725442018653785307,24.0,459.0,459.0,0.029833,0.029833,0.0,0.029833,0.970167
183.0,10982511715433447835689163250582120464921150302579077343,24.0,389.0,386.0,0.040913,0.01304,0.043866,0.084779,0.9152210000000001
183.0,8953983959087052116701047035345005923200525137226524679,24.0,548.0,548.0,0.016439,0.016439,0.0,0.016439,0.983561
183.0,8876846022270762570247578740470934525848460110861548643,24.0,716.0,707.0,0.070475,0.010228,0.010228,0.080703,0.919297
183.0,7272641689296160343480501161670052491504793391277318831,24.0,436.0,436.0,0.208266,0.208266,0.0,0.208266,0.7917339999999999
183.0,12244318449419593826201370835952825834440723200097525199,24.0,568.0,568.0,0.010473,0.010473,0.0,0.010473,0.989527
183.0,11599990885992088420849467859622548958581504884697039151,24.0,527.0,504.0,0.014379,0.053405,0.198387,0.212766,0.787234
183.0,7605813317180000005669607627882043830747996242518578099,24.0,586.0,586.0,0.021505,0.021505,0.0,0.021505,0.978495
183.0,12182702859135303445823465643541896884548888148712896953,24.0,367.0,367.0,0.005223,0.005223,0.0,0.005223,0.994777
183.0,9709983608535670096749131929304035374023228870737229987,24.0,501.0,501.0,0.036015,0.036015,0.0,0.036015,0.963985
183.0,10464773632474194098893561476862794550508738502141675107,24.0,591.0,588.0,0.082904,0.042203,0.042203,0.125107,0.874893
183.0,9586059037733377655369346899873870070324449037164235107,24.0,348.0,348.0,0.020906,0.020906,0.0,0.020906,0.979094
183.0,9699446562764165401251791317533912674237385429964214831,24.0,400.0,400.0,0.021749,0.021749,0.0,0.021749,0.978251
184.0,18626849292167387044123969723309390925329349903285206507,24.0,358.0,355.0,0.061679,0.022882,0.022882,0.084561,0.915439
184.0,18804282751054831530309800753579061511332519271103678431,24.0,547.0,547.0,0.045125,0.045125,0.0,0.045125,0.954875
184.0,18252028929067861875789984563223162861221576906848127717,24.0,679.0,670.0,0.02741,0.117971,0.36618599999999996,0.39359599999999995,0.606404
184.0,24181446627067838775417564967666980419690582548365581197,24.0,494.0,494.0,0.01139,0.01139,0.0,0.01139,0.98861
184.0,23005878760564119588403003965951554728473230184759392953,24.0,589.0,589.0,0.04718,0.04718,0.0,0.04718,0.95282
184.0,23936510072986768214421716184424106299398221539866239897,24.0,494.0,480.0,0.019455,0.009693,0.09516699999999999,0.11462199999999999,0.885378
184.0,16234034926709714462589794505359125056267838558020716281,24.0,650.0,636.0,0.005631,0.00648,0.041899000000000006,0.04753,0.95247
184.0,23428690111692592128116212619775791367144015582938967239,24.0,463.0,450.0,0.008701,0.005683,0.073569,0.08227,0.91773
184.0,18912759825437398136803515023873579742325104166174841671,24.0,477.0,477.0,0.037536,0.037536,0.0,0.037536,0.962464
184.0,19927044154018425176840956388997557677674288593187597089,24.0,431.0,431.0,0.041956,0.041956,0.0,0.041956,0.958044
184.0,19536799308159701904048108852677303754701680967104128127,24.0,441.0,432.0,0.008774,0.042943,0.121226,0.13,0.87
184.0,19071823677149723706403511825275713145306081300414131937,24.0,565.0,560.0,0.009591,0.007722,0.007722,0.017313000000000002,0.982687
184.0,20612269609108741202241460271673864594887702871452882101,24.0,445.0,445.0,0.011961,0.011961,0.0,0.011961,0.988039
184.0,18920239559229041789878510751170285007946834591953601329,24.0,656.0,656.0,0.031857,0.031857,0.0,0.031857,0.968143
184.0,22611644979880324889689047625329907958432993333469481211,24.0,427.0,412.0,0.039465,0.017658,0.150012,0.189477,0.810523
184.0,22464664451229199112637114050957084764371480284978460343,24.0,396.0,396.0,0.024631,0.024631,0.0,0.024631,0.975369
184.0,20229563940142821382398535762812188204560973744420706551,24.0,538.0,538.0,0.018238,0.018238,0.0,0.018238,0.981762
184.0,14302906747822375527736225805395822106070407268478927343,24.0,445.0,445.0,0.022437,0.022437,0.0,0.022437,0.977563
184.0,22648934796018516144639607669733048190885481628018590453,24.0,476.0,476.0,0.043038,0.043038,0.0,0.043038,0.956962
184.0,15697907949934382447029781871211500370846936672724531567,24.0,440.0,438.0,0.012673,0.027018,0.027018,0.039691000000000004,0.960309
185.0,39302817494925418904731805103331681348585472258348444957,25.0,616.0,606.0,0.007567,0.012099,0.027665,0.035232,0.964768
185.0,39163563717688705635413025356219451066821712937228964227,25.0,518.0,506.0,0.010249,0.036615,0.124968,0.135217,0.864783
185.0,43686826810459062412827238710551696728616518667617692019,25.0,584.0,584.0,0.015806,0.015806,0.0,0.015806,0.984194
185.0,44530085274113978279620207534979690950635532686975502813,25.0,352.0,352.0,0.022016,0.022016,0.0,0.022016,0.977984
185.0,43570715964626102904381136448155751424171061828655209841,25.0,479.0,479.0,0.022285,0.022285,0.0,0.022285,0.977715
185.0,42847627148824300921093636376913601640563740728623558181,25.0,769.0,763.0,0.012928,0.013848,0.05379,0.066718,0.933282
185.0,32083703321789764487338768250718421793945445188847533027,24.0,682.0,682.0,0.072916,0.072916,0.0,0.072916,0.927084
185.0,33014805666036752589259540494640708288963751747621341763,25.0,585.0,570.0,0.023128,0.008916,0.092237,0.115365,0.8846350000000001
185.0,41464335276070540341399584119313180727925975932568415057,25.0,402.0,402.0,0.029992,0.029992,0.0,0.029992,0.970008
185.0,33861582902426483337301296118131448522568614203251711863,25.0,464.0,464.0,0.024577,0.024577,0.0,0.024577,0.975423
185.0,46071639138339644800558097284225066199315293701982806079,25.0,873.0,869.0,0.033756,0.021429,0.021429,0.055185,0.944815
185.0,37936033159136473000212002322269943296231496368568922549,25.0,383.0,383.0,0.062129,0.062129,0.0,0.062129,0.937871
185.0,48350569892826986379872186809679223015058022521047573871,25.0,502.0,502.0,0.036156,0.036156,0.0,0.036156,0.963844
185.0,41198097084082663709570476103319690345818375254249026263,25.0,437.0,437.0,0.022891,0.022891,0.0,0.022891,0.977109
185.0,45101352016751018053319721236302099399595057715497241929,25.0,470.0,466.0,0.005339,0.020252,0.033927,0.039265999999999995,0.960734
185.0,42065769993861888778368368385451592776021006938027669583,25.0,898.0,898.0,0.013563,0.013563,0.0,0.013563,0.986437
185.0,41907847300045853777854516119774591215451371041706482459,25.0,653.0,653.0,0.020926,0.020926,0.0,0.020926,0.979074
185.0,48828218167552081470122749610887068068091405463826001571,25.0,420.0,400.0,0.012288,0.041851,0.10725200000000001,0.11954000000000001,0.88046
185.0,41321776714362126833330727735907708762522999908493584631,25.0,500.0,486.0,0.004755,0.011711,0.024596999999999997,0.029351999999999996,0.970648
185.0,45383217518804476499152706989070758316114620859553366943,25.0,340.0,340.0,0.016053,0.016053,0.0,0.016053,0.983947
186.0,91860233843352511299828307727646362358888480420031170413,25.0,647.0,647.0,0.117595,0.117595,0.0,0.117595,0.882405
186.0,80310109483483183267313583353855043236387938949945913511,25.0,362.0,362.0,0.047243,0.047243,0.0,0.047243,0.952757
186.0,80341684383462084364790814145428006802552449749708478169,25.0,648.0,637.0,0.005619,0.006298,0.023614999999999997,0.029233999999999996,0.970766
186.0,94274586636737974618847930138230885567012445571032348059,25.0,552.0,548.0,0.010627,0.040362999999999996,0.040362999999999996,0.050989999999999994,0.94901
186.0,85286064753422311838018802719562606418460845712040300179,25.0,455.0,455.0,0.022512,0.022512,0.0,0.022512,0.977488
186.0,95824663807095715873047831217240459086791279500036727837,25.0,563.0,559.0,0.027241,0.008639,0.048127,0.075368,0.924632
186.0,80600641280005619173439191411717632606164953443740925413,25.0,653.0,653.0,0.001422,0.001422,0.0,0.001422,0.998578
186.0,53363439485857552435882838625033101776848292903405327631,25.0,486.0,486.0,0.055423,0.055423,0.0,0.055423,0.944577
186.0,84360977267528679389916660229858829202359730331725108419,25.0,591.0,591.0,0.029985,0.029985,0.0,0.029985,0.970015
186.0,79840201135431317961751024566665709261061070004618876607,25.0,390.0,390.0,0.031324,0.031324,0.0,0.031324,0.968676
186.0,86866046861802039662583542752660385034769683216166980061,25.0,701.0,701.0,0.059646,0.059646,0.0,0.059646,0.940354
186.0,86323619254797487920466332795791126216445907418620989923,25.0,507.0,503.0,0.019815,0.010176,0.010176,0.029990999999999997,0.970009
186.0,96229941655765770007029825039522376331365113196946498957,25.0,439.0,424.0,0.024835,0.031363,0.07780400000000001,0.10263900000000001,0.897361
186.0,68612351526722038739277226442469049931568086799744053797,25.0,492.0,479.0,0.039418,0.018652,0.05050399999999999,0.089922,0.9100779999999999
186.0,68105415306841011876975324285506148265126787018204059721,25.0,684.0,681.0,0.021021,0.012211,0.012211,0.033232,0.966768
186.0,82153452353776642549718572430278706898613500637862573111,25.0,585.0,585.0,0.057884,0.057884,0.0,0.057884,0.942116
186.0,58260742770043455753114412466166256900662844348827175237,25.0,656.0,656.0,0.047304,0.047304,0.0,0.047304,0.952696
186.0,92398084669964916514251013016603556504210733394779182767,25.0,354.0,350.0,0.04265,0.050441,0.050441,0.09309100000000001,0.906909
186.0,85070111672001330371958789558357340118850688442337853217,25.0,406.0,406.0,0.026891,0.026891,0.0,0.026891,0.973109
186.0,77006883355586853676151730714225091231991247740864640619,25.0,409.0,409.0,0.05796,0.05796,0.0,0.05796,0.94204
187.0,185702567469454758545522669141358609758902348939813864093,25.0,539.0,539.0,0.060492,0.060492,0.0,0.060492,0.939508
187.0,179941892859217785606681885687143742888315889414346363689,25.0,1050.0,1050.0,0.035008,0.035008,0.0,0.035008,0.964992
187.0,181526373319561920706249179904543072763946711556143801553,25.0,573.0,565.0,0.008452,0.06966,0.14571800000000001,0.15417,0.84583
187.0,167429568427479950155810682841163388259872915659211758439,25.0,422.0,422.0,0.029814,0.029814,0.0,0.029814,0.970186
187.0,186979504018673334316662054121094588580490052795915527519,25.0,592.0,589.0,0.026834999999999998,0.006827,0.014765999999999998,0.041601,0.958399
187.0,145169698815553753950995436308896640554249031871232995529,25.0,614.0,610.0,0.035807,0.014628,0.014628,0.050435,0.949565
187.0,189461310023527313299690027067741970827568893636258377063,25.0,776.0,770.0,0.001874,0.004099,0.004099,0.005973,0.994027
187.0,195549547224884539368396804380565596304971046728434683161,25.0,428.0,428.0,0.044762,0.044762,0.0,0.044762,0.955238
187.0,178245846474078559274688392189915797290638577194576694293,25.0,442.0,442.0,0.042228,0.042228,0.0,0.042228,0.957772
187.0,140252436907018775044357018689165543420042260373871440727,25.0,521.0,518.0,0.031441,0.015817,0.015817,0.047257999999999994,0.952742
187.0,192105990641511042361486580149859043063803753731838318981,25.0,824.0,822.0,0.007407,0.0199,0.026658,0.034065,0.965935
187.0,178454889426021172984526500874394848133697897783899319511,25.0,990.0,977.0,0.006915,0.008479,0.021315,0.02823,0.97177
187.0,147793902755095806954444489354226029687835800736294743133,25.0,639.0,639.0,0.027686,0.027686,0.0,0.027686,0.972314
187.0,181066564675332279473924972484406057203667755771628163519,25.0,421.0,421.0,0.026411,0.026411,0.0,0.026411,0.973589
187.0,168818801318777087057170297997195516793375607488939767557,25.0,444.0,444.0,0.048395,0.048395,0.0,0.048395,0.951605
187.0,163084686989748233415040348211861253938756903626114968719,25.0,416.0,408.0,0.054098,0.066695,0.066695,0.12079300000000001,0.879207
187.0,188075731576689556162612507442726713223245640460883288489,25.0,585.0,585.0,0.073363,0.073363,0.0,0.073363,0.926637
187.0,132226185708852638537764772743714220747210366978910886177,25.0,472.0,470.0,0.099146,0.044901,0.044901,0.144047,0.855953
187.0,194698576701919400115040833966319106090888842928840082833,25.0,466.0,466.0,0.030939,0.030939,0.0,0.030939,0.969061
187.0,125253423035716542158322394161648453041038946552062725559,25.0,494.0,494.0,0.005979,0.005979,0.0,0.005979,0.994021
188.0,314224750521702231589078779205748577487125730214151848227,25.0,477.0,477.0,0.037325,0.037325,0.0,0.037325,0.962675
188.0,214725867801677657763150716044378228025925022271604157093,25.0,377.0,375.0,0.143301,0.048213,0.048213,0.19151400000000002,0.808486
188.0,337786569927761505444410838242068306234426938889367376089,25.0,415.0,415.0,0.05097,0.05097,0.0,0.05097,0.94903
188.0,360223106477640603715939086025088234494108141240755800321,25.0,449.0,449.0,0.110929,0.110929,0.0,0.110929,0.889071
188.0,374124987525817520307508964115960865602386918837898179827,25.0,668.0,648.0,0.028849,0.019917,0.057442,0.086291,0.913709
188.0,361989780913006793919620222968747185160737595989089084909,25.0,435.0,426.0,0.021355,0.082285,0.17341,0.19476500000000002,0.8052349999999999
188.0,317559581118592945343728270732523067627215982144611637637,25.0,399.0,399.0,0.06967,0.06967,0.0,0.06967,0.93033
188.0,379999621526733814982174866558604085395375086537465979591,25.0,408.0,408.0,0.028401,0.028401,0.0,0.028401,0.971599
188.0,366021560344730588643709636731405132352498915207181378779,25.0,441.0,425.0,0.028469,0.016004,0.029477000000000003,0.057946000000000004,0.942054
188.0,387944003533460640819952009732254475678414088984486177033,25.0,642.0,642.0,0.036763,0.036763,0.0,0.036763,0.963237
188.0,374845489005902740783352118914562105030081362850475258007,25.0,664.0,664.0,0.030539,0.030539,0.0,0.030539,0.969461
188.0,386515816923087548415772467909907858268131406963172669599,25.0,538.0,538.0,0.03136,0.03136,0.0,0.03136,0.96864
188.0,221106737983069547058303874626625601611876932304469714993,25.0,458.0,458.0,0.023604,0.023604,0.0,0.023604,0.976396
188.0,240210128646608330322236250926839186745574038027417949109,25.0,547.0,536.0,0.016928,0.018222,0.022906999999999997,0.039834999999999995,0.960165
188.0,318351913440867881282887107239336403432896585513539162139,25.0,458.0,458.0,0.100651,0.100651,0.0,0.100651,0.899349
188.0,378635620380227758123177463104203120047480633879439638329,25.0,488.0,480.0,0.007221,0.022363,0.022363,0.029584,0.970416
188.0,319199732197973078769687558220972231917492453889455575179,25.0,458.0,458.0,0.051409,0.051409,0.0,0.051409,0.948591
188.0,381980473612089531334196860824416470009021634012423067737,25.0,444.0,444.0,0.043181,0.043181,0.0,0.043181,0.956819
188.0,256586033541357135375485125099595006467144223152458416503,25.0,371.0,361.0,0.063207,0.026021,0.106005,0.169212,0.830788
188.0,353636550421510722509208696720104070107782240230147107101,25.0,514.0,514.0,0.021954,0.021954,0.0,0.021954,0.978046
189.0,408589902288642681578344276763041902416284671692080986377,25.0,403.0,403.0,0.0064589999999999995,0.0064589999999999995,0.0,0.0064589999999999995,0.993541
189.0,646628678273258141372517202145221034603557799378124614201,25.0,539.0,539.0,0.038074,0.038074,0.0,0.038074,0.9619260000000001
189.0,592635606571861287284224295593110454631652264655249578353,25.0,514.0,508.0,0.013218,0.004954,0.016538999999999998,0.029757,0.970243
189.0,650208432524537748605744087782608274999617116493579199513,25.0,611.0,608.0,0.023362,0.006396,0.014017,0.037379,0.962621
189.0,599419609079700662276957964472775050611343385405910300163,25.0,770.0,760.0,0.00601,0.005481,0.008221,0.014230999999999999,0.985769
189.0,591139658903332237066666950704418695507871569867166356959,25.0,508.0,508.0,0.036445,0.036445,0.0,0.036445,0.963555
189.0,759303095841708533868206131077305245572712516145789616107,25.0,419.0,419.0,0.06813,0.06813,0.0,0.06813,0.93187
189.0,723374087894581884780114042666006439305170047096296570421,25.0,396.0,396.0,0.008298,0.008298,0.0,0.008298,0.991702
189.0,642089268364349919722039425710377324200681378773618660631,25.0,537.0,532.0,0.068705,0.020137,0.020137,0.088842,0.911158
189.0,493458509028245692711455247191997853201057771326056542803,25.0,779.0,779.0,0.095233,0.095233,0.0,0.095233,0.904767
189.0,775267771444101410063934578993845769575953505357992661799,25.0,823.0,808.0,0.009892,0.002692,0.045012,0.054904,0.945096
189.0,525214235994067347101638348805237964788334546789415420243,25.0,657.0,643.0,0.011012,0.008519,0.049124,0.060136,0.939864
189.0,510228484199873332122049098813102378921923672052464278333,25.0,424.0,424.0,0.026366,0.026366,0.0,0.026366,0.973634
189.0,630121824338129668949919059009823882545840337934822277567,25.0,697.0,688.0,0.016256,0.014512,0.080705,0.09696099999999999,0.903039
189.0,755634779781799121353112557954459602771587484582257255551,25.0,408.0,405.0,0.073838,0.025953,0.040788,0.114626,0.885374
189.0,612172740703460905652990412541931502012476806243188854431,25.0,623.0,622.0,0.035632,0.010052,0.010052,0.045683999999999995,0.954316
189.0,530704707601162495384297467780173501132805319654798984003,25.0,414.0,414.0,0.029534,0.029534,0.0,0.029534,0.970466
189.0,756916004872319657418986856461653189263814971681663763573,25.0,553.0,553.0,0.032326,0.032326,0.0,0.032326,0.967674
189.0,490921607897052107753246264180398217237973784027521089099,25.0,428.0,428.0,0.060525,0.060525,0.0,0.060525,0.939475
189.0,767702133245506513310164240704062695141079949461903447479,25.0,484.0,484.0,0.022749,0.022749,0.0,0.022749,0.977251
190.0,1107697980005560535935691181882881481298971577503883545431,25.0,512.0,512.0,0.091772,0.091772,0.0,0.091772,0.908228
190.0,1447718595714448727207173851527167403200700108585820235931,25.0,405.0,403.0,0.04355,0.008452,0.008452,0.052002,0.947998
190.0,1067595819970828694093593212927706218036137678171084438953,25.0,467.0,465.0,0.008138,0.004988,0.013721,0.021859,0.978141
190.0,1236956916814563958009976698763228455869309463346857145209,25.0,402.0,393.0,0.018234,0.01409,0.01409,0.032324,0.967676
190.0,1303595662239872394152630143462469139534875953977955173719,25.0,955.0,941.0,0.015236999999999999,0.00546,0.039298,0.054535,0.945465
190.0,1436728764183159269584547372484560757421757510937607299719,25.0,427.0,412.0,0.020884,0.010796,0.084811,0.105695,0.894305
190.0,1358738873900145804437909196195927584579190583894624729549,25.0,527.0,510.0,0.037376,0.016987,0.118363,0.155739,0.844261
190.0,1309414713325066973570726305039978280113478833538624990717,25.0,668.0,668.0,0.005932,0.005932,0.0,0.005932,0.994068
190.0,1119233946195882068749589393936438955574244336504433599743,25.0,548.0,533.0,0.050915,0.037227,0.163838,0.21475300000000003,0.785247
190.0,1391390333131732070825024754648255205953706845753859235761,25.0,871.0,868.0,0.004798,0.005292,0.005292,0.01009,0.98991
190.0,1219405195991088602219964475590713847204090579216876133247,25.0,696.0,687.0,0.043535000000000004,0.008197,0.060985000000000004,0.10452,0.89548
190.0,1285952433782265124699401960911465263241667818151785942989,25.0,459.0,459.0,0.038441,0.038441,0.0,0.038441,0.961559
190.0,936281692826227408663886118472398327211075139996831483807,25.0,448.0,439.0,0.089582,0.015025,0.074894,0.164476,0.8355239999999999
190.0,1495152348884655255748854019985088902044523205603769307549,25.0,498.0,498.0,0.005556,0.005556,0.0,0.005556,0.994444
190.0,1543054376408543181151756345226381442258117792563593031941,25.0,464.0,464.0,0.040056999999999995,0.040056999999999995,0.0,0.040056999999999995,0.959943
190.0,1197900039859831281860297786593556759105357856705065296097,25.0,371.0,371.0,0.047654,0.047654,0.0,0.047654,0.952346
190.0,1325762643789188253480076014106355323863094856768820242033,25.0,414.0,405.0,0.014258,0.010107,0.023048,0.037306,0.962694
190.0,1549503894836788136271053205345052692884272523599834807513,25.0,515.0,492.0,0.042523,0.011819,0.258525,0.301048,0.698952
190.0,1371820001327266974371651800423316814650750283162857664521,25.0,400.0,391.0,0.020265,0.028539,0.07982900000000001,0.10009400000000002,0.899906
190.0,1319759631078608755615705806993244756656084597458744780879,25.0,486.0,478.0,0.006721,0.01009,0.017611,0.024332000000000003,0.975668
191.0,2180877054471620294689724695606846212849552332318992940407,25.0,468.0,468.0,0.022669,0.022669,0.0,0.022669,0.977331
191.0,1606385381360148813307516689773707722363849418834436678389,25.0,425.0,413.0,0.060225,0.039553,0.12030999999999999,0.180535,0.819465
191.0,2738991831553984659353836548560279154535043688289688027603,25.0,420.0,420.0,0.066018,0.066018,0.0,0.066018,0.933982
191.0,2021640631374636353782008830324840969777513038468864748759,25.0,631.0,631.0,0.008551,0.008551,0.0,0.008551,0.991449
191.0,2105598972222103150968007207241144213000505023620025661667,25.0,425.0,422.0,0.016203,0.018689,0.018689,0.034892,0.965108
191.0,2954552227750152336095183292848417913001395070298811029879,25.0,585.0,585.0,0.009848,0.009848,0.0,0.009848,0.990152
191.0,2604823021534871940153658516882468145972589783978202484923,25.0,491.0,483.0,0.019678,0.016297,0.05672599999999999,0.076404,0.923596
191.0,2697799617327879157081712621189446951709202892838110789249,25.0,1094.0,1094.0,0.04221,0.04221,0.0,0.04221,0.95779
191.0,2749750578464362511041140809468842163052814508247072125809,25.0,688.0,688.0,0.044258,0.044258,0.0,0.044258,0.955742
191.0,2810254725646498720414994000029322939731083303115400227283,25.0,583.0,583.0,0.017836,0.017836,0.0,0.017836,0.982164
191.0,2919723125927389511356972449231841889026550065177689782341,25.0,584.0,584.0,0.004838,0.004838,0.0,0.004838,0.995162
191.0,2384759410471810319375657922573509817577252181814221416381,25.0,527.0,527.0,0.007385,0.007385,0.0,0.007385,0.992615
191.0,2870902859138464144898136609805487079043674281379484515257,25.0,535.0,532.0,0.043749,0.019794,0.019794,0.063543,0.936457
191.0,2531428612228677358426023750691561085464553004835817283823,25.0,664.0,662.0,0.006949,0.001403,0.008104,0.015053,0.984947
191.0,2569199376454128229458263634674647272803671413063904093681,25.0,459.0,459.0,0.011527,0.011527,0.0,0.011527,0.988473
191.0,2077139403037075257284520813457747381680630617898050789129,25.0,579.0,572.0,0.005421,0.014438,0.027935999999999996,0.033357,0.966643
191.0,2599527300982831600647840629042688948539972657946504879419,25.0,723.0,721.0,0.008071,0.038503,0.038503,0.046574000000000004,0.953426
191.0,2939945259852704861237884063321703407639606324099970984489,25.0,502.0,496.0,0.071177,0.05681,0.05681,0.12798700000000002,0.8720129999999999
191.0,2806787067261975292631801717103764100516337005958274854877,25.0,861.0,861.0,0.03899,0.03899,0.0,0.03899,0.96101
191.0,3102854422286895681399386946361481173908793767638701190957,25.0,526.0,526.0,0.07262,0.07262,0.0,0.07262,0.92738
192.0,6053136549975215707114861824618604186550967571524618556511,25.0,556.0,556.0,0.069288,0.069288,0.0,0.069288,0.930712
192.0,5772223899679240100865858833866067485733365743633882768503,25.0,383.0,383.0,0.013618,0.013618,0.0,0.013618,0.986382
192.0,4939008137476552065240184537828644764133517214756158762829,25.0,455.0,455.0,0.012561,0.012561,0.0,0.012561,0.987439
192.0,6212435194276394115763543059243494938563033646586224859629,25.0,544.0,544.0,0.021797,0.021797,0.0,0.021797,0.978203
192.0,3874204338182140753502701838530384426297759523506113427483,25.0,637.0,632.0,0.005317,0.004739,0.023756,0.029072999999999998,0.970927
192.0,3347208880492337566130653746802735549578109517894379499733,25.0,771.0,771.0,0.012984,0.012984,0.0,0.012984,0.987016
192.0,4306083721119286908591380042584606571729048503575164227711,25.0,496.0,467.0,0.03796,0.035529,0.122059,0.160019,0.839981
192.0,5163763031624406920207830805702663059843081289928205028959,25.0,633.0,615.0,0.006424,0.007026,0.030509,0.036933,0.963067
192.0,6130364660359904866071451106195076205876004972250032444803,25.0,501.0,493.0,0.016275,0.044846,0.044846,0.061120999999999995,0.938879
192.0,6254696907579855069014156880599952401895926775151729298633,25.0,574.0,562.0,0.018025,0.016946,0.06589300000000001,0.083918,0.916082
192.0,4873661477686905481674696353544486097679453418713697857441,25.0,1094.0,1082.0,0.039408,0.004599,0.023819,0.063227,0.936773
192.0,5412175546964427994074789034451167835889491793324688758467,25.0,782.0,774.0,0.041078,0.017644,0.017644,0.058722,0.941278
192.0,5910884209390437413999109263981667425861292837036749005609,25.0,552.0,552.0,0.030343,0.030343,0.0,0.030343,0.969657
192.0,4621285287029859947459316813570982113322073918209718266019,25.0,564.0,562.0,0.023745,0.007437,0.007437,0.031181999999999998,0.968818
192.0,5696283951894185144007889520249234417647198158940715431933,25.0,428.0,428.0,0.031849,0.031849,0.0,0.031849,0.968151
192.0,3683958575511235413756595798246241035800834295791075521963,25.0,460.0,460.0,0.024934,0.024934,0.0,0.024934,0.975066
192.0,4468006165118885684913086683109597497945491118316503789123,25.0,1002.0,997.0,0.006082,0.005305,0.005305,0.011387,0.988613
192.0,5488497809815368048793079212529624026388526869419621039691,25.0,550.0,531.0,0.016864,0.026696,0.09023200000000002,0.10709600000000002,0.8929039999999999
192.0,5659542164522658766094858453465847140623734081033257305487,25.0,435.0,435.0,0.019265,0.019265,0.0,0.019265,0.980735
192.0,6149807903410653285967321465976396749348286539647506887699,25.0,615.0,615.0,0.028107,0.028107,0.0,0.028107,0.971893
193.0,9905013207931875527529191960135739218017812814063208578531,25.0,627.0,627.0,0.032063,0.032063,0.0,0.032063,0.967937
193.0,10100483858506872648422975068896319443064533148276380832169,25.0,663.0,663.0,0.045163,0.045163,0.0,0.045163,0.954837
193.0,11663540999446197162723452607497563376895758675776898312369,25.0,496.0,496.0,0.055097,0.055097,0.0,0.055097,0.944903
193.0,10897749645060145624874358483865606849691424744321528304937,25.0,547.0,547.0,0.024465,0.024465,0.0,0.024465,0.975535
193.0,10565624405515099844116517970763527091130891790570283157137,25.0,473.0,473.0,0.016434,0.016434,0.0,0.016434,0.983566
193.0,12070921450587575263287627747872390786879378063838490617043,25.0,700.0,689.0,0.009023,0.003892,0.003892,0.012915,0.987085
193.0,9664634974777947645604027278555623329607100282762834013441,25.0,500.0,479.0,0.019123,0.017398,0.105782,0.124905,0.875095
193.0,12322960193874180073992358693327396906594292112230707610489,25.0,616.0,598.0,0.024210000000000002,0.006662,0.024614000000000004,0.048824000000000006,0.951176
193.0,8099708654360452993215966572101668396566826381629301683063,25.0,551.0,551.0,0.057225,0.057225,0.0,0.057225,0.942775
193.0,11214351833369361189026414622248506634769198922661651441293,25.0,487.0,487.0,0.076092,0.076092,0.0,0.076092,0.923908
193.0,9128073803947130372484141505624445498586637123573747380151,25.0,423.0,423.0,0.031405,0.031405,0.0,0.031405,0.968595
193.0,11312813665303613237304198878301422628970319071234047845347,25.0,701.0,701.0,0.005883,0.005883,0.0,0.005883,0.994117
193.0,11023902979621732752907862575267849055507922142544485438789,25.0,540.0,540.0,0.013855,0.013855,0.0,0.013855,0.986145
193.0,11262927042730954176015822824963334235937052626560568007419,25.0,549.0,549.0,0.02872,0.02872,0.0,0.02872,0.97128
193.0,10857095320997612707420637232964945337144528989105797131153,25.0,822.0,802.0,0.026262,0.020108,0.06481200000000001,0.09107400000000002,0.908926
193.0,10494271519339392909894195833014476236187539413566084429379,25.0,548.0,548.0,0.044918,0.044918,0.0,0.044918,0.955082
193.0,12278064626184964589595523842860542425676931971855436832259,25.0,609.0,609.0,0.017128,0.017128,0.0,0.017128,0.982872
193.0,8482872608322654051369609585269639790901351219221511846733,25.0,473.0,473.0,0.064512,0.064512,0.0,0.064512,0.935488
193.0,7306887098618586073076594877395470343989113832174839245017,25.0,538.0,538.0,0.060387,0.060387,0.0,0.060387,0.939613
193.0,12409265929614063311478379725438459124196359168832063103151,25.0,477.0,477.0,0.042894,0.042894,0.0,0.042894,0.957106
194.0,20683260459467499029277828805303888053838228828420773810227,25.0,658.0,653.0,0.025553,0.037728,0.037728,0.063281,0.936719
194.0,21350469721329597074134362589876985354717072338210358108849,26.0,392.0,391.0,0.039248,0.009774,0.009774,0.049021999999999996,0.950978
194.0,18942954816325570836124528681131878336599202626159580306777,25.0,449.0,449.0,0.006043,0.006043,0.0,0.006043,0.993957
194.0,24458941949583565962792372221933150989311549041638920536113,26.0,652.0,649.0,0.029556,0.04424,0.04424,0.073796,0.926204
194.0,21076672769905977070352813226874932564034530295953191284753,25.0,524.0,517.0,0.008005,0.00477,0.00477,0.012775,0.987225
194.0,22249362777783306049117932825890593656249535237757916625729,26.0,407.0,407.0,0.065829,0.065829,0.0,0.065829,0.934171
194.0,23203422452949787679074210878498136594954609999835899906157,26.0,596.0,591.0,0.013267,0.029293,0.029293,0.04256,0.95744
194.0,20868115815896194713106525621357671273079634596135616425361,25.0,601.0,601.0,0.026693,0.026693,0.0,0.026693,0.973307
194.0,23192686299066524320738010687390362447126038875074169556253,26.0,598.0,598.0,0.013567,0.013567,0.0,0.013567,0.986433
194.0,22340054129412896419322214973520037370083718012993281910367,26.0,411.0,409.0,0.022809,0.011043,0.011043,0.033852,0.966148
194.0,23181673086820734631906360554899103585708564817833096064921,26.0,1299.0,1282.0,0.01269,0.012406,0.07600199999999999,0.088692,0.911308
194.0,24582599091151675799091021479482934414662039688624223437687,26.0,405.0,405.0,0.026767,0.026767,0.0,0.026767,0.973233
194.0,25065435242975997360701202808292864499688676903327335870541,26.0,486.0,486.0,0.058152,0.058152,0.0,0.058152,0.941848
194.0,18390454080376419958677765335623388001794346466558675435283,25.0,538.0,535.0,0.029247,0.018373,0.018373,0.047619999999999996,0.95238
194.0,22922786508061659363842923473806512470282966011733435851431,26.0,1026.0,1026.0,0.029946,0.029946,0.0,0.029946,0.970054
194.0,17061387184720152302891304554226083544383293835520188213651,25.0,452.0,430.0,0.04019899999999999,0.021131,0.128166,0.168365,0.831635
194.0,18618516616598255372519874377476542080222536021373325270311,25.0,461.0,461.0,0.042868,0.042868,0.0,0.042868,0.957132
194.0,21282237135538130116514856262480953933294724963389201954481,26.0,510.0,510.0,0.020473,0.020473,0.0,0.020473,0.979527
194.0,20522969516655873169000695377445575228468042248954518479057,25.0,532.0,530.0,0.018793,0.035518,0.035518,0.054311,0.945689
194.0,14989350088210543607482262847185984320363092765497004877451,25.0,632.0,627.0,0.015858,0.023629,0.042089,0.057947,0.942053
195.0,43040604789452163741387408621112136409598757059035661677893,26.0,565.0,550.0,0.037265,0.010319,0.035403,0.072668,0.927332
195.0,49088991794939140574010539690236171966040109026993415914269,26.0,431.0,431.0,0.019098,0.019098,0.0,0.019098,0.980902
195.0,48300749567102905436273718192442740995408307546941115427897,26.0,488.0,482.0,0.025235,0.005506,0.005506,0.030741,0.969259
195.0,48906073225085902924815189872988257194974124450370814611651,26.0,413.0,406.0,0.047693,0.016851,0.030690000000000002,0.07838300000000001,0.921617
195.0,36863086582293400960306820600939234657564365893479938560799,26.0,702.0,695.0,0.015266,0.019152,0.019152,0.034418,0.965582
195.0,39520094337921324612196662792851626492332520911673811699729,26.0,878.0,861.0,0.006448000000000001,0.016495,0.039559,0.046007,0.953993
195.0,48712327583936410948919472729136236367597407084610635272833,26.0,459.0,459.0,0.015297,0.015297,0.0,0.015297,0.984703
195.0,40655326120160876332407096732056168721873529846326635963177,26.0,429.0,425.0,0.017999,0.048447,0.048447,0.066446,0.933554
195.0,49535766793358394398954575009134138350900646325935636614543,26.0,578.0,578.0,0.0195,0.0195,0.0,0.0195,0.9805
195.0,41862719142251391308296850055406978004299551713109836123227,26.0,553.0,553.0,0.011535,0.011535,0.0,0.011535,0.988465
195.0,39425775947292327135017849550127493358385136125831647180659,26.0,452.0,447.0,0.02966,0.006523,0.006523,0.036183,0.963817
195.0,40030915462863037646967083275653053673838289093488559065567,26.0,593.0,588.0,0.021367,0.028359,0.028359,0.049726,0.950274
195.0,40570734708690516020996671408225641495385595046735671957119,26.0,422.0,422.0,0.028324,0.028324,0.0,0.028324,0.971676
195.0,40934085183179492462123851985126002111578252845347853305697,26.0,476.0,476.0,0.044122,0.044122,0.0,0.044122,0.955878
195.0,35128682060529629825193792168573153198841552039371874266881,26.0,441.0,428.0,0.010367,0.013583,0.041443,0.05181,0.94819
195.0,33386520498533519946398383478624977467807699443830033789513,26.0,557.0,557.0,0.028687,0.028687,0.0,0.028687,0.971313
195.0,40141148770606288794672640695647670636575757821310805897243,26.0,508.0,505.0,0.008875000000000001,0.009043,0.012731000000000001,0.021606,0.978394
195.0,40490518455055723132909066555944613680023787528271085543291,26.0,555.0,555.0,0.010762,0.010762,0.0,0.010762,0.989238
195.0,47614627301874134935455529116186115164906112363136503150483,26.0,633.0,626.0,0.041808,0.059636,0.059636,0.101444,0.898556
195.0,34473817038037491202068900808519350419613875057302440357481,26.0,563.0,563.0,0.008789,0.008789,0.0,0.008789,0.991211
196.0,95168415107121660560916881793289203952418490854465168975321,26.0,661.0,661.0,0.044273,0.044273,0.0,0.044273,0.955727
196.0,90009791547499984548910278716753576073152720702817059055901,26.0,495.0,495.0,0.007994,0.007994,0.0,0.007994,0.992006
196.0,87459073763838296701927301523704259554148918532862184975629,26.0,521.0,521.0,0.026193,0.026193,0.0,0.026193,0.973807
196.0,70309503501777340343079821334567642537559966663221390472973,26.0,455.0,455.0,0.022216,0.022216,0.0,0.022216,0.977784
196.0,95305038515393842196007534454562012255827385548443606952501,26.0,565.0,565.0,0.015558,0.015558,0.0,0.015558,0.984442
196.0,82858880649466251495449216071414702109906561191821038787641,26.0,383.0,383.0,0.021868,0.021868,0.0,0.021868,0.978132
196.0,97083793852684433813008089400054003385653724507596918274297,26.0,649.0,649.0,0.034762,0.034762,0.0,0.034762,0.965238
196.0,99466774561138218293682307547255032274447325955533021392447,26.0,466.0,466.0,0.030983,0.030983,0.0,0.030983,0.969017
196.0,62333097639089791343889610479116623630492359496474506120427,26.0,804.0,800.0,0.018093,0.006861,0.006861,0.024954,0.975046
196.0,98202769533374705029605057892210661368086364721024686834069,26.0,574.0,572.0,0.012669,0.004847000000000001,0.008467,0.021136000000000002,0.978864
196.0,76205915167282914218102341674425274873438928127960827493699,26.0,784.0,784.0,0.00793,0.00793,0.0,0.00793,0.99207
196.0,99735781901275954167800573841902347907225001572434442739617,26.0,685.0,673.0,0.059879999999999996,0.032973,0.082899,0.142779,0.857221
196.0,75523924234554614323219474180414139839611222725124775536109,26.0,456.0,456.0,0.044735,0.044735,0.0,0.044735,0.955265
196.0,98856416133856584127753735193005691636012090201233990732729,26.0,418.0,418.0,0.029228,0.029228,0.0,0.029228,0.970772
196.0,74465721503975476013420915082380026622357493970492148475923,26.0,622.0,600.0,0.011256,0.023444,0.07542700000000001,0.08668300000000001,0.9133169999999999
196.0,93695083979722113939155057731935369089046162236564738423191,26.0,531.0,519.0,0.00809,0.015279,0.015279,0.023369,0.976631
196.0,77879392079591903526474505876698267670805166486636028530899,26.0,471.0,471.0,0.075514,0.075514,0.0,0.075514,0.924486
196.0,84229306643800747300264590699152695007580757244203842094811,26.0,543.0,537.0,0.012782,0.007297,0.007297,0.020079,0.979921
196.0,94030668663190317444347187347006250211939496898445186865789,26.0,808.0,808.0,0.019778,0.019778,0.0,0.019778,0.980222
196.0,100248369583162082393739261464041339014101482772776091948201,26.0,428.0,414.0,0.028129,0.047412,0.131702,0.159831,0.8401689999999999
197.0,167659105655698882339508182915480992256595774433903924122623,26.0,1512.0,1512.0,0.005713,0.005713,0.0,0.005713,0.994287
197.0,122449747198975822084132001235051055769374123302428745305941,26.0,656.0,652.0,0.001922,0.011019999999999999,0.011019999999999999,0.012941999999999999,0.987058
197.0,157771390213784769025733801475620067885551276043484431320057,26.0,498.0,498.0,0.019689,0.019689,0.0,0.019689,0.980311
197.0,195362636325845913268639913567995093493514004135984307800363,26.0,535.0,535.0,0.029218,0.029218,0.0,0.029218,0.970782
197.0,160328182105787324869078655378810538500450812696259544941773,26.0,475.0,475.0,0.026686,0.026686,0.0,0.026686,0.973314
197.0,184970800291752440068635983309521468062368504646083676644033,26.0,628.0,628.0,0.00661,0.00661,0.0,0.00661,0.99339
197.0,164144776080649194883406513297516553025716555924591056615183,26.0,428.0,428.0,0.009036,0.009036,0.0,0.009036,0.990964
197.0,140818764650826975296987375129283355966942621459853255150479,26.0,546.0,546.0,0.007117,0.007117,0.0,0.007117,0.992883
197.0,189022387984517778950705123442972032908094852334290657306231,26.0,426.0,426.0,0.191789,0.191789,0.0,0.191789,0.808211
197.0,172220763612696405396243073018306035394484382521705030045911,26.0,434.0,423.0,0.049903,0.018482,0.079247,0.12915,0.87085
197.0,154481106607181704446691691500013964555830349483415881254479,26.0,721.0,721.0,0.006233,0.006233,0.0,0.006233,0.993767
197.0,138116520840863501578382275910208792542013786200119809943421,26.0,467.0,467.0,0.024283,0.024283,0.0,0.024283,0.975717
197.0,128167436666847967508432921399395745683533771986744909507099,26.0,464.0,460.0,0.012305,0.022205,0.037397,0.049701999999999996,0.950298
197.0,179430245545432323474984038609312519060231752952330260578973,26.0,614.0,614.0,0.008033,0.008033,0.0,0.008033,0.991967
197.0,164907321185035410613697079130730386934791247649211425433501,26.0,622.0,609.0,0.013018,0.005489,0.02818,0.041198,0.958802
197.0,149559974584198894049055200074096371180280008283748787845411,26.0,410.0,410.0,0.173177,0.173177,0.0,0.173177,0.826823
197.0,141960287108387193832375793429518062558146806429474522246723,26.0,496.0,495.0,0.086067,0.021882,0.021882,0.107949,0.892051
197.0,117962418323306660486403773161381103053143923297611666689523,26.0,468.0,455.0,0.033312,0.024624,0.056527999999999995,0.08984,0.91016
197.0,159003940652452327574248903060253950134870172438916155070369,26.0,665.0,662.0,0.008223,0.031066,0.031066,0.039289,0.960711
197.0,186310928751907307724815625865601039478473930304908425333493,26.0,796.0,796.0,0.005831,0.005831,0.0,0.005831,0.994169
198.0,358800385741478548379741226608716034844371071935561085305833,26.0,586.0,586.0,0.042072,0.042072,0.0,0.042072,0.957928
198.0,361832547229010809777991703475089455145922714751449984988413,26.0,390.0,390.0,0.057816,0.057816,0.0,0.057816,0.942184
198.0,366234672716741757435258864069198637471462810470347219616629,26.0,679.0,667.0,0.005402,0.005236,0.005236,0.010638,0.989362
198.0,381944248262064685581254962871209750407378184907165945167889,26.0,573.0,553.0,0.008681999999999999,0.006853,0.068594,0.077276,0.922724
198.0,354687072527494597410093290280585584399421663969934020853223,26.0,573.0,564.0,0.011222,0.086604,0.339008,0.35023,0.64977
198.0,379245416457437245542302776449664948360818185536921628076539,26.0,397.0,397.0,0.02997,0.02997,0.0,0.02997,0.97003
198.0,276003453857523809899467677088049878845070200584331936691041,26.0,521.0,496.0,0.035455,0.019243,0.067626,0.103081,0.896919
198.0,209990048987204577494427221770767574738889930041728156874193,26.0,582.0,582.0,0.033134,0.033134,0.0,0.033134,0.966866
198.0,256901948110234610129862767369945243180538397102365122358427,26.0,463.0,449.0,0.017643,0.009659,0.009659,0.027302,0.972698
198.0,392896855902880253325160541666344098709384930507930453171681,26.0,458.0,452.0,0.030774,0.030084,0.059867000000000004,0.090641,0.909359
198.0,261148592887412956171116968549303549257459540886776423198739,26.0,491.0,483.0,0.012845,0.003815,0.015708,0.028553000000000002,0.971447
198.0,380307295207752593087679241538739081357344508076536875023627,26.0,558.0,558.0,0.047922,0.047922,0.0,0.047922,0.952078
198.0,388299617663319746972489463784551990330983404458676571447693,26.0,495.0,495.0,0.004457,0.004457,0.0,0.004457,0.995543
198.0,328573357774619762260295479993442675189590010826879831896677,26.0,516.0,516.0,0.011406,0.011406,0.0,0.011406,0.988594
198.0,345095965742713044505246800463174842475462680793869138019261,26.0,457.0,453.0,0.052916,0.03184,0.03184,0.084756,0.915244
198.0,292581670931790651470491827458218900376775743841380672403887,26.0,498.0,494.0,0.013104,0.003528,0.008958,0.022062,0.977938
198.0,390539114582262272077001713638342490864897532470034331261247,26.0,456.0,456.0,0.03358,0.03358,0.0,0.03358,0.9664200000000001
198.0,360504086773559647539204736208829484928785732049355565383643,26.0,386.0,386.0,0.098335,0.098335,0.0,0.098335,0.9016649999999999
198.0,235950558879078260282437419803935172239069320587333159451019,26.0,535.0,525.0,0.07522899999999999,0.007607,0.058395,0.133624,0.866376
198.0,398227691324642613283526129594013507506766970246599454997939,26.0,640.0,639.0,0.029996000000000002,0.011014,0.011014,0.041010000000000005,0.95899
199.0,754357335704061312767906283574368857849729996361323767853021,26.0,543.0,543.0,0.065167,0.065167,0.0,0.065167,0.934833
199.0,740449135866891063702563724186205751814739503564925633250647,26.0,442.0,442.0,0.035116,0.035116,0.0,0.035116,0.964884
199.0,783572025208462059459081331520531102495696274404533915350617,26.0,489.0,489.0,0.03574,0.03574,0.0,0.03574,0.96426
199.0,689619749063096498116944459976173154436509257531702365821471,26.0,572.0,572.0,0.014364,0.014364,0.0,0.014364,0.985636
199.0,792261444591087612509889756571590671010253289767476929883959,26.0,684.0,684.0,0.058235,0.058235,0.0,0.058235,0.941765
199.0,485165244720747932715066275346273892339756962905587028338027,26.0,448.0,444.0,0.033386,0.003812,0.003812,0.037198,0.962802
199.0,701425127964276666799904563003747018572056891360383272760451,26.0,1086.0,1072.0,0.014356,0.009882,0.041931,0.056287000000000004,0.943713
199.0,790893896840481035276180066252113476643190200344778153065643,26.0,913.0,913.0,0.001684,0.001684,0.0,0.001684,0.998316
199.0,763536298621525364342165189094083117188952849209780027677679,26.0,583.0,583.0,0.004273,0.004273,0.0,0.004273,0.995727
199.0,613617912594322713495151233564022371433770815044783317065269,26.0,811.0,808.0,0.015595,0.003673,0.003673,0.019268,0.980732
199.0,701969238772333138157522384223588554623546191713496616248319,26.0,461.0,457.0,0.00411,0.011654,0.011654,0.015764,0.984236
199.0,659743727985962787654640554658683537620374805989756454087933,26.0,677.0,668.0,0.014485,0.005466,0.022327,0.036812,0.963188
199.0,690360274208079369250317450856211794224002008122073050016637,26.0,512.0,512.0,0.149677,0.149677,0.0,0.149677,0.8503229999999999
199.0,500887070634424955740905032565576942995006631697841024678317,26.0,488.0,488.0,0.029506,0.029506,0.0,0.029506,0.970494
199.0,562515533415072305976115813906881843805019952700501666255663,26.0,474.0,474.0,0.012921,0.012921,0.0,0.012921,0.987079
199.0,687386421009493082281833809951506042909624825066468351426301,26.0,419.0,409.0,0.027288,0.016326,0.016326,0.043614,0.956386
199.0,627831828857047974697867855909832323916998184071016955354641,26.0,552.0,552.0,0.026245,0.026245,0.0,0.026245,0.973755
199.0,531493718748199409115070187956201803475378862922781030803881,26.0,503.0,493.0,0.015055,0.022919,0.104516,0.119571,0.880429
199.0,764298723870080571982440894112670628624228896767629734930611,26.0,420.0,420.0,0.039673,0.039673,0.0,0.039673,0.960327
199.0,563561550095967293743840793623207928679303836705271230763571,26.0,746.0,746.0,0.008144,0.008144,0.0,0.008144,0.991856
200.0,1295789132477604807715877944458947246775511838525972200835657,26.0,615.0,615.0,0.016246,0.016246,0.0,0.016246,0.983754
200.0,1580265433117145949318612574335473147379586407902007615572209,26.0,548.0,548.0,0.035115,0.035115,0.0,0.035115,0.964885
200.0,1031264165415914398404034296717937295434353057321618942293977,26.0,641.0,641.0,0.010358,0.010358,0.0,0.010358,0.989642
200.0,942274183107708126744367799889859979943002828490182769563693,26.0,704.0,704.0,0.005738,0.005738,0.0,0.005738,0.994262
200.0,1243256742262564810336975229173603901549307573958804818142771,26.0,583.0,576.0,0.001056,0.002051,0.006253,0.0073089999999999995,0.992691
200.0,1332260463557925975266900697251791362056896106900938778652773,26.0,677.0,677.0,0.031753,0.031753,0.0,0.031753,0.968247
200.0,1534546510819566200886924830244913417667526810936895301477933,26.0,422.0,422.0,0.026387,0.026387,0.0,0.026387,0.973613
200.0,1457315434423192483527568367362496447605043071246754450536801,26.0,575.0,555.0,0.031508,0.02751,0.116024,0.147532,0.852468
200.0,1515478547137402687976907484166669091143375006869904371011019,26.0,566.0,561.0,0.022919,0.015682,0.032723,0.055642,0.944358
200.0,1328401728722624823335450602027897002059084341229046226740677,26.0,490.0,490.0,0.010638,0.010638,0.0,0.010638,0.989362
200.0,1069405338840333297089210313682851116995000495488370707114107,26.0,852.0,852.0,0.051671,0.051671,0.0,0.051671,0.948329
200.0,1577668914616112972976239927299568044527242009386300299995513,26.0,1004.0,995.0,0.015821,0.003068,0.009346,0.025167000000000002,0.974833
200.0,924932144930952159695588929751342486737404577556159754527249,26.0,431.0,431.0,0.00616,0.00616,0.0,0.00616,0.99384
200.0,1430455149298665257668430782969274466789353299446322896956953,26.0,446.0,446.0,0.004926,0.004926,0.0,0.004926,0.995074
200.0,1471759896903796862187242593818058236014421372969552658348613,26.0,844.0,844.0,0.013998,0.013998,0.0,0.013998,0.986002
200.0,1024997524686414507856278528573582273997937245288256214142637,26.0,547.0,547.0,0.044142,0.044142,0.0,0.044142,0.955858
200.0,1269662956978065591146754145192337292773571460456699566030607,26.0,523.0,523.0,0.010223,0.010223,0.0,0.010223,0.989777
200.0,1251023694717248924976673861910298094342092199701445949798563,26.0,692.0,688.0,0.013892,0.005101,0.005101,0.018993,0.981007
200.0,1165094867829338354631660035180329869977597764175158753523867,26.0,540.0,540.0,0.015849,0.015849,0.0,0.015849,0.984151
200.0,1245161625256545119714043746004026254459007086115269518670777,26.0,632.0,632.0,0.015867,0.015867,0.0,0.015867,0.984133
