Bit_length,N,Lattice_dimension,|b_op - t|^2,|vbest - t|^2,P(b_op),P(vbest),P(|vnew - t|^2 < |b_op - t|^2),P(|vnew - t|^2 <= |b_op - t|^2),P(|vnew - t|^2 > |b_op - t|^2)
150,1268771206145175299492684899681878877410684841,21,728,728,0.004965,0.004965,0.0,0.004965,0.995035
150,1403762530472620237905076428332939916844331359,21,310,297,0.015304,0.005193,0.007821999999999999,0.023126,0.976874
150,918882917500502786903408324526441238854631741,21,407,397,0.002876,0.002281,0.002281,0.005157,0.994843
150,1044411862674117053622929515451672202864979129,21,397,397,0.003258,0.003258,0.0,0.003258,0.996742
150,1199592981228806239321120961178599459097610483,21,601,601,0.000339,0.000339,0.0,0.000339,0.999661
150,912632394066698132144971044037258218777602291,21,384,384,0.015531,0.015531,0.0,0.015531,0.984469
150,1033085278351720441874660444922199074374033881,21,454,454,0.000892,0.000892,0.0,0.000892,0.999108
150,1039667922595230805682141254323399644574814367,21,704,702,0.013693,0.029333,0.029333,0.043026,0.956974
150,1076261801716221769627743498540654753005411033,21,605,584,0.004175,0.00182,0.032789,0.036964,0.963036
150,868981675879730421007669707059890716656754209,21,391,391,0.003067,0.003067,0.0,0.003067,0.996933
150,1198940008513470371886998720870433706529677289,21,318,309,0.008179,0.003984,0.037114999999999995,0.045293999999999994,0.954706
150,1001065868810988745766471076060380006588792189,21,391,391,0.002184,0.002184,0.0,0.002184,0.997816
150,1018523197675518130041140861676478171959383813,21,315,315,0.016608,0.016608,0.0,0.016608,0.983392
150,999406335763551690568793874408994581594369181,21,305,305,0.031142,0.031142,0.0,0.031142,0.968858
150,1386649915270975663546803936212330370020386207,21,333,333,0.003023,0.003023,0.0,0.003023,0.996977
150,1252835724482748605844023934169349660374906087,21,379,379,0.004439,0.004439,0.0,0.004439,0.995561
150,1420753685420564064872708676390123998125705549,21,349,349,0.012286,0.012286,0.0,0.012286,0.987714
150,1076920912535396901213842625717381087368331181,21,417,417,0.00157,0.00157,0.0,0.00157,0.99843
150,1124397583306701037985991208303905429810161357,21,352,352,0.004976,0.004976,0.0,0.004976,0.995024
150,1130353955473240791783568532060655958732460941,21,408,408,0.007913,0.007913,0.0,0.007913,0.992087
151,2363319035074246419340419055739401443130238059,21,544,505,0.003925,0.000366,0.024789000000000005,0.028714000000000003,0.971286
151,2471201957583473321167345886570639941825218311,21,396,396,0.002308,0.002308,0.0,0.002308,0.997692
151,2315715608364087921901708175621836301416617007,21,292,292,0.001856,0.001856,0.0,0.001856,0.998144
151,2763171157217537386323259861099914830334818519,21,613,595,0.000604,0.00078,0.00078,0.001384,0.998616
151,1758775630326182635026447808028302358291781499,21,296,296,0.006014,0.006014,0.0,0.006014,0.993986
151,2188378164211148987192836592303698338909975503,21,332,318,0.003136,0.002532,0.002532,0.005667999999999999,0.994332
151,1829627983140478483810934234803641664206450619,21,355,355,0.004089,0.004089,0.0,0.004089,0.995911
151,1569735030968914361557174823910579735657956107,21,310,304,0.013932,0.005883,0.005883,0.019815,0.980185
151,2843239852874861508784440371081621911410347591,21,581,581,0.001677,0.001677,0.0,0.001677,0.998323
151,2624675574003230296718034974584383454961661761,21,577,577,0.001827,0.001827,0.0,0.001827,0.998173
151,1746328694271824837631752461766830788699201941,21,497,492,0.001225,0.000475,0.0007689999999999999,0.001994,0.998006
151,2456234120258232727729365675070691784694223131,21,661,651,0.0046289999999999994,0.002092,0.005484000000000001,0.010113,0.989887
151,2689914182894566195371701173819301836708498979,21,414,397,0.006546000000000001,0.001718,0.04498499999999998,0.05153099999999999,0.948469
151,2472879649799491864465871187917726124213054643,21,388,383,0.001021,0.001038,0.001038,0.002059,0.997941
151,2641928437820330089399895839369416426912654047,21,603,596,0.012519,0.004287,0.004287,0.016806,0.983194
151,2217024583566038902931835040749210710155293863,21,329,329,0.00607,0.00607,0.0,0.00607,0.99393
151,2795955547593262531562466415054318143278579719,21,418,393,0.001994,0.000853,0.009182999999999998,0.011177,0.988823
151,2754384674264655946791346511962590129499967297,21,527,527,0.001874,0.001874,0.0,0.001874,0.998126
151,1922698035563121141756137662031262831101446511,21,321,321,0.0007,0.0007,0.0,0.0007,0.9993
151,2578633082003778088940013102956628479805360761,21,526,526,0.000734,0.000734,0.0,0.000734,0.999266
152,3650146379785934850995660671580553841765454981,21,332,327,0.005761,0.006209,0.013151000000000001,0.018912,0.981088
152,4447694107941335768274189003948589146948883409,21,397,397,0.024764,0.024764,0.0,0.024764,0.975236
152,5304044781028480773455459789567804501864780699,21,391,379,0.010472,0.001629,0.001629,0.012101,0.987899
152,5225791236691602749703859113684043992716841463,21,404,404,0.006988,0.006988,0.0,0.006988,0.993012
152,5425403301002418901669361546561888615280596761,21,404,374,0.007683,0.001621,0.021901,0.029584,0.970416
152,5202335230032226630491022567996748864390119873,21,446,446,0.009058,0.009058,0.0,0.009058,0.990942
152,4003774395708740189647636396775460720094087057,21,338,333,0.002222,0.000367,0.000367,0.002589,0.997411
152,5276249290787396224699127825641594167433771223,21,372,372,0.000432,0.000432,0.0,0.000432,0.999568
152,4381176969443188923764265381058182084891594073,21,455,455,0.004513,0.004513,0.0,0.004513,0.995487
152,5541991812747053012003965966406093820220699999,21,301,301,0.017082,0.017082,0.0,0.017082,0.982918
152,5648300508047326241541247933495397085050508533,21,379,379,0.002947,0.002947,0.0,0.002947,0.997053
152,4837654055687374110886315087296888936559582543,21,331,291,0.011796,0.003214,0.023600999999999997,0.035397,0.964603
152,3169527753809835033737422227494034075208154897,21,365,365,0.002184,0.002184,0.0,0.002184,0.997816
152,4751384359859390003700613749548751936187354063,21,353,353,0.014591,0.014591,0.0,0.014591,0.985409
152,5115713692797196694227360148049458957592665221,21,314,307,0.01418,0.005556,0.025423,0.039603,0.960397
152,5377906651632174967507002058972880963848446937,21,461,451,0.00906,0.000417,0.000417,0.009477000000000001,0.990523
152,4794192939950703723191510856383251915586655239,21,375,375,0.010209,0.010209,0.0,0.010209,0.989791
152,4098436965705153817981088577951066512799793241,21,486,467,0.021306,0.013733,0.013733,0.035039,0.964961
152,4397317578261604652631366972202456990923173239,21,607,602,0.001593,0.000971,0.000971,0.002564,0.997436
152,5641409895201969238429625932613600677431973529,21,369,358,0.006585,0.01265,0.018520000000000002,0.025105000000000002,0.974895
153,7688734886215973313958737522072259896979469359,21,488,488,0.008291,0.008291,0.0,0.008291,0.991709
153,9965367899123149749669237053467022764500819709,21,364,340,0.000833,0.00037,0.002632,0.0034649999999999998,0.996535
153,8648715940089396413954292296253489279668879831,21,364,355,0.005537,0.008999,0.012446,0.017983,0.982017
153,9992486217185404533285574560152593379868586411,21,312,303,0.011337,0.004307,0.004307,0.015643999999999998,0.984356
153,8752395201001776336645971436266201719253038903,21,273,273,0.004736,0.004736,0.0,0.004736,0.995264
153,10307828778112676279744687232183733883997747787,21,304,304,0.005116,0.005116,0.0,0.005116,0.994884
153,8927473020776419491333060829150295244420281503,21,499,462,0.008493,0.000831,0.026470999999999998,0.034963999999999995,0.965036
153,7853849523366438727173539795218496833560636149,21,509,489,0.00539,0.001177,0.010939999999999998,0.016329999999999997,0.98367
153,8674604146514496475964987674111780570888473743,21,283,283,0.001795,0.001795,0.0,0.001795,0.998205
153,8982522494550749295857332138146435777716539013,21,326,326,0.002012,0.002012,0.0,0.002012,0.997988
153,7465338556163117004724110416934405812498881597,21,443,443,0.009073,0.009073,0.0,0.009073,0.990927
153,9002256784614521734062834292945636253381789701,21,482,471,0.00389,0.007283,0.007283,0.011173,0.988827
153,9730043924092499024899737640031060516457357727,21,518,518,0.010055,0.010055,0.0,0.010055,0.989945
153,7772785559916630760629013439531712505833223283,21,335,335,0.025266,0.025266,0.0,0.025266,0.974734
153,6331403492532550906969515225158616949065412553,21,348,340,0.000834,0.00291,0.00291,0.003744,0.996256
153,9499729964075602707801866275682306216169333647,21,580,580,0.004964,0.004964,0.0,0.004964,0.995036
153,10623137933847890583214243354934109612727566337,21,398,398,0.007018,0.007018,0.0,0.007018,0.992982
153,8298489176359263229418112630907164868713161869,21,425,425,0.010786,0.010786,0.0,0.010786,0.989214
153,10423403876173039960502215978962041272294895987,21,351,351,0.001528,0.001528,0.0,0.001528,0.998472
153,11331438524408402513759859710883003140234689001,21,566,555,0.000768,0.002266,0.007897,0.008664999999999999,0.991335
154,20144352470088160067192230120293841747066127093,21,398,394,0.003629,0.000708,0.000708,0.004337,0.995663
154,13741129409913179912586613425642421907057677927,21,331,331,0.053656,0.053656,0.0,0.053656,0.946344
154,22555697926472858658256090868373281917048139777,21,484,480,0.001116,0.000248,0.002588,0.003704,0.996296
154,21622466558921334027105350728738281221011715713,21,470,470,0.007512,0.007512,0.0,0.007512,0.992488
154,22717282832414613486487854671615889194348202509,21,432,432,0.001492,0.001492,0.0,0.001492,0.998508
154,15553662272752172389304818266535674850670048197,21,324,324,0.003536,0.003536,0.0,0.003536,0.996464
154,16287234057599780494928529944429983938735953333,21,356,338,0.016787,0.000977,0.007961,0.024748,0.975252
154,20227306669577710217883266196429106847542507013,21,591,591,0.000686,0.000686,0.0,0.000686,0.999314
154,18361999857484992568400964915559137162309312233,21,359,359,0.00196,0.00196,0.0,0.00196,0.99804
154,17615067981495998635949724796624661825505231481,21,515,475,0.008102000000000002,0.007127,0.09259499999999998,0.10069699999999998,0.899303
154,16965780184675510815549338206501125311473383031,21,416,416,0.000925,0.000925,0.0,0.000925,0.999075
154,17145713058305669983102778787612006911670513347,21,475,452,0.008702,0.000979,0.000979,0.009681,0.990319
154,20285317985568063024579677341972941193428143231,21,300,300,0.012744,0.012744,0.0,0.012744,0.987256
154,19892574816341431255761561129070142233703448899,21,484,484,0.003253,0.003253,0.0,0.003253,0.996747
154,14482484907695104154754286426816369245597742123,21,429,429,0.001986,0.001986,0.0,0.001986,0.998014
154,21308599822779449843544699903616188167691769657,21,446,427,0.002184,0.003138,0.003138,0.005322,0.994678
154,19652552707990061015357354059734076466348869901,21,368,368,0.002714,0.002714,0.0,0.002714,0.997286
154,15836062588559999481222001755306755400249974411,21,351,348,0.005609,0.008353,0.008353,0.013961999999999999,0.986038
154,17640605793899812190237760431948486244893089589,21,390,390,0.003425,0.003425,0.0,0.003425,0.996575
154,13200322048523091361380223530828151918467232499,21,285,277,0.000603,0.000257,0.000257,0.0008600000000000001,0.99914
155,31340595875958809044343360964929799034189512361,21,438,436,0.015219,0.003318,0.003318,0.018537,0.981463
155,33883679322606457824492978417378120332359598171,21,356,350,0.018569000000000002,0.004547,0.004547,0.023116,0.976884
155,38431961138800983210425437779183955699273663877,21,536,536,0.002551,0.002551,0.0,0.002551,0.997449
155,44842574992398006827792831817449122409176524571,21,385,377,0.001286,0.000738,0.00167,0.0029560000000000003,0.997044
155,44479412022428483167051033854365771430317272061,21,544,544,0.003228,0.003228,0.0,0.003228,0.996772
155,39653904137769014668557378511260469269135182431,21,326,299,0.001816,0.001735,0.014297,0.016113000000000002,0.983887
155,36615548944643269126239193831815135044946113087,21,338,329,0.012534,0.004518,0.004518,0.017052,0.982948
155,35728624388846244763032748679732750007278619919,21,328,328,0.0026,0.0026,0.0,0.0026,0.9974
155,39471143362465673450737740007926815837598407923,21,455,439,0.006390999999999999,0.000514,0.009963000000000001,0.016354,0.983646
155,43620356160753924413764228467447052158522613007,21,452,431,0.006059,0.000676,0.000676,0.006735,0.993265
155,29666396188587728462615862057347321613786496027,21,547,545,0.00666,0.000599,0.000599,0.007259,0.992741
155,41677893527522320684434778067984642792936350873,21,527,494,0.001734,0.001303,0.009332,0.011066,0.988934
155,32675536969479286942701324674137910119680337459,21,332,332,0.030117,0.030117,0.0,0.030117,0.969883
155,44919866654372607559021538428305729263662282117,21,528,528,0.016758,0.016758,0.0,0.016758,0.983242
155,36452200589072916411983425394632165549777886227,21,468,468,0.002727,0.002727,0.0,0.002727,0.997273
155,33203524258924130270853246380045741567145994259,21,443,434,0.023766000000000002,0.011179,0.011179,0.034945000000000004,0.965055
155,36946503351030864812990481678628454987070959527,21,394,364,0.006136,0.001232,0.033465999999999996,0.039602,0.960398
155,44458044889519333576801527839740244268692202469,21,636,623,0.000274,0.000521,0.006663,0.006937,0.993063
155,36744155090184780124393526442075144163055399837,21,366,366,0.002508,0.002508,0.0,0.002508,0.997492
155,32611265262434541992311659835491097552848382807,21,277,277,0.001458,0.001458,0.0,0.001458,0.998542
156,58842411492108631901824870167723622565249820361,21,541,541,0.001119,0.001119,0.0,0.001119,0.998881
156,58647263901409677188415888297848821138605832667,21,353,338,0.002148,0.019627,0.019627,0.021775,0.978225
156,60691833191625566815713087621249445278906020923,21,443,443,0.003796,0.003796,0.0,0.003796,0.996204
156,83500911560012017920943706628836329963659227611,21,420,420,0.001873,0.001873,0.0,0.001873,0.998127
156,79699952235555146846014724188269022467857700953,21,458,450,0.00246,0.000467,0.000467,0.002927,0.997073
156,68617923715717279114730426060969764483412652871,21,562,562,0.000706,0.000706,0.0,0.000706,0.999294
156,70292815550175575334435593661308688973972707499,21,329,324,0.006457,0.004495,0.004495,0.010952,0.989048
156,88395906091853951743306426033388820009527178553,21,334,334,0.008534,0.008534,0.0,0.008534,0.991466
156,58490997193338963447736793476829606786651843411,21,361,361,0.007285,0.007285,0.0,0.007285,0.992715
156,88153376653160901709431525294744255033299399513,21,438,438,0.002088,0.002088,0.0,0.002088,0.997912
156,83749952449871415989936799658384575288153567857,21,493,493,0.003363,0.003363,0.0,0.003363,0.996637
156,63215896343305696798861673825073441341593157323,21,286,286,0.002288,0.002288,0.0,0.002288,0.997712
156,68367618624389291832609274122568807692737410747,21,344,344,0.002983,0.002983,0.0,0.002983,0.997017
156,85976042848566498516350067546598036064176697617,21,456,454,0.002961,0.00301,0.00301,0.005971000000000001,0.994029
156,77050956204250174763972617362140681574229342091,21,728,728,0.009594,0.009594,0.0,0.009594,0.990406
156,67397778703558464646892241700035691887301648579,21,550,550,0.003347,0.003347,0.0,0.003347,0.996653
156,82158015067987949738815070788850184671973579587,21,403,403,0.002061,0.002061,0.0,0.002061,0.997939
156,55015423047501982644190563451191716439122432951,21,383,382,0.00115,0.00084,0.00084,0.00199,0.99801
156,85336908532608541436048263259686225667526362047,21,607,607,0.016459,0.016459,0.0,0.016459,0.983541
156,56731211956952175175952662358019177731725234237,21,380,380,0.001101,0.001101,0.0,0.001101,0.998899
157,120282166308024689728299980121863747670916310267,21,434,434,0.001893,0.001893,0.0,0.001893,0.998107
157,120820017068622794622130921127946349513431310843,21,531,507,0.00134,0.001535,0.008164,0.009503999999999999,0.990496
157,160354239376266933764514100701359388571858132879,22,426,426,0.010517,0.010517,0.0,0.010517,0.989483
157,178540342865713130388740603822271194677254392441,22,404,400,0.00848,0.002925,0.002925,0.011405,0.988595
157,133758242352280888913921190835052846329897153133,21,484,475,0.001876,0.003585,0.003585,0.005461000000000001,0.994539
157,119751792167523699090520105500834166573709024723,21,351,351,0.015741,0.015741,0.0,0.015741,0.984259
157,142866301722166299614859219990227501097218329553,21,429,420,0.003334,0.000712,0.001292,0.004626,0.995374
157,159460056477105651797755450704992108220297439993,22,353,353,0.00276,0.00276,0.0,0.00276,0.99724
157,129765827297228317584448178357227745213663923673,21,452,443,0.00103,0.00106,0.001843,0.002873,0.997127
157,153041151061952724068377978141007513960278537129,21,515,504,0.002861,0.003437,0.005409,0.00827,0.99173
157,112556148137934308610401610728139436816885032007,21,331,331,0.005369,0.005369,0.0,0.005369,0.994631
157,155016348949192392834761783400231900623445364769,21,555,520,0.0007750000000000001,0.002902,0.021943999999999995,0.022718999999999996,0.977281
157,165332485530732496445379876290371501984439220227,22,392,392,0.001142,0.001142,0.0,0.001142,0.998858
157,173008319555191101708826910175525434497734262397,22,287,287,0.000663,0.000663,0.0,0.000663,0.999337
157,143078279358113528954735774091416278002769110083,21,576,544,0.001417,0.000906,0.012073999999999998,0.013490999999999998,0.986509
157,139537309577365933739952691194841985292959417899,21,283,283,0.00273,0.00273,0.0,0.00273,0.99727
157,150381007425703993922643997626233047809831195563,21,319,304,0.008364,0.001991,0.009172999999999999,0.017536999999999997,0.982463
157,125414534553540336555987249708054473022979850233,21,352,352,0.024166,0.024166,0.0,0.024166,0.975834
157,100495160702135079890032717344114075262462068991,21,344,344,0.012812,0.012812,0.0,0.012812,0.987188
157,126081296153973360472994917714723398699218116441,21,780,772,0.001423,0.000445,0.001754,0.003177,0.996823
158,244084876567438940415979589793753210761831799169,22,393,390,0.015521,0.004393,0.004393,0.019914,0.980086
158,311889364802148711770367329783808121108240984963,22,427,425,0.011307,0.00394,0.00394,0.015247,0.984753
158,315552892616518612169009766705743992617805242163,22,292,292,0.022558,0.022558,0.0,0.022558,0.977442
158,364568451629159625851465545891850771901219214163,22,374,371,0.010253,0.005405,0.005405,0.015658,0.984342
158,213880798395599609631736184456759089379285659049,22,435,435,0.002893,0.002893,0.0,0.002893,0.997107
158,364596676892949119436289041863521153445811753029,22,520,520,0.004068,0.004068,0.0,0.004068,0.995932
158,215840103126036545942721515629965329944602697057,22,572,561,0.00188,0.001412,0.006443,0.008323,0.991677
158,259043540185824666457272444893607678141566205487,22,346,346,0.002234,0.002234,0.0,0.002234,0.997766
158,311426830077414386887481553693471517445014703609,22,373,367,0.006043,0.000425,0.009024,0.015067,0.984933
158,220678872755010770809359894948879428023872635453,22,355,352,0.002465,0.001956,0.001956,0.004421,0.995579
158,324273864736092445034262802970079797120470198979,22,439,439,0.035538,0.035538,0.0,0.035538,0.964462
158,335973439137660892963362517099047189556286786761,22,323,323,0.002189,0.002189,0.0,0.002189,0.997811
158,282449349227109527988465852865060163003324312407,22,324,324,0.003945,0.003945,0.0,0.003945,0.996055
158,208746167169143822300193643710778500356712398063,22,467,462,0.00131,0.000593,0.001437,0.002747,0.997253
158,334111037801880478290657958251924991420673909189,22,488,488,0.002659,0.002659,0.0,0.002659,0.997341
158,278758463930102758470340608089823158233270489379,22,355,319,0.013627,0.002358,0.0136,0.027227,0.972773
158,334359694784871699894821359716571301393005547539,22,411,399,0.0076419999999999995,0.002572,0.0076300000000000005,0.015272,0.984728
158,266330340319030988935371369155445034828168547083,22,372,372,0.00085,0.00085,0.0,0.00085,0.99915
158,304296786548695733429639288499877719781617137947,22,580,580,0.002979,0.002979,0.0,0.002979,0.997021
158,363187749995613157299748064319278147359621272623,22,662,662,0.001953,0.001953,0.0,0.001953,0.998047
159,686564447258462630098219799118347627120122126259,22,495,495,0.001165,0.001165,0.0,0.001165,0.998835
159,589551271893462661314759463097397605089591304053,22,483,483,0.005591,0.005591,0.0,0.005591,0.994409
159,631182522272441179585206326884145264567358144641,22,318,300,0.003115,0.001267,0.003551,0.006666,0.993334
159,436106084503182412560423534629337392438805726397,22,508,508,0.001158,0.001158,0.0,0.001158,0.998842
159,614365874960561724255698902936314085451009978123,22,438,426,0.001879,0.001695,0.006045,0.007924,0.992076
159,652808814800014009591626662453549818193223047839,22,675,675,0.005637,0.005637,0.0,0.005637,0.994363
159,431497693573687811342235449780503037093880478249,22,422,422,0.005182,0.005182,0.0,0.005182,0.994818
159,641417960009003073536715539762385574694132608057,22,318,318,0.002018,0.002018,0.0,0.002018,0.997982
159,556755493522333610334550996104356886728067513937,22,446,446,0.015246,0.015246,0.0,0.015246,0.984754
159,518738300042543123329242792010704876266634471203,22,531,512,0.009111,0.006069,0.006069,0.015179999999999999,0.98482
159,622775601463755434010798895296308923399679148479,22,370,367,0.0018900000000000002,0.00037,0.002214,0.004104,0.995896
159,721092743353983610239239300767561842232656810121,22,371,371,0.008935,0.008935,0.0,0.008935,0.991065
159,725700541872878647978311987906512435448724917323,22,360,344,0.003902,0.001318,0.015505999999999997,0.019407999999999998,0.980592
159,680792306276738068787445684933623704836521586517,22,402,402,0.002276,0.002276,0.0,0.002276,0.997724
159,609838293034917899422422535971964737888944079431,22,564,554,0.001747,0.00404,0.010947,0.012694,0.987306
159,500003566005968344293642166685142120533963613397,22,375,366,0.002781,0.006866,0.022635,0.025415999999999998,0.974584
159,672585552363075626030436013518741587083784197091,22,956,956,0.003517,0.003517,0.0,0.003517,0.996483
159,667853203575891446356676483576275288677930218477,22,369,369,0.002247,0.002247,0.0,0.002247,0.997753
159,452729177399062213984412625994093209513957053659,22,491,490,0.000456,0.001324,0.001324,0.0017800000000000001,0.99822
159,718517666115847144224280227758502807408113808437,22,604,595,0.000603,0.000513,0.000513,0.001116,0.998884
160,1115913240165002032294944939882858364194015937199,22,356,337,0.001928,0.001154,0.006405000000000001,0.008333,0.991667
160,1440912770676709848638629792376134253525608074541,22,628,626,0.00063,0.001745,0.001745,0.002375,0.997625
160,933815358984064483011197510331330335221655664157,22,410,404,0.000734,0.001061,0.0064280000000000006,0.007162000000000001,0.992838
160,969243323728712475535486623630623651719920512731,22,368,368,0.030265,0.030265,0.0,0.030265,0.969735
160,1076466504888089627494905309713319219664710433643,22,374,373,0.0043630000000000006,0.001337,0.001337,0.0057,0.9943
160,1421116437931458286969196379690998986504855152749,22,564,553,0.002617,0.002389,0.009471,0.012088,0.987912
160,1172553592352544090305146581654443943982800468347,22,384,384,0.006806,0.006806,0.0,0.006806,0.993194
160,909793617870750937141425081136809004936031725807,22,846,837,0.004531,0.002248,0.003016,0.007547,0.992453
160,1057437110620229076506102833609193814696668318251,22,409,408,0.004511,0.001403,0.001403,0.005914,0.994086
160,1272489506939449407441353102540516266393948251787,22,392,392,0.003956,0.003956,0.0,0.003956,0.996044
160,1080313044916089688695708805273339794814591207951,22,334,334,0.00683,0.00683,0.0,0.00683,0.99317
160,1149353867679185877473020663684612261737991945873,22,322,316,0.014255,0.005096,0.005096,0.019351,0.980649
160,983949157142389589790721652739207946878875195771,22,355,349,0.002718,0.005052,0.005052,0.00777,0.99223
160,1361143599389480694086689546211220334021828686817,22,405,405,0.025507,0.025507,0.0,0.025507,0.974493
160,1021091838147883904869937336936298707335596006313,22,467,448,0.003602,0.000121,0.014867,0.018469,0.981531
160,1294988162211010208686476509915675738782236322669,22,401,401,0.02746,0.02746,0.0,0.02746,0.97254
160,1122941529731570548110403398235866601161586536011,22,350,350,0.003971,0.003971,0.0,0.003971,0.996029
160,1432805530443255062195929071604085524855630107221,22,361,361,0.006249,0.006249,0.0,0.006249,0.993751
160,1153032896620140114746318270771321999716861546507,22,437,437,0.003198,0.003198,0.0,0.003198,0.996802
160,964310714558373662737593657033125267637818078167,22,374,361,0.001079,0.001585,0.007084,0.008163,0.991837
161,2549342994142969438502207735324263431486603124709,22,349,349,0.007736,0.007736,0.0,0.007736,0.992264
161,2681100216348215889829625802961254331665674276717,22,434,433,0.001422,0.000412,0.000412,0.0018340000000000001,0.998166
161,2880298692764464678292391755309173496702002183049,22,454,454,0.001005,0.001005,0.0,0.001005,0.998995
161,1772591985057680454231176923477927954936575167497,22,298,298,0.010955,0.010955,0.0,0.010955,0.989045
161,2083705746610030102470078930728254734269258767559,22,405,405,0.003653,0.003653,0.0,0.003653,0.996347
161,2592051223899969308896255211589583595849607840917,22,531,522,0.00212,0.001561,0.005363,0.007483,0.992517
161,1964444950659050423101133436896095725128026615861,22,320,320,0.000551,0.000551,0.0,0.000551,0.999449
161,2664894503748551145754658751022334263049302504109,22,410,396,0.00503,0.000837,0.001792,0.006822,0.993178
161,2890667027374661591725712210164725411830649644971,22,453,453,0.004494,0.004494,0.0,0.004494,0.995506
161,2315237919643127678001317504649602348775135239989,22,419,419,0.007048,0.007048,0.0,0.007048,0.992952
161,2263615665739021443959839330064499024174205984757,22,355,353,0.010498,0.004087,0.004087,0.014585,0.985415
161,2715737041694779962072587570440702427479596688267,22,412,399,0.00156,0.002432,0.005017000000000001,0.006577,0.993423
161,2242913431855633380375884470582819076336280851693,22,563,563,0.00295,0.00295,0.0,0.00295,0.99705
161,2196055705110050413211594819707917380387387874647,22,478,478,0.004817,0.004817,0.0,0.004817,0.995183
161,2386559963764208317133465196705396071874399113177,22,454,454,0.005244,0.005244,0.0,0.005244,0.994756
161,2496018222066887071360307538619052262154796275933,22,460,451,0.005597,0.004427,0.004427,0.010024000000000002,0.989976
161,2643999513168057204584957107582487653622472397817,22,473,473,0.002837,0.002837,0.0,0.002837,0.997163
161,2635743115320503461112643487699959884803825828717,22,412,412,0.011714,0.011714,0.0,0.011714,0.988286
161,2825605982926347409937517778879057613012900909681,22,434,433,0.000489,0.000577,0.000577,0.001066,0.998934
161,1945681273593238791686785823639092496168175333883,22,455,455,0.000905,0.000905,0.0,0.000905,0.999095
162,5142726192263316119305765044724202366191059020131,22,431,431,0.006377,0.006377,0.0,0.006377,0.993623
162,4356714020119985091707387224305757015484033268083,22,354,354,0.045462,0.045462,0.0,0.045462,0.954538
162,5760088733269586802798761031015562375783053998981,22,411,399,0.00283,0.005203,0.005203,0.008033,0.991967
162,5126536210830929842911126218863559555593079772241,22,462,449,0.002155,0.000802,0.001183,0.003338,0.996662
162,4355984306317180250941284630714493550289288293197,22,529,529,0.00164,0.00164,0.0,0.00164,0.99836
162,5372238624316637074604877264416233805336449398107,22,393,381,0.003214,0.001826,0.009272,0.012486,0.987514
162,3370953511586955617438834489704567964510236112387,22,366,348,0.001499,0.003581,0.0063490000000000005,0.007848,0.992152
162,5654048134438701321190467092520015125597334765619,22,929,919,0.000522,0.000344,0.000563,0.001085,0.998915
162,5347560175544712010315634817224870510859508906709,22,426,426,0.022253,0.022253,0.0,0.022253,0.977747
162,5736419416140119735836049169364015628764346059723,22,814,797,0.00091,0.000584,0.002777,0.003687,0.996313
162,4650109252981784028797300655435682334415722439709,22,507,504,0.011689,0.002769,0.002769,0.014458,0.985542
162,4851575313540019468754262146798472592699356416503,22,445,445,0.002063,0.002063,0.0,0.002063,0.997937
162,4620052361353557581946034404083231874642184874639,22,470,462,0.015411999999999999,0.000652,0.000652,0.016064,0.983936
162,5522800988337253824728791418632480547260333713827,22,417,417,0.004663,0.004663,0.0,0.004663,0.995337
162,5499586014822265836968576304450001678297022377393,22,658,658,0.002087,0.002087,0.0,0.002087,0.997913
162,3564133393297332356275713734544213713680389996917,22,385,385,0.001669,0.001669,0.0,0.001669,0.998331
162,5515322111725050184603784308918954761722437406837,22,422,413,0.003472,0.000827,0.000827,0.004299,0.995701
162,4485461183490214672847356727639397071039303926699,22,390,390,0.003284,0.003284,0.0,0.003284,0.996716
162,5195480640606091839263058107075820094394110075261,22,379,374,0.00244,0.001772,0.001772,0.004212,0.995788
162,5741107958946558148650160180297387601202820663099,22,469,469,0.00414,0.00414,0.0,0.00414,0.99586
163,9747578468936317254902406784741698921811080904511,22,423,408,0.004629,0.000835,0.006846999999999999,0.011476,0.988524
163,10111701947436338618707597112719816959644907307921,22,494,494,0.005054,0.005054,0.0,0.005054,0.994946
163,9500974977324321481710304769960767745184067228853,22,389,383,0.003687,0.003053,0.003053,0.00674,0.99326
163,10923265258610933252939304751090963667320491815059,22,370,370,0.002232,0.002232,0.0,0.002232,0.997768
163,6277296598420519157375291811600475171257085054819,22,328,328,0.003161,0.003161,0.0,0.003161,0.996839
163,9231618602773719751425117097585869209969078112883,22,456,449,0.015438,0.008,0.011041,0.026479000000000003,0.973521
163,10035352768951452538707551978057565508665635317309,22,472,465,0.002956,0.003721,0.003721,0.006677,0.993323
163,7654209071367977951897371689264431599631570961337,22,337,337,0.002796,0.002796,0.0,0.002796,0.997204
163,10824194889247063645916265364865318315163275587691,22,393,363,0.00523,0.005388,0.007259000000000001,0.012489,0.987511
163,7007067855178084077334907729020251703138388423407,22,588,588,0.001366,0.001366,0.0,0.001366,0.998634
163,11563629162960767561469993435982566900206290797341,22,339,339,0.01254,0.01254,0.0,0.01254,0.98746
163,10432647582007091942814866236806348920448169897081,22,412,409,0.004503,0.003153,0.008558,0.013061,0.986939
163,11013321740409425001654829975108773198879722323169,22,486,486,0.003416,0.003416,0.0,0.003416,0.996584
163,11388208541060705561819087229232095358667380786273,22,566,566,0.02977,0.02977,0.0,0.02977,0.97023
163,11103735522688372546281614770298463681690271542443,22,512,512,0.006101,0.006101,0.0,0.006101,0.993899
163,8215686036974456744106483973928387713743004968589,22,459,449,0.011008,0.000682,0.000682,0.01169,0.98831
163,10366420373188722818237768081269384282174284586279,22,524,518,0.0016,0.002471,0.002471,0.004071,0.995929
163,9887493049291697627584648336712714992824228820507,22,384,384,0.000785,0.000785,0.0,0.000785,0.999215
163,11291772697596805962306082330181863662191216703401,22,705,685,0.001227,0.000163,0.002588,0.003815,0.996185
163,8629299483287912574962165393081179705241759373329,22,539,539,0.007985,0.007985,0.0,0.007985,0.992015
164,20210344270042780228524473590981781384374263250651,22,712,674,0.001241,0.000384,0.008600000000000002,0.009841000000000003,0.990159
164,17385754946083473907588211247263282920082635440931,22,449,449,0.001779,0.001779,0.0,0.001779,0.998221
164,15065200337324516365624234372840728893791849883677,22,549,549,0.009053,0.009053,0.0,0.009053,0.990947
164,20001274208685757373389824972298109151192644683421,22,467,444,0.002542,0.001268,0.005216,0.007758,0.992242
164,23206373050027225840725924288883018652907266761573,22,416,416,0.005571,0.005571,0.0,0.005571,0.994429
164,22025345891505684794425190360346292788092251835117,22,343,343,0.015731,0.015731,0.0,0.015731,0.984269
164,17433500709489283073258616221836367960841092957683,22,417,417,0.008843,0.008843,0.0,0.008843,0.991157
164,20619243792726008996626054260855579390889646661671,22,519,514,0.004092999999999999,0.000281,0.004806,0.008899,0.991101
164,17851954102483708548111820947964979316071559518321,22,520,506,0.000895,0.000679,0.002821,0.003716,0.996284
164,15520227091786292775179646082304899324457570987803,22,414,414,0.00297,0.00297,0.0,0.00297,0.99703
164,21025509716353739955780362583473341923163070100707,22,511,508,0.001459,0.001875,0.001875,0.003334,0.996666
164,14498146431977835998639783360838649091026316741701,22,513,513,0.002957,0.002957,0.0,0.002957,0.997043
164,19111791960401045569879778943278968002523890458231,22,326,326,0.001075,0.001075,0.0,0.001075,0.998925
164,16530301572124410378960034538876085010836459672467,22,349,349,0.000921,0.000921,0.0,0.000921,0.999079
164,18221873864190480631751119997397311265906143427919,22,640,640,0.017488,0.017488,0.0,0.017488,0.982512
164,19509002958117864345830026901941875949728480482351,22,679,679,0.000827,0.000827,0.0,0.000827,0.999173
164,22672286378997470934496964350911104497412505665789,22,422,422,0.003531,0.003531,0.0,0.003531,0.996469
164,23046477364042922130498611236049763734841923672321,22,584,571,0.006493,0.000993,0.020817,0.027309999999999997,0.97269
164,17549286263321631100185248104947257910955608889553,22,373,373,0.030485,0.030485,0.0,0.030485,0.969515
164,21059636316678691840527110401614339175235554714931,22,480,480,0.006275,0.006275,0.0,0.006275,0.993725
165,41832933592112304400801943026671467969363831087923,22,360,360,0.001499,0.001499,0.0,0.001499,0.998501
165,35682862411294951100561921127821057964487467339443,22,420,408,0.023755,0.016502,0.016502,0.040257,0.959743
165,42835312913720678185448545784074783359123970744159,22,383,383,0.009352,0.009352,0.0,0.009352,0.990648
165,40881659780738625128558353749592964839279265435171,22,366,364,0.000856,0.002316,0.002316,0.003172,0.996828
165,45322494471102900510547891895971824081862698563281,22,360,343,0.003922,0.00142,0.004418,0.00834,0.99166
165,45929128788840959205376511336193947297685265640951,22,950,946,0.000982,0.00023,0.00023,0.001212,0.998788
165,44489998373490387700600426834275888436763809873019,22,807,807,0.0005,0.0005,0.0,0.0005,0.9995
165,35790092378947652923809024031202004014344249255817,22,484,473,0.00421,0.001952,0.001952,0.006162,0.993838
165,45161106773899709982331683988937842529673051859151,22,517,517,0.000975,0.000975,0.0,0.000975,0.999025
165,41611075822328138418773040753161992670148754649183,22,427,427,0.000641,0.000641,0.0,0.000641,0.999359
165,43893688025396579244143003549941949711112694897597,22,595,595,0.004727,0.004727,0.0,0.004727,0.995273
165,38949108443317524477011125919734633057707138102373,22,460,460,0.001412,0.001412,0.0,0.001412,0.998588
165,44506757530726502698455041633661918108484228681201,22,606,587,0.0015669999999999998,0.001729,0.007702,0.009269,0.990731
165,45700176760813962794447132804379570073089321130619,22,452,450,0.004723,0.000815,0.001506,0.006229,0.993771
165,36717319074712975178793976563482551630954666600147,22,518,518,0.001672,0.001672,0.0,0.001672,0.998328
165,40081717737177734357477768258828819203380673838299,22,467,467,0.004972,0.004972,0.0,0.004972,0.995028
165,42668271582757088828333733690941986896240697265291,22,344,344,0.035257,0.035257,0.0,0.035257,0.964743
165,42066162699265700510000155471171171993026790897181,22,335,335,0.001658,0.001658,0.0,0.001658,0.998342
165,43079437256800894081452117481597778557867932256481,22,761,721,0.0018999999999999998,0.000509,0.008433999999999999,0.010334,0.989666
165,39639751732104952918265482468837059446746603506727,22,455,455,0.002531,0.002531,0.0,0.002531,0.997469
166,64455071458380183185819126791305562795840205337607,22,556,556,0.000191,0.000191,0.0,0.000191,0.999809
166,90075771203582122330247262323941154266135655067703,23,584,577,0.001918,0.001066,0.001066,0.002984,0.997016
166,72228823129784081606691745887439926673012583025583,22,602,602,0.000488,0.000488,0.0,0.000488,0.999512
166,69837432774442923128016482628855170461287372899371,22,459,431,0.004604,0.003331,0.015435999999999998,0.02004,0.97996
166,89244922194937743144971782767253188914316795885797,23,520,502,0.002704,0.001352,0.001352,0.004056,0.995944
166,88746453267789363020668583643470490537450658613921,23,430,428,0.004133,0.001179,0.001179,0.005312000000000001,0.994688
166,88713786474705850221237608801094392192327303798911,23,433,409,0.002323,0.000717,0.004457999999999999,0.006780999999999999,0.993219
166,87557406481398096612837568774546924908523956472679,22,501,501,0.007064,0.007064,0.0,0.007064,0.992936
166,83804917377281198336877975468864158449629337119497,22,429,429,0.014596,0.014596,0.0,0.014596,0.985404
166,81569638913156092214718111347132660641468885512997,22,374,374,0.002027,0.002027,0.0,0.002027,0.997973
166,52608719657148563796512530136536674250280158137673,22,587,587,0.011732,0.011732,0.0,0.011732,0.988268
166,89221264190598117801701321295581964396857406691793,23,360,360,0.006132,0.006132,0.0,0.006132,0.993868
166,91421352408629645983856436933886907626516790327531,23,444,439,0.0031320000000000002,0.00945,0.015532999999999998,0.018664999999999998,0.981335
166,92354408607697290294087669975129842220424154225839,23,359,359,0.004426,0.004426,0.0,0.004426,0.995574
166,90307244958886521065070588400571519599452170426827,23,440,433,0.008557,0.001247,0.001247,0.009804,0.990196
166,61951676507642868191945772939153670793162317140439,22,659,659,0.00299,0.00299,0.0,0.00299,0.99701
166,57096092534835312898852423687190032724229132615371,22,402,402,0.001333,0.001333,0.0,0.001333,0.998667
166,77734094079183033282661848210260105535011878058221,22,443,426,0.00543,0.019637,0.033632,0.039062,0.960938
166,61439716290799937763975920406477923341938046630307,22,538,533,0.007624,0.001387,0.001387,0.009011,0.990989
166,92944946903546196014112302841886638418369209076507,23,333,312,0.000194,0.001455,0.003243,0.003437,0.996563
167,185191770581306272864194984747884925328034141094049,23,360,355,0.001918,0.000999,0.000999,0.0029170000000000003,0.997083
167,150753299534321728385042450116986328932503586710791,23,402,402,0.026646,0.026646,0.0,0.026646,0.973354
167,122185038003700368219528064449236784866763422689417,23,384,384,0.000422,0.000422,0.0,0.000422,0.999578
167,178235118269758334366445181520116909697869973267843,23,418,418,0.000866,0.000866,0.0,0.000866,0.999134
167,125101284926137051500851455837556179024574472599693,23,403,399,0.001763,0.000704,0.0034419999999999997,0.0052049999999999996,0.994795
167,183608279157579728300471834586610846132033916363009,23,435,435,0.0053,0.0053,0.0,0.0053,0.9947
167,123823837425211259366602079641341299640350463304427,23,487,460,0.002813,0.000684,0.011256,0.014069,0.985931
167,182738591737141364288038096817725089299414242881199,23,372,363,0.001304,0.000614,0.003397,0.004701,0.995299
167,144881986800772159131971678194070421363231610326503,23,488,488,0.009489,0.009489,0.0,0.009489,0.990511
167,169113029671003783909165383403390189332006078766403,23,756,756,0.004708,0.004708,0.0,0.004708,0.995292
167,180203454172404433999728807424822530543427009853893,23,618,613,0.003724,0.003311,0.0034560000000000003,0.007180000000000001,0.99282
167,176740473075257510677017027826065071164478066806109,23,329,329,0.001078,0.001078,0.0,0.001078,0.998922
167,154708744984764752253150630606148953411120836248223,23,517,515,0.001627,0.003631,0.003631,0.0052580000000000005,0.994742
167,185822038963156756154989463606402264231845142986571,23,499,499,0.000645,0.000645,0.0,0.000645,0.999355
167,164713641976176077509064527913611509808492198546303,23,429,429,0.001231,0.001231,0.0,0.001231,0.998769
167,174143473517067658771245663523001506669684229251583,23,294,294,0.003199,0.003199,0.0,0.003199,0.996801
167,134875484299471317108685835177615212803568324951771,23,325,325,0.004796,0.004796,0.0,0.004796,0.995204
167,182071589557326943011646537770784052720010679622671,23,457,457,0.007577,0.007577,0.0,0.007577,0.992423
167,107723548795615044892707554332906198918982581905521,23,416,416,0.002352,0.002352,0.0,0.002352,0.997648
167,110235062257219473750266489148464622602430677309023,23,469,461,0.002744,0.000859,0.0035730000000000002,0.006317,0.993683
168,355867559027045347481742474164268313169270448267103,23,532,532,0.000419,0.000419,0.0,0.000419,0.999581
168,354354498343882825539049178202420048518235057099511,23,382,380,0.003852,0.001505,0.001505,0.005357,0.994643
168,297316862371625606791660530918145246188551598375827,23,462,462,0.00218,0.00218,0.0,0.00218,0.99782
168,251334070780906996792106667358010626199124871015193,23,382,382,0.00269,0.00269,0.0,0.00269,0.99731
168,266089629335928959939990984219310389073099671366189,23,377,377,0.011184,0.011184,0.0,0.011184,0.988816
168,297312478520764466042800805099268401234237086618769,23,498,498,0.000964,0.000964,0.0,0.000964,0.999036
168,252694597694857518298868919901861055603851696256479,23,402,402,0.000682,0.000682,0.0,0.000682,0.999318
168,286391540226265125508001191752822610514127971418977,23,445,445,0.005113,0.005113,0.0,0.005113,0.994887
168,318688943619592236326261968753666579542852488008771,23,516,512,0.00386,0.000738,0.000738,0.0045980000000000005,0.995402
168,348197322658922333549563681800422289216265150015297,23,516,495,0.003057,0.001058,0.010561,0.013617999999999998,0.986382
168,368542669960002587168410129566818072485889583789247,23,477,477,0.001205,0.001205,0.0,0.001205,0.998795
168,268548911990920458790785330758705695531710970965877,23,384,384,0.001213,0.001213,0.0,0.001213,0.998787
168,331941207943771650157715950616862772785852585230449,23,394,379,0.006222,0.007058,0.017845,0.024066999999999998,0.975933
168,323877960143720182139921715509016936864755738538083,23,395,395,0.001621,0.001621,0.0,0.001621,0.998379
168,363122401231538903702884958200573978698665726858941,23,428,425,0.008074,0.002973,0.002973,0.011047,0.988953
168,308228420728279829232936597270463065825898054642939,23,374,374,0.005946,0.005946,0.0,0.005946,0.994054
168,283116060916231999061737214282503740357534622019947,23,391,391,0.004389,0.004389,0.0,0.004389,0.995611
168,281428688528495768940994883006958194198779974610219,23,509,508,0.005752,0.008725,0.008725,0.014477,0.985523
168,326678933726286291994787934645555743351568375175913,23,420,411,0.004464,0.003386,0.003386,0.00785,0.99215
168,242229774464479250019542042945875041752252033094853,23,806,785,0.000527,0.002226,0.017717,0.018244,0.981756
169,549419723295960540447780008307906211005792776812829,23,484,484,0.001258,0.001258,0.0,0.001258,0.998742
169,664865469281161842324657652489314073194401709162263,23,616,616,0.001797,0.001797,0.0,0.001797,0.998203
169,526275837673483487444634125901789672050479746789367,23,459,452,0.000586,0.001029,0.0019069999999999998,0.002493,0.997507
169,677970966743848576239473283142953742552801707940111,23,437,437,0.000567,0.000567,0.0,0.000567,0.999433
169,657821691628060301322956147101670288895728662024039,23,429,429,0.009035,0.009035,0.0,0.009035,0.990965
169,715264587022453456200004920592343027582234072699119,23,727,686,0.001032,0.00116,0.029373000000000007,0.03040500000000001,0.969595
169,564263055842251392661877742982498545034787789672701,23,391,385,0.00355,0.001033,0.0032770000000000004,0.006827000000000001,0.993173
169,709752893570015397017697204082578787464541589122757,23,360,360,0.003804,0.003804,0.0,0.003804,0.996196
169,655017367008869539322579634764112530246507710350587,23,422,422,0.015214,0.015214,0.0,0.015214,0.984786
169,657292182528951725976013293116638919927942739731969,23,405,371,0.001033,0.000646,0.010693,0.011726,0.988274
169,723786901355715251133499133823457447564442130316753,23,894,894,0.001651,0.001651,0.0,0.001651,0.998349
169,523829125978495822418790946811975528394043957096661,23,390,390,0.007943,0.007943,0.0,0.007943,0.992057
169,541477377066573582590059723667831900889584456117101,23,343,343,0.008916,0.008916,0.0,0.008916,0.991084
169,695788992079943252596035093883032289031003550676639,23,463,463,0.001547,0.001547,0.0,0.001547,0.998453
169,694333695686916638920533025197721880230919832136049,23,363,363,0.004382,0.004382,0.0,0.004382,0.995618
169,485822670269234256517166328139449043912746690035101,23,401,394,0.002004,0.002597,0.004169,0.006173,0.993827
169,621048212309618498722906441939308335619301463127923,23,452,452,0.003779,0.003779,0.0,0.003779,0.996221
169,471378305746743164537629288149409115192944188760511,23,410,401,0.000601,0.001645,0.002108,0.002709,0.997291
169,679166054805478107698598400374518496104565906945673,23,338,338,0.004442,0.004442,0.0,0.004442,0.995558
169,478874915531854708795103201026072431746838752011189,23,478,470,0.013304,0.002686,0.00928,0.022584,0.977416
170,1289318240951187150423696809121408247188110724374959,23,383,383,0.013873,0.013873,0.0,0.013873,0.986127
170,1317598680651458934736004969973115054629720267802427,23,412,411,0.008297,0.003298,0.003298,0.011595000000000001,0.988405
170,1387016971391792365767686427962070113773978808021599,23,435,427,0.00047,0.000922,0.002074,0.002544,0.997456
170,1301605848278604502292287990083848668281772339668443,23,529,525,0.000387,0.000305,0.00065,0.001037,0.998963
170,1454027346176602205583289937091731344133146246553801,23,577,558,0.008934,0.001111,0.013211000000000002,0.022145,0.977855
170,967653528079116878085780463103240904324567568232963,23,531,531,0.003568,0.003568,0.0,0.003568,0.996432
170,1261056843454978621289453730316681785701648409889253,23,488,487,0.003912,0.003748,0.003748,0.00766,0.99234
170,837639897222655440981696060794566569158254246200341,23,432,432,0.000243,0.000243,0.0,0.000243,0.999757
170,1380352939133440466587651274847015029204065064236727,23,661,661,0.006893,0.006893,0.0,0.006893,0.993107
170,1470202321847100083182546960194231350823305902723733,23,488,488,0.008222,0.008222,0.0,0.008222,0.991778
170,1395451141662017337518566124235400507157510063162651,23,386,386,0.000712,0.000712,0.0,0.000712,0.999288
170,1443973581327167714924022043427922410334336886476631,23,452,436,0.002529,0.001249,0.00756,0.010089,0.989911
170,1248251220039825096428185208030859202496488462447199,23,480,480,0.004991,0.004991,0.0,0.004991,0.995009
170,1485074191992056020325974520634552289818056666197811,23,431,431,0.001246,0.001246,0.0,0.001246,0.998754
170,1254247931868399620218293166952069391063175723231013,23,515,502,0.013775,0.009271,0.018647999999999998,0.032423,0.967577
170,1257669066486116581118684542985264257389351752099207,23,336,336,0.009895,0.009895,0.0,0.009895,0.990105
170,938770475414108901814693140661602364827961258856599,23,363,359,0.002472,0.003095,0.003095,0.005567,0.994433
170,1066007335410228423895411628779579916508643551606013,23,442,440,0.014108,0.002556,0.002556,0.016664,0.983336
170,1055641473154584299321451059456907378615225873359927,23,466,466,0.010044999999999998,0.010044999999999998,0.0,0.010044999999999998,0.989955
170,1450909537806030357996742850817171901677376101936973,23,352,349,0.011141,0.006375,0.009845999999999999,0.020987,0.979013
171,2320628485992640066699844867503781431624090632616007,23,420,409,0.006796,0.004671,0.004671,0.011467,0.988533
171,2687357138509969949945838036658262421119489089392571,23,398,392,0.00011,0.000333,0.000333,0.00044300000000000003,0.999557
171,2179890418570410841271805505892530931206234443075251,23,499,499,0.008962,0.008962,0.0,0.008962,0.991038
171,2643553863724729454040982582317963102955115497112137,23,664,659,0.0016549999999999998,0.000895,0.001416,0.003071,0.996929
171,2460627882183105189199201566900305707431196028435837,23,483,483,0.001966,0.001966,0.0,0.001966,0.998034
171,2339826321982801679364695234505710301355859790744791,23,685,685,0.000593,0.000593,0.0,0.000593,0.999407
171,2758900339445195828507819823171495863952057663997793,23,372,372,0.01565,0.01565,0.0,0.01565,0.98435
171,1842882812388021598690092464110026835556610550203901,23,687,664,0.000294,0.000282,0.0013330000000000002,0.0016270000000000002,0.998373
171,2527348162893818585716726864029885307488142009814867,23,378,352,0.001693,0.000676,0.002058,0.003751,0.996249
171,2837554568622031909115383188427508045834871248866231,23,390,390,0.013168,0.013168,0.0,0.013168,0.986832
171,1980107624548085725945997103475068875829188531206579,23,895,895,0.006986,0.006986,0.0,0.006986,0.993014
171,2569544928058170304082873120455860591460518083182909,23,515,515,0.001667,0.001667,0.0,0.001667,0.998333
171,2690941433828007792933739463035154894668803736090667,23,360,356,0.001025,0.002673,0.002673,0.003698,0.996302
171,2790043200701068932081541267461948287073389647656629,23,317,317,0.005482,0.005482,0.0,0.005482,0.994518
171,2090916108644774601950745809429826244133327238488009,23,444,425,0.004866,0.003793,0.003793,0.008659,0.991341
171,2565736058589956952109798640055629482853606450052707,23,494,488,0.002823,0.000996,0.000996,0.003819,0.996181
171,2857998842268811336179375833801691573922890863274847,23,686,686,0.006866,0.006866,0.0,0.006866,0.993134
171,2396493466906125285828056384566870470681794130877669,23,441,441,0.002447,0.002447,0.0,0.002447,0.997553
171,2690381636823230507251275613355703537300523990202027,23,567,546,0.001712,0.002304,0.012253,0.013965,0.986035
171,2534044398151279155788338071872494168885731333317717,23,517,517,0.003308,0.003308,0.0,0.003308,0.996692
172,4462022261486228276470696903183179974341102550314813,23,589,579,0.003725,0.000837,0.009059999999999999,0.012784999999999998,0.987215
172,4973934130046512061706003746504778764546358353047069,23,483,469,0.000607,0.000326,0.0018119999999999998,0.0024189999999999997,0.997581
172,5648094522288795174255363457633460814882962588225833,23,595,573,0.000753,0.000584,0.006577,0.007330000000000001,0.99267
172,4726592204009198207872992689944913141786425094656837,23,812,812,0.001004,0.001004,0.0,0.001004,0.998996
172,5594622054792930920033030420069168546546514996297059,23,375,375,0.005994,0.005994,0.0,0.005994,0.994006
172,5195538082333779164457732930160988690944352296084861,23,419,402,0.037677,0.004063,0.020359999999999996,0.058037,0.941963
172,4025284698876107182620642633377455297801856255767501,23,452,452,0.001784,0.001784,0.0,0.001784,0.998216
172,4383786029746298282865883459946099335415639923579151,23,540,527,0.007455,0.006088,0.006088,0.013543,0.986457
172,4240211809755560196715516460800231502364014252588639,23,428,423,0.017973,0.006147,0.006147,0.02412,0.97588
172,5548533853252799042694444930927799861408846535815007,23,419,411,0.002957,0.00127,0.004091,0.0070480000000000004,0.992952
172,5437902847130435025801669508069442332314935248409143,23,460,451,0.001677,0.001424,0.00278,0.004457,0.995543
172,4141743792397074660421973109728086317758715931017277,23,427,423,0.001213,0.006232,0.006232,0.007445,0.992555
172,4778987191980938572456617933856060465243353739312487,23,499,465,0.005044,0.000406,0.007998,0.013042,0.986958
172,4739381656678028395979571409181320777773237194812847,23,415,399,0.001721,0.005298,0.015866,0.017587000000000002,0.982413
172,4804326313493129486456115335738865566041096602990667,23,728,728,0.004573,0.004573,0.0,0.004573,0.995427
172,4104752537262135739627532234359506058920546702141581,23,409,409,0.006308,0.006308,0.0,0.006308,0.993692
172,3803744058813253158320678543084926588928670333519661,23,428,428,0.002349,0.002349,0.0,0.002349,0.997651
172,4385465259125919643879994689875257236736934784890611,23,483,478,0.000678,0.001041,0.001041,0.001719,0.998281
172,5279890751954713468197389506413223751577777606451787,23,424,424,0.011441,0.011441,0.0,0.011441,0.988559
172,4160916851387881458666582220339040710916709604934989,23,458,458,0.001263,0.001263,0.0,0.001263,0.998737
173,10923792501645012754794107569655030715119609536422907,23,415,415,0.001558,0.001558,0.0,0.001558,0.998442
173,10049473751846112538141515321974984014498020571782187,23,361,361,0.013109,0.013109,0.0,0.013109,0.986891
173,11478453237002096953758919917104639903243507350422841,23,640,640,0.001181,0.001181,0.0,0.001181,0.998819
173,10169455292752448241266658515571649753093170083937973,23,376,376,0.00249,0.00249,0.0,0.00249,0.99751
173,11141435091489660417203162826279290403361648348555217,23,404,404,0.004628,0.004628,0.0,0.004628,0.995372
173,11845946756557169576442319415563300804632186316185761,23,359,359,0.006523,0.006523,0.0,0.006523,0.993477
173,6606020196711476677748380921663035663590800650212861,23,496,496,0.001281,0.001281,0.0,0.001281,0.998719
173,9223304994372936325365139311788951438575340466147653,23,358,358,0.00158,0.00158,0.0,0.00158,0.99842
173,9937936138453613172200974798887957858538887333434453,23,453,449,0.000672,0.000441,0.000441,0.0011129999999999998,0.998887
173,11559606582085509839598371324267429245568074606311239,23,375,372,0.003303,0.002537,0.002537,0.00584,0.99416
173,8567518689055579897923237570331424934191919130124683,23,408,392,0.003027,0.00051,0.001813,0.0048400000000000006,0.99516
173,7757833041287954123219330741833398980401403365844671,23,521,514,0.0014190000000000001,0.000919,0.0035000000000000005,0.004919000000000001,0.995081
173,9316049178944443793561813909420289680048038873209887,23,711,711,0.007255,0.007255,0.0,0.007255,0.992745
173,9928833671075698004690547493411708722996168864524191,23,442,442,0.012691,0.012691,0.0,0.012691,0.987309
173,8082599286688078272326597296230019194455017969460353,23,403,397,0.001866,0.001774,0.001774,0.00364,0.99636
173,11722980560595969629675859144256076147885119391535181,23,573,573,0.003987,0.003987,0.0,0.003987,0.996013
173,9593608908661975634163739787876317382759712663032617,23,807,807,0.001212,0.001212,0.0,0.001212,0.998788
173,7514341258039837561785554369913705517231217351886269,23,514,501,0.002891,0.003179,0.003179,0.00607,0.99393
173,10788110854762710095666872487306279223201853493970649,23,448,441,0.001666,0.001278,0.001278,0.002944,0.997056
173,10830515307409583755599110009630409242843757129551833,23,435,416,0.012463,0.010949,0.014527,0.02699,0.97301
174,22104611793997230117343176470598753099597657699857767,23,364,364,0.002965,0.002965,0.0,0.002965,0.997035
174,18763942404536135019296013058405167365237739426352961,23,382,382,0.027938,0.027938,0.0,0.027938,0.972062
174,14688504101174039979833028914301622192512344235844163,23,530,530,0.001773,0.001773,0.0,0.001773,0.998227
174,16722058225437982034822488549751786303201587785473951,23,460,460,0.007712,0.007712,0.0,0.007712,0.992288
174,21509336382097775444053571500023183533792843315954141,23,668,668,0.001228,0.001228,0.0,0.001228,0.998772
174,22850977655225044606098189565776865301144522899108753,23,373,373,0.031442,0.031442,0.0,0.031442,0.968558
174,17279223071662642072680635911044372251032271203557523,23,391,391,0.001257,0.001257,0.0,0.001257,0.998743
174,22947441514018658653094720368483897068968757283032113,23,369,362,0.00051,0.000485,0.0008,0.00131,0.99869
174,18341314976728685056786009125261875389901729222197411,23,524,500,0.00065,0.001771,0.004102,0.004751999999999999,0.995248
174,21198313883423610607647845217061584129219727405462807,23,699,693,0.006796,0.001488,0.005952,0.012747999999999999,0.987252
174,12839400785843164820295834351653620428577969094536553,23,545,513,0.003384,0.001235,0.004297,0.0076809999999999995,0.992319
174,23322450000830661268788758752052782250935597472051533,23,357,342,0.000766,0.000443,0.000443,0.001209,0.998791
174,16333148817978325754024309091523862744059567919963111,23,543,543,0.006172,0.006172,0.0,0.006172,0.993828
174,14462970911237542989272454421381604521266425359311389,23,536,536,0.003382,0.003382,0.0,0.003382,0.996618
174,18949560281665792004413178756295887592891979934348561,23,364,364,0.000525,0.000525,0.0,0.000525,0.999475
174,21408407116291656012109167833580671913503017751545967,23,495,495,0.002354,0.002354,0.0,0.002354,0.997646
174,22631651939782172827484157664433587783833485119069961,23,456,456,0.001769,0.001769,0.0,0.001769,0.998231
174,21837034941512546186024799051115680122246295015518093,23,436,436,0.000514,0.000514,0.0,0.000514,0.999486
174,23437804484573336991839150008388329128133779513222523,23,705,705,0.001168,0.001168,0.0,0.001168,0.998832
174,21670228153893009427879223165719671325428625794224927,23,378,378,0.004932,0.004932,0.0,0.004932,0.995068
175,40488067071432624121676494427962676744307992814206389,23,495,495,0.001524,0.001524,0.0,0.001524,0.998476
175,47880832610030432571309186253738451904700554037260907,23,391,391,0.005915999999999999,0.005915999999999999,0.0,0.005915999999999999,0.994084
175,45878748309865752441663931039655772029562012040164497,23,421,418,0.002475,0.000986,0.000986,0.003461,0.996539
175,44519607957401945468255440685812779498238330725202451,23,714,714,0.000772,0.000772,0.0,0.000772,0.999228
175,38437122674547888080483896869357910936491022366930391,23,566,558,0.003084,0.002484,0.003461,0.0065450000000000005,0.993455
175,47064113916853618606448841022057749802258231599045617,23,378,374,0.007489999999999999,0.008634,0.008634,0.016124,0.983876
175,38418920847258974395155918878755125806886124993281449,23,530,530,0.001203,0.001203,0.0,0.001203,0.998797
175,29860959886171008880417800461459339604720394693120859,23,525,491,0.000638,0.000747,0.015309000000000001,0.015947000000000003,0.984053
175,47523346294694090590598436816448664799865583071536947,23,397,397,0.001869,0.001869,0.0,0.001869,0.998131
175,40430147177650634814659419575820969943704601075586779,23,488,488,0.002169,0.002169,0.0,0.002169,0.997831
175,30673381581036186694644718658867052922438672540632679,23,377,360,0.000407,0.001735,0.001735,0.002142,0.997858
175,46321511197924674401868707445937064255819847549207181,23,566,552,0.0018739999999999998,0.000349,0.001111,0.002985,0.997015
175,40793108447338904457818158698839208728924655609269741,23,496,480,0.002861,0.002455,0.002455,0.0053159999999999995,0.994684
175,47563799216222959471208717042267403920241999763230907,23,392,392,0.003371,0.003371,0.0,0.003371,0.996629
175,44747799795754951639143084884684883018614820083166937,23,423,406,0.002538,0.000769,0.002409,0.004947,0.995053
175,46867320328474189488708379756417548186877640469492347,23,448,448,0.003804,0.003804,0.0,0.003804,0.996196
175,46542356956969036203230698142264416107162071627147053,23,396,396,0.003562,0.003562,0.0,0.003562,0.996438
175,45701878003472651488780363802977956628041054016481659,23,495,495,0.002859,0.002859,0.0,0.002859,0.997141
175,25458726975309530242094669164823103336392162094875803,23,423,423,0.005124,0.005124,0.0,0.005124,0.994876
175,39959523049873920871877996128842998488581987804339877,23,420,420,0.0005,0.0005,0.0,0.0005,0.9995
176,87990886338847859195592642389102593039937487082558279,24,489,489,0.001168,0.001168,0.0,0.001168,0.998832
176,92564124955148991262968874807483374435803628161108999,24,934,925,0.001063,0.001247,0.0015990000000000002,0.0026620000000000003,0.997338
176,94129007589456961191977269147297543003266132666549953,24,395,395,0.001251,0.001251,0.0,0.001251,0.998749
176,93819484016161644344551753829300322151041926203410181,24,435,435,0.000538,0.000538,0.0,0.000538,0.999462
176,73157616268457907406971375723178615684280166706710493,24,398,398,0.011245,0.011245,0.0,0.011245,0.988755
176,61542774938750705714463225629776244056185970967253653,24,496,486,0.000922,0.001311,0.001311,0.002233,0.997767
176,71800771048867515580859417044203063847762338647077403,24,390,390,0.009578,0.009578,0.0,0.009578,0.990422
176,77258340421405866522724393177859419720883968347782627,24,536,524,0.001569,0.00048,0.003693,0.005262,0.994738
176,89837078281524964039898044063254336032471057480771579,24,709,698,0.002095,0.000497,0.0047940000000000005,0.006889000000000001,0.993111
176,67631371474217585591492093931057414532556760623695867,24,387,387,0.002415,0.002415,0.0,0.002415,0.997585
176,89832926575159265651841476273066740015357110318540347,24,639,610,0.000256,0.000262,0.00344,0.003696,0.996304
176,67118204137332948793553589627698826319196161548428537,24,400,382,0.002607,0.001576,0.003721,0.006328,0.993672
176,87774156256777768160436756789989062372701963996758741,24,553,549,0.001766,0.001204,0.001204,0.00297,0.99703
176,70572719969624332011199901351228566052874877227465031,24,467,467,0.000826,0.000826,0.0,0.000826,0.999174
176,86250046064114433343982710398437258754379418231496971,24,405,405,0.00154,0.00154,0.0,0.00154,0.99846
176,87134348646583113354803029928666774546954085244353883,24,368,358,0.007877,0.000637,0.000637,0.008514,0.991486
176,71901633824806274691548687743309648812921855456127637,24,391,391,0.005493,0.005493,0.0,0.005493,0.994507
176,90150270285363435056040734184802693760325360863282387,24,527,509,0.000482,0.000834,0.002033,0.002515,0.997485
176,94046017590480304561168089303295538090394575865219973,24,523,506,0.0033,0.000782,0.001711,0.005011,0.994989
176,64190892782173257959767693618630438907905705925983597,24,432,432,0.003185,0.003185,0.0,0.003185,0.996815
177,119125070369688751792163725903852573808324382853761851,24,514,514,0.001828,0.001828,0.0,0.001828,0.998172
177,182726819299327515165849812245648871121491177942129611,24,527,511,0.00117,0.001595,0.0020310000000000003,0.0032010000000000003,0.996799
177,188893960779618570376876195763394634184667143767990939,24,479,479,0.001755,0.001755,0.0,0.001755,0.998245
177,177226234109374423417710011618572758541886871555971773,24,509,509,0.019517,0.019517,0.0,0.019517,0.980483
177,170417219917741538865104682908758540815889415996081587,24,501,478,0.000364,0.00092,0.0013800000000000002,0.001744,0.998256
177,184456472780322533717507274449727396706948277959651997,24,726,726,0.003318,0.003318,0.0,0.003318,0.996682
177,172591822599216441031826476355149233765150072380634947,24,451,451,0.002127,0.002127,0.0,0.002127,0.997873
177,160262516696147396603234199689194202325829336961400089,24,439,424,0.001207,0.002126,0.0038979999999999996,0.005104999999999999,0.994895
177,189488332491885140927092409494182632690603024073949519,24,476,457,0.00263,0.000526,0.006354,0.008984,0.991016
177,158860589548227817116386228914199311016251079037823631,24,427,426,0.005204,0.002068,0.002068,0.007272000000000001,0.992728
177,131023867650554721773986626498755865101732014114852169,24,538,522,0.004698,0.005401,0.013859000000000002,0.018557,0.981443
177,185419546061793924107275707453523293583979540373323441,24,435,427,0.00757,0.007703,0.020720000000000002,0.028290000000000003,0.97171
177,130739606859025377984032427604557137652684751978400777,24,513,508,0.002535,0.004565,0.004565,0.0070999999999999995,0.9929
177,148738595022486208740372312134935505218833565972371451,24,439,439,0.00736,0.00736,0.0,0.00736,0.99264
177,167245458534901805246177899856773690854765016929409441,24,602,588,0.000517,6.7e-05,0.0028989999999999997,0.0034159999999999998,0.996584
177,167743233925335463625480222303950384908571933339861327,24,429,429,0.001339,0.001339,0.0,0.001339,0.998661
177,127846725145209783213161083219697857237418143943954471,24,572,572,0.003145,0.003145,0.0,0.003145,0.996855
177,175371321030994867998753692974243811078511522480617843,24,432,432,0.001277,0.001277,0.0,0.001277,0.998723
177,116000582161408742104082789047643826044722595827305757,24,517,508,0.001108,0.00069,0.0014759999999999999,0.002584,0.997416
177,170372630777230523245695634046185057408362313049454403,24,634,627,0.00037,0.000292,0.000454,0.000824,0.999176
178,326370916554170909248800565447441227366364752100439299,24,363,363,0.001655,0.001655,0.0,0.001655,0.998345
178,351133543531254740082619452808507153835828169762359977,24,363,363,0.000802,0.000802,0.0,0.000802,0.999198
178,336454357966569634923263904170681101591018051550982463,24,507,507,0.016606,0.016606,0.0,0.016606,0.983394
178,287084766998192650266030523003134421022082997050134521,24,478,478,0.000774,0.000774,0.0,0.000774,0.999226
178,352927538094715815006260624760445835128691040320016481,24,436,436,0.005793,0.005793,0.0,0.005793,0.994207
178,338358782479052619339175922612376094187822886673941721,24,584,584,0.000319,0.000319,0.0,0.000319,0.999681
178,350983244504690877302934108411058885737259142622352279,24,404,404,0.000601,0.000601,0.0,0.000601,0.999399
178,362113241669248116131584645381866273037844314273508653,24,848,837,0.00038,9.6e-05,0.0011229999999999999,0.001503,0.998497
178,354699753705738888969549737288396049484417614825528751,24,539,539,0.003833,0.003833,0.0,0.003833,0.996167
178,331690661156431736210765004245137972208022366664402553,24,1003,1000,0.001844,0.001119,0.001119,0.002963,0.997037
178,332675546545853496255458413537230392333963633325833083,24,397,397,0.000364,0.000364,0.0,0.000364,0.999636
178,313703344571742936697405437124510360823965169983069999,24,975,967,0.000308,0.000278,0.000278,0.0005859999999999999,0.999414
178,380254134293999860410999253285210970240457628198742663,24,456,456,0.000952,0.000952,0.0,0.000952,0.999048
178,360641711799225046890015181472030377655985832139240759,24,615,615,0.004253,0.004253,0.0,0.004253,0.995747
178,263917085618902017901372402907639485241329433989841083,24,528,528,0.006331,0.006331,0.0,0.006331,0.993669
178,266288106436622503269927529785703488384905659026805291,24,519,474,0.000457,0.001009,0.0024910000000000006,0.0029480000000000005,0.997052
178,344304805683409519331394242367711732435948148819916561,24,514,514,0.006776,0.006776,0.0,0.006776,0.993224
178,341709744235492519708940578050014342971004111389339661,24,349,349,0.013096,0.013096,0.0,0.013096,0.986904
178,310967967663884862956076583774857977926596023977520621,24,718,718,0.005277,0.005277,0.0,0.005277,0.994723
178,327279608257895351469611029322246368521417106545791761,24,737,717,0.00274,0.000456,0.002371,0.005110999999999999,0.994889
179,558936428874945996924383768356203135254350439671785479,24,379,379,0.037275,0.037275,0.0,0.037275,0.962725
179,674926639517348090731177770827913991101246148882287283,24,1000,992,0.000484,0.00031,0.00031,0.000794,0.999206
179,520778796933569712475497803976339448328715986002072523,24,580,575,0.002022,0.001741,0.001741,0.003763,0.996237
179,748335037461936801408133793949275373189490397012798993,24,583,583,0.005282,0.005282,0.0,0.005282,0.994718
179,750121838409245984074572114070043722336783466522324083,24,521,521,0.00278,0.00278,0.0,0.00278,0.99722
179,652699193242756150846355283234498871767984936149202997,24,366,366,0.001593,0.001593,0.0,0.001593,0.998407
179,701012462554551393326136469593585664907414625879938377,24,574,556,0.002015,0.015565,0.015565,0.017580000000000002,0.98242
179,651811943098199803843122079676572375058573432081265941,24,338,338,0.001305,0.001305,0.0,0.001305,0.998695
179,551025100698026169975841797211316492193395216233257361,24,703,697,0.002789,8.1e-05,8.1e-05,0.0028699999999999997,0.99713
179,568232849243253819024806302642399573345242309126608059,24,478,459,0.012943,0.014194,0.031364,0.044307,0.955693
179,639820098139219068308973252189078237340004822241496393,24,355,355,0.003337,0.003337,0.0,0.003337,0.996663
179,761792849352011360883518708616350161974544759945523083,24,445,445,0.00048,0.00048,0.0,0.00048,0.99952
179,628942419048318189765862150028221450462352308232102681,24,384,384,0.001787,0.001787,0.0,0.001787,0.998213
179,566889538234990454641052189675936791837860452121325949,24,481,481,0.001772,0.001772,0.0,0.001772,0.998228
179,716452162573779008868293903020235512769764173696217249,24,657,637,0.002842,0.001467,0.0033369999999999997,0.006179,0.993821
179,621413530195004739611180163225538908969413935549872629,24,930,924,0.000721,0.001613,0.002252,0.002973,0.997027
179,645609036446719663018922094515491080262538063860555597,24,428,380,0.002677,0.000914,0.011876999999999999,0.014554,0.985446
179,555489032258653592242576233173121867113539610787783833,24,418,418,0.004948,0.004948,0.0,0.004948,0.995052
179,535750173793033032362966709603096420101001099801784643,24,550,550,0.000616,0.000616,0.0,0.000616,0.999384
179,456506540313436296309522192769161449949543126587051023,24,424,424,0.004622,0.004622,0.0,0.004622,0.995378
180,1358996782341013393471064892946133021632416224066738371,24,781,757,0.000683,0.000267,0.004868000000000001,0.005551,0.994449
180,1147190830767755812327995081041386320310165753132541849,24,648,648,0.00108,0.00108,0.0,0.00108,0.99892
180,1403925300691032372140940928473865553985310895500181911,24,464,464,0.003796,0.003796,0.0,0.003796,0.996204
180,1495775451737959760457511687274350579183536185139242641,24,434,434,0.000636,0.000636,0.0,0.000636,0.999364
180,1110739563446777289531838627303749633950291508344598743,24,503,503,0.001523,0.001523,0.0,0.001523,0.998477
180,1194024369143971552927889417542591741693717575625673111,24,507,483,0.001521,0.001064,0.0059169999999999995,0.007437999999999999,0.992562
180,1260166637346508034925373413900190230508510171798948477,24,759,759,0.00129,0.00129,0.0,0.00129,0.99871
180,1455316476136829091460607052510092178765985268783561317,24,513,513,0.000647,0.000647,0.0,0.000647,0.999353
180,1309093992710635640836698146159549405123972272927404881,24,496,496,0.001057,0.001057,0.0,0.001057,0.998943
180,1390894799146412153168495467213932724874405876411579611,24,474,474,0.084317,0.084317,0.0,0.084317,0.915683
180,1520134781616046526108129582711299483597548910524846853,24,479,459,0.00155,0.001631,0.013466,0.015016,0.984984
180,1505439219343167470373459269572451082957623944381924673,24,436,436,0.004666,0.004666,0.0,0.004666,0.995334
180,1057025848491395991324830754425862907965800790964989169,24,403,403,0.013286,0.013286,0.0,0.013286,0.986714
180,1022335052507123413464678276586097658581994406812064513,24,433,433,0.004045,0.004045,0.0,0.004045,0.995955
180,986820806071662897465598796288744366007908716888546481,24,788,788,0.001546,0.001546,0.0,0.001546,0.998454
180,1524644692974396926561992448558626212968367576768526879,24,427,417,0.009985,0.004072,0.011839,0.021824000000000003,0.978176
180,1314131625546751137305337304108371769311553500059572603,24,429,429,0.001246,0.001246,0.0,0.001246,0.998754
180,1159287238259464432648787656029088912397674342457115643,24,446,446,0.001949,0.001949,0.0,0.001949,0.998051
180,1475197377405499619513187533655878473208974647166678079,24,436,427,0.0021390000000000003,0.000219,0.002587,0.004726,0.995274
180,1092513974848862293580063101113260203144966532297855803,24,591,585,0.002256,0.000417,0.000417,0.002673,0.997327
181,2146755962617820701939724558369889009769651618593397373,24,498,498,0.002659,0.002659,0.0,0.002659,0.997341
181,2072316348390379785942053767435731590279096222618626363,24,505,503,0.000907,0.000391,0.000391,0.0012980000000000001,0.998702
181,2877046995656031836501313697137912148919872998967745519,24,568,561,0.001038,0.000414,0.000414,0.0014520000000000002,0.998548
181,2880369969123252961817754651476818952571924308651017163,24,482,482,0.001267,0.001267,0.0,0.001267,0.998733
181,2861708897811122498028015229576663189712718130603358513,24,585,580,0.007238,0.001621,0.001621,0.008858999999999999,0.991141
181,2806788267767978306991980520946809467457007629229500787,24,679,679,0.001851,0.001851,0.0,0.001851,0.998149
181,2302747288573481437114058572318921809401333842388506063,24,568,568,0.000573,0.000573,0.0,0.000573,0.999427
181,2533946943181812616782556407056335292416812676112585527,24,436,433,0.002303,0.006817,0.006817,0.00912,0.99088
181,2487771293557144436196457222451407643840343448896262201,24,427,418,0.007451,0.002509,0.011736,0.019187,0.980813
181,2345607456560758996293272875237597113634991575593930503,24,426,408,0.001636,0.002663,0.002663,0.004299,0.995701
181,2451877345078985122707203168343312742955044811033249477,24,515,515,0.001072,0.001072,0.0,0.001072,0.998928
181,2340974696399471038404420962322551749504771560040272007,24,536,536,0.001856,0.001856,0.0,0.001856,0.998144
181,2477342015750519040996010692078739219032174672206011307,24,580,580,0.00299,0.00299,0.0,0.00299,0.99701
181,2296086844355268411990274677061153842585626962159704019,24,428,428,0.013006,0.013006,0.0,0.013006,0.986994
181,2857327712261479603462914395058626994702465220337337739,24,597,571,0.000259,0.000584,0.002547,0.002806,0.997194
181,1869241629214427269662931336533353684013970622159921317,24,527,526,0.001396,0.002208,0.002208,0.003604,0.996396
181,2136463886038630304242691639030926383783507376355925571,24,424,424,0.00107,0.00107,0.0,0.00107,0.99893
181,2877127110897588495873508614076070239692397854333669421,24,886,868,0.000668,0.000605,0.001534,0.002202,0.997798
181,2391506213382517426158791151215598942262031718622544827,24,538,495,0.006158,0.000903,0.005216,0.011374,0.988626
181,2948841039361971531410668839665611640358315799683010259,24,559,559,0.000462,0.000462,0.0,0.000462,0.999538
182,4191292476346020518783656275665657989599723159847851667,24,581,560,0.00171,0.00449,0.009694999999999999,0.011404999999999998,0.988595
182,4368915889305698991841916329930420223695538711679696073,24,425,404,0.002365,0.002354,0.005594,0.007959,0.992041
182,4603173397210774045412589779080265237568427782430487923,24,624,624,0.000951,0.000951,0.0,0.000951,0.999049
182,4412747380103085417736789338590629677444833420942921431,24,640,640,0.001104,0.001104,0.0,0.001104,0.998896
182,5274862496484527199284351082466041501734256417850671079,24,353,353,0.01228,0.01228,0.0,0.01228,0.98772
182,4800792925814278444401434125143406347751419932688595051,24,418,407,0.000814,0.001723,0.003151,0.003965,0.996035
182,3653812005152759308354861844496272098804036966408036451,24,539,531,0.001425,0.005338,0.005338,0.006763,0.993237
182,4646737653138437262079866979167515682324029521366613887,24,632,632,0.003227,0.003227,0.0,0.003227,0.996773
182,5244063665198047536361296769370401123699361439281027921,24,406,403,0.001512,0.008331,0.008331,0.009843,0.990157
182,5043512217423355819857280369022042682912863299358815427,24,588,588,0.000863,0.000863,0.0,0.000863,0.999137
182,5381424364337562423689277556082862960704173067855407963,24,416,413,0.017773,0.005024,0.005024,0.022797,0.977203
182,5605622646710231703717995108618170373087268192211651819,24,486,451,0.000542,0.001016,0.014557999999999998,0.015099999999999999,0.9849
182,5372876402521245557172885073810823234220306537484862171,24,555,530,0.00157,0.000837,0.010710999999999998,0.012280999999999999,0.987719
182,5193787393634226710856637245122360855837884143711668923,24,430,426,0.000774,0.00331,0.003459,0.004233,0.995767
182,4901526449801380100603842024908873735304969564340783837,24,576,546,0.004535,0.000326,0.018616,0.023151,0.976849
182,6116842254080121661991651815972543754648149039661461711,24,552,543,0.008343,0.000667,0.001571,0.009914,0.990086
182,4848300292233620118117558303318082764588214458439723993,24,716,703,0.001441,0.000769,0.003919000000000001,0.00536,0.99464
182,5455870824923288995533498136798277725990387457579154641,24,392,392,0.000739,0.000739,0.0,0.000739,0.999261
182,3785938512649873423258671464276287016184708730225383793,24,424,412,0.005522,0.008335,0.018442,0.023964,0.976036
182,4491160981645514588938837869554023508980963008773065231,24,596,596,0.000774,0.000774,0.0,0.000774,0.999226
183,9166723778901347230936039451531749253767512951187044911,24,358,358,0.004861,0.004861,0.0,0.004861,0.995139
183,10455930224123599063565031820487918262028421842464564737,24,976,976,0.009146,0.009146,0.0,0.009146,0.990854
183,7427674099806058459503172382903188275128363209564310927,24,365,365,0.008306,0.008306,0.0,0.008306,0.991694
183,10617285421144533269412481609230267820807269357289585027,24,495,495,0.001709,0.001709,0.0,0.001709,0.998291
183,11010471763583359046491348791311818146317648218012267883,24,592,591,0.00047,0.001192,0.001192,0.0016619999999999998,0.998338
183,10332376251302120495254834326196282275734767686242549761,24,391,371,0.003564,0.001155,0.009934,0.013498,0.986502
183,11749977713551691032971054523891664935137255323436579743,24,635,635,0.004134,0.004134,0.0,0.004134,0.995866
183,10038010870002094481651798134300472801725442018653785307,24,522,486,0.0029890000000000003,0.001872,0.020181999999999995,0.023170999999999997,0.976829
183,10982511715433447835689163250582120464921150302579077343,24,407,407,0.000706,0.000706,0.0,0.000706,0.999294
183,8953983959087052116701047035345005923200525137226524679,24,574,543,0.004757,0.001802,0.005776,0.010533,0.989467
183,8876846022270762570247578740470934525848460110861548643,24,716,706,0.00224,0.000618,0.000618,0.002858,0.997142
183,7272641689296160343480501161670052491504793391277318831,24,468,468,0.002416,0.002416,0.0,0.002416,0.997584
183,12244318449419593826201370835952825834440723200097525199,24,587,585,0.001757,0.000956,0.000956,0.002713,0.997287
183,11599990885992088420849467859622548958581504884697039151,24,534,523,0.000263,0.00068,0.002561,0.002824,0.997176
183,7605813317180000005669607627882043830747996242518578099,24,601,601,0.002803,0.002803,0.0,0.002803,0.997197
183,12182702859135303445823465643541896884548888148712896953,24,386,386,0.001087,0.001087,0.0,0.001087,0.998913
183,9709983608535670096749131929304035374023228870737229987,24,528,516,0.00011,0.004433,0.004433,0.004543,0.995457
183,10464773632474194098893561476862794550508738502141675107,24,606,606,0.000301,0.000301,0.0,0.000301,0.999699
183,9586059037733377655369346899873870070324449037164235107,24,359,359,0.003399,0.003399,0.0,0.003399,0.996601
183,9699446562764165401251791317533912674237385429964214831,24,440,433,0.003623,0.00119,0.002895,0.0065179999999999995,0.993482
184,18626849292167387044123969723309390925329349903285206507,24,405,383,0.002969,0.001238,0.004862,0.007831,0.992169
184,18804282751054831530309800753579061511332519271103678431,24,554,554,0.002099,0.002099,0.0,0.002099,0.997901
184,18252028929067861875789984563223162861221576906848127717,24,664,664,0.000234,0.000234,0.0,0.000234,0.999766
184,24181446627067838775417564967666980419690582548365581197,24,507,507,0.002055,0.002055,0.0,0.002055,0.997945
184,23005878760564119588403003965951554728473230184759392953,24,637,605,0.00131,0.000234,0.004774,0.006083999999999999,0.993916
184,23936510072986768214421716184424106299398221539866239897,24,504,500,0.003859,0.000908,0.000908,0.004767,0.995233
184,16234034926709714462589794505359125056267838558020716281,24,674,664,0.000134,0.000344,0.000344,0.000478,0.999522
184,23428690111692592128116212619775791367144015582938967239,24,463,456,0.005155,0.005032,0.0077540000000000005,0.012909,0.987091
184,18912759825437398136803515023873579742325104166174841671,24,487,487,0.000957,0.000957,0.0,0.000957,0.999043
184,19927044154018425176840956388997557677674288593187597089,24,444,444,0.000492,0.000492,0.0,0.000492,0.999508
184,19536799308159701904048108852677303754701680967104128127,24,467,451,0.001145,0.001428,0.002356,0.0035009999999999998,0.996499
184,19071823677149723706403511825275713145306081300414131937,24,611,608,0.000422,0.000342,0.000342,0.000764,0.999236
184,20612269609108741202241460271673864594887702871452882101,24,472,461,0.000925,0.001179,0.002954,0.003879,0.996121
184,18920239559229041789878510751170285007946834591953601329,24,707,689,0.002256,0.000323,0.007235,0.009491,0.990509
184,22611644979880324889689047625329907958432993333469481211,24,423,423,0.00404,0.00404,0.0,0.00404,0.99596
184,22464664451229199112637114050957084764371480284978460343,24,438,427,0.000671,0.000619,0.000758,0.0014290000000000001,0.998571
184,20229563940142821382398535762812188204560973744420706551,24,554,554,0.00039,0.00039,0.0,0.00039,0.99961
184,14302906747822375527736225805395822106070407268478927343,24,463,463,0.000906,0.000906,0.0,0.000906,0.999094
184,22648934796018516144639607669733048190885481628018590453,24,502,495,0.0007160000000000001,0.001341,0.001341,0.002057,0.997943
184,15697907949934382447029781871211500370846936672724531567,24,482,463,0.001179,0.000766,0.0056879999999999995,0.006867,0.993133
185,39302817494925418904731805103331681348585472258348444957,25,627,624,0.002435,0.006612,0.006612,0.009047,0.990953
185,39163563717688705635413025356219451066821712937228964227,25,522,519,0.00413,0.000525,0.000776,0.004906,0.995094
185,43686826810459062412827238710551696728616518667617692019,25,620,600,0.001583,0.000183,0.005555,0.007138,0.992862
185,44530085274113978279620207534979690950635532686975502813,25,358,358,0.006836,0.006836,0.0,0.006836,0.993164
185,43570715964626102904381136448155751424171061828655209841,25,511,503,0.00127,0.002323,0.002323,0.003593,0.996407
185,42847627148824300921093636376913601640563740728623558181,25,766,764,0.000509,0.000451,0.000451,0.00096,0.99904
185,32083703321789764487338768250718421793945445188847533027,24,724,709,0.002181,0.000692,0.0016480000000000002,0.0038290000000000004,0.996171
185,33014805666036752589259540494640708288963751747621341763,25,580,580,0.001353,0.001353,0.0,0.001353,0.998647
185,41464335276070540341399584119313180727925975932568415057,25,443,411,0.000918,0.0003,0.0036239999999999996,0.004541999999999999,0.995458
185,33861582902426483337301296118131448522568614203251711863,25,482,476,0.000354,0.00103,0.001758,0.002112,0.997888
185,46071639138339644800558097284225066199315293701982806079,25,869,869,0.000558,0.000558,0.0,0.000558,0.999442
185,37936033159136473000212002322269943296231496368568922549,25,391,391,0.000451,0.000451,0.0,0.000451,0.999549
185,48350569892826986379872186809679223015058022521047573871,25,531,531,0.008754,0.008754,0.0,0.008754,0.991246
185,41198097084082663709570476103319690345818375254249026263,25,455,455,0.0016,0.0016,0.0,0.0016,0.9984
185,45101352016751018053319721236302099399595057715497241929,25,497,471,0.000626,0.000232,0.001268,0.001894,0.998106
185,42065769993861888778368368385451592776021006938027669583,25,914,914,0.001739,0.001739,0.0,0.001739,0.998261
185,41907847300045853777854516119774591215451371041706482459,25,656,656,0.00282,0.00282,0.0,0.00282,0.99718
185,48828218167552081470122749610887068068091405463826001571,25,429,429,0.005551,0.005551,0.0,0.005551,0.994449
185,41321776714362126833330727735907708762522999908493584631,25,507,500,0.001746,0.000832,0.000832,0.002578,0.997422
185,45383217518804476499152706989070758316114620859553366943,25,365,365,0.006981,0.006981,0.0,0.006981,0.993019
186,91860233843352511299828307727646362358888480420031170413,25,666,666,0.00156,0.00156,0.0,0.00156,0.99844
186,80310109483483183267313583353855043236387938949945913511,25,366,366,0.007994,0.007994,0.0,0.007994,0.992006
186,80341684383462084364790814145428006802552449749708478169,25,644,644,0.001111,0.001111,0.0,0.001111,0.998889
186,94274586636737974618847930138230885567012445571032348059,25,563,562,0.001141,0.001766,0.001766,0.002907,0.997093
186,85286064753422311838018802719562606418460845712040300179,25,456,456,0.003665,0.003665,0.0,0.003665,0.996335
186,95824663807095715873047831217240459086791279500036727837,25,557,557,0.001241,0.001241,0.0,0.001241,0.998759
186,80600641280005619173439191411717632606164953443740925413,25,666,666,0.000155,0.000155,0.0,0.000155,0.999845
186,53363439485857552435882838625033101776848292903405327631,25,486,486,0.000704,0.000704,0.0,0.000704,0.999296
186,84360977267528679389916660229858829202359730331725108419,25,608,578,0.004216,0.001864,0.001864,0.00608,0.99392
186,79840201135431317961751024566665709261061070004618876607,25,415,399,0.000572,0.00217,0.00217,0.002742,0.997258
186,86866046861802039662583542752660385034769683216166980061,25,705,705,0.001446,0.001446,0.0,0.001446,0.998554
186,86323619254797487920466332795791126216445907418620989923,25,549,527,0.001487,0.000119,0.002171,0.0036580000000000002,0.996342
186,96229941655765770007029825039522376331365113196946498957,25,456,456,0.000766,0.000766,0.0,0.000766,0.999234
186,68612351526722038739277226442469049931568086799744053797,25,516,483,0.0027960000000000003,0.001579,0.009038,0.011833999999999999,0.988166
186,68105415306841011876975324285506148265126787018204059721,25,698,698,0.002168,0.002168,0.0,0.002168,0.997832
186,82153452353776642549718572430278706898613500637862573111,25,591,591,0.002077,0.002077,0.0,0.002077,0.997923
186,58260742770043455753114412466166256900662844348827175237,25,675,669,0.000673,0.001082,0.001082,0.001755,0.998245
186,92398084669964916514251013016603556504210733394779182767,25,387,362,0.001114,0.005967,0.021802,0.022916,0.977084
186,85070111672001330371958789558357340118850688442337853217,25,418,418,0.001239,0.001239,0.0,0.001239,0.998761
186,77006883355586853676151730714225091231991247740864640619,25,452,452,0.00762,0.00762,0.0,0.00762,0.99238
187,185702567469454758545522669141358609758902348939813864093,25,552,552,0.00109,0.00109,0.0,0.00109,0.99891
187,179941892859217785606681885687143742888315889414346363689,25,1050,1050,0.000237,0.000237,0.0,0.000237,0.999763
187,181526373319561920706249179904543072763946711556143801553,25,556,556,0.002087,0.002087,0.0,0.002087,0.997913
187,167429568427479950155810682841163388259872915659211758439,25,440,428,0.000848,0.000558,0.000558,0.0014060000000000001,0.998594
187,186979504018673334316662054121094588580490052795915527519,25,598,594,0.001976,0.000447,0.000447,0.002423,0.997577
187,145169698815553753950995436308896640554249031871232995529,25,616,616,0.000772,0.000772,0.0,0.000772,0.999228
187,189461310023527313299690027067741970827568893636258377063,25,791,791,0.000764,0.000764,0.0,0.000764,0.999236
187,195549547224884539368396804380565596304971046728434683161,25,445,439,0.001224,0.000759,0.000759,0.001983,0.998017
187,178245846474078559274688392189915797290638577194576694293,25,467,467,0.002618,0.002618,0.0,0.002618,0.997382
187,140252436907018775044357018689165543420042260373871440727,25,544,532,0.00036,0.000294,0.002173,0.002533,0.997467
187,192105990641511042361486580149859043063803753731838318981,25,861,825,0.001906,0.001431,0.011410000000000002,0.013316000000000001,0.986684
187,178454889426021172984526500874394848133697897783899319511,25,1017,996,0.013708999999999999,0.002092,0.002281,0.015989999999999997,0.98401
187,147793902755095806954444489354226029687835800736294743133,25,654,654,0.003373,0.003373,0.0,0.003373,0.996627
187,181066564675332279473924972484406057203667755771628163519,25,433,427,0.001424,0.000624,0.000624,0.002048,0.997952
187,168818801318777087057170297997195516793375607488939767557,25,507,472,0.0017459999999999997,0.000786,0.0047480000000000005,0.006494,0.993506
187,163084686989748233415040348211861253938756903626114968719,25,430,430,0.000816,0.000816,0.0,0.000816,0.999184
187,188075731576689556162612507442726713223245640460883288489,25,608,600,0.001877,0.000975,0.0032579999999999996,0.005135,0.994865
187,132226185708852638537764772743714220747210366978910886177,25,497,492,0.000312,0.000899,0.001165,0.001477,0.998523
187,194698576701919400115040833966319106090888842928840082833,25,487,487,0.000385,0.000385,0.0,0.000385,0.999615
187,125253423035716542158322394161648453041038946552062725559,25,507,507,0.000592,0.000592,0.0,0.000592,0.999408
188,314224750521702231589078779205748577487125730214151848227,25,477,477,0.005787,0.005787,0.0,0.005787,0.994213
188,214725867801677657763150716044378228025925022271604157093,25,381,381,0.000721,0.000721,0.0,0.000721,0.999279
188,337786569927761505444410838242068306234426938889367376089,25,438,438,0.01374,0.01374,0.0,0.01374,0.98626
188,360223106477640603715939086025088234494108141240755800321,25,461,461,0.000451,0.000451,0.0,0.000451,0.999549
188,374124987525817520307508964115960865602386918837898179827,25,671,671,0.012051,0.012051,0.0,0.012051,0.987949
188,361989780913006793919620222968747185160737595989089084909,25,463,454,0.0005650000000000001,0.000162,0.0024269999999999995,0.0029919999999999994,0.997008
188,317559581118592945343728270732523067627215982144611637637,25,424,409,0.00217,0.003447,0.004633,0.006803,0.993197
188,379999621526733814982174866558604085395375086537465979591,25,411,411,0.000141,0.000141,0.0,0.000141,0.999859
188,366021560344730588643709636731405132352498915207181378779,25,433,433,0.002294,0.002294,0.0,0.002294,0.997706
188,387944003533460640819952009732254475678414088984486177033,25,657,657,0.000231,0.000231,0.0,0.000231,0.999769
188,374845489005902740783352118914562105030081362850475258007,25,684,681,0.000347,0.001013,0.001013,0.00136,0.99864
188,386515816923087548415772467909907858268131406963172669599,25,549,548,0.0034339999999999996,0.000629,0.000629,0.004063,0.995937
188,221106737983069547058303874626625601611876932304469714993,25,470,470,0.00103,0.00103,0.0,0.00103,0.99897
188,240210128646608330322236250926839186745574038027417949109,25,557,555,0.0030499999999999998,0.000267,0.000267,0.0033169999999999996,0.996683
188,318351913440867881282887107239336403432896585513539162139,25,495,473,0.003999,0.000424,0.001835,0.005834,0.994166
188,378635620380227758123177463104203120047480633879439638329,25,474,474,0.001092,0.001092,0.0,0.001092,0.998908
188,319199732197973078769687558220972231917492453889455575179,25,475,475,0.002171,0.002171,0.0,0.002171,0.997829
188,381980473612089531334196860824416470009021634012423067737,25,457,457,0.000931,0.000931,0.0,0.000931,0.999069
188,256586033541357135375485125099595006467144223152458416503,25,378,378,0.003936,0.003936,0.0,0.003936,0.996064
188,353636550421510722509208696720104070107782240230147107101,25,526,526,0.001542,0.001542,0.0,0.001542,0.998458
189,408589902288642681578344276763041902416284671692080986377,25,440,407,0.000308,0.001871,0.01159,0.011897999999999999,0.988102
189,646628678273258141372517202145221034603557799378124614201,25,559,559,0.000338,0.000338,0.0,0.000338,0.999662
189,592635606571861287284224295593110454631652264655249578353,25,530,528,0.000339,0.000258,0.000258,0.000597,0.999403
189,650208432524537748605744087782608274999617116493579199513,25,627,618,0.0007030000000000001,0.000636,0.001102,0.001805,0.998195
189,599419609079700662276957964472775050611343385405910300163,25,797,783,0.0009000000000000001,0.000228,0.0016,0.0025,0.9975
189,591139658903332237066666950704418695507871569867166356959,25,517,517,0.001183,0.001183,0.0,0.001183,0.998817
189,759303095841708533868206131077305245572712516145789616107,25,440,440,0.00368,0.00368,0.0,0.00368,0.99632
189,723374087894581884780114042666006439305170047096296570421,25,441,420,0.000336,0.000885,0.002038,0.002374,0.997626
189,642089268364349919722039425710377324200681378773618660631,25,544,544,0.000385,0.000385,0.0,0.000385,0.999615
189,493458509028245692711455247191997853201057771326056542803,25,816,801,0.028797,0.002165,0.002165,0.030962,0.969038
189,775267771444101410063934578993845769575953505357992661799,25,822,822,0.001459,0.001459,0.0,0.001459,0.998541
189,525214235994067347101638348805237964788334546789415420243,25,655,648,0.00022,0.000169,0.000169,0.000389,0.999611
189,510228484199873332122049098813102378921923672052464278333,25,443,443,0.004142,0.004142,0.0,0.004142,0.995858
189,630121824338129668949919059009823882545840337934822277567,25,715,699,0.00672,0.000237,0.003149,0.009869,0.990131
189,755634779781799121353112557954459602771587484582257255551,25,411,411,0.000207,0.000207,0.0,0.000207,0.999793
189,612172740703460905652990412541931502012476806243188854431,25,635,629,0.000283,0.000457,0.0018059999999999999,0.0020889999999999997,0.997911
189,530704707601162495384297467780173501132805319654798984003,25,458,433,0.001913,0.000981,0.002477,0.00439,0.99561
189,756916004872319657418986856461653189263814971681663763573,25,577,572,0.005011,0.001978,0.001978,0.006989,0.993011
189,490921607897052107753246264180398217237973784027521089099,25,450,445,0.000456,0.0023,0.003909,0.004365,0.995635
189,767702133245506513310164240704062695141079949461903447479,25,508,499,0.001501,0.000523,0.001381,0.002882,0.997118
190,1107697980005560535935691181882881481298971577503883545431,25,513,511,0.001635,0.001079,0.001079,0.0027140000000000003,0.997286
190,1447718595714448727207173851527167403200700108585820235931,25,401,401,0.009967,0.009967,0.0,0.009967,0.990033
190,1067595819970828694093593212927706218036137678171084438953,25,506,479,0.003045,0.001074,0.00947,0.012514999999999998,0.987485
190,1236956916814563958009976698763228455869309463346857145209,25,444,424,0.000905,0.0006,0.012599,0.013504,0.986496
190,1303595662239872394152630143462469139534875953977955173719,25,959,953,0.002832,0.001232,0.002958,0.00579,0.99421
190,1436728764183159269584547372484560757421757510937607299719,25,426,426,0.002274,0.002274,0.0,0.002274,0.997726
190,1358738873900145804437909196195927584579190583894624729549,25,522,518,0.004193,0.002073,0.002073,0.006266,0.993734
190,1309414713325066973570726305039978280113478833538624990717,25,689,689,0.000219,0.000219,0.0,0.000219,0.999781
190,1119233946195882068749589393936438955574244336504433599743,25,534,534,0.00364,0.00364,0.0,0.00364,0.99636
190,1391390333131732070825024754648255205953706845753859235761,25,876,876,0.000925,0.000925,0.0,0.000925,0.999075
190,1219405195991088602219964475590713847204090579216876133247,25,688,688,0.001658,0.001658,0.0,0.001658,0.998342
190,1285952433782265124699401960911465263241667818151785942989,25,502,469,0.00493,0.000718,0.008479,0.013409,0.986591
190,936281692826227408663886118472398327211075139996831483807,25,467,460,0.001124,0.000243,0.000243,0.001367,0.998633
190,1495152348884655255748854019985088902044523205603769307549,25,506,506,0.001031,0.001031,0.0,0.001031,0.998969
190,1543054376408543181151756345226381442258117792563593031941,25,481,481,0.000968,0.000968,0.0,0.000968,0.999032
190,1197900039859831281860297786593556759105357856705065296097,25,369,369,0.004641,0.004641,0.0,0.004641,0.995359
190,1325762643789188253480076014106355323863094856768820242033,25,414,414,0.009626,0.009626,0.0,0.009626,0.990374
190,1549503894836788136271053205345052692884272523599834807513,25,515,513,0.002309,0.003796,0.003796,0.006104999999999999,0.993895
190,1371820001327266974371651800423316814650750283162857664521,25,384,384,0.008083,0.008083,0.0,0.008083,0.991917
190,1319759631078608755615705806993244756656084597458744780879,25,521,500,0.000623,0.000292,0.002664,0.003287,0.996713
191,2180877054471620294689724695606846212849552332318992940407,25,497,497,0.002702,0.002702,0.0,0.002702,0.997298
191,1606385381360148813307516689773707722363849418834436678389,25,418,418,0.000955,0.000955,0.0,0.000955,0.999045
191,2738991831553984659353836548560279154535043688289688027603,25,465,458,0.000963,0.001022,0.001876,0.002839,0.997161
191,2021640631374636353782008830324840969777513038468864748759,25,652,648,0.000318,0.000546,0.000546,0.000864,0.999136
191,2105598972222103150968007207241144213000505023620025661667,25,422,422,0.000561,0.000561,0.0,0.000561,0.999439
191,2954552227750152336095183292848417913001395070298811029879,25,615,609,0.001373,0.000153,0.000153,0.001526,0.998474
191,2604823021534871940153658516882468145972589783978202484923,25,499,499,0.002416,0.002416,0.0,0.002416,0.997584
191,2697799617327879157081712621189446951709202892838110789249,25,1093,1093,0.004131,0.004131,0.0,0.004131,0.995869
191,2749750578464362511041140809468842163052814508247072125809,25,709,702,5.1e-05,0.000182,0.000182,0.000233,0.999767
191,2810254725646498720414994000029322939731083303115400227283,25,624,595,0.001186,0.000401,0.0047870000000000005,0.005973000000000001,0.994027
191,2919723125927389511356972449231841889026550065177689782341,25,632,606,0.006757000000000001,0.000976,0.009446,0.016203000000000002,0.983797
191,2384759410471810319375657922573509817577252181814221416381,25,543,543,0.003144,0.003144,0.0,0.003144,0.996856
191,2870902859138464144898136609805487079043674281379484515257,25,565,564,0.000713,0.000276,0.000276,0.0009889999999999999,0.999011
191,2531428612228677358426023750691561085464553004835817283823,25,685,685,0.001323,0.001323,0.0,0.001323,0.998677
191,2569199376454128229458263634674647272803671413063904093681,25,483,469,0.0006360000000000001,0.000779,0.00131,0.001946,0.998054
191,2077139403037075257284520813457747381680630617898050789129,25,582,582,0.002503,0.002503,0.0,0.002503,0.997497
191,2599527300982831600647840629042688948539972657946504879419,25,743,739,0.001048,0.000513,0.000513,0.001561,0.998439
191,2939945259852704861237884063321703407639606324099970984489,25,520,520,0.0027939999999999996,0.0027939999999999996,0.0,0.0027939999999999996,0.997206
191,2806787067261975292631801717103764100516337005958274854877,25,907,904,0.001603,0.000374,0.0020369999999999997,0.00364,0.99636
191,3102854422286895681399386946361481173908793767638701190957,25,535,535,0.002804,0.002804,0.0,0.002804,0.997196
192,6053136549975215707114861824618604186550967571524618556511,25,587,574,0.002374,0.003674,0.005409000000000001,0.007783,0.992217
192,5772223899679240100865858833866067485733365743633882768503,25,429,417,0.000751,0.002457,0.009495,0.010246,0.989754
192,4939008137476552065240184537828644764133517214756158762829,25,496,490,0.001471,0.002195,0.005485,0.006956,0.993044
192,6212435194276394115763543059243494938563033646586224859629,25,574,559,0.001914,0.001193,0.004671999999999999,0.006585999999999999,0.993414
192,3874204338182140753502701838530384426297759523506113427483,25,628,628,0.001921,0.001921,0.0,0.001921,0.998079
192,3347208880492337566130653746802735549578109517894379499733,25,785,784,0.002718,0.000466,0.000466,0.0031839999999999998,0.996816
192,4306083721119286908591380042584606571729048503575164227711,25,507,496,0.00146,0.001674,0.00477,0.006229999999999999,0.99377
192,5163763031624406920207830805702663059843081289928205028959,25,626,626,0.000856,0.000856,0.0,0.000856,0.999144
192,6130364660359904866071451106195076205876004972250032444803,25,494,494,0.000351,0.000351,0.0,0.000351,0.999649
192,6254696907579855069014156880599952401895926775151729298633,25,580,580,0.00168,0.00168,0.0,0.00168,0.99832
192,4873661477686905481674696353544486097679453418713697857441,25,1093,1093,0.001579,0.001579,0.0,0.001579,0.998421
192,5412175546964427994074789034451167835889491793324688758467,25,799,789,0.000404,0.000573,0.0008950000000000001,0.001299,0.998701
192,5910884209390437413999109263981667425861292837036749005609,25,578,576,0.000651,0.000646,0.000646,0.001297,0.998703
192,4621285287029859947459316813570982113322073918209718266019,25,559,559,0.001623,0.001623,0.0,0.001623,0.998377
192,5696283951894185144007889520249234417647198158940715431933,25,440,440,0.002052,0.002052,0.0,0.002052,0.997948
192,3683958575511235413756595798246241035800834295791075521963,25,463,463,0.001878,0.001878,0.0,0.001878,0.998122
192,4468006165118885684913086683109597497945491118316503789123,25,1043,1002,0.0011220000000000002,0.000456,0.005125999999999999,0.006247999999999998,0.993752
192,5488497809815368048793079212529624026388526869419621039691,25,562,550,0.000625,0.000706,0.007772,0.008397,0.991603
192,5659542164522658766094858453465847140623734081033257305487,25,457,457,0.001658,0.001658,0.0,0.001658,0.998342
192,6149807903410653285967321465976396749348286539647506887699,25,638,635,0.00419,0.002315,0.002315,0.006505,0.993495
193,9905013207931875527529191960135739218017812814063208578531,25,663,629,0.0025540000000000003,0.000853,0.007477999999999999,0.010032,0.989968
193,10100483858506872648422975068896319443064533148276380832169,25,694,674,0.001603,0.001099,0.005393,0.0069960000000000005,0.993004
193,11663540999446197162723452607497563376895758675776898312369,25,546,534,0.004464,0.005032,0.006314,0.010778,0.989222
193,10897749645060145624874358483865606849691424744321528304937,25,565,562,0.001038,0.000208,0.000379,0.001417,0.998583
193,10565624405515099844116517970763527091130891790570283157137,25,488,488,0.007825,0.007825,0.0,0.007825,0.992175
193,12070921450587575263287627747872390786879378063838490617043,25,697,697,0.00064,0.00064,0.0,0.00064,0.99936
193,9664634974777947645604027278555623329607100282762834013441,25,509,509,0.003442,0.003442,0.0,0.003442,0.996558
193,12322960193874180073992358693327396906594292112230707610489,25,648,614,0.000639,0.000191,0.0066820000000000004,0.007321,0.992679
193,8099708654360452993215966572101668396566826381629301683063,25,608,570,0.012067,0.003698,0.021637,0.033704,0.966296
193,11214351833369361189026414622248506634769198922661651441293,25,527,527,0.002429,0.002429,0.0,0.002429,0.997571
193,9128073803947130372484141505624445498586637123573747380151,25,441,441,0.001185,0.001185,0.0,0.001185,0.998815
193,11312813665303613237304198878301422628970319071234047845347,25,719,700,0.00028,9e-05,0.00023700000000000001,0.000517,0.999483
193,11023902979621732752907862575267849055507922142544485438789,25,571,562,0.000293,0.000455,0.0012720000000000001,0.0015650000000000002,0.998435
193,11262927042730954176015822824963334235937052626560568007419,25,567,567,0.000535,0.000535,0.0,0.000535,0.999465
193,10857095320997612707420637232964945337144528989105797131153,25,816,816,0.000306,0.000306,0.0,0.000306,0.999694
193,10494271519339392909894195833014476236187539413566084429379,25,584,584,0.000715,0.000715,0.0,0.000715,0.999285
193,12278064626184964589595523842860542425676931971855436832259,25,610,610,0.000531,0.000531,0.0,0.000531,0.999469
193,8482872608322654051369609585269639790901351219221511846733,25,497,497,0.002367,0.002367,0.0,0.002367,0.997633
193,7306887098618586073076594877395470343989113832174839245017,25,574,555,0.001389,0.000534,0.000534,0.001923,0.998077
193,12409265929614063311478379725438459124196359168832063103151,25,479,478,0.002008,0.002804,0.002804,0.004812,0.995188
194,20683260459467499029277828805303888053838228828420773810227,25,676,674,0.000287,0.000737,0.000737,0.001024,0.998976
194,21350469721329597074134362589876985354717072338210358108849,26,398,398,0.001819,0.001819,0.0,0.001819,0.998181
194,18942954816325570836124528681131878336599202626159580306777,25,469,463,0.000833,0.001179,0.002116,0.002949,0.997051
194,24458941949583565962792372221933150989311549041638920536113,26,689,675,0.001432,0.000356,0.004914,0.006346,0.993654
194,21076672769905977070352813226874932564034530295953191284753,25,535,535,0.00038,0.00038,0.0,0.00038,0.99962
194,22249362777783306049117932825890593656249535237757916625729,26,442,418,0.001286,0.000695,0.001338,0.002624,0.997376
194,23203422452949787679074210878498136594954609999835899906157,26,610,603,0.001187,0.000552,0.0008519999999999999,0.002039,0.997961
194,20868115815896194713106525621357671273079634596135616425361,25,625,619,0.000636,0.001492,0.0037990000000000003,0.004435000000000001,0.995565
194,23192686299066524320738010687390362447126038875074169556253,26,613,605,0.001285,0.000547,0.004887,0.0061719999999999995,0.993828
194,22340054129412896419322214973520037370083718012993281910367,26,418,418,0.000338,0.000338,0.0,0.000338,0.999662
194,23181673086820734631906360554899103585708564817833096064921,26,1289,1289,0.001611,0.001611,0.0,0.001611,0.998389
194,24582599091151675799091021479482934414662039688624223437687,26,426,426,0.000204,0.000204,0.0,0.000204,0.999796
194,25065435242975997360701202808292864499688676903327335870541,26,495,495,0.001033,0.001033,0.0,0.001033,0.998967
194,18390454080376419958677765335623388001794346466558675435283,25,548,544,0.001208,0.000432,0.000432,0.00164,0.99836
194,22922786508061659363842923473806512470282966011733435851431,26,1073,1042,3.6e-05,7.2e-05,0.000222,0.000258,0.999742
194,17061387184720152302891304554226083544383293835520188213651,25,467,443,0.012032000000000001,0.000598,0.023566,0.035598000000000005,0.964402
194,18618516616598255372519874377476542080222536021373325270311,25,464,464,0.009255,0.009255,0.0,0.009255,0.990745
194,21282237135538130116514856262480953933294724963389201954481,26,554,551,0.001018,0.0012929999999999999,0.0012929999999999999,0.0023109999999999997,0.997689
194,20522969516655873169000695377445575228468042248954518479057,25,565,536,0.000556,9.3e-05,0.0027960000000000003,0.0033520000000000004,0.996648
194,14989350088210543607482262847185984320363092765497004877451,25,647,639,0.000383,0.000456,0.000456,0.000839,0.999161
195,43040604789452163741387408621112136409598757059035661677893,26,584,578,0.003912,0.001451,0.002527,0.006439,0.993561
195,49088991794939140574010539690236171966040109026993415914269,26,445,442,0.00672,0.007627,0.007627,0.014347,0.985653
195,48300749567102905436273718192442740995408307546941115427897,26,494,482,0.002163,0.00183,0.00183,0.003993,0.996007
195,48906073225085902924815189872988257194974124450370814611651,26,421,421,0.002689,0.002689,0.0,0.002689,0.997311
195,36863086582293400960306820600939234657564365893479938560799,26,734,706,0.000116,0.000281,0.001597,0.001713,0.998287
195,39520094337921324612196662792851626492332520911673811699729,26,885,885,0.000252,0.000252,0.0,0.000252,0.999748
195,48712327583936410948919472729136236367597407084610635272833,26,458,458,0.000218,0.000218,0.0,0.000218,0.999782
195,40655326120160876332407096732056168721873529846326635963177,26,449,435,0.000658,0.000834,0.0021429999999999995,0.0028009999999999997,0.997199
195,49535766793358394398954575009134138350900646325935636614543,26,585,573,0.007449,0.000102,0.0013390000000000001,0.008788,0.991212
195,41862719142251391308296850055406978004299551713109836123227,26,582,576,0.000583,0.000377,0.000377,0.0009599999999999999,0.99904
195,39425775947292327135017849550127493358385136125831647180659,26,469,456,0.000943,0.004311,0.004311,0.005254,0.994746
195,40030915462863037646967083275653053673838289093488559065567,26,612,598,0.002043,0.002627,0.002627,0.0046700000000000005,0.99533
195,40570734708690516020996671408225641495385595046735671957119,26,459,459,0.001692,0.001692,0.0,0.001692,0.998308
195,40934085183179492462123851985126002111578252845347853305697,26,486,486,0.02945,0.02945,0.0,0.02945,0.97055
195,35128682060529629825193792168573153198841552039371874266881,26,455,446,0.000485,0.000288,0.000288,0.000773,0.999227
195,33386520498533519946398383478624977467807699443830033789513,26,580,580,0.002462,0.002462,0.0,0.002462,0.997538
195,40141148770606288794672640695647670636575757821310805897243,26,516,516,0.002165,0.002165,0.0,0.002165,0.997835
195,40490518455055723132909066555944613680023787528271085543291,26,564,564,0.003153,0.003153,0.0,0.003153,0.996847
195,47614627301874134935455529116186115164906112363136503150483,26,654,654,0.001532,0.001532,0.0,0.001532,0.998468
195,34473817038037491202068900808519350419613875057302440357481,26,602,602,7.999999999999999e-05,7.999999999999999e-05,0.0,7.999999999999999e-05,0.99992
196,95168415107121660560916881793289203952418490854465168975321,26,685,685,0.000355,0.000355,0.0,0.000355,0.999645
196,90009791547499984548910278716753576073152720702817059055901,26,511,498,0.009678,0.005777,0.005777,0.015455,0.984545
196,87459073763838296701927301523704259554148918532862184975629,26,551,551,0.001731,0.001731,0.0,0.001731,0.998269
196,70309503501777340343079821334567642537559966663221390472973,26,501,477,0.001319,0.006622,0.013342999999999999,0.014662,0.985338
196,95305038515393842196007534454562012255827385548443606952501,26,605,597,0.00032,0.00037,0.0026170000000000004,0.0029370000000000004,0.997063
196,82858880649466251495449216071414702109906561191821038787641,26,397,397,0.001999,0.001999,0.0,0.001999,0.998001
196,97083793852684433813008089400054003385653724507596918274297,26,684,663,0.000207,0.000278,0.002237,0.002444,0.997556
196,99466774561138218293682307547255032274447325955533021392447,26,486,486,0.001688,0.001688,0.0,0.001688,0.998312
196,62333097639089791343889610479116623630492359496474506120427,26,844,829,0.000265,0.000272,0.0015829999999999998,0.0018479999999999998,0.998152
196,98202769533374705029605057892210661368086364721024686834069,26,593,593,0.000482,0.000482,0.0,0.000482,0.999518
196,76205915167282914218102341674425274873438928127960827493699,26,787,784,0.003973,0.001051,0.001051,0.005024,0.994976
196,99735781901275954167800573841902347907225001572434442739617,26,680,680,0.001212,0.001212,0.0,0.001212,0.998788
196,75523924234554614323219474180414139839611222725124775536109,26,469,469,0.002469,0.002469,0.0,0.002469,0.997531
196,98856416133856584127753735193005691636012090201233990732729,26,443,428,0.000528,0.001538,0.002305,0.0028330000000000004,0.997167
196,74465721503975476013420915082380026622357493970492148475923,26,621,621,0.002154,0.002154,0.0,0.002154,0.997846
196,93695083979722113939155057731935369089046162236564738423191,26,541,537,0.000178,0.00085,0.00085,0.0010279999999999998,0.998972
196,77879392079591903526474505876698267670805166486636028530899,26,494,472,0.001254,0.000456,0.000456,0.00171,0.99829
196,84229306643800747300264590699152695007580757244203842094811,26,552,552,0.005727,0.005727,0.0,0.005727,0.994273
196,94030668663190317444347187347006250211939496898445186865789,26,840,817,0.000144,0.000306,0.000797,0.000941,0.999059
196,100248369583162082393739261464041339014101482772776091948201,26,438,431,0.000379,0.001101,0.001599,0.0019779999999999997,0.998022
197,167659105655698882339508182915480992256595774433903924122623,26,1544,1534,0.000596,0.000159,0.000591,0.0011870000000000001,0.998813
197,122449747198975822084132001235051055769374123302428745305941,26,652,652,0.000833,0.000833,0.0,0.000833,0.999167
197,157771390213784769025733801475620067885551276043484431320057,26,522,522,0.001768,0.001768,0.0,0.001768,0.998232
197,195362636325845913268639913567995093493514004135984307800363,26,573,551,0.00761,0.000399,0.019238,0.026848,0.973152
197,160328182105787324869078655378810538500450812696259544941773,26,496,496,0.010944,0.010944,0.0,0.010944,0.989056
197,184970800291752440068635983309521468062368504646083676644033,26,648,648,0.001133,0.001133,0.0,0.001133,0.998867
197,164144776080649194883406513297516553025716555924591056615183,26,435,431,0.0009069999999999999,0.000505,0.0005960000000000001,0.001503,0.998497
197,140818764650826975296987375129283355966942621459853255150479,26,564,564,0.001641,0.001641,0.0,0.001641,0.998359
197,189022387984517778950705123442972032908094852334290657306231,26,449,449,0.005213,0.005213,0.0,0.005213,0.994787
197,172220763612696405396243073018306035394484382521705030045911,26,445,438,0.000729,0.00033,0.001345,0.0020740000000000003,0.997926
197,154481106607181704446691691500013964555830349483415881254479,26,744,743,0.00033,0.000856,0.000856,0.001186,0.998814
197,138116520840863501578382275910208792542013786200119809943421,26,465,465,0.000977,0.000977,0.0,0.000977,0.999023
197,128167436666847967508432921399395745683533771986744909507099,26,467,467,0.002003,0.002003,0.0,0.002003,0.997997
197,179430245545432323474984038609312519060231752952330260578973,26,644,644,0.00034,0.00034,0.0,0.00034,0.99966
197,164907321185035410613697079130730386934791247649211425433501,26,643,616,0.000183,0.000277,0.0026049999999999997,0.0027879999999999997,0.997212
197,149559974584198894049055200074096371180280008283748787845411,26,446,432,0.013788000000000002,0.005266,0.005266,0.019054,0.980946
197,141960287108387193832375793429518062558146806429474522246723,26,506,506,0.000981,0.000981,0.0,0.000981,0.999019
197,117962418323306660486403773161381103053143923297611666689523,26,462,462,0.001196,0.001196,0.0,0.001196,0.998804
197,159003940652452327574248903060253950134870172438916155070369,26,723,688,0.001054,0.000492,0.020765000000000002,0.021819,0.978181
197,186310928751907307724815625865601039478473930304908425333493,26,812,812,0.000933,0.000933,0.0,0.000933,0.999067
198,358800385741478548379741226608716034844371071935561085305833,26,623,617,0.001826,0.001337,0.001337,0.003163,0.996837
198,361832547229010809777991703475089455145922714751449984988413,26,419,415,0.003612,0.001423,0.001423,0.005035,0.994965
198,366234672716741757435258864069198637471462810470347219616629,26,688,679,0.000282,0.000144,0.00022,0.0005020000000000001,0.999498
198,381944248262064685581254962871209750407378184907165945167889,26,559,559,0.000277,0.000277,0.0,0.000277,0.999723
198,354687072527494597410093290280585584399421663969934020853223,26,598,598,0.008504,0.008504,0.0,0.008504,0.991496
198,379245416457437245542302776449664948360818185536921628076539,26,432,432,0.00198,0.00198,0.0,0.00198,0.99802
198,276003453857523809899467677088049878845070200584331936691041,26,534,534,0.001011,0.001011,0.0,0.001011,0.998989
198,209990048987204577494427221770767574738889930041728156874193,26,577,577,0.003694,0.003694,0.0,0.003694,0.996306
198,256901948110234610129862767369945243180538397102365122358427,26,484,483,0.003302,0.003593,0.003593,0.006895,0.993105
198,392896855902880253325160541666344098709384930507930453171681,26,468,468,0.000407,0.000407,0.0,0.000407,0.999593
198,261148592887412956171116968549303549257459540886776423198739,26,509,508,0.000185,0.000688,0.000688,0.0008730000000000001,0.999127
198,380307295207752593087679241538739081357344508076536875023627,26,597,574,0.0026,0.003307,0.005937,0.008537,0.991463
198,388299617663319746972489463784551990330983404458676571447693,26,517,496,0.000213,0.000308,0.0017109999999999998,0.001924,0.998076
198,328573357774619762260295479993442675189590010826879831896677,26,534,519,0.000356,0.00061,0.000839,0.0011949999999999999,0.998805
198,345095965742713044505246800463174842475462680793869138019261,26,453,453,0.00054,0.00054,0.0,0.00054,0.99946
198,292581670931790651470491827458218900376775743841380672403887,26,503,503,0.000435,0.000435,0.0,0.000435,0.999565
198,390539114582262272077001713638342490864897532470034331261247,26,491,473,0.003646,0.006629,0.006629,0.010275,0.989725
198,360504086773559647539204736208829484928785732049355565383643,26,395,395,0.000415,0.000415,0.0,0.000415,0.999585
198,235950558879078260282437419803935172239069320587333159451019,26,530,530,0.000478,0.000478,0.0,0.000478,0.999522
198,398227691324642613283526129594013507506766970246599454997939,26,659,643,0.004133,0.000505,0.001705,0.005838,0.994162
199,754357335704061312767906283574368857849729996361323767853021,26,540,540,0.003021,0.003021,0.0,0.003021,0.996979
199,740449135866891063702563724186205751814739503564925633250647,26,478,453,0.001196,0.000804,0.001743,0.0029389999999999998,0.997061
199,783572025208462059459081331520531102495696274404533915350617,26,510,493,0.001884,0.000633,0.001987,0.0038710000000000003,0.996129
199,689619749063096498116944459976173154436509257531702365821471,26,624,613,0.0013059999999999999,0.000596,0.001071,0.0023769999999999998,0.997623
199,792261444591087612509889756571590671010253289767476929883959,26,692,692,0.001691,0.001691,0.0,0.001691,0.998309
199,485165244720747932715066275346273892339756962905587028338027,26,452,452,0.006083,0.006083,0.0,0.006083,0.993917
199,701425127964276666799904563003747018572056891360383272760451,26,1119,1102,0.001019,0.002106,0.002106,0.0031249999999999997,0.996875
199,790893896840481035276180066252113476643190200344778153065643,26,924,924,0.005338,0.005338,0.0,0.005338,0.994662
199,763536298621525364342165189094083117188952849209780027677679,26,601,593,0.0065,0.001309,0.004383000000000001,0.010883,0.989117
199,613617912594322713495151233564022371433770815044783317065269,26,827,827,0.00153,0.00153,0.0,0.00153,0.99847
199,701969238772333138157522384223588554623546191713496616248319,26,475,475,0.001651,0.001651,0.0,0.001651,0.998349
199,659743727985962787654640554658683537620374805989756454087933,26,679,679,0.000316,0.000316,0.0,0.000316,0.999684
199,690360274208079369250317450856211794224002008122073050016637,26,522,522,0.002441,0.002441,0.0,0.002441,0.997559
199,500887070634424955740905032565576942995006631697841024678317,26,521,521,0.001324,0.001324,0.0,0.001324,0.998676
199,562515533415072305976115813906881843805019952700501666255663,26,510,509,0.000713,0.000636,0.000636,0.001349,0.998651
199,687386421009493082281833809951506042909624825066468351426301,26,451,437,0.003254,0.001703,0.001814,0.005068,0.994932
199,627831828857047974697867855909832323916998184071016955354641,26,557,557,0.006316,0.006316,0.0,0.006316,0.993684
199,531493718748199409115070187956201803475378862922781030803881,26,499,499,0.001401,0.001401,0.0,0.001401,0.998599
199,764298723870080571982440894112670628624228896767629734930611,26,441,425,0.001674,0.001414,0.001414,0.0030879999999999996,0.996912
199,563561550095967293743840793623207928679303836705271230763571,26,769,762,0.000968,0.000752,0.001362,0.00233,0.99767
200,1295789132477604807715877944458947246775511838525972200835657,26,631,631,0.001799,0.001799,0.0,0.001799,0.998201
200,1580265433117145949318612574335473147379586407902007615572209,26,560,553,0.000151,0.000821,0.000821,0.000972,0.999028
200,1031264165415914398404034296717937295434353057321618942293977,26,686,662,0.002444,0.002126,0.005815,0.008258999999999999,0.991741
200,942274183107708126744367799889859979943002828490182769563693,26,743,715,0.0011,0.001987,0.025668999999999994,0.026768999999999994,0.973231
200,1243256742262564810336975229173603901549307573958804818142771,26,585,568,0.001018,0.000256,0.0008029999999999999,0.001821,0.998179
200,1332260463557925975266900697251791362056896106900938778652773,26,696,696,0.000286,0.000286,0.0,0.000286,0.999714
200,1534546510819566200886924830244913417667526810936895301477933,26,457,452,0.007428,0.000223,0.001016,0.008444,0.991556
200,1457315434423192483527568367362496447605043071246754450536801,26,567,567,0.007145,0.007145,0.0,0.007145,0.992855
200,1515478547137402687976907484166669091143375006869904371011019,26,580,580,0.002029,0.002029,0.0,0.002029,0.997971
200,1328401728722624823335450602027897002059084341229046226740677,26,501,500,0.000476,0.000478,0.000478,0.000954,0.999046
200,1069405338840333297089210313682851116995000495488370707114107,26,868,865,0.000708,0.000117,0.000117,0.000825,0.999175
200,1577668914616112972976239927299568044527242009386300299995513,26,993,993,0.001421,0.001421,0.0,0.001421,0.998579
200,924932144930952159695588929751342486737404577556159754527249,26,444,435,0.000996,0.001309,0.001309,0.0023049999999999998,0.997695
200,1430455149298665257668430782969274466789353299446322896956953,26,484,475,0.000279,0.000142,0.00039900000000000005,0.000678,0.999322
200,1471759896903796862187242593818058236014421372969552658348613,26,837,837,0.014826,0.014826,0.0,0.014826,0.985174
200,1024997524686414507856278528573582273997937245288256214142637,26,547,547,0.000597,0.000597,0.0,0.000597,0.999403
200,1269662956978065591146754145192337292773571460456699566030607,26,531,531,0.000841,0.000841,0.0,0.000841,0.999159
200,1251023694717248924976673861910298094342092199701445949798563,26,706,706,0.00018,0.00018,0.0,0.00018,0.99982
200,1165094867829338354631660035180329869977597764175158753523867,26,548,548,0.011389,0.011389,0.0,0.011389,0.988611
200,1245161625256545119714043746004026254459007086115269518670777,26,662,661,0.000489,0.00161,0.00161,0.002099,0.997901
