Bit_length,N,Lattice_dimension,|b_op - t|^2,|vbest - t|^2,P(b_op),P(vbest),P(|vnew - t|^2 < |b_op - t|^2),P(|vnew - t|^2 <= |b_op - t|^2),P(|vnew - t|^2 > |b_op - t|^2)
150,1268771206145175299492684899681878877410684841,21,728,728,0.023024,0.023024,0.0,0.023024,0.976976
150,1403762530472620237905076428332939916844331359,21,310,297,0.033123,0.047744,0.0825,0.115623,0.884377
150,918882917500502786903408324526441238854631741,21,407,397,0.01878,0.01443,0.01443,0.03321,0.96679
150,1044411862674117053622929515451672202864979129,21,397,397,0.037896,0.037896,0.0,0.037896,0.962104
150,1199592981228806239321120961178599459097610483,21,601,601,0.006696,0.006696,0.0,0.006696,0.993304
150,912632394066698132144971044037258218777602291,21,384,384,0.053548,0.053548,0.0,0.053548,0.946452
150,1033085278351720441874660444922199074374033881,21,454,454,0.012847,0.012847,0.0,0.012847,0.987153
150,1039667922595230805682141254323399644574814367,21,704,702,0.042348,0.10081,0.10081,0.143158,0.856842
150,1076261801716221769627743498540654753005411033,21,605,584,0.011704,0.015596,0.12250300000000001,0.13420700000000002,0.865793
150,868981675879730421007669707059890716656754209,21,391,391,0.032207,0.032207,0.0,0.032207,0.967793
150,1198940008513470371886998720870433706529677289,21,318,309,0.017205,0.038824,0.148117,0.165322,0.834678
150,1001065868810988745766471076060380006588792189,21,391,391,0.025968,0.025968,0.0,0.025968,0.974032
150,1018523197675518130041140861676478171959383813,21,315,315,0.153177,0.153177,0.0,0.153177,0.846823
150,999406335763551690568793874408994581594369181,21,305,305,0.119081,0.119081,0.0,0.119081,0.880919
150,1386649915270975663546803936212330370020386207,21,333,333,0.021973,0.021973,0.0,0.021973,0.978027
150,1252835724482748605844023934169349660374906087,21,379,379,0.096348,0.096348,0.0,0.096348,0.903652
150,1420753685420564064872708676390123998125705549,21,349,349,0.096995,0.096995,0.0,0.096995,0.9030050000000001
150,1076920912535396901213842625717381087368331181,21,417,417,0.02701,0.02701,0.0,0.02701,0.97299
150,1124397583306701037985991208303905429810161357,21,352,352,0.040413,0.040413,0.0,0.040413,0.959587
150,1130353955473240791783568532060655958732460941,21,408,408,0.061892,0.061892,0.0,0.061892,0.9381079999999999
151,2363319035074246419340419055739401443130238059,21,544,505,0.010835,0.008452,0.161233,0.172068,0.827932
151,2471201957583473321167345886570639941825218311,21,396,396,0.021266,0.021266,0.0,0.021266,0.978734
151,2315715608364087921901708175621836301416617007,21,292,292,0.023885,0.023885,0.0,0.023885,0.976115
151,2763171157217537386323259861099914830334818519,21,613,595,0.016997,0.015309,0.015309,0.032306,0.967694
151,1758775630326182635026447808028302358291781499,21,296,296,0.036964,0.036964,0.0,0.036964,0.963036
151,2188378164211148987192836592303698338909975503,21,332,318,0.032974,0.032128,0.032128,0.065102,0.934898
151,1829627983140478483810934234803641664206450619,21,355,355,0.034282,0.034282,0.0,0.034282,0.965718
151,1569735030968914361557174823910579735657956107,21,310,304,0.052008,0.060195,0.060195,0.112203,0.887797
151,2843239852874861508784440371081621911410347591,21,581,581,0.021866,0.021866,0.0,0.021866,0.978134
151,2624675574003230296718034974584383454961661761,21,577,577,0.016445,0.016445,0.0,0.016445,0.983555
151,1746328694271824837631752461766830788699201941,21,497,492,0.014651,0.017423,0.023141000000000002,0.037792000000000006,0.962208
151,2456234120258232727729365675070691784694223131,21,661,651,0.031649,0.016785,0.036079,0.067728,0.932272
151,2689914182894566195371701173819301836708498979,21,414,397,0.034369,0.012168,0.09780199999999999,0.13217099999999998,0.867829
151,2472879649799491864465871187917726124213054643,21,388,383,0.007312,0.0094,0.0094,0.016712,0.983288
151,2641928437820330089399895839369416426912654047,21,603,596,0.02785,0.038016,0.038016,0.06586600000000001,0.934134
151,2217024583566038902931835040749210710155293863,21,329,329,0.035607,0.035607,0.0,0.035607,0.9643930000000001
151,2795955547593262531562466415054318143278579719,21,418,393,0.005859,0.010445,0.10934700000000001,0.11520600000000002,0.884794
151,2754384674264655946791346511962590129499967297,21,527,527,0.011884,0.011884,0.0,0.011884,0.988116
151,1922698035563121141756137662031262831101446511,21,321,321,0.01005,0.01005,0.0,0.01005,0.98995
151,2578633082003778088940013102956628479805360761,21,526,526,0.02284,0.02284,0.0,0.02284,0.97716
152,3650146379785934850995660671580553841765454981,21,332,327,0.023031,0.059261,0.100703,0.123734,0.876266
152,4447694107941335768274189003948589146948883409,21,397,397,0.069109,0.069109,0.0,0.069109,0.930891
152,5304044781028480773455459789567804501864780699,21,391,379,0.044399,0.015844,0.015844,0.060243000000000005,0.939757
152,5225791236691602749703859113684043992716841463,21,404,404,0.072725,0.072725,0.0,0.072725,0.927275
152,5425403301002418901669361546561888615280596761,21,404,374,0.032052,0.018584,0.112644,0.144696,0.8553040000000001
152,5202335230032226630491022567996748864390119873,21,446,446,0.037531,0.037531,0.0,0.037531,0.962469
152,4003774395708740189647636396775460720094087057,21,338,333,0.015011,0.00484,0.00484,0.019851,0.980149
152,5276249290787396224699127825641594167433771223,21,372,372,0.050292,0.050292,0.0,0.050292,0.949708
152,4381176969443188923764265381058182084891594073,21,455,455,0.044077,0.044077,0.0,0.044077,0.955923
152,5541991812747053012003965966406093820220699999,21,301,301,0.164745,0.164745,0.0,0.164745,0.835255
152,5648300508047326241541247933495397085050508533,21,379,379,0.041229,0.041229,0.0,0.041229,0.958771
152,4837654055687374110886315087296888936559582543,21,331,291,0.058745,0.049518,0.161751,0.220496,0.779504
152,3169527753809835033737422227494034075208154897,21,365,365,0.010184,0.010184,0.0,0.010184,0.989816
152,4751384359859390003700613749548751936187354063,21,353,353,0.077848,0.077848,0.0,0.077848,0.922152
152,5115713692797196694227360148049458957592665221,21,314,307,0.044379,0.02641,0.110415,0.154794,0.845206
152,5377906651632174967507002058972880963848446937,21,461,451,0.024182,0.008132,0.008132,0.032313999999999996,0.967686
152,4794192939950703723191510856383251915586655239,21,375,375,0.067028,0.067028,0.0,0.067028,0.932972
152,4098436965705153817981088577951066512799793241,21,486,467,0.059282,0.120229,0.120229,0.179511,0.820489
152,4397317578261604652631366972202456990923173239,21,607,602,0.016507,0.011349,0.011349,0.027856,0.972144
152,5641409895201969238429625932613600677431973529,21,369,358,0.069632,0.04991,0.124006,0.193638,0.806362
153,7688734886215973313958737522072259896979469359,21,488,488,0.027846,0.027846,0.0,0.027846,0.972154
153,9965367899123149749669237053467022764500819709,21,364,340,0.006352,0.011879,0.038433999999999996,0.04478599999999999,0.955214
153,8648715940089396413954292296253489279668879831,21,364,355,0.051584000000000005,0.035837,0.069546,0.12113,0.87887
153,9992486217185404533285574560152593379868586411,21,312,303,0.052906,0.026804,0.026804,0.07971,0.92029
153,8752395201001776336645971436266201719253038903,21,273,273,0.033045,0.033045,0.0,0.033045,0.966955
153,10307828778112676279744687232183733883997747787,21,304,304,0.056209,0.056209,0.0,0.056209,0.943791
153,8927473020776419491333060829150295244420281503,21,499,462,0.025457,0.006964,0.157179,0.18263600000000002,0.817364
153,7853849523366438727173539795218496833560636149,21,509,489,0.032442,0.005026,0.08647400000000002,0.11891600000000002,0.881084
153,8674604146514496475964987674111780570888473743,21,283,283,0.029922,0.029922,0.0,0.029922,0.970078
153,8982522494550749295857332138146435777716539013,21,326,326,0.041604,0.041604,0.0,0.041604,0.958396
153,7465338556163117004724110416934405812498881597,21,443,443,0.053056,0.053056,0.0,0.053056,0.946944
153,9002256784614521734062834292945636253381789701,21,482,471,0.040888,0.029073,0.029073,0.069961,0.9300390000000001
153,9730043924092499024899737640031060516457357727,21,518,518,0.07679,0.07679,0.0,0.07679,0.92321
153,7772785559916630760629013439531712505833223283,21,335,335,0.058331,0.058331,0.0,0.058331,0.941669
153,6331403492532550906969515225158616949065412553,21,348,340,0.028435,0.023671,0.023671,0.052106,0.947894
153,9499729964075602707801866275682306216169333647,21,580,580,0.034295,0.034295,0.0,0.034295,0.965705
153,10623137933847890583214243354934109612727566337,21,398,398,0.040262,0.040262,0.0,0.040262,0.959738
153,8298489176359263229418112630907164868713161869,21,425,425,0.057255,0.057255,0.0,0.057255,0.9427449999999999
153,10423403876173039960502215978962041272294895987,21,351,351,0.030312,0.030312,0.0,0.030312,0.969688
153,11331438524408402513759859710883003140234689001,21,566,555,0.010266,0.017805,0.070816,0.081082,0.918918
154,20144352470088160067192230120293841747066127093,21,398,394,0.013205,0.006533,0.006533,0.019738,0.980262
154,13741129409913179912586613425642421907057677927,21,331,331,0.160042,0.160042,0.0,0.160042,0.839958
154,22555697926472858658256090868373281917048139777,21,484,480,0.011989,0.004613,0.025054999999999997,0.037043999999999994,0.962956
154,21622466558921334027105350728738281221011715713,21,470,470,0.043597,0.043597,0.0,0.043597,0.956403
154,22717282832414613486487854671615889194348202509,21,432,432,0.045326,0.045326,0.0,0.045326,0.954674
154,15553662272752172389304818266535674850670048197,21,324,324,0.020608,0.020608,0.0,0.020608,0.979392
154,16287234057599780494928529944429983938735953333,21,356,338,0.023285,0.008898,0.031083999999999997,0.054369,0.945631
154,20227306669577710217883266196429106847542507013,21,591,591,0.016113000000000002,0.016113000000000002,0.0,0.016113000000000002,0.983887
154,18361999857484992568400964915559137162309312233,21,359,359,0.019989,0.019989,0.0,0.019989,0.980011
154,17615067981495998635949724796624661825505231481,21,515,475,0.014379,0.029737,0.3448730000000001,0.35925200000000007,0.6407479999999999
154,16965780184675510815549338206501125311473383031,21,416,416,0.008935,0.008935,0.0,0.008935,0.991065
154,17145713058305669983102778787612006911670513347,21,475,452,0.067353,0.036754,0.036754,0.104107,0.895893
154,20285317985568063024579677341972941193428143231,21,300,300,0.080983,0.080983,0.0,0.080983,0.919017
154,19892574816341431255761561129070142233703448899,21,484,484,0.057198,0.057198,0.0,0.057198,0.942802
154,14482484907695104154754286426816369245597742123,21,429,429,0.034074,0.034074,0.0,0.034074,0.965926
154,21308599822779449843544699903616188167691769657,21,446,427,0.037625,0.024845,0.024845,0.06247,0.93753
154,19652552707990061015357354059734076466348869901,21,368,368,0.022499,0.022499,0.0,0.022499,0.977501
154,15836062588559999481222001755306755400249974411,21,351,348,0.040486,0.041988,0.041988,0.08247399999999999,0.9175260000000001
154,17640605793899812190237760431948486244893089589,21,390,390,0.016641,0.016641,0.0,0.016641,0.983359
154,13200322048523091361380223530828151918467232499,21,285,277,0.014784,0.00881,0.00881,0.023594,0.976406
155,31340595875958809044343360964929799034189512361,21,438,436,0.113526,0.02964,0.02964,0.14316600000000002,0.856834
155,33883679322606457824492978417378120332359598171,21,356,350,0.091256,0.020593,0.020593,0.111849,0.888151
155,38431961138800983210425437779183955699273663877,21,536,536,0.03663,0.03663,0.0,0.03663,0.96337
155,44842574992398006827792831817449122409176524571,21,385,377,0.0077,0.004604,0.010179,0.017879,0.982121
155,44479412022428483167051033854365771430317272061,21,544,544,0.011879,0.011879,0.0,0.011879,0.988121
155,39653904137769014668557378511260469269135182431,21,326,299,0.026413,0.033786,0.10987,0.136283,0.8637170000000001
155,36615548944643269126239193831815135044946113087,21,338,329,0.081451,0.068963,0.068963,0.150414,0.849586
155,35728624388846244763032748679732750007278619919,21,328,328,0.024733,0.024733,0.0,0.024733,0.975267
155,39471143362465673450737740007926815837598407923,21,455,439,0.021448000000000002,0.003759,0.03922900000000001,0.06067700000000001,0.939323
155,43620356160753924413764228467447052158522613007,21,452,431,0.038717,0.044365,0.044365,0.083082,0.916918
155,29666396188587728462615862057347321613786496027,21,547,545,0.031173,0.012753,0.012753,0.043926,0.956074
155,41677893527522320684434778067984642792936350873,21,527,494,0.008375,0.015982,0.07985400000000001,0.088229,0.911771
155,32675536969479286942701324674137910119680337459,21,332,332,0.125251,0.125251,0.0,0.125251,0.874749
155,44919866654372607559021538428305729263662282117,21,528,528,0.096797,0.096797,0.0,0.096797,0.903203
155,36452200589072916411983425394632165549777886227,21,468,468,0.029348,0.029348,0.0,0.029348,0.970652
155,33203524258924130270853246380045741567145994259,21,443,434,0.060991000000000004,0.057273,0.057273,0.11826400000000001,0.881736
155,36946503351030864812990481678628454987070959527,21,394,364,0.024801,0.021923,0.18265499999999996,0.20745599999999995,0.792544
155,44458044889519333576801527839740244268692202469,21,636,623,0.013356,0.016408,0.068065,0.081421,0.918579
155,36744155090184780124393526442075144163055399837,21,366,366,0.017237,0.017237,0.0,0.017237,0.982763
155,32611265262434541992311659835491097552848382807,21,277,277,0.028183,0.028183,0.0,0.028183,0.971817
156,58842411492108631901824870167723622565249820361,21,541,541,0.033038,0.033038,0.0,0.033038,0.966962
156,58647263901409677188415888297848821138605832667,21,353,338,0.025807,0.095447,0.095447,0.121254,0.878746
156,60691833191625566815713087621249445278906020923,21,443,443,0.035728,0.035728,0.0,0.035728,0.964272
156,83500911560012017920943706628836329963659227611,21,420,420,0.018993,0.018993,0.0,0.018993,0.981007
156,79699952235555146846014724188269022467857700953,21,458,450,0.018233,0.012223,0.012223,0.030455999999999997,0.969544
156,68617923715717279114730426060969764483412652871,21,562,562,0.037203,0.037203,0.0,0.037203,0.962797
156,70292815550175575334435593661308688973972707499,21,329,324,0.024618,0.044964,0.044964,0.069582,0.930418
156,88395906091853951743306426033388820009527178553,21,334,334,0.080778,0.080778,0.0,0.080778,0.919222
156,58490997193338963447736793476829606786651843411,21,361,361,0.028332,0.028332,0.0,0.028332,0.971668
156,88153376653160901709431525294744255033299399513,21,438,438,0.02323,0.02323,0.0,0.02323,0.97677
156,83749952449871415989936799658384575288153567857,21,493,493,0.04286,0.04286,0.0,0.04286,0.95714
156,63215896343305696798861673825073441341593157323,21,286,286,0.010666,0.010666,0.0,0.010666,0.989334
156,68367618624389291832609274122568807692737410747,21,344,344,0.024505,0.024505,0.0,0.024505,0.975495
156,85976042848566498516350067546598036064176697617,21,456,454,0.016974,0.019231,0.019231,0.036205,0.963795
156,77050956204250174763972617362140681574229342091,21,728,728,0.055405,0.055405,0.0,0.055405,0.944595
156,67397778703558464646892241700035691887301648579,21,550,550,0.029904,0.029904,0.0,0.029904,0.970096
156,82158015067987949738815070788850184671973579587,21,403,403,0.037498,0.037498,0.0,0.037498,0.962502
156,55015423047501982644190563451191716439122432951,21,383,382,0.008168,0.007705,0.007705,0.015872999999999998,0.984127
156,85336908532608541436048263259686225667526362047,21,607,607,0.039939,0.039939,0.0,0.039939,0.960061
156,56731211956952175175952662358019177731725234237,21,380,380,0.013612,0.013612,0.0,0.013612,0.986388
157,120282166308024689728299980121863747670916310267,21,434,434,0.01887,0.01887,0.0,0.01887,0.98113
157,120820017068622794622130921127946349513431310843,21,531,507,0.006267,0.022541,0.105421,0.111688,0.888312
157,160354239376266933764514100701359388571858132879,22,426,426,0.047603,0.047603,0.0,0.047603,0.952397
157,178540342865713130388740603822271194677254392441,22,404,400,0.026003,0.013953,0.013953,0.039956,0.960044
157,133758242352280888913921190835052846329897153133,21,484,475,0.013787,0.017361,0.017361,0.031148000000000002,0.968852
157,119751792167523699090520105500834166573709024723,21,351,351,0.129151,0.129151,0.0,0.129151,0.870849
157,142866301722166299614859219990227501097218329553,21,429,420,0.012451,0.010258,0.028186000000000003,0.040637000000000006,0.959363
157,159460056477105651797755450704992108220297439993,22,353,353,0.044824,0.044824,0.0,0.044824,0.955176
157,129765827297228317584448178357227745213663923673,21,452,443,0.011628,0.017038,0.033710000000000004,0.045338,0.954662
157,153041151061952724068377978141007513960278537129,21,515,504,0.032302,0.041747,0.067644,0.099946,0.900054
157,112556148137934308610401610728139436816885032007,21,331,331,0.032052,0.032052,0.0,0.032052,0.967948
157,155016348949192392834761783400231900623445364769,21,555,520,0.017135,0.02791,0.24164800000000003,0.25878300000000004,0.741217
157,165332485530732496445379876290371501984439220227,22,392,392,0.012871,0.012871,0.0,0.012871,0.987129
157,173008319555191101708826910175525434497734262397,22,287,287,0.009038,0.009038,0.0,0.009038,0.990962
157,143078279358113528954735774091416278002769110083,21,576,544,0.007168,0.009342,0.05765599999999999,0.06482399999999999,0.935176
157,139537309577365933739952691194841985292959417899,21,283,283,0.034788,0.034788,0.0,0.034788,0.965212
157,150381007425703993922643997626233047809831195563,21,319,304,0.038105,0.026133,0.058986,0.097091,0.902909
157,125414534553540336555987249708054473022979850233,21,352,352,0.071271,0.071271,0.0,0.071271,0.928729
157,100495160702135079890032717344114075262462068991,21,344,344,0.102301,0.102301,0.0,0.102301,0.897699
157,126081296153973360472994917714723398699218116441,21,780,772,0.01191,0.009989,0.036136,0.048046000000000005,0.951954
158,244084876567438940415979589793753210761831799169,22,393,390,0.048645,0.044885,0.044885,0.09353,0.90647
158,311889364802148711770367329783808121108240984963,22,427,425,0.040903,0.020863,0.020863,0.061766,0.938234
158,315552892616518612169009766705743992617805242163,22,292,292,0.124512,0.124512,0.0,0.124512,0.875488
158,364568451629159625851465545891850771901219214163,22,374,371,0.043672,0.044969,0.044969,0.088641,0.911359
158,213880798395599609631736184456759089379285659049,22,435,435,0.01828,0.01828,0.0,0.01828,0.98172
158,364596676892949119436289041863521153445811753029,22,520,520,0.029096,0.029096,0.0,0.029096,0.970904
158,215840103126036545942721515629965329944602697057,22,572,561,0.01495,0.014025,0.060171,0.07512100000000001,0.924879
158,259043540185824666457272444893607678141566205487,22,346,346,0.025497,0.025497,0.0,0.025497,0.974503
158,311426830077414386887481553693471517445014703609,22,373,367,0.02921,0.014154,0.048515,0.077725,0.922275
158,220678872755010770809359894948879428023872635453,22,355,352,0.025137,0.021343,0.021343,0.04648,0.95352
158,324273864736092445034262802970079797120470198979,22,439,439,0.076434,0.076434,0.0,0.076434,0.923566
158,335973439137660892963362517099047189556286786761,22,323,323,0.027302,0.027302,0.0,0.027302,0.972698
158,282449349227109527988465852865060163003324312407,22,324,324,0.062506,0.062506,0.0,0.062506,0.937494
158,208746167169143822300193643710778500356712398063,22,467,462,0.021262,0.009773,0.017349,0.038611,0.961389
158,334111037801880478290657958251924991420673909189,22,488,488,0.020602,0.020602,0.0,0.020602,0.979398
158,278758463930102758470340608089823158233270489379,22,355,319,0.024731,0.025609,0.11748099999999999,0.14221199999999998,0.857788
158,334359694784871699894821359716571301393005547539,22,411,399,0.062055,0.02155,0.05394,0.115995,0.884005
158,266330340319030988935371369155445034828168547083,22,372,372,0.010308,0.010308,0.0,0.010308,0.989692
158,304296786548695733429639288499877719781617137947,22,580,580,0.080741,0.080741,0.0,0.080741,0.919259
158,363187749995613157299748064319278147359621272623,22,662,662,0.019861,0.019861,0.0,0.019861,0.980139
159,686564447258462630098219799118347627120122126259,22,495,495,0.016983,0.016983,0.0,0.016983,0.983017
159,589551271893462661314759463097397605089591304053,22,483,483,0.032689,0.032689,0.0,0.032689,0.967311
159,631182522272441179585206326884145264567358144641,22,318,300,0.027542,0.028043,0.059298000000000003,0.08684,0.91316
159,436106084503182412560423534629337392438805726397,22,508,508,0.01599,0.01599,0.0,0.01599,0.98401
159,614365874960561724255698902936314085451009978123,22,438,426,0.028076999999999998,0.019154,0.064004,0.092081,0.907919
159,652808814800014009591626662453549818193223047839,22,675,675,0.041021,0.041021,0.0,0.041021,0.958979
159,431497693573687811342235449780503037093880478249,22,422,422,0.041627,0.041627,0.0,0.041627,0.958373
159,641417960009003073536715539762385574694132608057,22,318,318,0.016341,0.016341,0.0,0.016341,0.983659
159,556755493522333610334550996104356886728067513937,22,446,446,0.046985,0.046985,0.0,0.046985,0.953015
159,518738300042543123329242792010704876266634471203,22,531,512,0.014391,0.032342,0.032342,0.046733000000000004,0.953267
159,622775601463755434010798895296308923399679148479,22,370,367,0.01444,0.006594,0.02353,0.03797,0.96203
159,721092743353983610239239300767561842232656810121,22,371,371,0.047437,0.047437,0.0,0.047437,0.952563
159,725700541872878647978311987906512435448724917323,22,360,344,0.025778,0.016551,0.156807,0.182585,0.817415
159,680792306276738068787445684933623704836521586517,22,402,402,0.027025,0.027025,0.0,0.027025,0.972975
159,609838293034917899422422535971964737888944079431,22,564,554,0.016161,0.020531,0.061231,0.077392,0.922608
159,500003566005968344293642166685142120533963613397,22,375,366,0.015331,0.051474,0.1244,0.139731,0.860269
159,672585552363075626030436013518741587083784197091,22,956,956,0.013301,0.013301,0.0,0.013301,0.986699
159,667853203575891446356676483576275288677930218477,22,369,369,0.019367,0.019367,0.0,0.019367,0.980633
159,452729177399062213984412625994093209513957053659,22,491,490,0.007091,0.011726,0.011726,0.018817,0.981183
159,718517666115847144224280227758502807408113808437,22,604,595,0.014999,0.01221,0.01221,0.027209,0.972791
160,1115913240165002032294944939882858364194015937199,22,356,337,0.011953,0.018106,0.053836999999999996,0.06579,0.93421
160,1440912770676709848638629792376134253525608074541,22,628,626,0.018786,0.012923,0.012923,0.031709,0.968291
160,933815358984064483011197510331330335221655664157,22,410,404,0.047292,0.029163,0.06922,0.116512,0.883488
160,969243323728712475535486623630623651719920512731,22,368,368,0.172631,0.172631,0.0,0.172631,0.827369
160,1076466504888089627494905309713319219664710433643,22,374,373,0.064785,0.047002,0.047002,0.111787,0.888213
160,1421116437931458286969196379690998986504855152749,22,564,553,0.017946,0.016154,0.046414,0.06436,0.93564
160,1172553592352544090305146581654443943982800468347,22,384,384,0.057521,0.057521,0.0,0.057521,0.942479
160,909793617870750937141425081136809004936031725807,22,846,837,0.025428,0.023802,0.037837,0.063265,0.936735
160,1057437110620229076506102833609193814696668318251,22,409,408,0.038174,0.022148,0.022148,0.060322,0.939678
160,1272489506939449407441353102540516266393948251787,22,392,392,0.01568,0.01568,0.0,0.01568,0.98432
160,1080313044916089688695708805273339794814591207951,22,334,334,0.032919,0.032919,0.0,0.032919,0.967081
160,1149353867679185877473020663684612261737991945873,22,322,316,0.032203,0.027969,0.027969,0.060172,0.939828
160,983949157142389589790721652739207946878875195771,22,355,349,0.035986,0.037153,0.037153,0.073139,0.926861
160,1361143599389480694086689546211220334021828686817,22,405,405,0.058676,0.058676,0.0,0.058676,0.941324
160,1021091838147883904869937336936298707335596006313,22,467,448,0.039446999999999996,0.008585,0.14351699999999998,0.18296399999999996,0.8170360000000001
160,1294988162211010208686476509915675738782236322669,22,401,401,0.08144,0.08144,0.0,0.08144,0.91856
160,1122941529731570548110403398235866601161586536011,22,350,350,0.061878,0.061878,0.0,0.061878,0.938122
160,1432805530443255062195929071604085524855630107221,22,361,361,0.029124,0.029124,0.0,0.029124,0.970876
160,1153032896620140114746318270771321999716861546507,22,437,437,0.044891,0.044891,0.0,0.044891,0.955109
160,964310714558373662737593657033125267637818078167,22,374,361,0.017857,0.027643,0.046484,0.064341,0.935659
161,2549342994142969438502207735324263431486603124709,22,349,349,0.032361,0.032361,0.0,0.032361,0.967639
161,2681100216348215889829625802961254331665674276717,22,434,433,0.012757999999999999,0.003601,0.003601,0.016359,0.983641
161,2880298692764464678292391755309173496702002183049,22,454,454,0.011158,0.011158,0.0,0.011158,0.988842
161,1772591985057680454231176923477927954936575167497,22,298,298,0.101322,0.101322,0.0,0.101322,0.898678
161,2083705746610030102470078930728254734269258767559,22,405,405,0.054206,0.054206,0.0,0.054206,0.945794
161,2592051223899969308896255211589583595849607840917,22,531,522,0.017661,0.021694,0.054513000000000006,0.072174,0.927826
161,1964444950659050423101133436896095725128026615861,22,320,320,0.015818,0.015818,0.0,0.015818,0.984182
161,2664894503748551145754658751022334263049302504109,22,410,396,0.02053,0.030953,0.039943,0.060473,0.939527
161,2890667027374661591725712210164725411830649644971,22,453,453,0.020871,0.020871,0.0,0.020871,0.979129
161,2315237919643127678001317504649602348775135239989,22,419,419,0.044871,0.044871,0.0,0.044871,0.955129
161,2263615665739021443959839330064499024174205984757,22,355,353,0.08059,0.047815,0.047815,0.128405,0.871595
161,2715737041694779962072587570440702427479596688267,22,412,399,0.014445,0.024681,0.044648,0.059093,0.940907
161,2242913431855633380375884470582819076336280851693,22,563,563,0.016556,0.016556,0.0,0.016556,0.983444
161,2196055705110050413211594819707917380387387874647,22,478,478,0.032437,0.032437,0.0,0.032437,0.967563
161,2386559963764208317133465196705396071874399113177,22,454,454,0.032921,0.032921,0.0,0.032921,0.967079
161,2496018222066887071360307538619052262154796275933,22,460,451,0.021274,0.040886,0.040886,0.06216,0.93784
161,2643999513168057204584957107582487653622472397817,22,473,473,0.017081,0.017081,0.0,0.017081,0.982919
161,2635743115320503461112643487699959884803825828717,22,412,412,0.049916999999999996,0.049916999999999996,0.0,0.049916999999999996,0.950083
161,2825605982926347409937517778879057613012900909681,22,434,433,0.00423,0.004819,0.004819,0.009049000000000001,0.990951
161,1945681273593238791686785823639092496168175333883,22,455,455,0.017094,0.017094,0.0,0.017094,0.982906
162,5142726192263316119305765044724202366191059020131,22,431,431,0.038866,0.038866,0.0,0.038866,0.961134
162,4356714020119985091707387224305757015484033268083,22,354,354,0.082463,0.082463,0.0,0.082463,0.917537
162,5760088733269586802798761031015562375783053998981,22,411,399,0.072808,0.04999,0.04999,0.12279799999999999,0.877202
162,5126536210830929842911126218863559555593079772241,22,462,449,0.012775,0.008303,0.01313,0.025904999999999997,0.974095
162,4355984306317180250941284630714493550289288293197,22,529,529,0.029124,0.029124,0.0,0.029124,0.970876
162,5372238624316637074604877264416233805336449398107,22,393,381,0.014619,0.016034,0.05683,0.071449,0.928551
162,3370953511586955617438834489704567964510236112387,22,366,348,0.024834,0.043601,0.09606,0.120894,0.8791059999999999
162,5654048134438701321190467092520015125597334765619,22,929,919,0.006737,0.005169,0.00877,0.015507,0.984493
162,5347560175544712010315634817224870510859508906709,22,426,426,0.074562,0.074562,0.0,0.074562,0.925438
162,5736419416140119735836049169364015628764346059723,22,814,797,0.009437,0.006589,0.031125,0.040562,0.959438
162,4650109252981784028797300655435682334415722439709,22,507,504,0.031831,0.012489,0.012489,0.04432,0.95568
162,4851575313540019468754262146798472592699356416503,22,445,445,0.024273,0.024273,0.0,0.024273,0.975727
162,4620052361353557581946034404083231874642184874639,22,470,462,0.070745,0.019145,0.019145,0.08989,0.91011
162,5522800988337253824728791418632480547260333713827,22,417,417,0.058409,0.058409,0.0,0.058409,0.941591
162,5499586014822265836968576304450001678297022377393,22,658,658,0.015016,0.015016,0.0,0.015016,0.984984
162,3564133393297332356275713734544213713680389996917,22,385,385,0.016927,0.016927,0.0,0.016927,0.983073
162,5515322111725050184603784308918954761722437406837,22,422,413,0.00988,0.010642,0.010642,0.020522,0.979478
162,4485461183490214672847356727639397071039303926699,22,390,390,0.025627,0.025627,0.0,0.025627,0.974373
162,5195480640606091839263058107075820094394110075261,22,379,374,0.02595,0.018704,0.018704,0.044654,0.955346
162,5741107958946558148650160180297387601202820663099,22,469,469,0.05797,0.05797,0.0,0.05797,0.94203
163,9747578468936317254902406784741698921811080904511,22,423,408,0.048094,0.015732,0.07524,0.123334,0.876666
163,10111701947436338618707597112719816959644907307921,22,494,494,0.050984,0.050984,0.0,0.050984,0.949016
163,9500974977324321481710304769960767745184067228853,22,389,383,0.015025,0.026889,0.026889,0.041914,0.958086
163,10923265258610933252939304751090963667320491815059,22,370,370,0.019491,0.019491,0.0,0.019491,0.980509
163,6277296598420519157375291811600475171257085054819,22,328,328,0.037668,0.037668,0.0,0.037668,0.962332
163,9231618602773719751425117097585869209969078112883,22,456,449,0.028784,0.0482,0.076305,0.105089,0.894911
163,10035352768951452538707551978057565508665635317309,22,472,465,0.017531,0.03,0.03,0.047531000000000004,0.952469
163,7654209071367977951897371689264431599631570961337,22,337,337,0.021067,0.021067,0.0,0.021067,0.978933
163,10824194889247063645916265364865318315163275587691,22,393,363,0.022099,0.036392,0.049914,0.072013,0.927987
163,7007067855178084077334907729020251703138388423407,22,588,588,0.033915,0.033915,0.0,0.033915,0.966085
163,11563629162960767561469993435982566900206290797341,22,339,339,0.085281,0.085281,0.0,0.085281,0.9147190000000001
163,10432647582007091942814866236806348920448169897081,22,412,409,0.021603,0.030789,0.116289,0.13789200000000001,0.862108
163,11013321740409425001654829975108773198879722323169,22,486,486,0.030004,0.030004,0.0,0.030004,0.969996
163,11388208541060705561819087229232095358667380786273,22,566,566,0.076196,0.076196,0.0,0.076196,0.923804
163,11103735522688372546281614770298463681690271542443,22,512,512,0.054648,0.054648,0.0,0.054648,0.945352
163,8215686036974456744106483973928387713743004968589,22,459,449,0.054773,0.01517,0.01517,0.069943,0.930057
163,10366420373188722818237768081269384282174284586279,22,524,518,0.016546,0.021204,0.021204,0.037750000000000006,0.96225
163,9887493049291697627584648336712714992824228820507,22,384,384,0.042454,0.042454,0.0,0.042454,0.957546
163,11291772697596805962306082330181863662191216703401,22,705,685,0.007509,0.003624,0.029220000000000003,0.036729000000000005,0.963271
163,8629299483287912574962165393081179705241759373329,22,539,539,0.062305,0.062305,0.0,0.062305,0.937695
164,20210344270042780228524473590981781384374263250651,22,712,674,0.006345999999999999,0.005403,0.07778400000000003,0.08413000000000004,0.91587
164,17385754946083473907588211247263282920082635440931,22,449,449,0.028625,0.028625,0.0,0.028625,0.971375
164,15065200337324516365624234372840728893791849883677,22,549,549,0.030092,0.030092,0.0,0.030092,0.969908
164,20001274208685757373389824972298109151192644683421,22,467,444,0.010503,0.023242,0.074121,0.084624,0.915376
164,23206373050027225840725924288883018652907266761573,22,416,416,0.019547,0.019547,0.0,0.019547,0.980453
164,22025345891505684794425190360346292788092251835117,22,343,343,0.068176,0.068176,0.0,0.068176,0.931824
164,17433500709489283073258616221836367960841092957683,22,417,417,0.048617,0.048617,0.0,0.048617,0.951383
164,20619243792726008996626054260855579390889646661671,22,519,514,0.033059000000000005,0.009314,0.033979999999999996,0.067039,0.932961
164,17851954102483708548111820947964979316071559518321,22,520,506,0.006906,0.013842,0.049227,0.056133,0.943867
164,15520227091786292775179646082304899324457570987803,22,414,414,0.040303,0.040303,0.0,0.040303,0.959697
164,21025509716353739955780362583473341923163070100707,22,511,508,0.045951,0.023299,0.023299,0.06925,0.93075
164,14498146431977835998639783360838649091026316741701,22,513,513,0.023425,0.023425,0.0,0.023425,0.976575
164,19111791960401045569879778943278968002523890458231,22,326,326,0.015195,0.015195,0.0,0.015195,0.984805
164,16530301572124410378960034538876085010836459672467,22,349,349,0.011588,0.011588,0.0,0.011588,0.988412
164,18221873864190480631751119997397311265906143427919,22,640,640,0.027029,0.027029,0.0,0.027029,0.972971
164,19509002958117864345830026901941875949728480482351,22,679,679,0.02006,0.02006,0.0,0.02006,0.97994
164,22672286378997470934496964350911104497412505665789,22,422,422,0.024841,0.024841,0.0,0.024841,0.975159
164,23046477364042922130498611236049763734841923672321,22,584,571,0.007869,0.014414,0.12443099999999999,0.13229999999999997,0.8677
164,17549286263321631100185248104947257910955608889553,22,373,373,0.103863,0.103863,0.0,0.103863,0.896137
164,21059636316678691840527110401614339175235554714931,22,480,480,0.055987,0.055987,0.0,0.055987,0.944013
165,41832933592112304400801943026671467969363831087923,22,360,360,0.012411,0.012411,0.0,0.012411,0.987589
165,35682862411294951100561921127821057964487467339443,22,420,408,0.058884,0.113376,0.113376,0.17226,0.82774
165,42835312913720678185448545784074783359123970744159,22,383,383,0.07633,0.07633,0.0,0.07633,0.92367
165,40881659780738625128558353749592964839279265435171,22,366,364,0.01791,0.025441,0.025441,0.043351,0.956649
165,45322494471102900510547891895971824081862698563281,22,360,343,0.014141,0.007561,0.024403,0.038544,0.961456
165,45929128788840959205376511336193947297685265640951,22,950,946,0.012231,0.004646,0.004646,0.016877,0.983123
165,44489998373490387700600426834275888436763809873019,22,807,807,0.007855,0.007855,0.0,0.007855,0.992145
165,35790092378947652923809024031202004014344249255817,22,484,473,0.03323,0.013761,0.013761,0.046991000000000005,0.953009
165,45161106773899709982331683988937842529673051859151,22,517,517,0.022639,0.022639,0.0,0.022639,0.977361
165,41611075822328138418773040753161992670148754649183,22,427,427,0.012593,0.012593,0.0,0.012593,0.987407
165,43893688025396579244143003549941949711112694897597,22,595,595,0.020105,0.020105,0.0,0.020105,0.979895
165,38949108443317524477011125919734633057707138102373,22,460,460,0.01233,0.01233,0.0,0.01233,0.98767
165,44506757530726502698455041633661918108484228681201,22,606,587,0.014513000000000002,0.007119,0.035733,0.050246,0.949754
165,45700176760813962794447132804379570073089321130619,22,452,450,0.03077,0.012648,0.023143999999999998,0.053914,0.946086
165,36717319074712975178793976563482551630954666600147,22,518,518,0.023825,0.023825,0.0,0.023825,0.976175
165,40081717737177734357477768258828819203380673838299,22,467,467,0.016508,0.016508,0.0,0.016508,0.983492
165,42668271582757088828333733690941986896240697265291,22,344,344,0.163319,0.163319,0.0,0.163319,0.836681
165,42066162699265700510000155471171171993026790897181,22,335,335,0.041583,0.041583,0.0,0.041583,0.958417
165,43079437256800894081452117481597778557867932256481,22,761,721,0.021639,0.01385,0.08292,0.10455899999999999,0.895441
165,39639751732104952918265482468837059446746603506727,22,455,455,0.017432,0.017432,0.0,0.017432,0.982568
166,64455071458380183185819126791305562795840205337607,22,556,556,0.005773,0.005773,0.0,0.005773,0.994227
166,90075771203582122330247262323941154266135655067703,23,584,577,0.039186,0.018284,0.018284,0.05747,0.94253
166,72228823129784081606691745887439926673012583025583,22,602,602,0.050476,0.050476,0.0,0.050476,0.949524
166,69837432774442923128016482628855170461287372899371,22,459,431,0.034732,0.034512,0.153099,0.18783100000000003,0.8121689999999999
166,89244922194937743144971782767253188914316795885797,23,520,502,0.020232,0.01904,0.01904,0.039272,0.960728
166,88746453267789363020668583643470490537450658613921,23,430,428,0.024657,0.016813,0.016813,0.04147,0.95853
166,88713786474705850221237608801094392192327303798911,23,433,409,0.013332,0.006027,0.042273,0.055605,0.944395
166,87557406481398096612837568774546924908523956472679,22,501,501,0.057145,0.057145,0.0,0.057145,0.942855
166,83804917377281198336877975468864158449629337119497,22,429,429,0.059381,0.059381,0.0,0.059381,0.940619
166,81569638913156092214718111347132660641468885512997,22,374,374,0.041493,0.041493,0.0,0.041493,0.958507
166,52608719657148563796512530136536674250280158137673,22,587,587,0.050126,0.050126,0.0,0.050126,0.949874
166,89221264190598117801701321295581964396857406691793,23,360,360,0.080373,0.080373,0.0,0.080373,0.919627
166,91421352408629645983856436933886907626516790327531,23,444,439,0.025733,0.05729,0.096805,0.12253800000000001,0.877462
166,92354408607697290294087669975129842220424154225839,23,359,359,0.015315,0.015315,0.0,0.015315,0.984685
166,90307244958886521065070588400571519599452170426827,23,440,433,0.073115,0.028728,0.028728,0.101843,0.898157
166,61951676507642868191945772939153670793162317140439,22,659,659,0.01528,0.01528,0.0,0.01528,0.98472
166,57096092534835312898852423687190032724229132615371,22,402,402,0.015127,0.015127,0.0,0.015127,0.984873
166,77734094079183033282661848210260105535011878058221,22,443,426,0.030559,0.098304,0.153427,0.183986,0.816014
166,61439716290799937763975920406477923341938046630307,22,538,533,0.10107000000000001,0.013303,0.013303,0.114373,0.8856269999999999
166,92944946903546196014112302841886638418369209076507,23,333,312,0.01302,0.03829,0.082092,0.095112,0.904888
167,185191770581306272864194984747884925328034141094049,23,360,355,0.010146,0.005859,0.005859,0.016005,0.983995
167,150753299534321728385042450116986328932503586710791,23,402,402,0.045984,0.045984,0.0,0.045984,0.954016
167,122185038003700368219528064449236784866763422689417,23,384,384,0.00553,0.00553,0.0,0.00553,0.99447
167,178235118269758334366445181520116909697869973267843,23,418,418,0.012031,0.012031,0.0,0.012031,0.987969
167,125101284926137051500851455837556179024574472599693,23,403,399,0.011719,0.016733,0.043633000000000005,0.055352000000000005,0.944648
167,183608279157579728300471834586610846132033916363009,23,435,435,0.051612,0.051612,0.0,0.051612,0.948388
167,123823837425211259366602079641341299640350463304427,23,487,460,0.012304999999999998,0.005131,0.065521,0.07782599999999999,0.922174
167,182738591737141364288038096817725089299414242881199,23,372,363,0.010279,0.007725,0.035903000000000004,0.046182,0.953818
167,144881986800772159131971678194070421363231610326503,23,488,488,0.070905,0.070905,0.0,0.070905,0.929095
167,169113029671003783909165383403390189332006078766403,23,756,756,0.033555,0.033555,0.0,0.033555,0.966445
167,180203454172404433999728807424822530543427009853893,23,618,613,0.031553,0.015937,0.025651,0.057204,0.942796
167,176740473075257510677017027826065071164478066806109,23,329,329,0.024173,0.024173,0.0,0.024173,0.975827
167,154708744984764752253150630606148953411120836248223,23,517,515,0.015458,0.015217,0.015217,0.030675,0.969325
167,185822038963156756154989463606402264231845142986571,23,499,499,0.009711,0.009711,0.0,0.009711,0.990289
167,164713641976176077509064527913611509808492198546303,23,429,429,0.011592,0.011592,0.0,0.011592,0.988408
167,174143473517067658771245663523001506669684229251583,23,294,294,0.032271,0.032271,0.0,0.032271,0.967729
167,134875484299471317108685835177615212803568324951771,23,325,325,0.03312,0.03312,0.0,0.03312,0.96688
167,182071589557326943011646537770784052720010679622671,23,457,457,0.039752,0.039752,0.0,0.039752,0.960248
167,107723548795615044892707554332906198918982581905521,23,416,416,0.012776,0.012776,0.0,0.012776,0.987224
167,110235062257219473750266489148464622602430677309023,23,469,461,0.031056,0.014931,0.032215,0.063271,0.936729
168,355867559027045347481742474164268313169270448267103,23,532,532,0.008516,0.008516,0.0,0.008516,0.991484
168,354354498343882825539049178202420048518235057099511,23,382,380,0.047021,0.016106000000000002,0.016106000000000002,0.063127,0.936873
168,297316862371625606791660530918145246188551598375827,23,462,462,0.02477,0.02477,0.0,0.02477,0.97523
168,251334070780906996792106667358010626199124871015193,23,382,382,0.028526,0.028526,0.0,0.028526,0.971474
168,266089629335928959939990984219310389073099671366189,23,377,377,0.044789,0.044789,0.0,0.044789,0.955211
168,297312478520764466042800805099268401234237086618769,23,498,498,0.011795,0.011795,0.0,0.011795,0.988205
168,252694597694857518298868919901861055603851696256479,23,402,402,0.013806,0.013806,0.0,0.013806,0.986194
168,286391540226265125508001191752822610514127971418977,23,445,445,0.033315,0.033315,0.0,0.033315,0.966685
168,318688943619592236326261968753666579542852488008771,23,516,512,0.037271,0.024379,0.024379,0.061649999999999996,0.93835
168,348197322658922333549563681800422289216265150015297,23,516,495,0.017917,0.014218,0.067291,0.085208,0.914792
168,368542669960002587168410129566818072485889583789247,23,477,477,0.028579,0.028579,0.0,0.028579,0.971421
168,268548911990920458790785330758705695531710970965877,23,384,384,0.025639,0.025639,0.0,0.025639,0.974361
168,331941207943771650157715950616862772785852585230449,23,394,379,0.032579,0.033828,0.119218,0.15179700000000002,0.848203
168,323877960143720182139921715509016936864755738538083,23,395,395,0.008329,0.008329,0.0,0.008329,0.991671
168,363122401231538903702884958200573978698665726858941,23,428,425,0.06591,0.018782,0.018782,0.08469199999999999,0.915308
168,308228420728279829232936597270463065825898054642939,23,374,374,0.063243,0.063243,0.0,0.063243,0.9367570000000001
168,283116060916231999061737214282503740357534622019947,23,391,391,0.036775,0.036775,0.0,0.036775,0.963225
168,281428688528495768940994883006958194198779974610219,23,509,508,0.034161,0.027962,0.027962,0.062123,0.937877
168,326678933726286291994787934645555743351568375175913,23,420,411,0.058676,0.058184,0.058184,0.11685999999999999,0.88314
168,242229774464479250019542042945875041752252033094853,23,806,785,0.002812,0.00751,0.05019799999999999,0.053009999999999995,0.94699
169,549419723295960540447780008307906211005792776812829,23,484,484,0.018813,0.018813,0.0,0.018813,0.981187
169,664865469281161842324657652489314073194401709162263,23,616,616,0.024819,0.024819,0.0,0.024819,0.975181
169,526275837673483487444634125901789672050479746789367,23,459,452,0.009009,0.012505,0.024391000000000003,0.0334,0.9666
169,677970966743848576239473283142953742552801707940111,23,437,437,0.024147,0.024147,0.0,0.024147,0.975853
169,657821691628060301322956147101670288895728662024039,23,429,429,0.062873,0.062873,0.0,0.062873,0.937127
169,715264587022453456200004920592343027582234072699119,23,727,686,0.004921,0.014515,0.185203,0.19012400000000002,0.809876
169,564263055842251392661877742982498545034787789672701,23,391,385,0.02395,0.019008,0.048923,0.072873,0.927127
169,709752893570015397017697204082578787464541589122757,23,360,360,0.017905,0.017905,0.0,0.017905,0.982095
169,655017367008869539322579634764112530246507710350587,23,422,422,0.055959,0.055959,0.0,0.055959,0.944041
169,657292182528951725976013293116638919927942739731969,23,405,371,0.012864,0.009093,0.110955,0.123819,0.876181
169,723786901355715251133499133823457447564442130316753,23,894,894,0.013562,0.013562,0.0,0.013562,0.986438
169,523829125978495822418790946811975528394043957096661,23,390,390,0.088664,0.088664,0.0,0.088664,0.911336
169,541477377066573582590059723667831900889584456117101,23,343,343,0.064951,0.064951,0.0,0.064951,0.935049
169,695788992079943252596035093883032289031003550676639,23,463,463,0.012988,0.012988,0.0,0.012988,0.987012
169,694333695686916638920533025197721880230919832136049,23,363,363,0.033003,0.033003,0.0,0.033003,0.966997
169,485822670269234256517166328139449043912746690035101,23,401,394,0.019821,0.022613,0.040462,0.060282999999999996,0.939717
169,621048212309618498722906441939308335619301463127923,23,452,452,0.01926,0.01926,0.0,0.01926,0.98074
169,471378305746743164537629288149409115192944188760511,23,410,401,0.013349,0.017415,0.026605999999999998,0.039955,0.960045
169,679166054805478107698598400374518496104565906945673,23,338,338,0.064208,0.064208,0.0,0.064208,0.935792
169,478874915531854708795103201026072431746838752011189,23,478,470,0.044676,0.017916,0.045498,0.090174,0.909826
170,1289318240951187150423696809121408247188110724374959,23,383,383,0.04597,0.04597,0.0,0.04597,0.95403
170,1317598680651458934736004969973115054629720267802427,23,412,411,0.039566,0.032226,0.032226,0.071792,0.928208
170,1387016971391792365767686427962070113773978808021599,23,435,427,0.008369,0.013043,0.022648,0.031017000000000003,0.968983
170,1301605848278604502292287990083848668281772339668443,23,529,525,0.005111,0.006883,0.013765,0.018876,0.981124
170,1454027346176602205583289937091731344133146246553801,23,577,558,0.038512,0.02981,0.118446,0.156958,0.8430420000000001
170,967653528079116878085780463103240904324567568232963,23,531,531,0.035321,0.035321,0.0,0.035321,0.964679
170,1261056843454978621289453730316681785701648409889253,23,488,487,0.024826,0.027629,0.027629,0.052455,0.947545
170,837639897222655440981696060794566569158254246200341,23,432,432,0.003655,0.003655,0.0,0.003655,0.996345
170,1380352939133440466587651274847015029204065064236727,23,661,661,0.047081,0.047081,0.0,0.047081,0.952919
170,1470202321847100083182546960194231350823305902723733,23,488,488,0.051824999999999996,0.051824999999999996,0.0,0.051824999999999996,0.948175
170,1395451141662017337518566124235400507157510063162651,23,386,386,0.01673,0.01673,0.0,0.01673,0.98327
170,1443973581327167714924022043427922410334336886476631,23,452,436,0.015327,0.00888,0.052058,0.067385,0.932615
170,1248251220039825096428185208030859202496488462447199,23,480,480,0.03168,0.03168,0.0,0.03168,0.96832
170,1485074191992056020325974520634552289818056666197811,23,431,431,0.016614,0.016614,0.0,0.016614,0.983386
170,1254247931868399620218293166952069391063175723231013,23,515,502,0.025387,0.053175,0.09151999999999999,0.11690699999999998,0.883093
170,1257669066486116581118684542985264257389351752099207,23,336,336,0.057616,0.057616,0.0,0.057616,0.942384
170,938770475414108901814693140661602364827961258856599,23,363,359,0.034042,0.055117,0.055117,0.089159,0.910841
170,1066007335410228423895411628779579916508643551606013,23,442,440,0.03003,0.026766,0.026766,0.056796,0.943204
170,1055641473154584299321451059456907378615225873359927,23,466,466,0.078319,0.078319,0.0,0.078319,0.921681
170,1450909537806030357996742850817171901677376101936973,23,352,349,0.039904999999999996,0.018182,0.04716600000000001,0.08707100000000001,0.912929
171,2320628485992640066699844867503781431624090632616007,23,420,409,0.04579,0.041136,0.041136,0.086926,0.9130739999999999
171,2687357138509969949945838036658262421119489089392571,23,398,392,0.002428,0.003681,0.003681,0.006109,0.993891
171,2179890418570410841271805505892530931206234443075251,23,499,499,0.032362,0.032362,0.0,0.032362,0.967638
171,2643553863724729454040982582317963102955115497112137,23,664,659,0.022231,0.009006,0.014863000000000001,0.037094,0.962906
171,2460627882183105189199201566900305707431196028435837,23,483,483,0.023576,0.023576,0.0,0.023576,0.976424
171,2339826321982801679364695234505710301355859790744791,23,685,685,0.006025,0.006025,0.0,0.006025,0.993975
171,2758900339445195828507819823171495863952057663997793,23,372,372,0.0331,0.0331,0.0,0.0331,0.9669
171,1842882812388021598690092464110026835556610550203901,23,687,664,0.007329,0.015539,0.039931,0.04726,0.95274
171,2527348162893818585716726864029885307488142009814867,23,378,352,0.016474,0.010754,0.027346000000000002,0.04382,0.95618
171,2837554568622031909115383188427508045834871248866231,23,390,390,0.097023,0.097023,0.0,0.097023,0.902977
171,1980107624548085725945997103475068875829188531206579,23,895,895,0.046825,0.046825,0.0,0.046825,0.953175
171,2569544928058170304082873120455860591460518083182909,23,515,515,0.018184,0.018184,0.0,0.018184,0.981816
171,2690941433828007792933739463035154894668803736090667,23,360,356,0.028107,0.032437,0.032437,0.060544,0.939456
171,2790043200701068932081541267461948287073389647656629,23,317,317,0.035846,0.035846,0.0,0.035846,0.964154
171,2090916108644774601950745809429826244133327238488009,23,444,425,0.018651,0.035558,0.035558,0.054209,0.945791
171,2565736058589956952109798640055629482853606450052707,23,494,488,0.030618,0.019067,0.019067,0.049685,0.950315
171,2857998842268811336179375833801691573922890863274847,23,686,686,0.020236,0.020236,0.0,0.020236,0.979764
171,2396493466906125285828056384566870470681794130877669,23,441,441,0.032260000000000004,0.032260000000000004,0.0,0.032260000000000004,0.96774
171,2690381636823230507251275613355703537300523990202027,23,567,546,0.031113000000000002,0.016367,0.083402,0.114515,0.885485
171,2534044398151279155788338071872494168885731333317717,23,517,517,0.014648,0.014648,0.0,0.014648,0.985352
172,4462022261486228276470696903183179974341102550314813,23,589,579,0.023858,0.018414,0.051181,0.075039,0.924961
172,4973934130046512061706003746504778764546358353047069,23,483,469,0.019373,0.011769,0.051976,0.071349,0.928651
172,5648094522288795174255363457633460814882962588225833,23,595,573,0.004752,0.010373,0.06891000000000001,0.07366200000000002,0.926338
172,4726592204009198207872992689944913141786425094656837,23,812,812,0.028519,0.028519,0.0,0.028519,0.971481
172,5594622054792930920033030420069168546546514996297059,23,375,375,0.025414,0.025414,0.0,0.025414,0.974586
172,5195538082333779164457732930160988690944352296084861,23,419,402,0.016715,0.030572,0.153758,0.170473,0.829527
172,4025284698876107182620642633377455297801856255767501,23,452,452,0.021482,0.021482,0.0,0.021482,0.978518
172,4383786029746298282865883459946099335415639923579151,23,540,527,0.039029999999999995,0.034071,0.034071,0.073101,0.926899
172,4240211809755560196715516460800231502364014252588639,23,428,423,0.034905,0.041467,0.041467,0.076372,0.923628
172,5548533853252799042694444930927799861408846535815007,23,419,411,0.015695,0.013478,0.036377,0.052072,0.947928
172,5437902847130435025801669508069442332314935248409143,23,460,451,0.025987,0.026772,0.044614,0.070601,0.929399
172,4141743792397074660421973109728086317758715931017277,23,427,423,0.012327,0.028994,0.028994,0.041321,0.9586790000000001
172,4778987191980938572456617933856060465243353739312487,23,499,465,0.015504999999999998,0.00739,0.077351,0.092856,0.907144
172,4739381656678028395979571409181320777773237194812847,23,415,399,0.021155,0.057846,0.15811599999999998,0.17927099999999999,0.820729
172,4804326313493129486456115335738865566041096602990667,23,728,728,0.02945,0.02945,0.0,0.02945,0.97055
172,4104752537262135739627532234359506058920546702141581,23,409,409,0.039042,0.039042,0.0,0.039042,0.960958
172,3803744058813253158320678543084926588928670333519661,23,428,428,0.027193,0.027193,0.0,0.027193,0.972807
172,4385465259125919643879994689875257236736934784890611,23,483,478,0.004648,0.010839999999999999,0.010839999999999999,0.015487999999999998,0.984512
172,5279890751954713468197389506413223751577777606451787,23,424,424,0.108791,0.108791,0.0,0.108791,0.891209
172,4160916851387881458666582220339040710916709604934989,23,458,458,0.017153,0.017153,0.0,0.017153,0.982847
173,10923792501645012754794107569655030715119609536422907,23,415,415,0.015701,0.015701,0.0,0.015701,0.984299
173,10049473751846112538141515321974984014498020571782187,23,361,361,0.089846,0.089846,0.0,0.089846,0.910154
173,11478453237002096953758919917104639903243507350422841,23,640,640,0.009381,0.009381,0.0,0.009381,0.990619
173,10169455292752448241266658515571649753093170083937973,23,376,376,0.016769,0.016769,0.0,0.016769,0.983231
173,11141435091489660417203162826279290403361648348555217,23,404,404,0.034468,0.034468,0.0,0.034468,0.9655320000000001
173,11845946756557169576442319415563300804632186316185761,23,359,359,0.031641,0.031641,0.0,0.031641,0.968359
173,6606020196711476677748380921663035663590800650212861,23,496,496,0.022439,0.022439,0.0,0.022439,0.977561
173,9223304994372936325365139311788951438575340466147653,23,358,358,0.024641,0.024641,0.0,0.024641,0.975359
173,9937936138453613172200974798887957858538887333434453,23,453,449,0.003889,0.00253,0.00253,0.006419,0.993581
173,11559606582085509839598371324267429245568074606311239,23,375,372,0.029041,0.016499,0.016499,0.04554,0.95446
173,8567518689055579897923237570331424934191919130124683,23,408,392,0.028094,0.01257,0.034716,0.06281,0.93719
173,7757833041287954123219330741833398980401403365844671,23,521,514,0.019104000000000003,0.013713,0.029393000000000002,0.048497000000000005,0.951503
173,9316049178944443793561813909420289680048038873209887,23,711,711,0.040301,0.040301,0.0,0.040301,0.959699
173,9928833671075698004690547493411708722996168864524191,23,442,442,0.073555,0.073555,0.0,0.073555,0.926445
173,8082599286688078272326597296230019194455017969460353,23,403,397,0.013716,0.010936,0.010936,0.024652,0.975348
173,11722980560595969629675859144256076147885119391535181,23,573,573,0.042642,0.042642,0.0,0.042642,0.957358
173,9593608908661975634163739787876317382759712663032617,23,807,807,0.008963,0.008963,0.0,0.008963,0.991037
173,7514341258039837561785554369913705517231217351886269,23,514,501,0.028471,0.028019,0.028019,0.05649,0.94351
173,10788110854762710095666872487306279223201853493970649,23,448,441,0.009149,0.009902,0.009902,0.019051,0.980949
173,10830515307409583755599110009630409242843757129551833,23,435,416,0.054467,0.049011,0.092336,0.14680300000000002,0.853197
174,22104611793997230117343176470598753099597657699857767,23,364,364,0.04887,0.04887,0.0,0.04887,0.95113
174,18763942404536135019296013058405167365237739426352961,23,382,382,0.091658,0.091658,0.0,0.091658,0.908342
174,14688504101174039979833028914301622192512344235844163,23,530,530,0.023346,0.023346,0.0,0.023346,0.976654
174,16722058225437982034822488549751786303201587785473951,23,460,460,0.069754,0.069754,0.0,0.069754,0.930246
174,21509336382097775444053571500023183533792843315954141,23,668,668,0.017935,0.017935,0.0,0.017935,0.982065
174,22850977655225044606098189565776865301144522899108753,23,373,373,0.060045,0.060045,0.0,0.060045,0.939955
174,17279223071662642072680635911044372251032271203557523,23,391,391,0.017307,0.017307,0.0,0.017307,0.982693
174,22947441514018658653094720368483897068968757283032113,23,369,362,0.007553,0.003994,0.009680000000000001,0.017233000000000002,0.982767
174,18341314976728685056786009125261875389901729222197411,23,524,500,0.013252,0.027205,0.051118,0.06437,0.93563
174,21198313883423610607647845217061584129219727405462807,23,699,693,0.045288999999999996,0.008579,0.062846,0.108135,0.891865
174,12839400785843164820295834351653620428577969094536553,23,545,513,0.035551,0.016839,0.043678999999999996,0.07923,0.92077
174,23322450000830661268788758752052782250935597472051533,23,357,342,0.024123,0.012652,0.012652,0.036775,0.963225
174,16333148817978325754024309091523862744059567919963111,23,543,543,0.041076,0.041076,0.0,0.041076,0.958924
174,14462970911237542989272454421381604521266425359311389,23,536,536,0.016728,0.016728,0.0,0.016728,0.983272
174,18949560281665792004413178756295887592891979934348561,23,364,364,0.032771,0.032771,0.0,0.032771,0.967229
174,21408407116291656012109167833580671913503017751545967,23,495,495,0.015255,0.015255,0.0,0.015255,0.984745
174,22631651939782172827484157664433587783833485119069961,23,456,456,0.032168,0.032168,0.0,0.032168,0.967832
174,21837034941512546186024799051115680122246295015518093,23,436,436,0.008683,0.008683,0.0,0.008683,0.991317
174,23437804484573336991839150008388329128133779513222523,23,705,705,0.01561,0.01561,0.0,0.01561,0.98439
174,21670228153893009427879223165719671325428625794224927,23,378,378,0.064299,0.064299,0.0,0.064299,0.935701
175,40488067071432624121676494427962676744307992814206389,23,495,495,0.037473,0.037473,0.0,0.037473,0.962527
175,47880832610030432571309186253738451904700554037260907,23,391,391,0.101995,0.101995,0.0,0.101995,0.8980049999999999
175,45878748309865752441663931039655772029562012040164497,23,421,418,0.028788,0.022954,0.022954,0.051741999999999996,0.948258
175,44519607957401945468255440685812779498238330725202451,23,714,714,0.0158,0.0158,0.0,0.0158,0.9842
175,38437122674547888080483896869357910936491022366930391,23,566,558,0.020593,0.024887,0.033693,0.054286,0.9457139999999999
175,47064113916853618606448841022057749802258231599045617,23,378,374,0.067233,0.081918,0.081918,0.149151,0.850849
175,38418920847258974395155918878755125806886124993281449,23,530,530,0.016275,0.016275,0.0,0.016275,0.983725
175,29860959886171008880417800461459339604720394693120859,23,525,491,0.005559,0.010417,0.15714700000000006,0.16270600000000007,0.837294
175,47523346294694090590598436816448664799865583071536947,23,397,397,0.017839,0.017839,0.0,0.017839,0.982161
175,40430147177650634814659419575820969943704601075586779,23,488,488,0.028257,0.028257,0.0,0.028257,0.971743
175,30673381581036186694644718658867052922438672540632679,23,377,360,0.006434,0.013249,0.013249,0.019683,0.980317
175,46321511197924674401868707445937064255819847549207181,23,566,552,0.01689,0.006286,0.022024000000000002,0.038914000000000004,0.961086
175,40793108447338904457818158698839208728924655609269741,23,496,480,0.016241,0.027523,0.027523,0.043764,0.956236
175,47563799216222959471208717042267403920241999763230907,23,392,392,0.039566,0.039566,0.0,0.039566,0.960434
175,44747799795754951639143084884684883018614820083166937,23,423,406,0.012465,0.010143,0.028118,0.040583,0.959417
175,46867320328474189488708379756417548186877640469492347,23,448,448,0.063921,0.063921,0.0,0.063921,0.936079
175,46542356956969036203230698142264416107162071627147053,23,396,396,0.018845,0.018845,0.0,0.018845,0.981155
175,45701878003472651488780363802977956628041054016481659,23,495,495,0.058767,0.058767,0.0,0.058767,0.941233
175,25458726975309530242094669164823103336392162094875803,23,423,423,0.034695,0.034695,0.0,0.034695,0.965305
175,39959523049873920871877996128842998488581987804339877,23,420,420,0.005172,0.005172,0.0,0.005172,0.994828
176,87990886338847859195592642389102593039937487082558279,24,489,489,0.031918,0.031918,0.0,0.031918,0.968082
176,92564124955148991262968874807483374435803628161108999,24,934,925,0.011745,0.013322,0.018257000000000002,0.030002,0.969998
176,94129007589456961191977269147297543003266132666549953,24,395,395,0.058374,0.058374,0.0,0.058374,0.941626
176,93819484016161644344551753829300322151041926203410181,24,435,435,0.009032,0.009032,0.0,0.009032,0.990968
176,73157616268457907406971375723178615684280166706710493,24,398,398,0.052133,0.052133,0.0,0.052133,0.947867
176,61542774938750705714463225629776244056185970967253653,24,496,486,0.013267,0.020026,0.020026,0.033292999999999996,0.966707
176,71800771048867515580859417044203063847762338647077403,24,390,390,0.08957,0.08957,0.0,0.08957,0.91043
176,77258340421405866522724393177859419720883968347782627,24,536,524,0.009261,0.008303,0.044225,0.053486,0.946514
176,89837078281524964039898044063254336032471057480771579,24,709,698,0.008125,0.003094,0.021730000000000003,0.029855000000000003,0.970145
176,67631371474217585591492093931057414532556760623695867,24,387,387,0.014234,0.014234,0.0,0.014234,0.985766
176,89832926575159265651841476273066740015357110318540347,24,639,610,0.007773,0.010024,0.08001500000000002,0.08778800000000002,0.912212
176,67118204137332948793553589627698826319196161548428537,24,400,382,0.016343,0.018816,0.051752,0.068095,0.931905
176,87774156256777768160436756789989062372701963996758741,24,553,549,0.036798,0.031923,0.031923,0.068721,0.931279
176,70572719969624332011199901351228566052874877227465031,24,467,467,0.008132,0.008132,0.0,0.008132,0.991868
176,86250046064114433343982710398437258754379418231496971,24,405,405,0.024201,0.024201,0.0,0.024201,0.975799
176,87134348646583113354803029928666774546954085244353883,24,368,358,0.017182,0.015813,0.015813,0.032995,0.967005
176,71901633824806274691548687743309648812921855456127637,24,391,391,0.045865,0.045865,0.0,0.045865,0.954135
176,90150270285363435056040734184802693760325360863282387,24,527,509,0.006392,0.012154,0.038868,0.04526,0.95474
176,94046017590480304561168089303295538090394575865219973,24,523,506,0.015573,0.013431,0.025221,0.040794,0.959206
176,64190892782173257959767693618630438907905705925983597,24,432,432,0.033711,0.033711,0.0,0.033711,0.966289
177,119125070369688751792163725903852573808324382853761851,24,514,514,0.021236,0.021236,0.0,0.021236,0.978764
177,182726819299327515165849812245648871121491177942129611,24,527,511,0.008728,0.01087,0.022716,0.031444,0.968556
177,188893960779618570376876195763394634184667143767990939,24,479,479,0.026064,0.026064,0.0,0.026064,0.973936
177,177226234109374423417710011618572758541886871555971773,24,509,509,0.05401,0.05401,0.0,0.05401,0.94599
177,170417219917741538865104682908758540815889415996081587,24,501,478,0.008041,0.027194,0.041441,0.049482,0.950518
177,184456472780322533717507274449727396706948277959651997,24,726,726,0.019922,0.019922,0.0,0.019922,0.980078
177,172591822599216441031826476355149233765150072380634947,24,451,451,0.009004,0.009004,0.0,0.009004,0.990996
177,160262516696147396603234199689194202325829336961400089,24,439,424,0.013341,0.030435,0.044447,0.057788,0.942212
177,189488332491885140927092409494182632690603024073949519,24,476,457,0.01723,0.009,0.051630999999999996,0.06886099999999999,0.931139
177,158860589548227817116386228914199311016251079037823631,24,427,426,0.031355,0.016145,0.016145,0.0475,0.9525
177,131023867650554721773986626498755865101732014114852169,24,538,522,0.024979,0.030938,0.075634,0.10061300000000001,0.8993869999999999
177,185419546061793924107275707453523293583979540373323441,24,435,427,0.032354,0.054116,0.15497099999999997,0.18732499999999996,0.812675
177,130739606859025377984032427604557137652684751978400777,24,513,508,0.038013,0.045147,0.045147,0.08316,0.91684
177,148738595022486208740372312134935505218833565972371451,24,439,439,0.050615,0.050615,0.0,0.050615,0.949385
177,167245458534901805246177899856773690854765016929409441,24,602,588,0.008208,0.006321,0.074417,0.082625,0.917375
177,167743233925335463625480222303950384908571933339861327,24,429,429,0.019548,0.019548,0.0,0.019548,0.980452
177,127846725145209783213161083219697857237418143943954471,24,572,572,0.024115,0.024115,0.0,0.024115,0.975885
177,175371321030994867998753692974243811078511522480617843,24,432,432,0.045094,0.045094,0.0,0.045094,0.954906
177,116000582161408742104082789047643826044722595827305757,24,517,508,0.008712,0.012354,0.030153,0.038865,0.961135
177,170372630777230523245695634046185057408362313049454403,24,634,627,0.002263,0.003933,0.007075,0.009337999999999999,0.990662
178,326370916554170909248800565447441227366364752100439299,24,363,363,0.029028,0.029028,0.0,0.029028,0.970972
178,351133543531254740082619452808507153835828169762359977,24,363,363,0.008329,0.008329,0.0,0.008329,0.991671
178,336454357966569634923263904170681101591018051550982463,24,507,507,0.093163,0.093163,0.0,0.093163,0.906837
178,287084766998192650266030523003134421022082997050134521,24,478,478,0.012153,0.012153,0.0,0.012153,0.987847
178,352927538094715815006260624760445835128691040320016481,24,436,436,0.030513,0.030513,0.0,0.030513,0.969487
178,338358782479052619339175922612376094187822886673941721,24,584,584,0.003566,0.003566,0.0,0.003566,0.996434
178,350983244504690877302934108411058885737259142622352279,24,404,404,0.014872,0.014872,0.0,0.014872,0.985128
178,362113241669248116131584645381866273037844314273508653,24,848,837,0.004588,0.002071,0.014374,0.018962,0.981038
178,354699753705738888969549737288396049484417614825528751,24,539,539,0.030008,0.030008,0.0,0.030008,0.969992
178,331690661156431736210765004245137972208022366664402553,24,1003,1000,0.00871,0.013301,0.013301,0.022011000000000003,0.977989
178,332675546545853496255458413537230392333963633325833083,24,397,397,0.006574,0.006574,0.0,0.006574,0.993426
178,313703344571742936697405437124510360823965169983069999,24,975,967,0.008232,0.007351,0.007351,0.015583,0.984417
178,380254134293999860410999253285210970240457628198742663,24,456,456,0.014235,0.014235,0.0,0.014235,0.985765
178,360641711799225046890015181472030377655985832139240759,24,615,615,0.033971,0.033971,0.0,0.033971,0.966029
178,263917085618902017901372402907639485241329433989841083,24,528,528,0.04379,0.04379,0.0,0.04379,0.95621
178,266288106436622503269927529785703488384905659026805291,24,519,474,0.017536,0.025024,0.07149900000000001,0.089035,0.910965
178,344304805683409519331394242367711732435948148819916561,24,514,514,0.023419,0.023419,0.0,0.023419,0.976581
178,341709744235492519708940578050014342971004111389339661,24,349,349,0.108074,0.108074,0.0,0.108074,0.891926
178,310967967663884862956076583774857977926596023977520621,24,718,718,0.053985,0.053985,0.0,0.053985,0.946015
178,327279608257895351469611029322246368521417106545791761,24,737,717,0.013084,0.007965,0.022831,0.035915,0.964085
179,558936428874945996924383768356203135254350439671785479,24,379,379,0.085318,0.085318,0.0,0.085318,0.914682
179,674926639517348090731177770827913991101246148882287283,24,1000,992,0.03026,0.011468,0.011468,0.041728,0.958272
179,520778796933569712475497803976339448328715986002072523,24,580,575,0.012322,0.022869,0.022869,0.035191,0.964809
179,748335037461936801408133793949275373189490397012798993,24,583,583,0.062768,0.062768,0.0,0.062768,0.937232
179,750121838409245984074572114070043722336783466522324083,24,521,521,0.037915,0.037915,0.0,0.037915,0.962085
179,652699193242756150846355283234498871767984936149202997,24,366,366,0.026736,0.026736,0.0,0.026736,0.973264
179,701012462554551393326136469593585664907414625879938377,24,574,556,0.02018,0.067955,0.067955,0.088135,0.911865
179,651811943098199803843122079676572375058573432081265941,24,338,338,0.02239,0.02239,0.0,0.02239,0.97761
179,551025100698026169975841797211316492193395216233257361,24,703,697,0.026755,0.008714,0.008714,0.035469,0.964531
179,568232849243253819024806302642399573345242309126608059,24,478,459,0.042862,0.045622,0.09082700000000002,0.133689,0.866311
179,639820098139219068308973252189078237340004822241496393,24,355,355,0.077994,0.077994,0.0,0.077994,0.922006
179,761792849352011360883518708616350161974544759945523083,24,445,445,0.026689,0.026689,0.0,0.026689,0.973311
179,628942419048318189765862150028221450462352308232102681,24,384,384,0.02938,0.02938,0.0,0.02938,0.97062
179,566889538234990454641052189675936791837860452121325949,24,481,481,0.015608,0.015608,0.0,0.015608,0.984392
179,716452162573779008868293903020235512769764173696217249,24,657,637,0.021613,0.014793,0.032615000000000005,0.054228000000000005,0.945772
179,621413530195004739611180163225538908969413935549872629,24,930,924,0.010103,0.010974,0.016662999999999997,0.026765999999999998,0.973234
179,645609036446719663018922094515491080262538063860555597,24,428,380,0.019156,0.038253,0.14606999999999998,0.16522599999999998,0.834774
179,555489032258653592242576233173121867113539610787783833,24,418,418,0.067792,0.067792,0.0,0.067792,0.932208
179,535750173793033032362966709603096420101001099801784643,24,550,550,0.007935,0.007935,0.0,0.007935,0.992065
179,456506540313436296309522192769161449949543126587051023,24,424,424,0.031951,0.031951,0.0,0.031951,0.968049
180,1358996782341013393471064892946133021632416224066738371,24,781,757,0.004908,0.006625,0.04708199999999999,0.051989999999999995,0.94801
180,1147190830767755812327995081041386320310165753132541849,24,648,648,0.012909,0.012909,0.0,0.012909,0.987091
180,1403925300691032372140940928473865553985310895500181911,24,464,464,0.036698,0.036698,0.0,0.036698,0.963302
180,1495775451737959760457511687274350579183536185139242641,24,434,434,0.031438,0.031438,0.0,0.031438,0.968562
180,1110739563446777289531838627303749633950291508344598743,24,503,503,0.012707,0.012707,0.0,0.012707,0.987293
180,1194024369143971552927889417542591741693717575625673111,24,507,483,0.008701,0.01309,0.056790999999999994,0.065492,0.934508
180,1260166637346508034925373413900190230508510171798948477,24,759,759,0.016094,0.016094,0.0,0.016094,0.983906
180,1455316476136829091460607052510092178765985268783561317,24,513,513,0.024156,0.024156,0.0,0.024156,0.975844
180,1309093992710635640836698146159549405123972272927404881,24,496,496,0.010735,0.010735,0.0,0.010735,0.989265
180,1390894799146412153168495467213932724874405876411579611,24,474,474,0.188184,0.188184,0.0,0.188184,0.811816
180,1520134781616046526108129582711299483597548910524846853,24,479,459,0.009333,0.022728,0.12650299999999998,0.13583599999999998,0.864164
180,1505439219343167470373459269572451082957623944381924673,24,436,436,0.057705,0.057705,0.0,0.057705,0.942295
180,1057025848491395991324830754425862907965800790964989169,24,403,403,0.144871,0.144871,0.0,0.144871,0.855129
180,1022335052507123413464678276586097658581994406812064513,24,433,433,0.01677,0.01677,0.0,0.01677,0.98323
180,986820806071662897465598796288744366007908716888546481,24,788,788,0.034849,0.034849,0.0,0.034849,0.965151
180,1524644692974396926561992448558626212968367576768526879,24,427,417,0.054736,0.026388,0.072245,0.126981,0.873019
180,1314131625546751137305337304108371769311553500059572603,24,429,429,0.012181,0.012181,0.0,0.012181,0.987819
180,1159287238259464432648787656029088912397674342457115643,24,446,446,0.021206,0.021206,0.0,0.021206,0.978794
180,1475197377405499619513187533655878473208974647166678079,24,436,427,0.012247,0.003729,0.025571999999999998,0.037819,0.962181
180,1092513974848862293580063101113260203144966532297855803,24,591,585,0.018823,0.007224,0.007224,0.026047,0.973953
181,2146755962617820701939724558369889009769651618593397373,24,498,498,0.015506,0.015506,0.0,0.015506,0.984494
181,2072316348390379785942053767435731590279096222618626363,24,505,503,0.017232,0.005208,0.005208,0.02244,0.97756
181,2877046995656031836501313697137912148919872998967745519,24,568,561,0.005938,0.005626,0.005626,0.011564,0.988436
181,2880369969123252961817754651476818952571924308651017163,24,482,482,0.013758,0.013758,0.0,0.013758,0.986242
181,2861708897811122498028015229576663189712718130603358513,24,585,580,0.018783,0.017826,0.017826,0.036609,0.963391
181,2806788267767978306991980520946809467457007629229500787,24,679,679,0.011309,0.011309,0.0,0.011309,0.988691
181,2302747288573481437114058572318921809401333842388506063,24,568,568,0.008471,0.008471,0.0,0.008471,0.991529
181,2533946943181812616782556407056335292416812676112585527,24,436,433,0.015294,0.033909,0.033909,0.049203000000000004,0.950797
181,2487771293557144436196457222451407643840343448896262201,24,427,418,0.052149,0.016206,0.07190099999999999,0.12405,0.87595
181,2345607456560758996293272875237597113634991575593930503,24,426,408,0.040327,0.019597,0.019597,0.059924000000000005,0.940076
181,2451877345078985122707203168343312742955044811033249477,24,515,515,0.010468,0.010468,0.0,0.010468,0.989532
181,2340974696399471038404420962322551749504771560040272007,24,536,536,0.015732,0.015732,0.0,0.015732,0.984268
181,2477342015750519040996010692078739219032174672206011307,24,580,580,0.040891,0.040891,0.0,0.040891,0.959109
181,2296086844355268411990274677061153842585626962159704019,24,428,428,0.054849,0.054849,0.0,0.054849,0.945151
181,2857327712261479603462914395058626994702465220337337739,24,597,571,0.00435,0.014966,0.049853,0.054203,0.945797
181,1869241629214427269662931336533353684013970622159921317,24,527,526,0.022393,0.021691,0.021691,0.044084,0.955916
181,2136463886038630304242691639030926383783507376355925571,24,424,424,0.030009,0.030009,0.0,0.030009,0.969991
181,2877127110897588495873508614076070239692397854333669421,24,886,868,0.007082,0.008211,0.028481,0.035563,0.964437
181,2391506213382517426158791151215598942262031718622544827,24,538,495,0.017459,0.014507,0.036000000000000004,0.053459000000000007,0.946541
181,2948841039361971531410668839665611640358315799683010259,24,559,559,0.026464,0.026464,0.0,0.026464,0.973536
182,4191292476346020518783656275665657989599723159847851667,24,581,560,0.011176,0.033545,0.089986,0.101162,0.898838
182,4368915889305698991841916329930420223695538711679696073,24,425,404,0.015684,0.020119,0.035117,0.050801,0.949199
182,4603173397210774045412589779080265237568427782430487923,24,624,624,0.010484,0.010484,0.0,0.010484,0.989516
182,4412747380103085417736789338590629677444833420942921431,24,640,640,0.014499,0.014499,0.0,0.014499,0.985501
182,5274862496484527199284351082466041501734256417850671079,24,353,353,0.032113,0.032113,0.0,0.032113,0.9678869999999999
182,4800792925814278444401434125143406347751419932688595051,24,418,407,0.014261,0.016311,0.031695,0.045956,0.954044
182,3653812005152759308354861844496272098804036966408036451,24,539,531,0.015479,0.031695,0.031695,0.047174,0.952826
182,4646737653138437262079866979167515682324029521366613887,24,632,632,0.024716,0.024716,0.0,0.024716,0.975284
182,5244063665198047536361296769370401123699361439281027921,24,406,403,0.015832,0.039295,0.039295,0.055126999999999995,0.944873
182,5043512217423355819857280369022042682912863299358815427,24,588,588,0.024467,0.024467,0.0,0.024467,0.975533
182,5381424364337562423689277556082862960704173067855407963,24,416,413,0.053206,0.024601,0.024601,0.077807,0.922193
182,5605622646710231703717995108618170373087268192211651819,24,486,451,0.004091,0.015478,0.11908299999999998,0.12317399999999998,0.876826
182,5372876402521245557172885073810823234220306537484862171,24,555,530,0.015352000000000001,0.013066,0.11739699999999999,0.13274899999999998,0.867251
182,5193787393634226710856637245122360855837884143711668923,24,430,426,0.012502,0.019755,0.026717,0.039219000000000004,0.960781
182,4901526449801380100603842024908873735304969564340783837,24,576,546,0.023046,0.003613,0.138803,0.16184900000000002,0.838151
182,6116842254080121661991651815972543754648149039661461711,24,552,543,0.035507000000000004,0.025607,0.038052,0.07355900000000001,0.926441
182,4848300292233620118117558303318082764588214458439723993,24,716,703,0.008548,0.014034,0.052249,0.060797,0.939203
182,5455870824923288995533498136798277725990387457579154641,24,392,392,0.007132,0.007132,0.0,0.007132,0.992868
182,3785938512649873423258671464276287016184708730225383793,24,424,412,0.033376,0.066588,0.110008,0.143384,0.856616
182,4491160981645514588938837869554023508980963008773065231,24,596,596,0.013642,0.013642,0.0,0.013642,0.986358
183,9166723778901347230936039451531749253767512951187044911,24,358,358,0.054928,0.054928,0.0,0.054928,0.945072
183,10455930224123599063565031820487918262028421842464564737,24,976,976,0.031948000000000004,0.031948000000000004,0.0,0.031948000000000004,0.968052
183,7427674099806058459503172382903188275128363209564310927,24,365,365,0.034577,0.034577,0.0,0.034577,0.965423
183,10617285421144533269412481609230267820807269357289585027,24,495,495,0.02751,0.02751,0.0,0.02751,0.97249
183,11010471763583359046491348791311818146317648218012267883,24,592,591,0.005819,0.010625,0.010625,0.016444,0.983556
183,10332376251302120495254834326196282275734767686242549761,24,391,371,0.024322999999999997,0.017198,0.136122,0.160445,0.839555
183,11749977713551691032971054523891664935137255323436579743,24,635,635,0.037048,0.037048,0.0,0.037048,0.962952
183,10038010870002094481651798134300472801725442018653785307,24,522,486,0.014700999999999999,0.016291,0.14478100000000002,0.159482,0.840518
183,10982511715433447835689163250582120464921150302579077343,24,407,407,0.03746,0.03746,0.0,0.03746,0.96254
183,8953983959087052116701047035345005923200525137226524679,24,574,543,0.008983,0.025585,0.071022,0.080005,0.919995
183,8876846022270762570247578740470934525848460110861548643,24,716,706,0.031762,0.027785,0.027785,0.059547,0.940453
183,7272641689296160343480501161670052491504793391277318831,24,468,468,0.034079,0.034079,0.0,0.034079,0.965921
183,12244318449419593826201370835952825834440723200097525199,24,587,585,0.00901,0.008604,0.008604,0.017614,0.982386
183,11599990885992088420849467859622548958581504884697039151,24,534,523,0.003827,0.007619,0.032896,0.036723,0.963277
183,7605813317180000005669607627882043830747996242518578099,24,601,601,0.006949,0.006949,0.0,0.006949,0.993051
183,12182702859135303445823465643541896884548888148712896953,24,386,386,0.01585,0.01585,0.0,0.01585,0.98415
183,9709983608535670096749131929304035374023228870737229987,24,528,516,0.006057,0.026217,0.026217,0.032274,0.967726
183,10464773632474194098893561476862794550508738502141675107,24,606,606,0.008292,0.008292,0.0,0.008292,0.991708
183,9586059037733377655369346899873870070324449037164235107,24,359,359,0.031521,0.031521,0.0,0.031521,0.968479
183,9699446562764165401251791317533912674237385429964214831,24,440,433,0.014614,0.012225,0.032623,0.047237,0.952763
184,18626849292167387044123969723309390925329349903285206507,24,405,383,0.010313,0.020463,0.06565,0.075963,0.924037
184,18804282751054831530309800753579061511332519271103678431,24,554,554,0.013998,0.013998,0.0,0.013998,0.986002
184,18252028929067861875789984563223162861221576906848127717,24,664,664,0.006175,0.006175,0.0,0.006175,0.993825
184,24181446627067838775417564967666980419690582548365581197,24,507,507,0.017616,0.017616,0.0,0.017616,0.982384
184,23005878760564119588403003965951554728473230184759392953,24,637,605,0.011058,0.004277,0.070482,0.08154,0.91846
184,23936510072986768214421716184424106299398221539866239897,24,504,500,0.021183999999999998,0.009857,0.009857,0.031041,0.968959
184,16234034926709714462589794505359125056267838558020716281,24,674,664,0.008675,0.012925,0.012925,0.0216,0.9784
184,23428690111692592128116212619775791367144015582938967239,24,463,456,0.051655,0.032851,0.054263,0.105918,0.894082
184,18912759825437398136803515023873579742325104166174841671,24,487,487,0.016423,0.016423,0.0,0.016423,0.983577
184,19927044154018425176840956388997557677674288593187597089,24,444,444,0.006747,0.006747,0.0,0.006747,0.993253
184,19536799308159701904048108852677303754701680967104128127,24,467,451,0.009162,0.018025,0.028199000000000002,0.037361000000000005,0.962639
184,19071823677149723706403511825275713145306081300414131937,24,611,608,0.005058,0.006837,0.006837,0.011895,0.988105
184,20612269609108741202241460271673864594887702871452882101,24,472,461,0.016818,0.014688,0.042038,0.058856,0.941144
184,18920239559229041789878510751170285007946834591953601329,24,707,689,0.032643,0.00398,0.09201100000000001,0.12465400000000001,0.875346
184,22611644979880324889689047625329907958432993333469481211,24,423,423,0.028063,0.028063,0.0,0.028063,0.971937
184,22464664451229199112637114050957084764371480284978460343,24,438,427,0.005876,0.009519,0.014186,0.020062,0.979938
184,20229563940142821382398535762812188204560973744420706551,24,554,554,0.019083,0.019083,0.0,0.019083,0.980917
184,14302906747822375527736225805395822106070407268478927343,24,463,463,0.012257,0.012257,0.0,0.012257,0.987743
184,22648934796018516144639607669733048190885481628018590453,24,502,495,0.012552,0.007856,0.007856,0.020408000000000003,0.979592
184,15697907949934382447029781871211500370846936672724531567,24,482,463,0.004661,0.008969,0.057731,0.062391999999999996,0.937608
185,39302817494925418904731805103331681348585472258348444957,25,627,624,0.01624,0.022898,0.022898,0.039138000000000006,0.960862
185,39163563717688705635413025356219451066821712937228964227,25,522,519,0.025099,0.007208,0.011576,0.036675,0.963325
185,43686826810459062412827238710551696728616518667617692019,25,620,600,0.00475,0.002683,0.038602,0.043351999999999995,0.956648
185,44530085274113978279620207534979690950635532686975502813,25,358,358,0.070837,0.070837,0.0,0.070837,0.929163
185,43570715964626102904381136448155751424171061828655209841,25,511,503,0.012062,0.026017,0.026017,0.038079,0.961921
185,42847627148824300921093636376913601640563740728623558181,25,766,764,0.006254,0.00521,0.00521,0.011464,0.988536
185,32083703321789764487338768250718421793945445188847533027,24,724,709,0.014197,0.017962,0.029996,0.044192999999999996,0.955807
185,33014805666036752589259540494640708288963751747621341763,25,580,580,0.017229,0.017229,0.0,0.017229,0.982771
185,41464335276070540341399584119313180727925975932568415057,25,443,411,0.011052,0.006571,0.040251,0.051303,0.948697
185,33861582902426483337301296118131448522568614203251711863,25,482,476,0.019394,0.019984,0.040304999999999994,0.059698999999999995,0.940301
185,46071639138339644800558097284225066199315293701982806079,25,869,869,0.01143,0.01143,0.0,0.01143,0.98857
185,37936033159136473000212002322269943296231496368568922549,25,391,391,0.012947,0.012947,0.0,0.012947,0.987053
185,48350569892826986379872186809679223015058022521047573871,25,531,531,0.050105,0.050105,0.0,0.050105,0.949895
185,41198097084082663709570476103319690345818375254249026263,25,455,455,0.006851,0.006851,0.0,0.006851,0.993149
185,45101352016751018053319721236302099399595057715497241929,25,497,471,0.008254000000000001,0.006867,0.021959,0.030213,0.969787
185,42065769993861888778368368385451592776021006938027669583,25,914,914,0.021463,0.021463,0.0,0.021463,0.978537
185,41907847300045853777854516119774591215451371041706482459,25,656,656,0.01743,0.01743,0.0,0.01743,0.9825699999999999
185,48828218167552081470122749610887068068091405463826001571,25,429,429,0.01992,0.01992,0.0,0.01992,0.98008
185,41321776714362126833330727735907708762522999908493584631,25,507,500,0.015821,0.008382,0.008382,0.024203000000000002,0.975797
185,45383217518804476499152706989070758316114620859553366943,25,365,365,0.020543,0.020543,0.0,0.020543,0.979457
186,91860233843352511299828307727646362358888480420031170413,25,666,666,0.033061,0.033061,0.0,0.033061,0.966939
186,80310109483483183267313583353855043236387938949945913511,25,366,366,0.058029,0.058029,0.0,0.058029,0.941971
186,80341684383462084364790814145428006802552449749708478169,25,644,644,0.01022,0.01022,0.0,0.01022,0.98978
186,94274586636737974618847930138230885567012445571032348059,25,563,562,0.007374,0.014669,0.014669,0.022043,0.977957
186,85286064753422311838018802719562606418460845712040300179,25,456,456,0.04762,0.04762,0.0,0.04762,0.95238
186,95824663807095715873047831217240459086791279500036727837,25,557,557,0.023367,0.023367,0.0,0.023367,0.976633
186,80600641280005619173439191411717632606164953443740925413,25,666,666,0.007209,0.007209,0.0,0.007209,0.992791
186,53363439485857552435882838625033101776848292903405327631,25,486,486,0.01486,0.01486,0.0,0.01486,0.98514
186,84360977267528679389916660229858829202359730331725108419,25,608,578,0.008597,0.030334,0.030334,0.038931,0.961069
186,79840201135431317961751024566665709261061070004618876607,25,415,399,0.010505,0.021609,0.021609,0.032114000000000004,0.967886
186,86866046861802039662583542752660385034769683216166980061,25,705,705,0.012128,0.012128,0.0,0.012128,0.987872
186,86323619254797487920466332795791126216445907418620989923,25,549,527,0.006688,0.001994,0.019468,0.026156,0.973844
186,96229941655765770007029825039522376331365113196946498957,25,456,456,0.007555,0.007555,0.0,0.007555,0.992445
186,68612351526722038739277226442469049931568086799744053797,25,516,483,0.020838,0.018326,0.10757599999999999,0.128414,0.871586
186,68105415306841011876975324285506148265126787018204059721,25,698,698,0.019158,0.019158,0.0,0.019158,0.980842
186,82153452353776642549718572430278706898613500637862573111,25,591,591,0.02035,0.02035,0.0,0.02035,0.97965
186,58260742770043455753114412466166256900662844348827175237,25,675,669,0.008545,0.008892,0.008892,0.017437,0.982563
186,92398084669964916514251013016603556504210733394779182767,25,387,362,0.006481,0.030525,0.133796,0.14027699999999999,0.859723
186,85070111672001330371958789558357340118850688442337853217,25,418,418,0.011419,0.011419,0.0,0.011419,0.988581
186,77006883355586853676151730714225091231991247740864640619,25,452,452,0.024991,0.024991,0.0,0.024991,0.975009
187,185702567469454758545522669141358609758902348939813864093,25,552,552,0.016172,0.016172,0.0,0.016172,0.983828
187,179941892859217785606681885687143742888315889414346363689,25,1050,1050,0.006339,0.006339,0.0,0.006339,0.993661
187,181526373319561920706249179904543072763946711556143801553,25,556,556,0.039542,0.039542,0.0,0.039542,0.960458
187,167429568427479950155810682841163388259872915659211758439,25,440,428,0.010022,0.01233,0.01233,0.022352,0.977648
187,186979504018673334316662054121094588580490052795915527519,25,598,594,0.021566000000000002,0.007241,0.007241,0.028807000000000003,0.971193
187,145169698815553753950995436308896640554249031871232995529,25,616,616,0.004423,0.004423,0.0,0.004423,0.995577
187,189461310023527313299690027067741970827568893636258377063,25,791,791,0.006884,0.006884,0.0,0.006884,0.993116
187,195549547224884539368396804380565596304971046728434683161,25,445,439,0.014673,0.012296,0.012296,0.026969,0.973031
187,178245846474078559274688392189915797290638577194576694293,25,467,467,0.03067,0.03067,0.0,0.03067,0.96933
187,140252436907018775044357018689165543420042260373871440727,25,544,532,0.004784,0.008415,0.049733,0.054516999999999996,0.945483
187,192105990641511042361486580149859043063803753731838318981,25,861,825,0.018814,0.02047,0.11632,0.135134,0.864866
187,178454889426021172984526500874394848133697897783899319511,25,1017,996,0.044941,0.019304,0.026231,0.071172,0.928828
187,147793902755095806954444489354226029687835800736294743133,25,654,654,0.03607,0.03607,0.0,0.03607,0.96393
187,181066564675332279473924972484406057203667755771628163519,25,433,427,0.014424,0.013388,0.013388,0.027812,0.972188
187,168818801318777087057170297997195516793375607488939767557,25,507,472,0.016683999999999997,0.010213,0.05526,0.071944,0.928056
187,163084686989748233415040348211861253938756903626114968719,25,430,430,0.0054,0.0054,0.0,0.0054,0.9946
187,188075731576689556162612507442726713223245640460883288489,25,608,600,0.017836,0.018747,0.037012,0.05484800000000001,0.945152
187,132226185708852638537764772743714220747210366978910886177,25,497,492,0.008319,0.016547,0.028747,0.037066,0.962934
187,194698576701919400115040833966319106090888842928840082833,25,487,487,0.011983,0.011983,0.0,0.011983,0.988017
187,125253423035716542158322394161648453041038946552062725559,25,507,507,0.010966,0.010966,0.0,0.010966,0.989034
188,314224750521702231589078779205748577487125730214151848227,25,477,477,0.042046,0.042046,0.0,0.042046,0.957954
188,214725867801677657763150716044378228025925022271604157093,25,381,381,0.013582,0.013582,0.0,0.013582,0.986418
188,337786569927761505444410838242068306234426938889367376089,25,438,438,0.077365,0.077365,0.0,0.077365,0.922635
188,360223106477640603715939086025088234494108141240755800321,25,461,461,0.007602,0.007602,0.0,0.007602,0.992398
188,374124987525817520307508964115960865602386918837898179827,25,671,671,0.041109,0.041109,0.0,0.041109,0.958891
188,361989780913006793919620222968747185160737595989089084909,25,463,454,0.010574,0.002949,0.032003,0.042577,0.957423
188,317559581118592945343728270732523067627215982144611637637,25,424,409,0.014622,0.019366,0.029175000000000003,0.043797,0.956203
188,379999621526733814982174866558604085395375086537465979591,25,411,411,0.006952,0.006952,0.0,0.006952,0.993048
188,366021560344730588643709636731405132352498915207181378779,25,433,433,0.059983,0.059983,0.0,0.059983,0.940017
188,387944003533460640819952009732254475678414088984486177033,25,657,657,0.006433,0.006433,0.0,0.006433,0.993567
188,374845489005902740783352118914562105030081362850475258007,25,684,681,0.007767,0.016698,0.016698,0.024465,0.975535
188,386515816923087548415772467909907858268131406963172669599,25,549,548,0.043267,0.009674,0.009674,0.052941,0.947059
188,221106737983069547058303874626625601611876932304469714993,25,470,470,0.017626,0.017626,0.0,0.017626,0.982374
188,240210128646608330322236250926839186745574038027417949109,25,557,555,0.032729,0.008739,0.008739,0.041468000000000005,0.9585319999999999
188,318351913440867881282887107239336403432896585513539162139,25,495,473,0.015631,0.013045,0.030917,0.046548,0.953452
188,378635620380227758123177463104203120047480633879439638329,25,474,474,0.01906,0.01906,0.0,0.01906,0.98094
188,319199732197973078769687558220972231917492453889455575179,25,475,475,0.027069,0.027069,0.0,0.027069,0.972931
188,381980473612089531334196860824416470009021634012423067737,25,457,457,0.009829,0.009829,0.0,0.009829,0.990171
188,256586033541357135375485125099595006467144223152458416503,25,378,378,0.044378,0.044378,0.0,0.044378,0.955622
188,353636550421510722509208696720104070107782240230147107101,25,526,526,0.014786,0.014786,0.0,0.014786,0.985214
189,408589902288642681578344276763041902416284671692080986377,25,440,407,0.004643,0.011578,0.058424,0.063067,0.936933
189,646628678273258141372517202145221034603557799378124614201,25,559,559,0.003128,0.003128,0.0,0.003128,0.996872
189,592635606571861287284224295593110454631652264655249578353,25,530,528,0.003481,0.003086,0.003086,0.006567,0.993433
189,650208432524537748605744087782608274999617116493579199513,25,627,618,0.010975,0.006911,0.012691999999999998,0.023667,0.976333
189,599419609079700662276957964472775050611343385405910300163,25,797,783,0.00816,0.0038,0.033825,0.041985,0.958015
189,591139658903332237066666950704418695507871569867166356959,25,517,517,0.01606,0.01606,0.0,0.01606,0.98394
189,759303095841708533868206131077305245572712516145789616107,25,440,440,0.035824,0.035824,0.0,0.035824,0.964176
189,723374087894581884780114042666006439305170047096296570421,25,441,420,0.003479,0.011168,0.027195000000000004,0.030674000000000003,0.969326
189,642089268364349919722039425710377324200681378773618660631,25,544,544,0.006375,0.006375,0.0,0.006375,0.993625
189,493458509028245692711455247191997853201057771326056542803,25,816,801,0.044047,0.024677,0.024677,0.06872400000000001,0.931276
189,775267771444101410063934578993845769575953505357992661799,25,822,822,0.02413,0.02413,0.0,0.02413,0.97587
189,525214235994067347101638348805237964788334546789415420243,25,655,648,0.002312,0.0021,0.0021,0.004411999999999999,0.995588
189,510228484199873332122049098813102378921923672052464278333,25,443,443,0.036128,0.036128,0.0,0.036128,0.963872
189,630121824338129668949919059009823882545840337934822277567,25,715,699,0.019658,0.007648,0.046388,0.066046,0.933954
189,755634779781799121353112557954459602771587484582257255551,25,411,411,0.004846,0.004846,0.0,0.004846,0.995154
189,612172740703460905652990412541931502012476806243188854431,25,635,629,0.010813,0.009149,0.027109,0.037922,0.962078
189,530704707601162495384297467780173501132805319654798984003,25,458,433,0.016336,0.013818,0.034540999999999995,0.05087699999999999,0.949123
189,756916004872319657418986856461653189263814971681663763573,25,577,572,0.020222,0.030933,0.030933,0.051155,0.948845
189,490921607897052107753246264180398217237973784027521089099,25,450,445,0.005839,0.012501,0.022442999999999998,0.028281999999999998,0.971718
189,767702133245506513310164240704062695141079949461903447479,25,508,499,0.015555,0.006364,0.015807,0.031362,0.968638
190,1107697980005560535935691181882881481298971577503883545431,25,513,511,0.025303,0.01457,0.01457,0.039873,0.960127
190,1447718595714448727207173851527167403200700108585820235931,25,401,401,0.041587,0.041587,0.0,0.041587,0.958413
190,1067595819970828694093593212927706218036137678171084438953,25,506,479,0.009526,0.014849,0.09398599999999999,0.10351199999999999,0.896488
190,1236956916814563958009976698763228455869309463346857145209,25,444,424,0.011153,0.011646,0.099185,0.11033799999999999,0.889662
190,1303595662239872394152630143462469139534875953977955173719,25,959,953,0.018617,0.010787,0.020089,0.038706000000000004,0.961294
190,1436728764183159269584547372484560757421757510937607299719,25,426,426,0.056005,0.056005,0.0,0.056005,0.943995
190,1358738873900145804437909196195927584579190583894624729549,25,522,518,0.023829,0.015677,0.015677,0.039506,0.960494
190,1309414713325066973570726305039978280113478833538624990717,25,689,689,0.002822,0.002822,0.0,0.002822,0.997178
190,1119233946195882068749589393936438955574244336504433599743,25,534,534,0.03755,0.03755,0.0,0.03755,0.96245
190,1391390333131732070825024754648255205953706845753859235761,25,876,876,0.015801,0.015801,0.0,0.015801,0.984199
190,1219405195991088602219964475590713847204090579216876133247,25,688,688,0.014972,0.014972,0.0,0.014972,0.985028
190,1285952433782265124699401960911465263241667818151785942989,25,502,469,0.016488,0.009424,0.07889799999999998,0.09538599999999998,0.904614
190,936281692826227408663886118472398327211075139996831483807,25,467,460,0.030193,0.01045,0.01045,0.040643,0.959357
190,1495152348884655255748854019985088902044523205603769307549,25,506,506,0.028373,0.028373,0.0,0.028373,0.971627
190,1543054376408543181151756345226381442258117792563593031941,25,481,481,0.022401,0.022401,0.0,0.022401,0.977599
190,1197900039859831281860297786593556759105357856705065296097,25,369,369,0.064754,0.064754,0.0,0.064754,0.935246
190,1325762643789188253480076014106355323863094856768820242033,25,414,414,0.052491,0.052491,0.0,0.052491,0.947509
190,1549503894836788136271053205345052692884272523599834807513,25,515,513,0.021031,0.021633,0.021633,0.042664,0.957336
190,1371820001327266974371651800423316814650750283162857664521,25,384,384,0.045688,0.045688,0.0,0.045688,0.954312
190,1319759631078608755615705806993244756656084597458744780879,25,521,500,0.010462,0.009463,0.057882,0.068344,0.931656
191,2180877054471620294689724695606846212849552332318992940407,25,497,497,0.032651,0.032651,0.0,0.032651,0.967349
191,1606385381360148813307516689773707722363849418834436678389,25,418,418,0.013425,0.013425,0.0,0.013425,0.986575
191,2738991831553984659353836548560279154535043688289688027603,25,465,458,0.008116,0.008515,0.013006,0.021122000000000002,0.978878
191,2021640631374636353782008830324840969777513038468864748759,25,652,648,0.009111,0.00812,0.00812,0.017231,0.982769
191,2105598972222103150968007207241144213000505023620025661667,25,422,422,0.013888,0.013888,0.0,0.013888,0.986112
191,2954552227750152336095183292848417913001395070298811029879,25,615,609,0.012269,0.003132,0.003132,0.015401,0.984599
191,2604823021534871940153658516882468145972589783978202484923,25,499,499,0.022153,0.022153,0.0,0.022153,0.977847
191,2697799617327879157081712621189446951709202892838110789249,25,1093,1093,0.023554,0.023554,0.0,0.023554,0.976446
191,2749750578464362511041140809468842163052814508247072125809,25,709,702,0.005451,0.010516,0.010516,0.015967,0.984033
191,2810254725646498720414994000029322939731083303115400227283,25,624,595,0.008238,0.00557,0.045759999999999995,0.053998,0.946002
191,2919723125927389511356972449231841889026550065177689782341,25,632,606,0.025574000000000003,0.007237,0.08938600000000002,0.11496000000000002,0.8850399999999999
191,2384759410471810319375657922573509817577252181814221416381,25,543,543,0.043073,0.043073,0.0,0.043073,0.956927
191,2870902859138464144898136609805487079043674281379484515257,25,565,564,0.006867,0.004808,0.004808,0.011675,0.988325
191,2531428612228677358426023750691561085464553004835817283823,25,685,685,0.016795,0.016795,0.0,0.016795,0.983205
191,2569199376454128229458263634674647272803671413063904093681,25,483,469,0.014265,0.009841,0.022406000000000002,0.036671,0.963329
191,2077139403037075257284520813457747381680630617898050789129,25,582,582,0.009,0.009,0.0,0.009,0.991
191,2599527300982831600647840629042688948539972657946504879419,25,743,739,0.011014,0.006348,0.006348,0.017362,0.982638
191,2939945259852704861237884063321703407639606324099970984489,25,520,520,0.041814,0.041814,0.0,0.041814,0.958186
191,2806787067261975292631801717103764100516337005958274854877,25,907,904,0.00394,0.004119,0.008555,0.012495,0.987505
191,3102854422286895681399386946361481173908793767638701190957,25,535,535,0.029643,0.029643,0.0,0.029643,0.970357
192,6053136549975215707114861824618604186550967571524618556511,25,587,574,0.020473,0.016798,0.032211000000000004,0.05268400000000001,0.947316
192,5772223899679240100865858833866067485733365743633882768503,25,429,417,0.010512,0.027527,0.074821,0.08533299999999999,0.914667
192,4939008137476552065240184537828644764133517214756158762829,25,496,490,0.014129,0.016979,0.041673999999999996,0.05580299999999999,0.944197
192,6212435194276394115763543059243494938563033646586224859629,25,574,559,0.014114999999999999,0.011457,0.035682000000000005,0.04979700000000001,0.950203
192,3874204338182140753502701838530384426297759523506113427483,25,628,628,0.021748,0.021748,0.0,0.021748,0.978252
192,3347208880492337566130653746802735549578109517894379499733,25,785,784,0.01402,0.006367,0.006367,0.020387,0.979613
192,4306083721119286908591380042584606571729048503575164227711,25,507,496,0.014582999999999999,0.013911,0.038497,0.05308,0.94692
192,5163763031624406920207830805702663059843081289928205028959,25,626,626,0.019266,0.019266,0.0,0.019266,0.980734
192,6130364660359904866071451106195076205876004972250032444803,25,494,494,0.004405,0.004405,0.0,0.004405,0.995595
192,6254696907579855069014156880599952401895926775151729298633,25,580,580,0.02437,0.02437,0.0,0.02437,0.97563
192,4873661477686905481674696353544486097679453418713697857441,25,1093,1093,0.013246,0.013246,0.0,0.013246,0.986754
192,5412175546964427994074789034451167835889491793324688758467,25,799,789,0.005125,0.007508,0.013779,0.018904,0.981096
192,5910884209390437413999109263981667425861292837036749005609,25,578,576,0.020909,0.013872,0.013872,0.034781,0.965219
192,4621285287029859947459316813570982113322073918209718266019,25,559,559,0.034364,0.034364,0.0,0.034364,0.965636
192,5696283951894185144007889520249234417647198158940715431933,25,440,440,0.0195,0.0195,0.0,0.0195,0.9805
192,3683958575511235413756595798246241035800834295791075521963,25,463,463,0.030142,0.030142,0.0,0.030142,0.969858
192,4468006165118885684913086683109597497945491118316503789123,25,1043,1002,0.010248,0.010492,0.10961600000000002,0.11986400000000003,0.880136
192,5488497809815368048793079212529624026388526869419621039691,25,562,550,0.012929,0.005844,0.08457999999999999,0.09750899999999998,0.902491
192,5659542164522658766094858453465847140623734081033257305487,25,457,457,0.009613,0.009613,0.0,0.009613,0.990387
192,6149807903410653285967321465976396749348286539647506887699,25,638,635,0.016564,0.025408,0.025408,0.041971999999999995,0.958028
193,9905013207931875527529191960135739218017812814063208578531,25,663,629,0.013012000000000001,0.008984,0.065912,0.078924,0.921076
193,10100483858506872648422975068896319443064533148276380832169,25,694,674,0.006753,0.018136,0.05040599999999999,0.057158999999999995,0.942841
193,11663540999446197162723452607497563376895758675776898312369,25,546,534,0.032819,0.048437,0.071031,0.10385,0.89615
193,10897749645060145624874358483865606849691424744321528304937,25,565,562,0.009307,0.003217,0.007264,0.016571,0.983429
193,10565624405515099844116517970763527091130891790570283157137,25,488,488,0.047227,0.047227,0.0,0.047227,0.952773
193,12070921450587575263287627747872390786879378063838490617043,25,697,697,0.019953,0.019953,0.0,0.019953,0.980047
193,9664634974777947645604027278555623329607100282762834013441,25,509,509,0.012902,0.012902,0.0,0.012902,0.987098
193,12322960193874180073992358693327396906594292112230707610489,25,648,614,0.0039109999999999995,0.004227,0.04737700000000001,0.05128800000000001,0.948712
193,8099708654360452993215966572101668396566826381629301683063,25,608,570,0.015808,0.019948,0.125716,0.14152399999999998,0.858476
193,11214351833369361189026414622248506634769198922661651441293,25,527,527,0.012616,0.012616,0.0,0.012616,0.987384
193,9128073803947130372484141505624445498586637123573747380151,25,441,441,0.018801,0.018801,0.0,0.018801,0.981199
193,11312813665303613237304198878301422628970319071234047845347,25,719,700,0.002658,0.002401,0.005948,0.008606,0.991394
193,11023902979621732752907862575267849055507922142544485438789,25,571,562,0.006242,0.010273,0.023569,0.029811,0.970189
193,11262927042730954176015822824963334235937052626560568007419,25,567,567,0.004131,0.004131,0.0,0.004131,0.995869
193,10857095320997612707420637232964945337144528989105797131153,25,816,816,0.025248,0.025248,0.0,0.025248,0.974752
193,10494271519339392909894195833014476236187539413566084429379,25,584,584,0.007242,0.007242,0.0,0.007242,0.992758
193,12278064626184964589595523842860542425676931971855436832259,25,610,610,0.012549,0.012549,0.0,0.012549,0.987451
193,8482872608322654051369609585269639790901351219221511846733,25,497,497,0.016045,0.016045,0.0,0.016045,0.983955
193,7306887098618586073076594877395470343989113832174839245017,25,574,555,0.009815,0.011687,0.011687,0.021502,0.978498
193,12409265929614063311478379725438459124196359168832063103151,25,479,478,0.029389,0.023766,0.023766,0.053154999999999994,0.946845
194,20683260459467499029277828805303888053838228828420773810227,25,676,674,0.005651,0.005114,0.005114,0.010765,0.989235
194,21350469721329597074134362589876985354717072338210358108849,26,398,398,0.035965,0.035965,0.0,0.035965,0.964035
194,18942954816325570836124528681131878336599202626159580306777,25,469,463,0.020229,0.013231,0.025987999999999997,0.046216999999999994,0.953783
194,24458941949583565962792372221933150989311549041638920536113,26,689,675,0.015043,0.007114,0.049151,0.064194,0.935806
194,21076672769905977070352813226874932564034530295953191284753,25,535,535,0.004132,0.004132,0.0,0.004132,0.995868
194,22249362777783306049117932825890593656249535237757916625729,26,442,418,0.018477,0.018574,0.036276,0.054753,0.945247
194,23203422452949787679074210878498136594954609999835899906157,26,610,603,0.009411,0.008259,0.014155000000000001,0.023566,0.976434
194,20868115815896194713106525621357671273079634596135616425361,25,625,619,0.018041,0.02443,0.038237,0.056278,0.943722
194,23192686299066524320738010687390362447126038875074169556253,26,613,605,0.006412,0.006496,0.026521000000000003,0.032933000000000004,0.967067
194,22340054129412896419322214973520037370083718012993281910367,26,418,418,0.004326,0.004326,0.0,0.004326,0.995674
194,23181673086820734631906360554899103585708564817833096064921,26,1289,1289,0.010535,0.010535,0.0,0.010535,0.989465
194,24582599091151675799091021479482934414662039688624223437687,26,426,426,0.009902,0.009902,0.0,0.009902,0.990098
194,25065435242975997360701202808292864499688676903327335870541,26,495,495,0.015085,0.015085,0.0,0.015085,0.984915
194,18390454080376419958677765335623388001794346466558675435283,25,548,544,0.009475,0.007257,0.007257,0.016732,0.983268
194,22922786508061659363842923473806512470282966011733435851431,26,1073,1042,0.000833,0.001323,0.0030089999999999995,0.0038419999999999995,0.996158
194,17061387184720152302891304554226083544383293835520188213651,25,467,443,0.049744,0.010187,0.125676,0.17542000000000002,0.82458
194,18618516616598255372519874377476542080222536021373325270311,25,464,464,0.054509,0.054509,0.0,0.054509,0.945491
194,21282237135538130116514856262480953933294724963389201954481,26,554,551,0.007204,0.011967,0.011967,0.019171,0.980829
194,20522969516655873169000695377445575228468042248954518479057,25,565,536,0.003744,0.004669,0.028146,0.03189,0.96811
194,14989350088210543607482262847185984320363092765497004877451,25,647,639,0.005001,0.00518,0.00518,0.010180999999999999,0.989819
195,43040604789452163741387408621112136409598757059035661677893,26,584,578,0.019762,0.009599,0.021346999999999998,0.04110899999999999,0.958891
195,49088991794939140574010539690236171966040109026993415914269,26,445,442,0.061228,0.027213,0.027213,0.08844099999999999,0.911559
195,48300749567102905436273718192442740995408307546941115427897,26,494,482,0.020343,0.022496,0.022496,0.042839,0.957161
195,48906073225085902924815189872988257194974124450370814611651,26,421,421,0.036359,0.036359,0.0,0.036359,0.963641
195,36863086582293400960306820600939234657564365893479938560799,26,734,706,0.002703,0.004632,0.021854000000000002,0.024557000000000002,0.975443
195,39520094337921324612196662792851626492332520911673811699729,26,885,885,0.003552,0.003552,0.0,0.003552,0.996448
195,48712327583936410948919472729136236367597407084610635272833,26,458,458,0.0072,0.0072,0.0,0.0072,0.9928
195,40655326120160876332407096732056168721873529846326635963177,26,449,435,0.005854,0.007058,0.045973999999999994,0.05182799999999999,0.948172
195,49535766793358394398954575009134138350900646325935636614543,26,585,573,0.046914,0.033288,0.062456,0.10937,0.89063
195,41862719142251391308296850055406978004299551713109836123227,26,582,576,0.010263,0.009004,0.009004,0.019267,0.980733
195,39425775947292327135017849550127493358385136125831647180659,26,469,456,0.021383,0.023138,0.023138,0.044521,0.955479
195,40030915462863037646967083275653053673838289093488559065567,26,612,598,0.023082,0.016449,0.016449,0.039531,0.960469
195,40570734708690516020996671408225641495385595046735671957119,26,459,459,0.022985,0.022985,0.0,0.022985,0.977015
195,40934085183179492462123851985126002111578252845347853305697,26,486,486,0.06693,0.06693,0.0,0.06693,0.93307
195,35128682060529629825193792168573153198841552039371874266881,26,455,446,0.00643,0.006544,0.006544,0.012974,0.987026
195,33386520498533519946398383478624977467807699443830033789513,26,580,580,0.015668,0.015668,0.0,0.015668,0.984332
195,40141148770606288794672640695647670636575757821310805897243,26,516,516,0.015972,0.015972,0.0,0.015972,0.984028
195,40490518455055723132909066555944613680023787528271085543291,26,564,564,0.027458,0.027458,0.0,0.027458,0.972542
195,47614627301874134935455529116186115164906112363136503150483,26,654,654,0.018679,0.018679,0.0,0.018679,0.981321
195,34473817038037491202068900808519350419613875057302440357481,26,602,602,0.002614,0.002614,0.0,0.002614,0.997386
196,95168415107121660560916881793289203952418490854465168975321,26,685,685,0.007972,0.007972,0.0,0.007972,0.992028
196,90009791547499984548910278716753576073152720702817059055901,26,511,498,0.023996,0.026982,0.026982,0.050977999999999996,0.949022
196,87459073763838296701927301523704259554148918532862184975629,26,551,551,0.019133,0.019133,0.0,0.019133,0.980867
196,70309503501777340343079821334567642537559966663221390472973,26,501,477,0.006652,0.025349,0.062377999999999996,0.06903,0.93097
196,95305038515393842196007534454562012255827385548443606952501,26,605,597,0.003028,0.003426,0.017197,0.020225,0.979775
196,82858880649466251495449216071414702109906561191821038787641,26,397,397,0.017683,0.017683,0.0,0.017683,0.982317
196,97083793852684433813008089400054003385653724507596918274297,26,684,663,0.003809,0.006034,0.024964000000000004,0.028773000000000003,0.971227
196,99466774561138218293682307547255032274447325955533021392447,26,486,486,0.014233,0.014233,0.0,0.014233,0.985767
196,62333097639089791343889610479116623630492359496474506120427,26,844,829,0.010036,0.009485,0.059621,0.069657,0.930343
196,98202769533374705029605057892210661368086364721024686834069,26,593,593,0.00825,0.00825,0.0,0.00825,0.99175
196,76205915167282914218102341674425274873438928127960827493699,26,787,784,0.018974,0.018346,0.018346,0.037320000000000006,0.96268
196,99735781901275954167800573841902347907225001572434442739617,26,680,680,0.019867,0.019867,0.0,0.019867,0.980133
196,75523924234554614323219474180414139839611222725124775536109,26,469,469,0.016401,0.016401,0.0,0.016401,0.983599
196,98856416133856584127753735193005691636012090201233990732729,26,443,428,0.019798,0.026586,0.054218,0.074016,0.925984
196,74465721503975476013420915082380026622357493970492148475923,26,621,621,0.015648,0.015648,0.0,0.015648,0.984352
196,93695083979722113939155057731935369089046162236564738423191,26,541,537,0.014699,0.011645,0.011645,0.026344,0.973656
196,77879392079591903526474505876698267670805166486636028530899,26,494,472,0.024628,0.012255,0.012255,0.036883,0.963117
196,84229306643800747300264590699152695007580757244203842094811,26,552,552,0.024369,0.024369,0.0,0.024369,0.975631
196,94030668663190317444347187347006250211939496898445186865789,26,840,817,0.00289,0.006292,0.014254,0.017144,0.982856
196,100248369583162082393739261464041339014101482772776091948201,26,438,431,0.018209,0.010721,0.025973999999999997,0.044183,0.955817
197,167659105655698882339508182915480992256595774433903924122623,26,1544,1534,0.005943,0.005486,0.026914000000000004,0.032857000000000004,0.967143
197,122449747198975822084132001235051055769374123302428745305941,26,652,652,0.012371,0.012371,0.0,0.012371,0.987629
197,157771390213784769025733801475620067885551276043484431320057,26,522,522,0.020001,0.020001,0.0,0.020001,0.979999
197,195362636325845913268639913567995093493514004135984307800363,26,573,551,0.033361,0.006337,0.13820500000000002,0.17156600000000002,0.828434
197,160328182105787324869078655378810538500450812696259544941773,26,496,496,0.039152,0.039152,0.0,0.039152,0.960848
197,184970800291752440068635983309521468062368504646083676644033,26,648,648,0.013751,0.013751,0.0,0.013751,0.986249
197,164144776080649194883406513297516553025716555924591056615183,26,435,431,0.01318,0.008608,0.014639,0.027819,0.972181
197,140818764650826975296987375129283355966942621459853255150479,26,564,564,0.010376,0.010376,0.0,0.010376,0.989624
197,189022387984517778950705123442972032908094852334290657306231,26,449,449,0.033813,0.033813,0.0,0.033813,0.966187
197,172220763612696405396243073018306035394484382521705030045911,26,445,438,0.006829,0.00667,0.01641,0.023239000000000003,0.976761
197,154481106607181704446691691500013964555830349483415881254479,26,744,743,0.011741999999999999,0.016773,0.016773,0.028515,0.971485
197,138116520840863501578382275910208792542013786200119809943421,26,465,465,0.01006,0.01006,0.0,0.01006,0.98994
197,128167436666847967508432921399395745683533771986744909507099,26,467,467,0.019477,0.019477,0.0,0.019477,0.980523
197,179430245545432323474984038609312519060231752952330260578973,26,644,644,0.005555,0.005555,0.0,0.005555,0.994445
197,164907321185035410613697079130730386934791247649211425433501,26,643,616,0.001944,0.002903,0.025357999999999995,0.027301999999999996,0.972698
197,149559974584198894049055200074096371180280008283748787845411,26,446,432,0.08813,0.031035,0.031035,0.119165,0.880835
197,141960287108387193832375793429518062558146806429474522246723,26,506,506,0.023007,0.023007,0.0,0.023007,0.976993
197,117962418323306660486403773161381103053143923297611666689523,26,462,462,0.00941,0.00941,0.0,0.00941,0.99059
197,159003940652452327574248903060253950134870172438916155070369,26,723,688,0.01181,0.010263,0.20304900000000006,0.21485900000000005,0.785141
197,186310928751907307724815625865601039478473930304908425333493,26,812,812,0.013008,0.013008,0.0,0.013008,0.986992
198,358800385741478548379741226608716034844371071935561085305833,26,623,617,0.015551,0.01252,0.01252,0.028071,0.971929
198,361832547229010809777991703475089455145922714751449984988413,26,419,415,0.040602,0.020749,0.020749,0.061351,0.938649
198,366234672716741757435258864069198637471462810470347219616629,26,688,679,0.004326,0.005264,0.008591,0.012917,0.987083
198,381944248262064685581254962871209750407378184907165945167889,26,559,559,0.014119,0.014119,0.0,0.014119,0.985881
198,354687072527494597410093290280585584399421663969934020853223,26,598,598,0.025595,0.025595,0.0,0.025595,0.974405
198,379245416457437245542302776449664948360818185536921628076539,26,432,432,0.013686,0.013686,0.0,0.013686,0.986314
198,276003453857523809899467677088049878845070200584331936691041,26,534,534,0.015685,0.015685,0.0,0.015685,0.984315
198,209990048987204577494427221770767574738889930041728156874193,26,577,577,0.01989,0.01989,0.0,0.01989,0.98011
198,256901948110234610129862767369945243180538397102365122358427,26,484,483,0.009201,0.045132,0.045132,0.054333,0.945667
198,392896855902880253325160541666344098709384930507930453171681,26,468,468,0.006991,0.006991,0.0,0.006991,0.993009
198,261148592887412956171116968549303549257459540886776423198739,26,509,508,0.006057,0.007355,0.007355,0.013412,0.986588
198,380307295207752593087679241538739081357344508076536875023627,26,597,574,0.024815999999999998,0.032264,0.081027,0.10584299999999999,0.894157
198,388299617663319746972489463784551990330983404458676571447693,26,517,496,0.00524,0.007289,0.029089,0.034329,0.965671
198,328573357774619762260295479993442675189590010826879831896677,26,534,519,0.003927,0.011044,0.014614,0.018541000000000002,0.981459
198,345095965742713044505246800463174842475462680793869138019261,26,453,453,0.019984,0.019984,0.0,0.019984,0.980016
198,292581670931790651470491827458218900376775743841380672403887,26,503,503,0.011336,0.011336,0.0,0.011336,0.988664
198,390539114582262272077001713638342490864897532470034331261247,26,491,473,0.043129,0.048139,0.048139,0.091268,0.908732
198,360504086773559647539204736208829484928785732049355565383643,26,395,395,0.012663,0.012663,0.0,0.012663,0.987337
198,235950558879078260282437419803935172239069320587333159451019,26,530,530,0.010096,0.010096,0.0,0.010096,0.989904
198,398227691324642613283526129594013507506766970246599454997939,26,659,643,0.011112,0.005799,0.01116,0.022272,0.977728
199,754357335704061312767906283574368857849729996361323767853021,26,540,540,0.0564,0.0564,0.0,0.0564,0.9436
199,740449135866891063702563724186205751814739503564925633250647,26,478,453,0.012108,0.011536,0.024246,0.036354,0.963646
199,783572025208462059459081331520531102495696274404533915350617,26,510,493,0.007888,0.016036,0.040302000000000004,0.048190000000000004,0.95181
199,689619749063096498116944459976173154436509257531702365821471,26,624,613,0.01453,0.01034,0.016368,0.030898000000000002,0.969102
199,792261444591087612509889756571590671010253289767476929883959,26,692,692,0.02544,0.02544,0.0,0.02544,0.97456
199,485165244720747932715066275346273892339756962905587028338027,26,452,452,0.041477,0.041477,0.0,0.041477,0.958523
199,701425127964276666799904563003747018572056891360383272760451,26,1119,1102,0.010875,0.023738,0.023738,0.034613,0.965387
199,790893896840481035276180066252113476643190200344778153065643,26,924,924,0.049014,0.049014,0.0,0.049014,0.950986
199,763536298621525364342165189094083117188952849209780027677679,26,601,593,0.016065,0.008456,0.029304999999999998,0.045369999999999994,0.95463
199,613617912594322713495151233564022371433770815044783317065269,26,827,827,0.011116,0.011116,0.0,0.011116,0.988884
199,701969238772333138157522384223588554623546191713496616248319,26,475,475,0.032475,0.032475,0.0,0.032475,0.967525
199,659743727985962787654640554658683537620374805989756454087933,26,679,679,0.009766,0.009766,0.0,0.009766,0.990234
199,690360274208079369250317450856211794224002008122073050016637,26,522,522,0.022906,0.022906,0.0,0.022906,0.977094
199,500887070634424955740905032565576942995006631697841024678317,26,521,521,0.015782,0.015782,0.0,0.015782,0.984218
199,562515533415072305976115813906881843805019952700501666255663,26,510,509,0.007062,0.00587,0.00587,0.012931999999999999,0.9870680000000001
199,687386421009493082281833809951506042909624825066468351426301,26,451,437,0.03001,0.015823,0.020562,0.050572,0.949428
199,627831828857047974697867855909832323916998184071016955354641,26,557,557,0.033612,0.033612,0.0,0.033612,0.966388
199,531493718748199409115070187956201803475378862922781030803881,26,499,499,0.014319,0.014319,0.0,0.014319,0.985681
199,764298723870080571982440894112670628624228896767629734930611,26,441,425,0.020464,0.031564,0.031564,0.052028000000000005,0.947972
199,563561550095967293743840793623207928679303836705271230763571,26,769,762,0.004441,0.004675,0.014414,0.018855,0.981145
200,1295789132477604807715877944458947246775511838525972200835657,26,631,631,0.020729,0.020729,0.0,0.020729,0.979271
200,1580265433117145949318612574335473147379586407902007615572209,26,560,553,0.007061,0.011018,0.011018,0.018078999999999998,0.981921
200,1031264165415914398404034296717937295434353057321618942293977,26,686,662,0.019367,0.020356,0.060545,0.079912,0.920088
200,942274183107708126744367799889859979943002828490182769563693,26,743,715,0.005889999999999999,0.016914,0.134485,0.140375,0.859625
200,1243256742262564810336975229173603901549307573958804818142771,26,585,568,0.012325,0.006994,0.012174,0.024499,0.975501
200,1332260463557925975266900697251791362056896106900938778652773,26,696,696,0.00594,0.00594,0.0,0.00594,0.99406
200,1534546510819566200886924830244913417667526810936895301477933,26,457,452,0.027571,0.006824,0.018127,0.045698,0.954302
200,1457315434423192483527568367362496447605043071246754450536801,26,567,567,0.028876,0.028876,0.0,0.028876,0.971124
200,1515478547137402687976907484166669091143375006869904371011019,26,580,580,0.026426,0.026426,0.0,0.026426,0.973574
200,1328401728722624823335450602027897002059084341229046226740677,26,501,500,0.008174,0.005053,0.005053,0.013227000000000001,0.986773
200,1069405338840333297089210313682851116995000495488370707114107,26,868,865,0.009923,0.005022,0.005022,0.014945,0.985055
200,1577668914616112972976239927299568044527242009386300299995513,26,993,993,0.014452,0.014452,0.0,0.014452,0.985548
200,924932144930952159695588929751342486737404577556159754527249,26,444,435,0.013389,0.011839,0.011839,0.025228,0.974772
200,1430455149298665257668430782969274466789353299446322896956953,26,484,475,0.002316,0.002487,0.008263,0.010579,0.989421
200,1471759896903796862187242593818058236014421372969552658348613,26,837,837,0.060494,0.060494,0.0,0.060494,0.939506
200,1024997524686414507856278528573582273997937245288256214142637,26,547,547,0.00998,0.00998,0.0,0.00998,0.99002
200,1269662956978065591146754145192337292773571460456699566030607,26,531,531,0.024226,0.024226,0.0,0.024226,0.975774
200,1251023694717248924976673861910298094342092199701445949798563,26,706,706,0.008873,0.008873,0.0,0.008873,0.991127
200,1165094867829338354631660035180329869977597764175158753523867,26,548,548,0.086353,0.086353,0.0,0.086353,0.913647
200,1245161625256545119714043746004026254459007086115269518670777,26,662,661,0.004781,0.013198,0.013198,0.017979,0.982021
