Bit_length,N,Lattice_dimension,|b_op - t|^2,|vbest - t|^2,P(b_op),P(vbest),P(|vnew - t|^2 < |b_op - t|^2),P(|vnew - t|^2 <= |b_op - t|^2),P(|vnew - t|^2 > |b_op - t|^2)
150,1268771206145175299492684899681878877410684841,21,728,728,0.012996,0.012996,0.0,0.012996,0.987004
150,1403762530472620237905076428332939916844331359,21,310,297,0.027899,0.017572,0.028465,0.056364,0.943636
150,918882917500502786903408324526441238854631741,21,407,397,0.010136,0.007414,0.007414,0.01755,0.98245
150,1044411862674117053622929515451672202864979129,21,397,397,0.012183,0.012183,0.0,0.012183,0.987817
150,1199592981228806239321120961178599459097610483,21,601,601,0.001211,0.001211,0.0,0.001211,0.998789
150,912632394066698132144971044037258218777602291,21,384,384,0.026878,0.026878,0.0,0.026878,0.973122
150,1033085278351720441874660444922199074374033881,21,454,454,0.002533,0.002533,0.0,0.002533,0.997467
150,1039667922595230805682141254323399644574814367,21,704,702,0.030439,0.078917,0.078917,0.10935600000000001,0.890644
150,1076261801716221769627743498540654753005411033,21,605,584,0.007379,0.005166,0.073145,0.080524,0.919476
150,868981675879730421007669707059890716656754209,21,391,391,0.009572,0.009572,0.0,0.009572,0.990428
150,1198940008513470371886998720870433706529677289,21,318,309,0.017501,0.014107,0.082905,0.10040600000000001,0.899594
150,1001065868810988745766471076060380006588792189,21,391,391,0.008255,0.008255,0.0,0.008255,0.991745
150,1018523197675518130041140861676478171959383813,21,315,315,0.057601,0.057601,0.0,0.057601,0.942399
150,999406335763551690568793874408994581594369181,21,305,305,0.069316,0.069316,0.0,0.069316,0.930684
150,1386649915270975663546803936212330370020386207,21,333,333,0.009197,0.009197,0.0,0.009197,0.990803
150,1252835724482748605844023934169349660374906087,21,379,379,0.022645,0.022645,0.0,0.022645,0.977355
150,1420753685420564064872708676390123998125705549,21,349,349,0.041725,0.041725,0.0,0.041725,0.958275
150,1076920912535396901213842625717381087368331181,21,417,417,0.005782,0.005782,0.0,0.005782,0.994218
150,1124397583306701037985991208303905429810161357,21,352,352,0.012808,0.012808,0.0,0.012808,0.987192
150,1130353955473240791783568532060655958732460941,21,408,408,0.027058,0.027058,0.0,0.027058,0.972942
151,2363319035074246419340419055739401443130238059,21,544,505,0.009770000000000001,0.00136,0.067102,0.076872,0.923128
151,2471201957583473321167345886570639941825218311,21,396,396,0.007146,0.007146,0.0,0.007146,0.992854
151,2315715608364087921901708175621836301416617007,21,292,292,0.005538,0.005538,0.0,0.005538,0.994462
151,2763171157217537386323259861099914830334818519,21,613,595,0.002864,0.003731,0.003731,0.006595,0.993405
151,1758775630326182635026447808028302358291781499,21,296,296,0.015089,0.015089,0.0,0.015089,0.984911
151,2188378164211148987192836592303698338909975503,21,332,318,0.008704,0.009358,0.009358,0.018062,0.981938
151,1829627983140478483810934234803641664206450619,21,355,355,0.014617,0.014617,0.0,0.014617,0.985383
151,1569735030968914361557174823910579735657956107,21,310,304,0.039067,0.029947,0.029947,0.06901399999999999,0.930986
151,2843239852874861508784440371081621911410347591,21,581,581,0.004179,0.004179,0.0,0.004179,0.995821
151,2624675574003230296718034974584383454961661761,21,577,577,0.004412,0.004412,0.0,0.004412,0.995588
151,1746328694271824837631752461766830788699201941,21,497,492,0.004289,0.002859,0.003876,0.008165,0.991835
151,2456234120258232727729365675070691784694223131,21,661,651,0.011875,0.006391,0.013812,0.025687,0.974313
151,2689914182894566195371701173819301836708498979,21,414,397,0.01396,0.004508,0.07029300000000001,0.08425300000000001,0.915747
151,2472879649799491864465871187917726124213054643,21,388,383,0.002407,0.003064,0.003064,0.005471,0.994529
151,2641928437820330089399895839369416426912654047,21,603,596,0.021327,0.012079,0.012079,0.033406,0.966594
151,2217024583566038902931835040749210710155293863,21,329,329,0.015716,0.015716,0.0,0.015716,0.984284
151,2795955547593262531562466415054318143278579719,21,418,393,0.003638,0.002719,0.032305,0.035943,0.9640569999999999
151,2754384674264655946791346511962590129499967297,21,527,527,0.005102,0.005102,0.0,0.005102,0.994898
151,1922698035563121141756137662031262831101446511,21,321,321,0.001882,0.001882,0.0,0.001882,0.998118
151,2578633082003778088940013102956628479805360761,21,526,526,0.004047,0.004047,0.0,0.004047,0.995953
152,3650146379785934850995660671580553841765454981,21,332,327,0.012242,0.019575000000000002,0.035701000000000004,0.047943,0.952057
152,4447694107941335768274189003948589146948883409,21,397,397,0.045154,0.045154,0.0,0.045154,0.954846
152,5304044781028480773455459789567804501864780699,21,391,379,0.026821,0.00402,0.00402,0.030841,0.969159
152,5225791236691602749703859113684043992716841463,21,404,404,0.026691,0.026691,0.0,0.026691,0.973309
152,5425403301002418901669361546561888615280596761,21,404,374,0.014944,0.004837,0.050602999999999995,0.065547,0.934453
152,5202335230032226630491022567996748864390119873,21,446,446,0.01962,0.01962,0.0,0.01962,0.98038
152,4003774395708740189647636396775460720094087057,21,338,333,0.005797999999999999,0.001108,0.001108,0.006905999999999999,0.993094
152,5276249290787396224699127825641594167433771223,21,372,372,0.004784,0.004784,0.0,0.004784,0.995216
152,4381176969443188923764265381058182084891594073,21,455,455,0.014395,0.014395,0.0,0.014395,0.985605
152,5541991812747053012003965966406093820220699999,21,301,301,0.0615,0.0615,0.0,0.0615,0.9385
152,5648300508047326241541247933495397085050508533,21,379,379,0.010505,0.010505,0.0,0.010505,0.989495
152,4837654055687374110886315087296888936559582543,21,331,291,0.034806,0.011608,0.062755,0.09756100000000001,0.902439
152,3169527753809835033737422227494034075208154897,21,365,365,0.005346,0.005346,0.0,0.005346,0.994654
152,4751384359859390003700613749548751936187354063,21,353,353,0.030311,0.030311,0.0,0.030311,0.969689
152,5115713692797196694227360148049458957592665221,21,314,307,0.035495,0.011173,0.060316,0.09581100000000001,0.904189
152,5377906651632174967507002058972880963848446937,21,461,451,0.017205,0.001398,0.001398,0.018603,0.981397
152,4794192939950703723191510856383251915586655239,21,375,375,0.032936,0.032936,0.0,0.032936,0.967064
152,4098436965705153817981088577951066512799793241,21,486,467,0.042289,0.040741,0.040741,0.08302999999999999,0.9169700000000001
152,4397317578261604652631366972202456990923173239,21,607,602,0.005116,0.002827,0.002827,0.007943,0.992057
152,5641409895201969238429625932613600677431973529,21,369,358,0.025105,0.03167,0.051611,0.07671599999999999,0.923284
153,7688734886215973313958737522072259896979469359,21,488,488,0.019179,0.019179,0.0,0.019179,0.9808209999999999
153,9965367899123149749669237053467022764500819709,21,364,340,0.002564,0.001667,0.009298,0.011862000000000001,0.988138
153,8648715940089396413954292296253489279668879831,21,364,355,0.015443,0.02151,0.030522,0.045965,0.954035
153,9992486217185404533285574560152593379868586411,21,312,303,0.028257,0.010322,0.010322,0.038579,0.961421
153,8752395201001776336645971436266201719253038903,21,273,273,0.012088,0.012088,0.0,0.012088,0.987912
153,10307828778112676279744687232183733883997747787,21,304,304,0.014121,0.014121,0.0,0.014121,0.985879
153,8927473020776419491333060829150295244420281503,21,499,462,0.017578,0.002211,0.06853499999999998,0.08611299999999998,0.913887
153,7853849523366438727173539795218496833560636149,21,509,489,0.020329,0.001915,0.03430999999999999,0.05463899999999999,0.945361
153,8674604146514496475964987674111780570888473743,21,283,283,0.006778,0.006778,0.0,0.006778,0.993222
153,8982522494550749295857332138146435777716539013,21,326,326,0.008584,0.008584,0.0,0.008584,0.991416
153,7465338556163117004724110416934405812498881597,21,443,443,0.018519,0.018519,0.0,0.018519,0.981481
153,9002256784614521734062834292945636253381789701,21,482,471,0.014247,0.017503,0.017503,0.03175,0.96825
153,9730043924092499024899737640031060516457357727,21,518,518,0.032662,0.032662,0.0,0.032662,0.967338
153,7772785559916630760629013439531712505833223283,21,335,335,0.0462,0.0462,0.0,0.0462,0.9538
153,6331403492532550906969515225158616949065412553,21,348,340,0.004141,0.012038,0.012038,0.016179,0.9838210000000001
153,9499729964075602707801866275682306216169333647,21,580,580,0.01248,0.01248,0.0,0.01248,0.98752
153,10623137933847890583214243354934109612727566337,21,398,398,0.017453,0.017453,0.0,0.017453,0.982547
153,8298489176359263229418112630907164868713161869,21,425,425,0.026658,0.026658,0.0,0.026658,0.973342
153,10423403876173039960502215978962041272294895987,21,351,351,0.005226,0.005226,0.0,0.005226,0.994774
153,11331438524408402513759859710883003140234689001,21,566,555,0.002697,0.006804,0.023138,0.025835,0.974165
154,20144352470088160067192230120293841747066127093,21,398,394,0.007729,0.001855,0.001855,0.009584,0.990416
154,13741129409913179912586613425642421907057677927,21,331,331,0.114524,0.114524,0.0,0.114524,0.885476
154,22555697926472858658256090868373281917048139777,21,484,480,0.0030150000000000003,0.000887,0.007553,0.010568000000000001,0.989432
154,21622466558921334027105350728738281221011715713,21,470,470,0.018985000000000002,0.018985000000000002,0.0,0.018985000000000002,0.981015
154,22717282832414613486487854671615889194348202509,21,432,432,0.007745,0.007745,0.0,0.007745,0.992255
154,15553662272752172389304818266535674850670048197,21,324,324,0.008792,0.008792,0.0,0.008792,0.991208
154,16287234057599780494928529944429983938735953333,21,356,338,0.024771,0.002087,0.014185,0.038956000000000005,0.961044
154,20227306669577710217883266196429106847542507013,21,591,591,0.004464,0.004464,0.0,0.004464,0.995536
154,18361999857484992568400964915559137162309312233,21,359,359,0.005759,0.005759,0.0,0.005759,0.994241
154,17615067981495998635949724796624661825505231481,21,515,475,0.010774999999999998,0.019223,0.207258,0.218033,0.781967
154,16965780184675510815549338206501125311473383031,21,416,416,0.002429,0.002429,0.0,0.002429,0.997571
154,17145713058305669983102778787612006911670513347,21,475,452,0.041887,0.004622,0.004622,0.046509,0.953491
154,20285317985568063024579677341972941193428143231,21,300,300,0.031303,0.031303,0.0,0.031303,0.968697
154,19892574816341431255761561129070142233703448899,21,484,484,0.014301,0.014301,0.0,0.014301,0.985699
154,14482484907695104154754286426816369245597742123,21,429,429,0.007182,0.007182,0.0,0.007182,0.992818
154,21308599822779449843544699903616188167691769657,21,446,427,0.008032000000000001,0.008636,0.008636,0.016668000000000002,0.983332
154,19652552707990061015357354059734076466348869901,21,368,368,0.007001,0.007001,0.0,0.007001,0.992999
154,15836062588559999481222001755306755400249974411,21,351,348,0.016838,0.019535,0.019535,0.036373,0.963627
154,17640605793899812190237760431948486244893089589,21,390,390,0.007883,0.007883,0.0,0.007883,0.992117
154,13200322048523091361380223530828151918467232499,21,285,277,0.003599,0.001389,0.001389,0.004988,0.995012
155,31340595875958809044343360964929799034189512361,21,438,436,0.048555,0.008025,0.008025,0.05658,0.94342
155,33883679322606457824492978417378120332359598171,21,356,350,0.039291,0.008691,0.008691,0.047982,0.952018
155,38431961138800983210425437779183955699273663877,21,536,536,0.011782,0.011782,0.0,0.011782,0.988218
155,44842574992398006827792831817449122409176524571,21,385,377,0.002929,0.001492,0.003406,0.006335,0.993665
155,44479412022428483167051033854365771430317272061,21,544,544,0.00618,0.00618,0.0,0.00618,0.99382
155,39653904137769014668557378511260469269135182431,21,326,299,0.006831,0.006501,0.040245,0.04707600000000001,0.952924
155,36615548944643269126239193831815135044946113087,21,338,329,0.049386,0.01961,0.01961,0.068996,0.9310039999999999
155,35728624388846244763032748679732750007278619919,21,328,328,0.007786,0.007786,0.0,0.007786,0.992214
155,39471143362465673450737740007926815837598407923,21,455,439,0.011286999999999998,0.001012,0.018252000000000008,0.029539000000000006,0.970461
155,43620356160753924413764228467447052158522613007,21,452,431,0.017654,0.003098,0.003098,0.020752,0.979248
155,29666396188587728462615862057347321613786496027,21,547,545,0.018185,0.001797,0.001797,0.019982,0.9800180000000001
155,41677893527522320684434778067984642792936350873,21,527,494,0.004048,0.00455,0.028648999999999997,0.032697,0.967303
155,32675536969479286942701324674137910119680337459,21,332,332,0.0838,0.0838,0.0,0.0838,0.9162
155,44919866654372607559021538428305729263662282117,21,528,528,0.046511,0.046511,0.0,0.046511,0.953489
155,36452200589072916411983425394632165549777886227,21,468,468,0.01077,0.01077,0.0,0.01077,0.98923
155,33203524258924130270853246380045741567145994259,21,443,434,0.041499,0.029782,0.029782,0.071281,0.928719
155,36946503351030864812990481678628454987070959527,21,394,364,0.013822,0.00494,0.08098200000000001,0.09480400000000001,0.905196
155,44458044889519333576801527839740244268692202469,21,636,623,0.001997,0.003121,0.021428,0.023424999999999998,0.976575
155,36744155090184780124393526442075144163055399837,21,366,366,0.00647,0.00647,0.0,0.00647,0.99353
155,32611265262434541992311659835491097552848382807,21,277,277,0.005376,0.005376,0.0,0.005376,0.994624
156,58842411492108631901824870167723622565249820361,21,541,541,0.005609,0.005609,0.0,0.005609,0.994391
156,58647263901409677188415888297848821138605832667,21,353,338,0.006074,0.050178,0.050178,0.056252,0.943748
156,60691833191625566815713087621249445278906020923,21,443,443,0.012769,0.012769,0.0,0.012769,0.987231
156,83500911560012017920943706628836329963659227611,21,420,420,0.00609,0.00609,0.0,0.00609,0.99391
156,79699952235555146846014724188269022467857700953,21,458,450,0.007404,0.001964,0.001964,0.009368,0.990632
156,68617923715717279114730426060969764483412652871,21,562,562,0.00476,0.00476,0.0,0.00476,0.99524
156,70292815550175575334435593661308688973972707499,21,329,324,0.014001,0.012936,0.012936,0.026937,0.973063
156,88395906091853951743306426033388820009527178553,21,334,334,0.02707,0.02707,0.0,0.02707,0.97293
156,58490997193338963447736793476829606786651843411,21,361,361,0.01638,0.01638,0.0,0.01638,0.98362
156,88153376653160901709431525294744255033299399513,21,438,438,0.006628,0.006628,0.0,0.006628,0.993372
156,83749952449871415989936799658384575288153567857,21,493,493,0.012144,0.012144,0.0,0.012144,0.987856
156,63215896343305696798861673825073441341593157323,21,286,286,0.005268,0.005268,0.0,0.005268,0.994732
156,68367618624389291832609274122568807692737410747,21,344,344,0.010461,0.010461,0.0,0.010461,0.989539
156,85976042848566498516350067546598036064176697617,21,456,454,0.006572,0.007188,0.007188,0.01376,0.98624
156,77050956204250174763972617362140681574229342091,21,728,728,0.02396,0.02396,0.0,0.02396,0.97604
156,67397778703558464646892241700035691887301648579,21,550,550,0.011313,0.011313,0.0,0.011313,0.988687
156,82158015067987949738815070788850184671973579587,21,403,403,0.007818,0.007818,0.0,0.007818,0.992182
156,55015423047501982644190563451191716439122432951,21,383,382,0.003224,0.002359,0.002359,0.005582999999999999,0.994417
156,85336908532608541436048263259686225667526362047,21,607,607,0.031506,0.031506,0.0,0.031506,0.968494
156,56731211956952175175952662358019177731725234237,21,380,380,0.003717,0.003717,0.0,0.003717,0.996283
157,120282166308024689728299980121863747670916310267,21,434,434,0.007078,0.007078,0.0,0.007078,0.992922
157,120820017068622794622130921127946349513431310843,21,531,507,0.005002,0.004992,0.030191000000000003,0.035193,0.964807
157,160354239376266933764514100701359388571858132879,22,426,426,0.024897,0.024897,0.0,0.024897,0.975103
157,178540342865713130388740603822271194677254392441,22,404,400,0.01642,0.006426,0.006426,0.022846,0.977154
157,133758242352280888913921190835052846329897153133,21,484,475,0.0054,0.008572,0.008572,0.013972,0.986028
157,119751792167523699090520105500834166573709024723,21,351,351,0.054807,0.054807,0.0,0.054807,0.945193
157,142866301722166299614859219990227501097218329553,21,429,420,0.007989,0.002358,0.005128,0.013117,0.986883
157,159460056477105651797755450704992108220297439993,22,353,353,0.010169,0.010169,0.0,0.010169,0.989831
157,129765827297228317584448178357227745213663923673,21,452,443,0.002929,0.003559,0.006115000000000001,0.009044,0.990956
157,153041151061952724068377978141007513960278537129,21,515,504,0.009678,0.012038,0.017466,0.027144,0.9728559999999999
157,112556148137934308610401610728139436816885032007,21,331,331,0.015017,0.015017,0.0,0.015017,0.984983
157,155016348949192392834761783400231900623445364769,21,555,520,0.003613,0.009438,0.07579400000000001,0.07940700000000002,0.920593
157,165332485530732496445379876290371501984439220227,22,392,392,0.003958,0.003958,0.0,0.003958,0.996042
157,173008319555191101708826910175525434497734262397,22,287,287,0.002798,0.002798,0.0,0.002798,0.997202
157,143078279358113528954735774091416278002769110083,21,576,544,0.003035,0.002068,0.026668,0.029703,0.970297
157,139537309577365933739952691194841985292959417899,21,283,283,0.008413,0.008413,0.0,0.008413,0.991587
157,150381007425703993922643997626233047809831195563,21,319,304,0.017378,0.00545,0.018264,0.035642,0.964358
157,125414534553540336555987249708054473022979850233,21,352,352,0.052333,0.052333,0.0,0.052333,0.947667
157,100495160702135079890032717344114075262462068991,21,344,344,0.035848,0.035848,0.0,0.035848,0.964152
157,126081296153973360472994917714723398699218116441,21,780,772,0.004093,0.001844,0.007470000000000001,0.011563,0.988437
158,244084876567438940415979589793753210761831799169,22,393,390,0.027914,0.014313,0.014313,0.042227,0.957773
158,311889364802148711770367329783808121108240984963,22,427,425,0.024369,0.009435,0.009435,0.033804,0.966196
158,315552892616518612169009766705743992617805242163,22,292,292,0.059897,0.059897,0.0,0.059897,0.940103
158,364568451629159625851465545891850771901219214163,22,374,371,0.021211,0.014959,0.014959,0.03617,0.96383
158,213880798395599609631736184456759089379285659049,22,435,435,0.007569,0.007569,0.0,0.007569,0.992431
158,364596676892949119436289041863521153445811753029,22,520,520,0.010729,0.010729,0.0,0.010729,0.989271
158,215840103126036545942721515629965329944602697057,22,572,561,0.00605,0.003983,0.01957,0.02562,0.97438
158,259043540185824666457272444893607678141566205487,22,346,346,0.00707,0.00707,0.0,0.00707,0.99293
158,311426830077414386887481553693471517445014703609,22,373,367,0.016057,0.001493,0.019702,0.035759,0.964241
158,220678872755010770809359894948879428023872635453,22,355,352,0.007829,0.006886,0.006886,0.014714999999999999,0.985285
158,324273864736092445034262802970079797120470198979,22,439,439,0.06721,0.06721,0.0,0.06721,0.93279
158,335973439137660892963362517099047189556286786761,22,323,323,0.007154,0.007154,0.0,0.007154,0.992846
158,282449349227109527988465852865060163003324312407,22,324,324,0.01258,0.01258,0.0,0.01258,0.98742
158,208746167169143822300193643710778500356712398063,22,467,462,0.005757,0.002563,0.005467,0.011224,0.988776
158,334111037801880478290657958251924991420673909189,22,488,488,0.008582,0.008582,0.0,0.008582,0.991418
158,278758463930102758470340608089823158233270489379,22,355,319,0.026563,0.006528,0.039577999999999995,0.06614099999999999,0.933859
158,334359694784871699894821359716571301393005547539,22,411,399,0.025916,0.008607,0.023628000000000003,0.049544000000000005,0.950456
158,266330340319030988935371369155445034828168547083,22,372,372,0.002714,0.002714,0.0,0.002714,0.997286
158,304296786548695733429639288499877719781617137947,22,580,580,0.018466,0.018466,0.0,0.018466,0.981534
158,363187749995613157299748064319278147359621272623,22,662,662,0.006116,0.006116,0.0,0.006116,0.993884
159,686564447258462630098219799118347627120122126259,22,495,495,0.004302,0.004302,0.0,0.004302,0.995698
159,589551271893462661314759463097397605089591304053,22,483,483,0.01196,0.01196,0.0,0.01196,0.98804
159,631182522272441179585206326884145264567358144641,22,318,300,0.008553,0.008713,0.01727,0.025823,0.974177
159,436106084503182412560423534629337392438805726397,22,508,508,0.003811,0.003811,0.0,0.003811,0.996189
159,614365874960561724255698902936314085451009978123,22,438,426,0.006726,0.00626,0.020106,0.026831999999999998,0.973168
159,652808814800014009591626662453549818193223047839,22,675,675,0.019708,0.019708,0.0,0.019708,0.980292
159,431497693573687811342235449780503037093880478249,22,422,422,0.015593,0.015593,0.0,0.015593,0.984407
159,641417960009003073536715539762385574694132608057,22,318,318,0.005911,0.005911,0.0,0.005911,0.994089
159,556755493522333610334550996104356886728067513937,22,446,446,0.029972,0.029972,0.0,0.029972,0.970028
159,518738300042543123329242792010704876266634471203,22,531,512,0.013556,0.013536,0.013536,0.027091999999999998,0.972908
159,622775601463755434010798895296308923399679148479,22,370,367,0.0051329999999999995,0.001245,0.006274999999999999,0.011407999999999998,0.988592
159,721092743353983610239239300767561842232656810121,22,371,371,0.021165,0.021165,0.0,0.021165,0.978835
159,725700541872878647978311987906512435448724917323,22,360,344,0.011297,0.004493,0.051470999999999996,0.06276799999999999,0.9372320000000001
159,680792306276738068787445684933623704836521586517,22,402,402,0.008948,0.008948,0.0,0.008948,0.991052
159,609838293034917899422422535971964737888944079431,22,564,554,0.005047,0.011783,0.030386,0.035433,0.964567
159,500003566005968344293642166685142120533963613397,22,375,366,0.00503,0.02223,0.061246999999999996,0.066277,0.933723
159,672585552363075626030436013518741587083784197091,22,956,956,0.00863,0.00863,0.0,0.00863,0.99137
159,667853203575891446356676483576275288677930218477,22,369,369,0.006042,0.006042,0.0,0.006042,0.993958
159,452729177399062213984412625994093209513957053659,22,491,490,0.001619,0.004413,0.004413,0.006032,0.993968
159,718517666115847144224280227758502807408113808437,22,604,595,0.002866,0.001689,0.001689,0.004555,0.995445
160,1115913240165002032294944939882858364194015937199,22,356,337,0.003792,0.00379,0.018209,0.022001,0.977999
160,1440912770676709848638629792376134253525608074541,22,628,626,0.003353,0.004948,0.004948,0.008301,0.991699
160,933815358984064483011197510331330335221655664157,22,410,404,0.005695,0.005589,0.02679,0.032485,0.967515
160,969243323728712475535486623630623651719920512731,22,368,368,0.08064,0.08064,0.0,0.08064,0.91936
160,1076466504888089627494905309713319219664710433643,22,374,373,0.019123,0.009682,0.009682,0.028805,0.971195
160,1421116437931458286969196379690998986504855152749,22,564,553,0.006498,0.005774,0.020966999999999996,0.027464999999999996,0.972535
160,1172553592352544090305146581654443943982800468347,22,384,384,0.020434,0.020434,0.0,0.020434,0.979566
160,909793617870750937141425081136809004936031725807,22,846,837,0.013895,0.007184,0.009793,0.023688,0.976312
160,1057437110620229076506102833609193814696668318251,22,409,408,0.010909,0.00428,0.00428,0.015189000000000001,0.984811
160,1272489506939449407441353102540516266393948251787,22,392,392,0.007176,0.007176,0.0,0.007176,0.992824
160,1080313044916089688695708805273339794814591207951,22,334,334,0.016266,0.016266,0.0,0.016266,0.983734
160,1149353867679185877473020663684612261737991945873,22,322,316,0.025728,0.011891,0.011891,0.037619,0.962381
160,983949157142389589790721652739207946878875195771,22,355,349,0.009914,0.015985,0.015985,0.025899,0.974101
160,1361143599389480694086689546211220334021828686817,22,405,405,0.045367,0.045367,0.0,0.045367,0.954633
160,1021091838147883904869937336936298707335596006313,22,467,448,0.010657,0.00038,0.04898299999999999,0.05963999999999999,0.94036
160,1294988162211010208686476509915675738782236322669,22,401,401,0.059959,0.059959,0.0,0.059959,0.940041
160,1122941529731570548110403398235866601161586536011,22,350,350,0.015986,0.015986,0.0,0.015986,0.9840139999999999
160,1432805530443255062195929071604085524855630107221,22,361,361,0.016305,0.016305,0.0,0.016305,0.983695
160,1153032896620140114746318270771321999716861546507,22,437,437,0.010926,0.010926,0.0,0.010926,0.989074
160,964310714558373662737593657033125267637818078167,22,374,361,0.004532,0.005517,0.020643,0.025175000000000003,0.974825
161,2549342994142969438502207735324263431486603124709,22,349,349,0.017519,0.017519,0.0,0.017519,0.982481
161,2681100216348215889829625802961254331665674276717,22,434,433,0.004183,0.001291,0.001291,0.005474,0.994526
161,2880298692764464678292391755309173496702002183049,22,454,454,0.002833,0.002833,0.0,0.002833,0.997167
161,1772591985057680454231176923477927954936575167497,22,298,298,0.035094,0.035094,0.0,0.035094,0.964906
161,2083705746610030102470078930728254734269258767559,22,405,405,0.013208,0.013208,0.0,0.013208,0.986792
161,2592051223899969308896255211589583595849607840917,22,531,522,0.007901,0.006261,0.021829,0.02973,0.97027
161,1964444950659050423101133436896095725128026615861,22,320,320,0.002014,0.002014,0.0,0.002014,0.997986
161,2664894503748551145754658751022334263049302504109,22,410,396,0.013429,0.00451,0.007711,0.02114,0.97886
161,2890667027374661591725712210164725411830649644971,22,453,453,0.009261,0.009261,0.0,0.009261,0.990739
161,2315237919643127678001317504649602348775135239989,22,419,419,0.019212,0.019212,0.0,0.019212,0.980788
161,2263615665739021443959839330064499024174205984757,22,355,353,0.037341,0.014998,0.014998,0.052339,0.947661
161,2715737041694779962072587570440702427479596688267,22,412,399,0.005038,0.00832,0.015574999999999999,0.020613,0.979387
161,2242913431855633380375884470582819076336280851693,22,563,563,0.007261,0.007261,0.0,0.007261,0.992739
161,2196055705110050413211594819707917380387387874647,22,478,478,0.01242,0.01242,0.0,0.01242,0.98758
161,2386559963764208317133465196705396071874399113177,22,454,454,0.014502,0.014502,0.0,0.014502,0.985498
161,2496018222066887071360307538619052262154796275933,22,460,451,0.013666,0.015404,0.015404,0.02907,0.97093
161,2643999513168057204584957107582487653622472397817,22,473,473,0.007028,0.007028,0.0,0.007028,0.992972
161,2635743115320503461112643487699959884803825828717,22,412,412,0.032099,0.032099,0.0,0.032099,0.967901
161,2825605982926347409937517778879057613012900909681,22,434,433,0.001257,0.001339,0.001339,0.0025960000000000002,0.997404
161,1945681273593238791686785823639092496168175333883,22,455,455,0.004663,0.004663,0.0,0.004663,0.995337
162,5142726192263316119305765044724202366191059020131,22,431,431,0.016071000000000002,0.016071000000000002,0.0,0.016071000000000002,0.983929
162,4356714020119985091707387224305757015484033268083,22,354,354,0.074563,0.074563,0.0,0.074563,0.925437
162,5760088733269586802798761031015562375783053998981,22,411,399,0.016313,0.015216,0.015216,0.031529,0.968471
162,5126536210830929842911126218863559555593079772241,22,462,449,0.005294,0.002184,0.0031810000000000002,0.008475,0.991525
162,4355984306317180250941284630714493550289288293197,22,529,529,0.009577,0.009577,0.0,0.009577,0.990423
162,5372238624316637074604877264416233805336449398107,22,393,381,0.006648,0.005124,0.022179,0.028827000000000002,0.971173
162,3370953511586955617438834489704567964510236112387,22,366,348,0.007025,0.01555,0.030253000000000002,0.037278000000000006,0.962722
162,5654048134438701321190467092520015125597334765619,22,929,919,0.002069,0.001299,0.002085,0.004154,0.995846
162,5347560175544712010315634817224870510859508906709,22,426,426,0.046439,0.046439,0.0,0.046439,0.953561
162,5736419416140119735836049169364015628764346059723,22,814,797,0.003197,0.001621,0.007177000000000001,0.010374000000000001,0.989626
162,4650109252981784028797300655435682334415722439709,22,507,504,0.021725,0.005686,0.005686,0.027411,0.972589
162,4851575313540019468754262146798472592699356416503,22,445,445,0.007042,0.007042,0.0,0.007042,0.992958
162,4620052361353557581946034404083231874642184874639,22,470,462,0.035914,0.003226,0.003226,0.03914,0.96086
162,5522800988337253824728791418632480547260333713827,22,417,417,0.013676,0.013676,0.0,0.013676,0.986324
162,5499586014822265836968576304450001678297022377393,22,658,658,0.006111,0.006111,0.0,0.006111,0.993889
162,3564133393297332356275713734544213713680389996917,22,385,385,0.0048,0.0048,0.0,0.0048,0.9952
162,5515322111725050184603784308918954761722437406837,22,422,413,0.007612,0.003702,0.003702,0.011314,0.988686
162,4485461183490214672847356727639397071039303926699,22,390,390,0.007561,0.007561,0.0,0.007561,0.992439
162,5195480640606091839263058107075820094394110075261,22,379,374,0.009049,0.005288,0.005288,0.014336999999999999,0.985663
162,5741107958946558148650160180297387601202820663099,22,469,469,0.013696,0.013696,0.0,0.013696,0.986304
163,9747578468936317254902406784741698921811080904511,22,423,408,0.016671,0.003053,0.026462000000000003,0.043133000000000005,0.956867
163,10111701947436338618707597112719816959644907307921,22,494,494,0.018053,0.018053,0.0,0.018053,0.981947
163,9500974977324321481710304769960767745184067228853,22,389,383,0.008763,0.009512,0.009512,0.018275,0.981725
163,10923265258610933252939304751090963667320491815059,22,370,370,0.007205,0.007205,0.0,0.007205,0.992795
163,6277296598420519157375291811600475171257085054819,22,328,328,0.011235,0.011235,0.0,0.011235,0.988765
163,9231618602773719751425117097585869209969078112883,22,456,449,0.024584,0.018493,0.02643,0.051014000000000004,0.948986
163,10035352768951452538707551978057565508665635317309,22,472,465,0.006798,0.010595,0.010595,0.017393,0.982607
163,7654209071367977951897371689264431599631570961337,22,337,337,0.0079,0.0079,0.0,0.0079,0.9921
163,10824194889247063645916265364865318315163275587691,22,393,363,0.011123,0.013313,0.01754,0.028663,0.971337
163,7007067855178084077334907729020251703138388423407,22,588,588,0.006272,0.006272,0.0,0.006272,0.993728
163,11563629162960767561469993435982566900206290797341,22,339,339,0.036473,0.036473,0.0,0.036473,0.963527
163,10432647582007091942814866236806348920448169897081,22,412,409,0.009192,0.011908,0.039127,0.048319,0.951681
163,11013321740409425001654829975108773198879722323169,22,486,486,0.01157,0.01157,0.0,0.01157,0.98843
163,11388208541060705561819087229232095358667380786273,22,566,566,0.055570999999999995,0.055570999999999995,0.0,0.055570999999999995,0.944429
163,11103735522688372546281614770298463681690271542443,22,512,512,0.019678,0.019678,0.0,0.019678,0.980322
163,8215686036974456744106483973928387713743004968589,22,459,449,0.033024,0.001761,0.001761,0.034784999999999996,0.965215
163,10366420373188722818237768081269384282174284586279,22,524,518,0.004629,0.006613,0.006613,0.011242,0.988758
163,9887493049291697627584648336712714992824228820507,22,384,384,0.007376,0.007376,0.0,0.007376,0.992624
163,11291772697596805962306082330181863662191216703401,22,705,685,0.002857,0.000564,0.007465000000000001,0.010322000000000001,0.989678
163,8629299483287912574962165393081179705241759373329,22,539,539,0.025253,0.025253,0.0,0.025253,0.974747
164,20210344270042780228524473590981781384374263250651,22,712,674,0.002876,0.001117,0.024231000000000003,0.027107000000000003,0.972893
164,17385754946083473907588211247263282920082635440931,22,449,449,0.006369,0.006369,0.0,0.006369,0.993631
164,15065200337324516365624234372840728893791849883677,22,549,549,0.019641,0.019641,0.0,0.019641,0.980359
164,20001274208685757373389824972298109151192644683421,22,467,444,0.006711,0.005211,0.020648,0.027359,0.972641
164,23206373050027225840725924288883018652907266761573,22,416,416,0.011937,0.011937,0.0,0.011937,0.988063
164,22025345891505684794425190360346292788092251835117,22,343,343,0.036384,0.036384,0.0,0.036384,0.963616
164,17433500709489283073258616221836367960841092957683,22,417,417,0.020711,0.020711,0.0,0.020711,0.979289
164,20619243792726008996626054260855579390889646661671,22,519,514,0.011085000000000001,0.001119,0.013131,0.024216,0.975784
164,17851954102483708548111820947964979316071559518321,22,520,506,0.003619,0.002783,0.011898999999999998,0.015517999999999997,0.984482
164,15520227091786292775179646082304899324457570987803,22,414,414,0.011408,0.011408,0.0,0.011408,0.988592
164,21025509716353739955780362583473341923163070100707,22,511,508,0.00979,0.007345,0.007345,0.017135,0.982865
164,14498146431977835998639783360838649091026316741701,22,513,513,0.008332,0.008332,0.0,0.008332,0.991668
164,19111791960401045569879778943278968002523890458231,22,326,326,0.003889,0.003889,0.0,0.003889,0.996111
164,16530301572124410378960034538876085010836459672467,22,349,349,0.002532,0.002532,0.0,0.002532,0.997468
164,18221873864190480631751119997397311265906143427919,22,640,640,0.029494,0.029494,0.0,0.029494,0.970506
164,19509002958117864345830026901941875949728480482351,22,679,679,0.004276,0.004276,0.0,0.004276,0.995724
164,22672286378997470934496964350911104497412505665789,22,422,422,0.009565,0.009565,0.0,0.009565,0.990435
164,23046477364042922130498611236049763734841923672321,22,584,571,0.005176,0.002991,0.05209899999999999,0.05727499999999999,0.942725
164,17549286263321631100185248104947257910955608889553,22,373,373,0.066306,0.066306,0.0,0.066306,0.933694
164,21059636316678691840527110401614339175235554714931,22,480,480,0.019538,0.019538,0.0,0.019538,0.980462
165,41832933592112304400801943026671467969363831087923,22,360,360,0.005231,0.005231,0.0,0.005231,0.994769
165,35682862411294951100561921127821057964487467339443,22,420,408,0.039689,0.037573,0.037573,0.077262,0.9227380000000001
165,42835312913720678185448545784074783359123970744159,22,383,383,0.027225,0.027225,0.0,0.027225,0.972775
165,40881659780738625128558353749592964839279265435171,22,366,364,0.004011,0.009013,0.009013,0.013024,0.986976
165,45322494471102900510547891895971824081862698563281,22,360,343,0.008275,0.002783,0.010925,0.019200000000000002,0.9808
165,45929128788840959205376511336193947297685265640951,22,950,946,0.003906,0.001107,0.001107,0.005013,0.994987
165,44489998373490387700600426834275888436763809873019,22,807,807,0.001852,0.001852,0.0,0.001852,0.998148
165,35790092378947652923809024031202004014344249255817,22,484,473,0.012647,0.004405,0.004405,0.017052,0.982948
165,45161106773899709982331683988937842529673051859151,22,517,517,0.004272,0.004272,0.0,0.004272,0.995728
165,41611075822328138418773040753161992670148754649183,22,427,427,0.002973,0.002973,0.0,0.002973,0.997027
165,43893688025396579244143003549941949711112694897597,22,595,595,0.012186,0.012186,0.0,0.012186,0.987814
165,38949108443317524477011125919734633057707138102373,22,460,460,0.004112,0.004112,0.0,0.004112,0.995888
165,44506757530726502698455041633661918108484228681201,22,606,587,0.004203,0.003956,0.017488999999999998,0.021691999999999996,0.978308
165,45700176760813962794447132804379570073089321130619,22,452,450,0.012765,0.002433,0.004661,0.017426,0.982574
165,36717319074712975178793976563482551630954666600147,22,518,518,0.004437,0.004437,0.0,0.004437,0.995563
165,40081717737177734357477768258828819203380673838299,22,467,467,0.011084,0.011084,0.0,0.011084,0.988916
165,42668271582757088828333733690941986896240697265291,22,344,344,0.08660500000000002,0.08660500000000002,0.0,0.08660500000000002,0.913395
165,42066162699265700510000155471171171993026790897181,22,335,335,0.009382,0.009382,0.0,0.009382,0.990618
165,43079437256800894081452117481597778557867932256481,22,761,721,0.006567999999999999,0.002247,0.026018,0.032586,0.967414
165,39639751732104952918265482468837059446746603506727,22,455,455,0.006418,0.006418,0.0,0.006418,0.993582
166,64455071458380183185819126791305562795840205337607,22,556,556,0.00094,0.00094,0.0,0.00094,0.99906
166,90075771203582122330247262323941154266135655067703,23,584,577,0.00956,0.004948,0.004948,0.014508,0.985492
166,72228823129784081606691745887439926673012583025583,22,602,602,0.004874,0.004874,0.0,0.004874,0.995126
166,69837432774442923128016482628855170461287372899371,22,459,431,0.015458,0.010166,0.046169,0.061627,0.938373
166,89244922194937743144971782767253188914316795885797,23,520,502,0.008585,0.004908,0.004908,0.013493000000000002,0.986507
166,88746453267789363020668583643470490537450658613921,23,430,428,0.015104,0.005294,0.005294,0.020398,0.979602
166,88713786474705850221237608801094392192327303798911,23,433,409,0.006275,0.00223,0.013616,0.019891,0.980109
166,87557406481398096612837568774546924908523956472679,22,501,501,0.021574,0.021574,0.0,0.021574,0.978426
166,83804917377281198336877975468864158449629337119497,22,429,429,0.033067,0.033067,0.0,0.033067,0.966933
166,81569638913156092214718111347132660641468885512997,22,374,374,0.009043,0.009043,0.0,0.009043,0.990957
166,52608719657148563796512530136536674250280158137673,22,587,587,0.025098,0.025098,0.0,0.025098,0.974902
166,89221264190598117801701321295581964396857406691793,23,360,360,0.020461,0.020461,0.0,0.020461,0.979539
166,91421352408629645983856436933886907626516790327531,23,444,439,0.009267999999999998,0.031321,0.048569,0.057837,0.942163
166,92354408607697290294087669975129842220424154225839,23,359,359,0.008901,0.008901,0.0,0.008901,0.991099
166,90307244958886521065070588400571519599452170426827,23,440,433,0.030591,0.004812,0.004812,0.035403000000000004,0.964597
166,61951676507642868191945772939153670793162317140439,22,659,659,0.00684,0.00684,0.0,0.00684,0.99316
166,57096092534835312898852423687190032724229132615371,22,402,402,0.005113,0.005113,0.0,0.005113,0.994887
166,77734094079183033282661848210260105535011878058221,22,443,426,0.014883,0.047832,0.080852,0.09573499999999999,0.904265
166,61439716290799937763975920406477923341938046630307,22,538,533,0.031288,0.004352,0.004352,0.035640000000000005,0.96436
166,92944946903546196014112302841886638418369209076507,23,333,312,0.000898,0.009878,0.019129,0.020027,0.979973
167,185191770581306272864194984747884925328034141094049,23,360,355,0.004501,0.002265,0.002265,0.0067659999999999994,0.993234
167,150753299534321728385042450116986328932503586710791,23,402,402,0.039293,0.039293,0.0,0.039293,0.960707
167,122185038003700368219528064449236784866763422689417,23,384,384,0.001318,0.001318,0.0,0.001318,0.998682
167,178235118269758334366445181520116909697869973267843,23,418,418,0.003445,0.003445,0.0,0.003445,0.996555
167,125101284926137051500851455837556179024574472599693,23,403,399,0.005197,0.003469,0.013866,0.019063,0.980937
167,183608279157579728300471834586610846132033916363009,23,435,435,0.016834,0.016834,0.0,0.016834,0.983166
167,123823837425211259366602079641341299640350463304427,23,487,460,0.006286999999999999,0.001787,0.026695999999999998,0.032983,0.967017
167,182738591737141364288038096817725089299414242881199,23,372,363,0.003311,0.001905,0.010387,0.013698,0.986302
167,144881986800772159131971678194070421363231610326503,23,488,488,0.036708,0.036708,0.0,0.036708,0.963292
167,169113029671003783909165383403390189332006078766403,23,756,756,0.015437,0.015437,0.0,0.015437,0.984563
167,180203454172404433999728807424822530543427009853893,23,618,613,0.013488,0.008645,0.009259,0.022747,0.977253
167,176740473075257510677017027826065071164478066806109,23,329,329,0.004033,0.004033,0.0,0.004033,0.995967
167,154708744984764752253150630606148953411120836248223,23,517,515,0.005101,0.008479,0.008479,0.01358,0.98642
167,185822038963156756154989463606402264231845142986571,23,499,499,0.002464,0.002464,0.0,0.002464,0.997536
167,164713641976176077509064527913611509808492198546303,23,429,429,0.00302,0.00302,0.0,0.00302,0.99698
167,174143473517067658771245663523001506669684229251583,23,294,294,0.00991,0.00991,0.0,0.00991,0.99009
167,134875484299471317108685835177615212803568324951771,23,325,325,0.01282,0.01282,0.0,0.01282,0.98718
167,182071589557326943011646537770784052720010679622671,23,457,457,0.020199,0.020199,0.0,0.020199,0.979801
167,107723548795615044892707554332906198918982581905521,23,416,416,0.005735,0.005735,0.0,0.005735,0.994265
167,110235062257219473750266489148464622602430677309023,23,469,461,0.01013,0.003296,0.010149,0.020279,0.979721
168,355867559027045347481742474164268313169270448267103,23,532,532,0.001785,0.001785,0.0,0.001785,0.998215
168,354354498343882825539049178202420048518235057099511,23,382,380,0.012636999999999999,0.003881,0.003881,0.016517999999999998,0.983482
168,297316862371625606791660530918145246188551598375827,23,462,462,0.008453,0.008453,0.0,0.008453,0.991547
168,251334070780906996792106667358010626199124871015193,23,382,382,0.008093,0.008093,0.0,0.008093,0.991907
168,266089629335928959939990984219310389073099671366189,23,377,377,0.032915,0.032915,0.0,0.032915,0.967085
168,297312478520764466042800805099268401234237086618769,23,498,498,0.003544,0.003544,0.0,0.003544,0.996456
168,252694597694857518298868919901861055603851696256479,23,402,402,0.00219,0.00219,0.0,0.00219,0.99781
168,286391540226265125508001191752822610514127971418977,23,445,445,0.013354,0.013354,0.0,0.013354,0.986646
168,318688943619592236326261968753666579542852488008771,23,516,512,0.016481,0.004304,0.004304,0.020784999999999998,0.979215
168,348197322658922333549563681800422289216265150015297,23,516,495,0.007798,0.003865,0.03108,0.038878,0.961122
168,368542669960002587168410129566818072485889583789247,23,477,477,0.005013,0.005013,0.0,0.005013,0.994987
168,268548911990920458790785330758705695531710970965877,23,384,384,0.005976,0.005976,0.0,0.005976,0.994024
168,331941207943771650157715950616862772785852585230449,23,394,379,0.016368,0.017362,0.047018,0.063386,0.9366140000000001
168,323877960143720182139921715509016936864755738538083,23,395,395,0.003479,0.003479,0.0,0.003479,0.996521
168,363122401231538903702884958200573978698665726858941,23,428,425,0.026732,0.007725,0.007725,0.034457,0.965543
168,308228420728279829232936597270463065825898054642939,23,374,374,0.018354,0.018354,0.0,0.018354,0.981646
168,283116060916231999061737214282503740357534622019947,23,391,391,0.011014,0.011014,0.0,0.011014,0.988986
168,281428688528495768940994883006958194198779974610219,23,509,508,0.014669,0.018954,0.018954,0.033623,0.966377
168,326678933726286291994787934645555743351568375175913,23,420,411,0.015967,0.011023,0.011023,0.02699,0.97301
168,242229774464479250019542042945875041752252033094853,23,806,785,0.001047,0.003787,0.032418999999999996,0.033465999999999996,0.966534
169,549419723295960540447780008307906211005792776812829,23,484,484,0.004535,0.004535,0.0,0.004535,0.995465
169,664865469281161842324657652489314073194401709162263,23,616,616,0.007725,0.007725,0.0,0.007725,0.992275
169,526275837673483487444634125901789672050479746789367,23,459,452,0.002306,0.004033,0.008038,0.010343999999999999,0.989656
169,677970966743848576239473283142953742552801707940111,23,437,437,0.004148,0.004148,0.0,0.004148,0.995852
169,657821691628060301322956147101670288895728662024039,23,429,429,0.024194,0.024194,0.0,0.024194,0.975806
169,715264587022453456200004920592343027582234072699119,23,727,686,0.002358,0.004335,0.07878200000000005,0.08114000000000005,0.91886
169,564263055842251392661877742982498545034787789672701,23,391,385,0.011045,0.005181,0.013649999999999999,0.024694999999999998,0.975305
169,709752893570015397017697204082578787464541589122757,23,360,360,0.009277,0.009277,0.0,0.009277,0.990723
169,655017367008869539322579634764112530246507710350587,23,422,422,0.033995,0.033995,0.0,0.033995,0.966005
169,657292182528951725976013293116638919927942739731969,23,405,371,0.003611,0.001936,0.034592,0.038203,0.961797
169,723786901355715251133499133823457447564442130316753,23,894,894,0.004536,0.004536,0.0,0.004536,0.995464
169,523829125978495822418790946811975528394043957096661,23,390,390,0.02685,0.02685,0.0,0.02685,0.97315
169,541477377066573582590059723667831900889584456117101,23,343,343,0.025424,0.025424,0.0,0.025424,0.974576
169,695788992079943252596035093883032289031003550676639,23,463,463,0.004126,0.004126,0.0,0.004126,0.995874
169,694333695686916638920533025197721880230919832136049,23,363,363,0.01288,0.01288,0.0,0.01288,0.98712
169,485822670269234256517166328139449043912746690035101,23,401,394,0.006213,0.008326,0.014082,0.020295,0.979705
169,621048212309618498722906441939308335619301463127923,23,452,452,0.009478,0.009478,0.0,0.009478,0.990522
169,471378305746743164537629288149409115192944188760511,23,410,401,0.002459,0.004125,0.006114,0.008572999999999999,0.991427
169,679166054805478107698598400374518496104565906945673,23,338,338,0.019812,0.019812,0.0,0.019812,0.980188
169,478874915531854708795103201026072431746838752011189,23,478,470,0.029952,0.006196,0.020571,0.050523,0.949477
170,1289318240951187150423696809121408247188110724374959,23,383,383,0.028575,0.028575,0.0,0.028575,0.971425
170,1317598680651458934736004969973115054629720267802427,23,412,411,0.022062,0.012036,0.012036,0.034097999999999996,0.965902
170,1387016971391792365767686427962070113773978808021599,23,435,427,0.001908,0.003332,0.007157,0.009065,0.990935
170,1301605848278604502292287990083848668281772339668443,23,529,525,0.001436,0.001135,0.002482,0.003918,0.996082
170,1454027346176602205583289937091731344133146246553801,23,577,558,0.02571,0.004517,0.040305,0.066015,0.933985
170,967653528079116878085780463103240904324567568232963,23,531,531,0.013927,0.013927,0.0,0.013927,0.986073
170,1261056843454978621289453730316681785701648409889253,23,488,487,0.01203,0.012301,0.012301,0.024331,0.975669
170,837639897222655440981696060794566569158254246200341,23,432,432,0.000639,0.000639,0.0,0.000639,0.999361
170,1380352939133440466587651274847015029204065064236727,23,661,661,0.022317,0.022317,0.0,0.022317,0.977683
170,1470202321847100083182546960194231350823305902723733,23,488,488,0.023721,0.023721,0.0,0.023721,0.976279
170,1395451141662017337518566124235400507157510063162651,23,386,386,0.003228,0.003228,0.0,0.003228,0.996772
170,1443973581327167714924022043427922410334336886476631,23,452,436,0.006724,0.003182,0.020691,0.027415000000000002,0.972585
170,1248251220039825096428185208030859202496488462447199,23,480,480,0.014415,0.014415,0.0,0.014415,0.985585
170,1485074191992056020325974520634552289818056666197811,23,431,431,0.004089,0.004089,0.0,0.004089,0.995911
170,1254247931868399620218293166952069391063175723231013,23,515,502,0.021351,0.02545,0.047501,0.068852,0.931148
170,1257669066486116581118684542985264257389351752099207,23,336,336,0.025989,0.025989,0.0,0.025989,0.974011
170,938770475414108901814693140661602364827961258856599,23,363,359,0.010267,0.015139,0.015139,0.025405999999999998,0.974594
170,1066007335410228423895411628779579916508643551606013,23,442,440,0.033382,0.008346,0.008346,0.041728,0.958272
170,1055641473154584299321451059456907378615225873359927,23,466,466,0.033074,0.033074,0.0,0.033074,0.966926
170,1450909537806030357996742850817171901677376101936973,23,352,349,0.024779,0.01183,0.023095,0.047874,0.952126
171,2320628485992640066699844867503781431624090632616007,23,420,409,0.018237,0.015091,0.015091,0.033327999999999997,0.966672
171,2687357138509969949945838036658262421119489089392571,23,398,392,0.000409,0.000866,0.000866,0.001275,0.998725
171,2179890418570410841271805505892530931206234443075251,23,499,499,0.019224,0.019224,0.0,0.019224,0.980776
171,2643553863724729454040982582317963102955115497112137,23,664,659,0.006477000000000001,0.003629,0.0058130000000000005,0.012290000000000002,0.98771
171,2460627882183105189199201566900305707431196028435837,23,483,483,0.005856,0.005856,0.0,0.005856,0.994144
171,2339826321982801679364695234505710301355859790744791,23,685,685,0.001857,0.001857,0.0,0.001857,0.998143
171,2758900339445195828507819823171495863952057663997793,23,372,372,0.028157,0.028157,0.0,0.028157,0.971843
171,1842882812388021598690092464110026835556610550203901,23,687,664,0.001208,0.002421,0.007514999999999999,0.008723,0.991277
171,2527348162893818585716726864029885307488142009814867,23,378,352,0.0054589999999999994,0.002442,0.007179,0.012638,0.987362
171,2837554568622031909115383188427508045834871248866231,23,390,390,0.034288,0.034288,0.0,0.034288,0.965712
171,1980107624548085725945997103475068875829188531206579,23,895,895,0.018445,0.018445,0.0,0.018445,0.981555
171,2569544928058170304082873120455860591460518083182909,23,515,515,0.006003,0.006003,0.0,0.006003,0.993997
171,2690941433828007792933739463035154894668803736090667,23,360,356,0.005602,0.010119,0.010119,0.015721,0.984279
171,2790043200701068932081541267461948287073389647656629,23,317,317,0.013974,0.013974,0.0,0.013974,0.986026
171,2090916108644774601950745809429826244133327238488009,23,444,425,0.009822,0.011024,0.011024,0.020846,0.979154
171,2565736058589956952109798640055629482853606450052707,23,494,488,0.011877,0.004005,0.004005,0.015882,0.984118
171,2857998842268811336179375833801691573922890863274847,23,686,686,0.015251,0.015251,0.0,0.015251,0.984749
171,2396493466906125285828056384566870470681794130877669,23,441,441,0.008903,0.008903,0.0,0.008903,0.991097
171,2690381636823230507251275613355703537300523990202027,23,567,546,0.007027,0.008337,0.035823999999999995,0.04285099999999999,0.957149
171,2534044398151279155788338071872494168885731333317717,23,517,517,0.007659,0.007659,0.0,0.007659,0.992341
172,4462022261486228276470696903183179974341102550314813,23,589,579,0.009541,0.002967,0.022027,0.031568,0.968432
172,4973934130046512061706003746504778764546358353047069,23,483,469,0.003013,0.001901,0.009732000000000001,0.012745000000000001,0.987255
172,5648094522288795174255363457633460814882962588225833,23,595,573,0.001886,0.002244,0.020288,0.022174,0.977826
172,4726592204009198207872992689944913141786425094656837,23,812,812,0.005921,0.005921,0.0,0.005921,0.994079
172,5594622054792930920033030420069168546546514996297059,23,375,375,0.012647,0.012647,0.0,0.012647,0.987353
172,5195538082333779164457732930160988690944352296084861,23,419,402,0.048697,0.014552,0.06686,0.11555699999999999,0.884443
172,4025284698876107182620642633377455297801856255767501,23,452,452,0.00587,0.00587,0.0,0.00587,0.99413
172,4383786029746298282865883459946099335415639923579151,23,540,527,0.018933,0.017151,0.017151,0.036084,0.963916
172,4240211809755560196715516460800231502364014252588639,23,428,423,0.029846,0.015488,0.015488,0.045334,0.954666
172,5548533853252799042694444930927799861408846535815007,23,419,411,0.007799,0.004227,0.013652,0.021450999999999998,0.978549
172,5437902847130435025801669508069442332314935248409143,23,460,451,0.005441,0.005346,0.009552999999999999,0.014993999999999999,0.985006
172,4141743792397074660421973109728086317758715931017277,23,427,423,0.003991,0.013305,0.013305,0.017296,0.982704
172,4778987191980938572456617933856060465243353739312487,23,499,465,0.011116999999999998,0.001575,0.024241000000000002,0.035358,0.964642
172,4739381656678028395979571409181320777773237194812847,23,415,399,0.006409,0.016551,0.045899,0.052308,0.947692
172,4804326313493129486456115335738865566041096602990667,23,728,728,0.012727,0.012727,0.0,0.012727,0.987273
172,4104752537262135739627532234359506058920546702141581,23,409,409,0.016812,0.016812,0.0,0.016812,0.983188
172,3803744058813253158320678543084926588928670333519661,23,428,428,0.012118,0.012118,0.0,0.012118,0.987882
172,4385465259125919643879994689875257236736934784890611,23,483,478,0.001513,0.003325,0.003325,0.004838,0.995162
172,5279890751954713468197389506413223751577777606451787,23,424,424,0.030371,0.030371,0.0,0.030371,0.969629
172,4160916851387881458666582220339040710916709604934989,23,458,458,0.004142,0.004142,0.0,0.004142,0.995858
173,10923792501645012754794107569655030715119609536422907,23,415,415,0.004509,0.004509,0.0,0.004509,0.995491
173,10049473751846112538141515321974984014498020571782187,23,361,361,0.038695,0.038695,0.0,0.038695,0.961305
173,11478453237002096953758919917104639903243507350422841,23,640,640,0.003679,0.003679,0.0,0.003679,0.996321
173,10169455292752448241266658515571649753093170083937973,23,376,376,0.006777,0.006777,0.0,0.006777,0.993223
173,11141435091489660417203162826279290403361648348555217,23,404,404,0.014339,0.014339,0.0,0.014339,0.985661
173,11845946756557169576442319415563300804632186316185761,23,359,359,0.016558,0.016558,0.0,0.016558,0.983442
173,6606020196711476677748380921663035663590800650212861,23,496,496,0.004701,0.004701,0.0,0.004701,0.995299
173,9223304994372936325365139311788951438575340466147653,23,358,358,0.006274,0.006274,0.0,0.006274,0.993726
173,9937936138453613172200974798887957858538887333434453,23,453,449,0.001516,0.001015,0.001015,0.0025310000000000003,0.997469
173,11559606582085509839598371324267429245568074606311239,23,375,372,0.009837,0.005404,0.005404,0.015241000000000001,0.984759
173,8567518689055579897923237570331424934191919130124683,23,408,392,0.010799,0.002057,0.006669999999999999,0.017469,0.982531
173,7757833041287954123219330741833398980401403365844671,23,521,514,0.004845,0.00305,0.009039,0.013884,0.986116
173,9316049178944443793561813909420289680048038873209887,23,711,711,0.018527,0.018527,0.0,0.018527,0.981473
173,9928833671075698004690547493411708722996168864524191,23,442,442,0.02896,0.02896,0.0,0.02896,0.97104
173,8082599286688078272326597296230019194455017969460353,23,403,397,0.004928,0.004301,0.004301,0.009229000000000001,0.990771
173,11722980560595969629675859144256076147885119391535181,23,573,573,0.012902,0.012902,0.0,0.012902,0.987098
173,9593608908661975634163739787876317382759712663032617,23,807,807,0.003847,0.003847,0.0,0.003847,0.996153
173,7514341258039837561785554369913705517231217351886269,23,514,501,0.009957,0.008937,0.008937,0.018894,0.981106
173,10788110854762710095666872487306279223201853493970649,23,448,441,0.003782,0.003415,0.003415,0.007197,0.992803
173,10830515307409583755599110009630409242843757129551833,23,435,416,0.030018,0.026798,0.037446,0.067464,0.932536
174,22104611793997230117343176470598753099597657699857767,23,364,364,0.011903,0.011903,0.0,0.011903,0.988097
174,18763942404536135019296013058405167365237739426352961,23,382,382,0.062777,0.062777,0.0,0.062777,0.937223
174,14688504101174039979833028914301622192512344235844163,23,530,530,0.006873,0.006873,0.0,0.006873,0.993127
174,16722058225437982034822488549751786303201587785473951,23,460,460,0.030597,0.030597,0.0,0.030597,0.969403
174,21509336382097775444053571500023183533792843315954141,23,668,668,0.004589,0.004589,0.0,0.004589,0.995411
174,22850977655225044606098189565776865301144522899108753,23,373,373,0.054095,0.054095,0.0,0.054095,0.945905
174,17279223071662642072680635911044372251032271203557523,23,391,391,0.004635,0.004635,0.0,0.004635,0.995365
174,22947441514018658653094720368483897068968757283032113,23,369,362,0.001841,0.001526,0.002783,0.004624,0.995376
174,18341314976728685056786009125261875389901729222197411,23,524,500,0.002596,0.00691,0.014849999999999999,0.017446,0.982554
174,21198313883423610607647845217061584129219727405462807,23,699,693,0.019841,0.004018,0.02331,0.043151,0.956849
174,12839400785843164820295834351653620428577969094536553,23,545,513,0.010934,0.004439,0.013812999999999999,0.024746999999999998,0.975253
174,23322450000830661268788758752052782250935597472051533,23,357,342,0.003706,0.001942,0.001942,0.005648,0.994352
174,16333148817978325754024309091523862744059567919963111,23,543,543,0.015955,0.015955,0.0,0.015955,0.984045
174,14462970911237542989272454421381604521266425359311389,23,536,536,0.009257,0.009257,0.0,0.009257,0.990743
174,18949560281665792004413178756295887592891979934348561,23,364,364,0.003383,0.003383,0.0,0.003383,0.996617
174,21408407116291656012109167833580671913503017751545967,23,495,495,0.006023,0.006023,0.0,0.006023,0.993977
174,22631651939782172827484157664433587783833485119069961,23,456,456,0.008741,0.008741,0.0,0.008741,0.991259
174,21837034941512546186024799051115680122246295015518093,23,436,436,0.001877,0.001877,0.0,0.001877,0.998123
174,23437804484573336991839150008388329128133779513222523,23,705,705,0.00463,0.00463,0.0,0.00463,0.99537
174,21670228153893009427879223165719671325428625794224927,23,378,378,0.016357,0.016357,0.0,0.016357,0.983643
175,40488067071432624121676494427962676744307992814206389,23,495,495,0.009594,0.009594,0.0,0.009594,0.990406
175,47880832610030432571309186253738451904700554037260907,23,391,391,0.025654000000000003,0.025654000000000003,0.0,0.025654000000000003,0.974346
175,45878748309865752441663931039655772029562012040164497,23,421,418,0.009376,0.004193,0.004193,0.013569000000000001,0.986431
175,44519607957401945468255440685812779498238330725202451,23,714,714,0.003438,0.003438,0.0,0.003438,0.996562
175,38437122674547888080483896869357910936491022366930391,23,566,558,0.007832,0.008241,0.010745000000000001,0.018577000000000003,0.981423
175,47064113916853618606448841022057749802258231599045617,23,378,374,0.021822,0.02808,0.02808,0.049902,0.950098
175,38418920847258974395155918878755125806886124993281449,23,530,530,0.005447,0.005447,0.0,0.005447,0.994553
175,29860959886171008880417800461459339604720394693120859,23,525,491,0.0018700000000000001,0.002529,0.046228000000000026,0.04809800000000003,0.951902
175,47523346294694090590598436816448664799865583071536947,23,397,397,0.005664000000000001,0.005664000000000001,0.0,0.005664000000000001,0.994336
175,40430147177650634814659419575820969943704601075586779,23,488,488,0.008274,0.008274,0.0,0.008274,0.991726
175,30673381581036186694644718658867052922438672540632679,23,377,360,0.001322,0.00436,0.00436,0.005682,0.994318
175,46321511197924674401868707445937064255819847549207181,23,566,552,0.007186,0.001247,0.005157,0.012343,0.987657
175,40793108447338904457818158698839208728924655609269741,23,496,480,0.008201,0.009171,0.009171,0.017372,0.9826280000000001
175,47563799216222959471208717042267403920241999763230907,23,392,392,0.012702,0.012702,0.0,0.012702,0.987298
175,44747799795754951639143084884684883018614820083166937,23,423,406,0.007598,0.002182,0.007098,0.014696,0.985304
175,46867320328474189488708379756417548186877640469492347,23,448,448,0.01445,0.01445,0.0,0.01445,0.98555
175,46542356956969036203230698142264416107162071627147053,23,396,396,0.00863,0.00863,0.0,0.00863,0.99137
175,45701878003472651488780363802977956628041054016481659,23,495,495,0.013837,0.013837,0.0,0.013837,0.986163
175,25458726975309530242094669164823103336392162094875803,23,423,423,0.013866,0.013866,0.0,0.013866,0.986134
175,39959523049873920871877996128842998488581987804339877,23,420,420,0.001414,0.001414,0.0,0.001414,0.998586
176,87990886338847859195592642389102593039937487082558279,24,489,489,0.005188,0.005188,0.0,0.005188,0.994812
176,92564124955148991262968874807483374435803628161108999,24,934,925,0.00364,0.003483,0.004379,0.008019,0.991981
176,94129007589456961191977269147297543003266132666549953,24,395,395,0.014906,0.014906,0.0,0.014906,0.985094
176,93819484016161644344551753829300322151041926203410181,24,435,435,0.001917,0.001917,0.0,0.001917,0.998083
176,73157616268457907406971375723178615684280166706710493,24,398,398,0.024493,0.024493,0.0,0.024493,0.975507
176,61542774938750705714463225629776244056185970967253653,24,496,486,0.003572,0.005942,0.005942,0.009514,0.990486
176,71800771048867515580859417044203063847762338647077403,24,390,390,0.033142,0.033142,0.0,0.033142,0.966858
176,77258340421405866522724393177859419720883968347782627,24,536,524,0.003935,0.001785,0.011068,0.015002999999999999,0.984997
176,89837078281524964039898044063254336032471057480771579,24,709,698,0.004117,0.001227,0.010641999999999999,0.014758999999999998,0.985241
176,67631371474217585591492093931057414532556760623695867,24,387,387,0.006402,0.006402,0.0,0.006402,0.993598
176,89832926575159265651841476273066740015357110318540347,24,639,610,0.001657,0.001407,0.018294,0.019951,0.980049
176,67118204137332948793553589627698826319196161548428537,24,400,382,0.00628,0.00551,0.014804,0.021084,0.978916
176,87774156256777768160436756789989062372701963996758741,24,553,549,0.008212,0.006072,0.006072,0.014284000000000002,0.985716
176,70572719969624332011199901351228566052874877227465031,24,467,467,0.002347,0.002347,0.0,0.002347,0.997653
176,86250046064114433343982710398437258754379418231496971,24,405,405,0.006108,0.006108,0.0,0.006108,0.993892
176,87134348646583113354803029928666774546954085244353883,24,368,358,0.015846,0.002688,0.002688,0.018534,0.981466
176,71901633824806274691548687743309648812921855456127637,24,391,391,0.017018,0.017018,0.0,0.017018,0.982982
176,90150270285363435056040734184802693760325360863282387,24,527,509,0.001616,0.003101,0.009493999999999999,0.011109999999999998,0.98889
176,94046017590480304561168089303295538090394575865219973,24,523,506,0.007309,0.002448,0.005338000000000001,0.012647000000000002,0.987353
176,64190892782173257959767693618630438907905705925983597,24,432,432,0.011886,0.011886,0.0,0.011886,0.988114
177,119125070369688751792163725903852573808324382853761851,24,514,514,0.005813,0.005813,0.0,0.005813,0.994187
177,182726819299327515165849812245648871121491177942129611,24,527,511,0.003434,0.004767,0.006972000000000001,0.010406,0.989594
177,188893960779618570376876195763394634184667143767990939,24,479,479,0.006536,0.006536,0.0,0.006536,0.993464
177,177226234109374423417710011618572758541886871555971773,24,509,509,0.040377,0.040377,0.0,0.040377,0.959623
177,170417219917741538865104682908758540815889415996081587,24,501,478,0.001314,0.00473,0.0066359999999999995,0.007949999999999999,0.99205
177,184456472780322533717507274449727396706948277959651997,24,726,726,0.009594,0.009594,0.0,0.009594,0.990406
177,172591822599216441031826476355149233765150072380634947,24,451,451,0.004484,0.004484,0.0,0.004484,0.995516
177,160262516696147396603234199689194202325829336961400089,24,439,424,0.003412,0.007596,0.012809000000000001,0.016221,0.983779
177,189488332491885140927092409494182632690603024073949519,24,476,457,0.007524,0.001693,0.018791000000000002,0.026315,0.973685
177,158860589548227817116386228914199311016251079037823631,24,427,426,0.012264,0.004956,0.004956,0.01722,0.98278
177,131023867650554721773986626498755865101732014114852169,24,538,522,0.012717,0.012639,0.033374,0.046091,0.953909
177,185419546061793924107275707453523293583979540373323441,24,435,427,0.015654,0.020214,0.057342000000000004,0.072996,0.9270039999999999
177,130739606859025377984032427604557137652684751978400777,24,513,508,0.008524,0.014634,0.014634,0.023157999999999998,0.976842
177,148738595022486208740372312134935505218833565972371451,24,439,439,0.020428,0.020428,0.0,0.020428,0.979572
177,167245458534901805246177899856773690854765016929409441,24,602,588,0.0022069999999999998,0.000523,0.015063,0.01727,0.98273
177,167743233925335463625480222303950384908571933339861327,24,429,429,0.004596,0.004596,0.0,0.004596,0.995404
177,127846725145209783213161083219697857237418143943954471,24,572,572,0.009459,0.009459,0.0,0.009459,0.990541
177,175371321030994867998753692974243811078511522480617843,24,432,432,0.007258,0.007258,0.0,0.007258,0.992742
177,116000582161408742104082789047643826044722595827305757,24,517,508,0.004649,0.002883,0.006761,0.01141,0.98859
177,170372630777230523245695634046185057408362313049454403,24,634,627,0.000963,0.001037,0.0017139999999999998,0.0026769999999999997,0.997323
178,326370916554170909248800565447441227366364752100439299,24,363,363,0.006167,0.006167,0.0,0.006167,0.993833
178,351133543531254740082619452808507153835828169762359977,24,363,363,0.002065,0.002065,0.0,0.002065,0.997935
178,336454357966569634923263904170681101591018051550982463,24,507,507,0.044694,0.044694,0.0,0.044694,0.955306
178,287084766998192650266030523003134421022082997050134521,24,478,478,0.002839,0.002839,0.0,0.002839,0.997161
178,352927538094715815006260624760445835128691040320016481,24,436,436,0.014512,0.014512,0.0,0.014512,0.985488
178,338358782479052619339175922612376094187822886673941721,24,584,584,0.001021,0.001021,0.0,0.001021,0.998979
178,350983244504690877302934108411058885737259142622352279,24,404,404,0.002618,0.002618,0.0,0.002618,0.997382
178,362113241669248116131584645381866273037844314273508653,24,848,837,0.00145,0.000368,0.0040279999999999995,0.005477999999999999,0.994522
178,354699753705738888969549737288396049484417614825528751,24,539,539,0.011557,0.011557,0.0,0.011557,0.988443
178,331690661156431736210765004245137972208022366664402553,24,1003,1000,0.003909,0.003571,0.003571,0.0074800000000000005,0.99252
178,332675546545853496255458413537230392333963633325833083,24,397,397,0.001464,0.001464,0.0,0.001464,0.998536
178,313703344571742936697405437124510360823965169983069999,24,975,967,0.001718,0.001478,0.001478,0.003196,0.996804
178,380254134293999860410999253285210970240457628198742663,24,456,456,0.003516,0.003516,0.0,0.003516,0.996484
178,360641711799225046890015181472030377655985832139240759,24,615,615,0.013086,0.013086,0.0,0.013086,0.986914
178,263917085618902017901372402907639485241329433989841083,24,528,528,0.017478,0.017478,0.0,0.017478,0.982522
178,266288106436622503269927529785703488384905659026805291,24,519,474,0.002955,0.006452,0.015915,0.018869999999999998,0.9811300000000001
178,344304805683409519331394242367711732435948148819916561,24,514,514,0.013591,0.013591,0.0,0.013591,0.986409
178,341709744235492519708940578050014342971004111389339661,24,349,349,0.04363,0.04363,0.0,0.04363,0.9563699999999999
178,310967967663884862956076583774857977926596023977520621,24,718,718,0.019416,0.019416,0.0,0.019416,0.980584
178,327279608257895351469611029322246368521417106545791761,24,737,717,0.006893,0.001019,0.005956,0.012849,0.987151
179,558936428874945996924383768356203135254350439671785479,24,379,379,0.068204,0.068204,0.0,0.068204,0.931796
179,674926639517348090731177770827913991101246148882287283,24,1000,992,0.005368,0.003361,0.003361,0.008729,0.991271
179,520778796933569712475497803976339448328715986002072523,24,580,575,0.005356,0.005684,0.005684,0.01104,0.98896
179,748335037461936801408133793949275373189490397012798993,24,583,583,0.020456,0.020456,0.0,0.020456,0.979544
179,750121838409245984074572114070043722336783466522324083,24,521,521,0.010327,0.010327,0.0,0.010327,0.989673
179,652699193242756150846355283234498871767984936149202997,24,366,366,0.005632,0.005632,0.0,0.005632,0.994368
179,701012462554551393326136469593585664907414625879938377,24,574,556,0.006494,0.038501,0.038501,0.044995,0.955005
179,651811943098199803843122079676572375058573432081265941,24,338,338,0.005383,0.005383,0.0,0.005383,0.994617
179,551025100698026169975841797211316492193395216233257361,24,703,697,0.0102,0.000576,0.000576,0.010776,0.989224
179,568232849243253819024806302642399573345242309126608059,24,478,459,0.028793,0.031394,0.064049,0.092842,0.907158
179,639820098139219068308973252189078237340004822241496393,24,355,355,0.018896,0.018896,0.0,0.018896,0.981104
179,761792849352011360883518708616350161974544759945523083,24,445,445,0.003896,0.003896,0.0,0.003896,0.996104
179,628942419048318189765862150028221450462352308232102681,24,384,384,0.007029,0.007029,0.0,0.007029,0.992971
179,566889538234990454641052189675936791837860452121325949,24,481,481,0.004756,0.004756,0.0,0.004756,0.995244
179,716452162573779008868293903020235512769764173696217249,24,657,637,0.007423,0.004718,0.010013,0.017436,0.982564
179,621413530195004739611180163225538908969413935549872629,24,930,924,0.002166,0.005179,0.006574,0.00874,0.99126
179,645609036446719663018922094515491080262538063860555597,24,428,380,0.008961,0.004852,0.041349000000000004,0.05031000000000001,0.94969
179,555489032258653592242576233173121867113539610787783833,24,418,418,0.01719,0.01719,0.0,0.01719,0.98281
179,535750173793033032362966709603096420101001099801784643,24,550,550,0.002319,0.002319,0.0,0.002319,0.997681
179,456506540313436296309522192769161449949543126587051023,24,424,424,0.013278,0.013278,0.0,0.013278,0.986722
180,1358996782341013393471064892946133021632416224066738371,24,781,757,0.001644,0.001263,0.014704000000000004,0.016348000000000005,0.983652
180,1147190830767755812327995081041386320310165753132541849,24,648,648,0.003739,0.003739,0.0,0.003739,0.996261
180,1403925300691032372140940928473865553985310895500181911,24,464,464,0.012335,0.012335,0.0,0.012335,0.987665
180,1495775451737959760457511687274350579183536185139242641,24,434,434,0.004518,0.004518,0.0,0.004518,0.995482
180,1110739563446777289531838627303749633950291508344598743,24,503,503,0.003666,0.003666,0.0,0.003666,0.996334
180,1194024369143971552927889417542591741693717575625673111,24,507,483,0.003858,0.003526,0.018305,0.022163,0.977837
180,1260166637346508034925373413900190230508510171798948477,24,759,759,0.004162,0.004162,0.0,0.004162,0.995838
180,1455316476136829091460607052510092178765985268783561317,24,513,513,0.003677,0.003677,0.0,0.003677,0.996323
180,1309093992710635640836698146159549405123972272927404881,24,496,496,0.004035,0.004035,0.0,0.004035,0.995965
180,1390894799146412153168495467213932724874405876411579611,24,474,474,0.144677,0.144677,0.0,0.144677,0.855323
180,1520134781616046526108129582711299483597548910524846853,24,479,459,0.003126,0.006894,0.045162999999999995,0.04828899999999999,0.951711
180,1505439219343167470373459269572451082957623944381924673,24,436,436,0.017569,0.017569,0.0,0.017569,0.982431
180,1057025848491395991324830754425862907965800790964989169,24,403,403,0.045847,0.045847,0.0,0.045847,0.954153
180,1022335052507123413464678276586097658581994406812064513,24,433,433,0.009101,0.009101,0.0,0.009101,0.990899
180,986820806071662897465598796288744366007908716888546481,24,788,788,0.008367,0.008367,0.0,0.008367,0.991633
180,1524644692974396926561992448558626212968367576768526879,24,427,417,0.028858,0.008865,0.026021,0.054879,0.945121
180,1314131625546751137305337304108371769311553500059572603,24,429,429,0.003512,0.003512,0.0,0.003512,0.996488
180,1159287238259464432648787656029088912397674342457115643,24,446,446,0.006477,0.006477,0.0,0.006477,0.993523
180,1475197377405499619513187533655878473208974647166678079,24,436,427,0.0055720000000000006,0.000665,0.007357999999999999,0.01293,0.98707
180,1092513974848862293580063101113260203144966532297855803,24,591,585,0.005971,0.001714,0.001714,0.007685,0.992315
181,2146755962617820701939724558369889009769651618593397373,24,498,498,0.006856,0.006856,0.0,0.006856,0.993144
181,2072316348390379785942053767435731590279096222618626363,24,505,503,0.003785,0.001266,0.001266,0.005051,0.994949
181,2877046995656031836501313697137912148919872998967745519,24,568,561,0.002417,0.00135,0.00135,0.003767,0.996233
181,2880369969123252961817754651476818952571924308651017163,24,482,482,0.004033,0.004033,0.0,0.004033,0.995967
181,2861708897811122498028015229576663189712718130603358513,24,585,580,0.020037,0.006461,0.006461,0.026498,0.973502
181,2806788267767978306991980520946809467457007629229500787,24,679,679,0.004413,0.004413,0.0,0.004413,0.995587
181,2302747288573481437114058572318921809401333842388506063,24,568,568,0.002387,0.002387,0.0,0.002387,0.997613
181,2533946943181812616782556407056335292416812676112585527,24,436,433,0.006936,0.018886,0.018886,0.025822,0.974178
181,2487771293557144436196457222451407643840343448896262201,24,427,418,0.021413,0.006354,0.027568,0.048981,0.9510190000000001
181,2345607456560758996293272875237597113634991575593930503,24,426,408,0.009176,0.007251,0.007251,0.016427,0.983573
181,2451877345078985122707203168343312742955044811033249477,24,515,515,0.003157,0.003157,0.0,0.003157,0.996843
181,2340974696399471038404420962322551749504771560040272007,24,536,536,0.006093,0.006093,0.0,0.006093,0.993907
181,2477342015750519040996010692078739219032174672206011307,24,580,580,0.011773,0.011773,0.0,0.011773,0.988227
181,2296086844355268411990274677061153842585626962159704019,24,428,428,0.03305,0.03305,0.0,0.03305,0.96695
181,2857327712261479603462914395058626994702465220337337739,24,597,571,0.001034,0.003233,0.012313,0.013347,0.986653
181,1869241629214427269662931336533353684013970622159921317,24,527,526,0.005499,0.007871,0.007871,0.01337,0.98663
181,2136463886038630304242691639030926383783507376355925571,24,424,424,0.00478,0.00478,0.0,0.00478,0.99522
181,2877127110897588495873508614076070239692397854333669421,24,886,868,0.002774,0.002466,0.007168000000000001,0.009942000000000001,0.990058
181,2391506213382517426158791151215598942262031718622544827,24,538,495,0.012092,0.003242,0.01356,0.025652,0.974348
181,2948841039361971531410668839665611640358315799683010259,24,559,559,0.00433,0.00433,0.0,0.00433,0.99567
182,4191292476346020518783656275665657989599723159847851667,24,581,560,0.004513,0.012941,0.029970999999999998,0.034484,0.965516
182,4368915889305698991841916329930420223695538711679696073,24,425,404,0.006501,0.007592,0.016080999999999998,0.022581999999999998,0.977418
182,4603173397210774045412589779080265237568427782430487923,24,624,624,0.003,0.003,0.0,0.003,0.997
182,4412747380103085417736789338590629677444833420942921431,24,640,640,0.005271,0.005271,0.0,0.005271,0.994729
182,5274862496484527199284351082466041501734256417850671079,24,353,353,0.023769,0.023769,0.0,0.023769,0.976231
182,4800792925814278444401434125143406347751419932688595051,24,418,407,0.003439,0.005097,0.009528,0.012967,0.987033
182,3653812005152759308354861844496272098804036966408036451,24,539,531,0.003697,0.014488,0.014488,0.018185,0.981815
182,4646737653138437262079866979167515682324029521366613887,24,632,632,0.010966,0.010966,0.0,0.010966,0.989034
182,5244063665198047536361296769370401123699361439281027921,24,406,403,0.004244,0.01829,0.01829,0.022534000000000002,0.977466
182,5043512217423355819857280369022042682912863299358815427,24,588,588,0.004482,0.004482,0.0,0.004482,0.995518
182,5381424364337562423689277556082862960704173067855407963,24,416,413,0.035006,0.010971,0.010971,0.045977000000000004,0.954023
182,5605622646710231703717995108618170373087268192211651819,24,486,451,0.001808,0.004407,0.043907999999999996,0.04571599999999999,0.954284
182,5372876402521245557172885073810823234220306537484862171,24,555,530,0.0031330000000000004,0.00211,0.035380999999999996,0.03851399999999999,0.9614860000000001
182,5193787393634226710856637245122360855837884143711668923,24,430,426,0.002817,0.009997,0.010648000000000001,0.013465000000000001,0.986535
182,4901526449801380100603842024908873735304969564340783837,24,576,546,0.013603,0.001086,0.054316,0.06791900000000001,0.9320809999999999
182,6116842254080121661991651815972543754648149039661461711,24,552,543,0.021007,0.003183,0.006791,0.027798000000000003,0.972202
182,4848300292233620118117558303318082764588214458439723993,24,716,703,0.004505,0.003224,0.014295,0.0188,0.9812
182,5455870824923288995533498136798277725990387457579154641,24,392,392,0.00211,0.00211,0.0,0.00211,0.99789
182,3785938512649873423258671464276287016184708730225383793,24,424,412,0.012885,0.026115,0.050233999999999994,0.063119,0.936881
182,4491160981645514588938837869554023508980963008773065231,24,596,596,0.003072,0.003072,0.0,0.003072,0.996928
183,9166723778901347230936039451531749253767512951187044911,24,358,358,0.015801,0.015801,0.0,0.015801,0.984199
183,10455930224123599063565031820487918262028421842464564737,24,976,976,0.017516999999999998,0.017516999999999998,0.0,0.017516999999999998,0.982483
183,7427674099806058459503172382903188275128363209564310927,24,365,365,0.019794,0.019794,0.0,0.019794,0.980206
183,10617285421144533269412481609230267820807269357289585027,24,495,495,0.007611,0.007611,0.0,0.007611,0.992389
183,11010471763583359046491348791311818146317648218012267883,24,592,591,0.001343,0.003726,0.003726,0.005069000000000001,0.994931
183,10332376251302120495254834326196282275734767686242549761,24,391,371,0.009068,0.003986,0.041883000000000004,0.050951,0.949049
183,11749977713551691032971054523891664935137255323436579743,24,635,635,0.009706,0.009706,0.0,0.009706,0.990294
183,10038010870002094481651798134300472801725442018653785307,24,522,486,0.008038,0.007176,0.06272499999999999,0.07076299999999999,0.929237
183,10982511715433447835689163250582120464921150302579077343,24,407,407,0.004774,0.004774,0.0,0.004774,0.995226
183,8953983959087052116701047035345005923200525137226524679,24,574,543,0.009032,0.006646,0.018858,0.027889999999999998,0.97211
183,8876846022270762570247578740470934525848460110861548643,24,716,706,0.011334,0.004166,0.004166,0.0155,0.9845
183,7272641689296160343480501161670052491504793391277318831,24,468,468,0.01011,0.01011,0.0,0.01011,0.98989
183,12244318449419593826201370835952825834440723200097525199,24,587,585,0.004707,0.003102,0.003102,0.007809,0.992191
183,11599990885992088420849467859622548958581504884697039151,24,534,523,0.000812,0.002796,0.009153,0.009965,0.990035
183,7605813317180000005669607627882043830747996242518578099,24,601,601,0.005637,0.005637,0.0,0.005637,0.994363
183,12182702859135303445823465643541896884548888148712896953,24,386,386,0.003657,0.003657,0.0,0.003657,0.996343
183,9709983608535670096749131929304035374023228870737229987,24,528,516,0.000804,0.012026,0.012026,0.012830000000000001,0.98717
183,10464773632474194098893561476862794550508738502141675107,24,606,606,0.001488,0.001488,0.0,0.001488,0.998512
183,9586059037733377655369346899873870070324449037164235107,24,359,359,0.009008,0.009008,0.0,0.009008,0.990992
183,9699446562764165401251791317533912674237385429964214831,24,440,433,0.008578,0.003012,0.008154999999999999,0.016732999999999998,0.983267
184,18626849292167387044123969723309390925329349903285206507,24,405,383,0.005626,0.005914,0.018944,0.024569999999999998,0.97543
184,18804282751054831530309800753579061511332519271103678431,24,554,554,0.005462,0.005462,0.0,0.005462,0.994538
184,18252028929067861875789984563223162861221576906848127717,24,664,664,0.001079,0.001079,0.0,0.001079,0.998921
184,24181446627067838775417564967666980419690582548365581197,24,507,507,0.005292,0.005292,0.0,0.005292,0.994708
184,23005878760564119588403003965951554728473230184759392953,24,637,605,0.004553,0.000797,0.014985000000000002,0.019538,0.980462
184,23936510072986768214421716184424106299398221539866239897,24,504,500,0.011109999999999998,0.003177,0.003177,0.014286999999999998,0.985713
184,16234034926709714462589794505359125056267838558020716281,24,674,664,0.000718,0.001814,0.001814,0.002532,0.997468
184,23428690111692592128116212619775791367144015582938967239,24,463,456,0.017206,0.014899,0.023823,0.041028999999999996,0.958971
184,18912759825437398136803515023873579742325104166174841671,24,487,487,0.004634,0.004634,0.0,0.004634,0.995366
184,19927044154018425176840956388997557677674288593187597089,24,444,444,0.002022,0.002022,0.0,0.002022,0.997978
184,19536799308159701904048108852677303754701680967104128127,24,467,451,0.003084,0.004786,0.007438,0.010522,0.989478
184,19071823677149723706403511825275713145306081300414131937,24,611,608,0.001286,0.000839,0.000839,0.002125,0.997875
184,20612269609108741202241460271673864594887702871452882101,24,472,461,0.003482,0.004002,0.010516000000000001,0.013998,0.986002
184,18920239559229041789878510751170285007946834591953601329,24,707,689,0.010441,0.000685,0.022937000000000003,0.033378000000000005,0.966622
184,22611644979880324889689047625329907958432993333469481211,24,423,423,0.010686999999999999,0.010686999999999999,0.0,0.010686999999999999,0.989313
184,22464664451229199112637114050957084764371480284978460343,24,438,427,0.002202,0.002649,0.0034349999999999997,0.005637,0.994363
184,20229563940142821382398535762812188204560973744420706551,24,554,554,0.002273,0.002273,0.0,0.002273,0.997727
184,14302906747822375527736225805395822106070407268478927343,24,463,463,0.003218,0.003218,0.0,0.003218,0.996782
184,22648934796018516144639607669733048190885481628018590453,24,502,495,0.002987,0.003588,0.003588,0.006575,0.993425
184,15697907949934382447029781871211500370846936672724531567,24,482,463,0.00296,0.002342,0.018621000000000002,0.021581000000000003,0.978419
185,39302817494925418904731805103331681348585472258348444957,25,627,624,0.00602,0.014104,0.014104,0.020124,0.979876
185,39163563717688705635413025356219451066821712937228964227,25,522,519,0.010964,0.001796,0.0025470000000000002,0.013511,0.986489
185,43686826810459062412827238710551696728616518667617692019,25,620,600,0.004012,0.000569,0.016798,0.020810000000000002,0.97919
185,44530085274113978279620207534979690950635532686975502813,25,358,358,0.02506,0.02506,0.0,0.02506,0.97494
185,43570715964626102904381136448155751424171061828655209841,25,511,503,0.003803,0.007969,0.007969,0.011772000000000001,0.988228
185,42847627148824300921093636376913601640563740728623558181,25,766,764,0.001747,0.00137,0.00137,0.003117,0.996883
185,32083703321789764487338768250718421793945445188847533027,24,724,709,0.005784,0.003285,0.0071140000000000005,0.012898,0.987102
185,33014805666036752589259540494640708288963751747621341763,25,580,580,0.004839,0.004839,0.0,0.004839,0.995161
185,41464335276070540341399584119313180727925975932568415057,25,443,411,0.0028289999999999995,0.00111,0.012534999999999998,0.015363999999999997,0.984636
185,33861582902426483337301296118131448522568614203251711863,25,482,476,0.00262,0.004671,0.00874,0.011359999999999999,0.98864
185,46071639138339644800558097284225066199315293701982806079,25,869,869,0.002402,0.002402,0.0,0.002402,0.997598
185,37936033159136473000212002322269943296231496368568922549,25,391,391,0.002269,0.002269,0.0,0.002269,0.997731
185,48350569892826986379872186809679223015058022521047573871,25,531,531,0.021033,0.021033,0.0,0.021033,0.978967
185,41198097084082663709570476103319690345818375254249026263,25,455,455,0.005195,0.005195,0.0,0.005195,0.994805
185,45101352016751018053319721236302099399595057715497241929,25,497,471,0.002295,0.001182,0.005077,0.007372,0.992628
185,42065769993861888778368368385451592776021006938027669583,25,914,914,0.00649,0.00649,0.0,0.00649,0.99351
185,41907847300045853777854516119774591215451371041706482459,25,656,656,0.007991,0.007991,0.0,0.007991,0.992009
185,48828218167552081470122749610887068068091405463826001571,25,429,429,0.012828,0.012828,0.0,0.012828,0.987172
185,41321776714362126833330727735907708762522999908493584631,25,507,500,0.006511,0.003016,0.003016,0.009527,0.990473
185,45383217518804476499152706989070758316114620859553366943,25,365,365,0.016616,0.016616,0.0,0.016616,0.983384
186,91860233843352511299828307727646362358888480420031170413,25,666,666,0.009216,0.009216,0.0,0.009216,0.990784
186,80310109483483183267313583353855043236387938949945913511,25,366,366,0.022828,0.022828,0.0,0.022828,0.977172
186,80341684383462084364790814145428006802552449749708478169,25,644,644,0.002895,0.002895,0.0,0.002895,0.997105
186,94274586636737974618847930138230885567012445571032348059,25,563,562,0.002682,0.00502,0.00502,0.0077020000000000005,0.992298
186,85286064753422311838018802719562606418460845712040300179,25,456,456,0.015218,0.015218,0.0,0.015218,0.984782
186,95824663807095715873047831217240459086791279500036727837,25,557,557,0.004908,0.004908,0.0,0.004908,0.995092
186,80600641280005619173439191411717632606164953443740925413,25,666,666,0.000992,0.000992,0.0,0.000992,0.999008
186,53363439485857552435882838625033101776848292903405327631,25,486,486,0.003633,0.003633,0.0,0.003633,0.996367
186,84360977267528679389916660229858829202359730331725108419,25,608,578,0.008384,0.007157,0.007157,0.015541000000000001,0.984459
186,79840201135431317961751024566665709261061070004618876607,25,415,399,0.002366,0.007368,0.007368,0.009734,0.990266
186,86866046861802039662583542752660385034769683216166980061,25,705,705,0.004321,0.004321,0.0,0.004321,0.995679
186,86323619254797487920466332795791126216445907418620989923,25,549,527,0.003467,0.000367,0.006402000000000001,0.009869000000000001,0.990131
186,96229941655765770007029825039522376331365113196946498957,25,456,456,0.00228,0.00228,0.0,0.00228,0.99772
186,68612351526722038739277226442469049931568086799744053797,25,516,483,0.009694,0.006069,0.03271700000000001,0.04241100000000001,0.957589
186,68105415306841011876975324285506148265126787018204059721,25,698,698,0.007428,0.007428,0.0,0.007428,0.992572
186,82153452353776642549718572430278706898613500637862573111,25,591,591,0.005734,0.005734,0.0,0.005734,0.994266
186,58260742770043455753114412466166256900662844348827175237,25,675,669,0.002196,0.003192,0.003192,0.005388,0.994612
186,92398084669964916514251013016603556504210733394779182767,25,387,362,0.002331,0.015804,0.057395999999999996,0.059726999999999995,0.940273
186,85070111672001330371958789558357340118850688442337853217,25,418,418,0.004027,0.004027,0.0,0.004027,0.995973
186,77006883355586853676151730714225091231991247740864640619,25,452,452,0.020029,0.020029,0.0,0.020029,0.979971
187,185702567469454758545522669141358609758902348939813864093,25,552,552,0.004684,0.004684,0.0,0.004684,0.995316
187,179941892859217785606681885687143742888315889414346363689,25,1050,1050,0.001135,0.001135,0.0,0.001135,0.998865
187,181526373319561920706249179904543072763946711556143801553,25,556,556,0.009729,0.009729,0.0,0.009729,0.990271
187,167429568427479950155810682841163388259872915659211758439,25,440,428,0.003172,0.002333,0.002333,0.0055049999999999995,0.994495
187,186979504018673334316662054121094588580490052795915527519,25,598,594,0.008331,0.001767,0.001767,0.010098,0.989902
187,145169698815553753950995436308896640554249031871232995529,25,616,616,0.002952,0.002952,0.0,0.002952,0.997048
187,189461310023527313299690027067741970827568893636258377063,25,791,791,0.002069,0.002069,0.0,0.002069,0.997931
187,195549547224884539368396804380565596304971046728434683161,25,445,439,0.003883,0.002988,0.002988,0.006871,0.993129
187,178245846474078559274688392189915797290638577194576694293,25,467,467,0.010362,0.010362,0.0,0.010362,0.989638
187,140252436907018775044357018689165543420042260373871440727,25,544,532,0.001399,0.001873,0.012062,0.013461,0.986539
187,192105990641511042361486580149859043063803753731838318981,25,861,825,0.007481,0.00418,0.033767000000000005,0.04124800000000001,0.958752
187,178454889426021172984526500874394848133697897783899319511,25,1017,996,0.031043,0.00624,0.006828,0.037871,0.962129
187,147793902755095806954444489354226029687835800736294743133,25,654,654,0.011119,0.011119,0.0,0.011119,0.988881
187,181066564675332279473924972484406057203667755771628163519,25,433,427,0.005747,0.003063,0.003063,0.00881,0.99119
187,168818801318777087057170297997195516793375607488939767557,25,507,472,0.004909,0.002114,0.012454000000000002,0.017363000000000003,0.982637
187,163084686989748233415040348211861253938756903626114968719,25,430,430,0.002429,0.002429,0.0,0.002429,0.997571
187,188075731576689556162612507442726713223245640460883288489,25,608,600,0.00577,0.004196,0.010693000000000001,0.016463000000000002,0.983537
187,132226185708852638537764772743714220747210366978910886177,25,497,492,0.001737,0.004386,0.005907,0.007644,0.992356
187,194698576701919400115040833966319106090888842928840082833,25,487,487,0.002045,0.002045,0.0,0.002045,0.997955
187,125253423035716542158322394161648453041038946552062725559,25,507,507,0.002465,0.002465,0.0,0.002465,0.997535
188,314224750521702231589078779205748577487125730214151848227,25,477,477,0.013991,0.013991,0.0,0.013991,0.986009
188,214725867801677657763150716044378228025925022271604157093,25,381,381,0.003049,0.003049,0.0,0.003049,0.996951
188,337786569927761505444410838242068306234426938889367376089,25,438,438,0.041431,0.041431,0.0,0.041431,0.958569
188,360223106477640603715939086025088234494108141240755800321,25,461,461,0.00167,0.00167,0.0,0.00167,0.99833
188,374124987525817520307508964115960865602386918837898179827,25,671,671,0.028287,0.028287,0.0,0.028287,0.971713
188,361989780913006793919620222968747185160737595989089084909,25,463,454,0.0023260000000000004,0.00058,0.00843,0.010756,0.989244
188,317559581118592945343728270732523067627215982144611637637,25,424,409,0.005452,0.009512,0.013137,0.018589,0.981411
188,379999621526733814982174866558604085395375086537465979591,25,411,411,0.000885,0.000885,0.0,0.000885,0.999115
188,366021560344730588643709636731405132352498915207181378779,25,433,433,0.010027,0.010027,0.0,0.010027,0.989973
188,387944003533460640819952009732254475678414088984486177033,25,657,657,0.000935,0.000935,0.0,0.000935,0.999065
188,374845489005902740783352118914562105030081362850475258007,25,684,681,0.001485,0.005348,0.005348,0.0068330000000000005,0.993167
188,386515816923087548415772467909907858268131406963172669599,25,549,548,0.014357,0.002023,0.002023,0.01638,0.98362
188,221106737983069547058303874626625601611876932304469714993,25,470,470,0.004489,0.004489,0.0,0.004489,0.995511
188,240210128646608330322236250926839186745574038027417949109,25,557,555,0.009957,0.001423,0.001423,0.011380000000000001,0.98862
188,318351913440867881282887107239336403432896585513539162139,25,495,473,0.008189,0.002269,0.006312,0.014501,0.985499
188,378635620380227758123177463104203120047480633879439638329,25,474,474,0.005034,0.005034,0.0,0.005034,0.994966
188,319199732197973078769687558220972231917492453889455575179,25,475,475,0.008557,0.008557,0.0,0.008557,0.991443
188,381980473612089531334196860824416470009021634012423067737,25,457,457,0.002718,0.002718,0.0,0.002718,0.997282
188,256586033541357135375485125099595006467144223152458416503,25,378,378,0.014074,0.014074,0.0,0.014074,0.985926
188,353636550421510722509208696720104070107782240230147107101,25,526,526,0.00479,0.00479,0.0,0.00479,0.99521
189,408589902288642681578344276763041902416284671692080986377,25,440,407,0.001378,0.005408,0.028085,0.029463,0.970537
189,646628678273258141372517202145221034603557799378124614201,25,559,559,0.000901,0.000901,0.0,0.000901,0.999099
189,592635606571861287284224295593110454631652264655249578353,25,530,528,0.001145,0.000859,0.000859,0.0020039999999999997,0.997996
189,650208432524537748605744087782608274999617116493579199513,25,627,618,0.002718,0.002056,0.003823,0.006541,0.993459
189,599419609079700662276957964472775050611343385405910300163,25,797,783,0.003378,0.000822,0.0074789999999999995,0.010856999999999999,0.989143
189,591139658903332237066666950704418695507871569867166356959,25,517,517,0.003344,0.003344,0.0,0.003344,0.996656
189,759303095841708533868206131077305245572712516145789616107,25,440,440,0.011394,0.011394,0.0,0.011394,0.988606
189,723374087894581884780114042666006439305170047096296570421,25,441,420,0.000941,0.003183,0.0067670000000000004,0.0077080000000000004,0.992292
189,642089268364349919722039425710377324200681378773618660631,25,544,544,0.001548,0.001548,0.0,0.001548,0.998452
189,493458509028245692711455247191997853201057771326056542803,25,816,801,0.049506,0.006665,0.006665,0.056171,0.943829
189,775267771444101410063934578993845769575953505357992661799,25,822,822,0.006384,0.006384,0.0,0.006384,0.993616
189,525214235994067347101638348805237964788334546789415420243,25,655,648,0.000788,0.000568,0.000568,0.001356,0.998644
189,510228484199873332122049098813102378921923672052464278333,25,443,443,0.011955,0.011955,0.0,0.011955,0.988045
189,630121824338129668949919059009823882545840337934822277567,25,715,699,0.016397,0.001336,0.012418,0.028815,0.971185
189,755634779781799121353112557954459602771587484582257255551,25,411,411,0.000853,0.000853,0.0,0.000853,0.999147
189,612172740703460905652990412541931502012476806243188854431,25,635,629,0.001768,0.001873,0.008128,0.009896,0.990104
189,530704707601162495384297467780173501132805319654798984003,25,458,433,0.006457,0.003926,0.008616,0.015073,0.984927
189,756916004872319657418986856461653189263814971681663763573,25,577,572,0.010917,0.008079,0.008079,0.018996,0.981004
189,490921607897052107753246264180398217237973784027521089099,25,450,445,0.001443,0.006134,0.010237,0.01168,0.98832
189,767702133245506513310164240704062695141079949461903447479,25,508,499,0.004822,0.001498,0.004139,0.008961,0.991039
190,1107697980005560535935691181882881481298971577503883545431,25,513,511,0.005789,0.003511,0.003511,0.0093,0.9907
190,1447718595714448727207173851527167403200700108585820235931,25,401,401,0.02267,0.02267,0.0,0.02267,0.97733
190,1067595819970828694093593212927706218036137678171084438953,25,506,479,0.006953,0.004318,0.031465,0.038418,0.961582
190,1236956916814563958009976698763228455869309463346857145209,25,444,424,0.002704,0.002245,0.035277,0.037981,0.962019
190,1303595662239872394152630143462469139534875953977955173719,25,959,953,0.008452,0.003878,0.00864,0.017092,0.982908
190,1436728764183159269584547372484560757421757510937607299719,25,426,426,0.009977,0.009977,0.0,0.009977,0.990023
190,1358738873900145804437909196195927584579190583894624729549,25,522,518,0.009505,0.005844,0.005844,0.015349,0.984651
190,1309414713325066973570726305039978280113478833538624990717,25,689,689,0.000807,0.000807,0.0,0.000807,0.999193
190,1119233946195882068749589393936438955574244336504433599743,25,534,534,0.012712,0.012712,0.0,0.012712,0.987288
190,1391390333131732070825024754648255205953706845753859235761,25,876,876,0.003969,0.003969,0.0,0.003969,0.996031
190,1219405195991088602219964475590713847204090579216876133247,25,688,688,0.005097,0.005097,0.0,0.005097,0.994903
190,1285952433782265124699401960911465263241667818151785942989,25,502,469,0.01074,0.002211,0.024372,0.035112000000000004,0.964888
190,936281692826227408663886118472398327211075139996831483807,25,467,460,0.007567,0.001431,0.001431,0.008997999999999999,0.991002
190,1495152348884655255748854019985088902044523205603769307549,25,506,506,0.005186,0.005186,0.0,0.005186,0.994814
190,1543054376408543181151756345226381442258117792563593031941,25,481,481,0.005799,0.005799,0.0,0.005799,0.994201
190,1197900039859831281860297786593556759105357856705065296097,25,369,369,0.020325,0.020325,0.0,0.020325,0.979675
190,1325762643789188253480076014106355323863094856768820242033,25,414,414,0.025863,0.025863,0.0,0.025863,0.974137
190,1549503894836788136271053205345052692884272523599834807513,25,515,513,0.007284,0.011229000000000001,0.011229000000000001,0.018513,0.981487
190,1371820001327266974371651800423316814650750283162857664521,25,384,384,0.022175,0.022175,0.0,0.022175,0.9778249999999999
190,1319759631078608755615705806993244756656084597458744780879,25,521,500,0.003224,0.00183,0.013574,0.016798,0.983202
191,2180877054471620294689724695606846212849552332318992940407,25,497,497,0.009865,0.009865,0.0,0.009865,0.990135
191,1606385381360148813307516689773707722363849418834436678389,25,418,418,0.002957,0.002957,0.0,0.002957,0.997043
191,2738991831553984659353836548560279154535043688289688027603,25,465,458,0.002923,0.002847,0.004607,0.00753,0.99247
191,2021640631374636353782008830324840969777513038468864748759,25,652,648,0.001388,0.002098,0.002098,0.003486,0.996514
191,2105598972222103150968007207241144213000505023620025661667,25,422,422,0.002287,0.002287,0.0,0.002287,0.997713
191,2954552227750152336095183292848417913001395070298811029879,25,615,609,0.004555,0.00049,0.00049,0.005045,0.994955
191,2604823021534871940153658516882468145972589783978202484923,25,499,499,0.007491,0.007491,0.0,0.007491,0.992509
191,2697799617327879157081712621189446951709202892838110789249,25,1093,1093,0.011645,0.011645,0.0,0.011645,0.988355
191,2749750578464362511041140809468842163052814508247072125809,25,709,702,0.000419,0.001293,0.001293,0.001712,0.998288
191,2810254725646498720414994000029322939731083303115400227283,25,624,595,0.002866,0.001624,0.014098999999999999,0.016964999999999997,0.983035
191,2919723125927389511356972449231841889026550065177689782341,25,632,606,0.015325,0.002787,0.030761,0.046086,0.953914
191,2384759410471810319375657922573509817577252181814221416381,25,543,543,0.01266,0.01266,0.0,0.01266,0.98734
191,2870902859138464144898136609805487079043674281379484515257,25,565,564,0.002553,0.001188,0.001188,0.0037410000000000004,0.996259
191,2531428612228677358426023750691561085464553004835817283823,25,685,685,0.004278,0.004278,0.0,0.004278,0.995722
191,2569199376454128229458263634674647272803671413063904093681,25,483,469,0.002966,0.002822,0.004884,0.00785,0.99215
191,2077139403037075257284520813457747381680630617898050789129,25,582,582,0.005093,0.005093,0.0,0.005093,0.994907
191,2599527300982831600647840629042688948539972657946504879419,25,743,739,0.004222,0.001437,0.001437,0.005659,0.994341
191,2939945259852704861237884063321703407639606324099970984489,25,520,520,0.011543999999999999,0.011543999999999999,0.0,0.011543999999999999,0.988456
191,2806787067261975292631801717103764100516337005958274854877,25,907,904,0.003137,0.001113,0.004352,0.007489,0.992511
191,3102854422286895681399386946361481173908793767638701190957,25,535,535,0.009452,0.009452,0.0,0.009452,0.990548
192,6053136549975215707114861824618604186550967571524618556511,25,587,574,0.007415,0.007786,0.012872000000000001,0.020287,0.9797130000000001
192,5772223899679240100865858833866067485733365743633882768503,25,429,417,0.002286,0.008377,0.028002,0.030288,0.969712
192,4939008137476552065240184537828644764133517214756158762829,25,496,490,0.004215,0.005717,0.014877,0.019091999999999998,0.980908
192,6212435194276394115763543059243494938563033646586224859629,25,574,559,0.004366,0.003504,0.013205000000000001,0.017571000000000003,0.982429
192,3874204338182140753502701838530384426297759523506113427483,25,628,628,0.006885,0.006885,0.0,0.006885,0.993115
192,3347208880492337566130653746802735549578109517894379499733,25,785,784,0.006482,0.001849,0.001849,0.008331,0.991669
192,4306083721119286908591380042584606571729048503575164227711,25,507,496,0.004376,0.005069,0.014658999999999998,0.019034999999999996,0.980965
192,5163763031624406920207830805702663059843081289928205028959,25,626,626,0.004564,0.004564,0.0,0.004564,0.995436
192,6130364660359904866071451106195076205876004972250032444803,25,494,494,0.000981,0.000981,0.0,0.000981,0.999019
192,6254696907579855069014156880599952401895926775151729298633,25,580,580,0.0053419999999999995,0.0053419999999999995,0.0,0.0053419999999999995,0.994658
192,4873661477686905481674696353544486097679453418713697857441,25,1093,1093,0.005188,0.005188,0.0,0.005188,0.994812
192,5412175546964427994074789034451167835889491793324688758467,25,799,789,0.001671,0.002199,0.0035919999999999997,0.0052629999999999994,0.994737
192,5910884209390437413999109263981667425861292837036749005609,25,578,576,0.002803,0.002545,0.002545,0.005348,0.994652
192,4621285287029859947459316813570982113322073918209718266019,25,559,559,0.007392,0.007392,0.0,0.007392,0.992608
192,5696283951894185144007889520249234417647198158940715431933,25,440,440,0.006344,0.006344,0.0,0.006344,0.993656
192,3683958575511235413756595798246241035800834295791075521963,25,463,463,0.007235,0.007235,0.0,0.007235,0.992765
192,4468006165118885684913086683109597497945491118316503789123,25,1043,1002,0.004867,0.002543,0.02715200000000001,0.032019000000000006,0.967981
192,5488497809815368048793079212529624026388526869419621039691,25,562,550,0.002892,0.002203,0.031399,0.034291,0.965709
192,5659542164522658766094858453465847140623734081033257305487,25,457,457,0.003671,0.003671,0.0,0.003671,0.996329
192,6149807903410653285967321465976396749348286539647506887699,25,638,635,0.009898,0.007561,0.007561,0.017459000000000002,0.982541
193,9905013207931875527529191960135739218017812814063208578531,25,663,629,0.006623,0.002912,0.021598000000000006,0.028221000000000006,0.971779
193,10100483858506872648422975068896319443064533148276380832169,25,694,674,0.003377,0.004531,0.015487,0.018864,0.981136
193,11663540999446197162723452607497563376895758675776898312369,25,546,534,0.01184,0.015553,0.020142,0.031982,0.968018
193,10897749645060145624874358483865606849691424744321528304937,25,565,562,0.003701,0.000622,0.00141,0.005111,0.994889
193,10565624405515099844116517970763527091130891790570283157137,25,488,488,0.021112,0.021112,0.0,0.021112,0.978888
193,12070921450587575263287627747872390786879378063838490617043,25,697,697,0.003565,0.003565,0.0,0.003565,0.996435
193,9664634974777947645604027278555623329607100282762834013441,25,509,509,0.007919,0.007919,0.0,0.007919,0.992081
193,12322960193874180073992358693327396906594292112230707610489,25,648,614,0.0014089999999999999,0.000597,0.016484,0.017893,0.982107
193,8099708654360452993215966572101668396566826381629301683063,25,608,570,0.018288,0.009465,0.053177999999999996,0.071466,0.928534
193,11214351833369361189026414622248506634769198922661651441293,25,527,527,0.006832,0.006832,0.0,0.006832,0.993168
193,9128073803947130372484141505624445498586637123573747380151,25,441,441,0.004407,0.004407,0.0,0.004407,0.995593
193,11312813665303613237304198878301422628970319071234047845347,25,719,700,0.000834,0.000355,0.000942,0.001776,0.998224
193,11023902979621732752907862575267849055507922142544485438789,25,571,562,0.00117,0.002265,0.005472,0.006642,0.993358
193,11262927042730954176015822824963334235937052626560568007419,25,567,567,0.001613,0.001613,0.0,0.001613,0.998387
193,10857095320997612707420637232964945337144528989105797131153,25,816,816,0.002599,0.002599,0.0,0.002599,0.997401
193,10494271519339392909894195833014476236187539413566084429379,25,584,584,0.002259,0.002259,0.0,0.002259,0.997741
193,12278064626184964589595523842860542425676931971855436832259,25,610,610,0.002395,0.002395,0.0,0.002395,0.997605
193,8482872608322654051369609585269639790901351219221511846733,25,497,497,0.005918,0.005918,0.0,0.005918,0.994082
193,7306887098618586073076594877395470343989113832174839245017,25,574,555,0.004048,0.002103,0.002103,0.006151,0.993849
193,12409265929614063311478379725438459124196359168832063103151,25,479,478,0.009245,0.010643,0.010643,0.019888,0.980112
194,20683260459467499029277828805303888053838228828420773810227,25,676,674,0.00114,0.00229,0.00229,0.00343,0.99657
194,21350469721329597074134362589876985354717072338210358108849,26,398,398,0.00908,0.00908,0.0,0.00908,0.99092
194,18942954816325570836124528681131878336599202626159580306777,25,469,463,0.003983,0.004539,0.007677999999999999,0.011661,0.988339
194,24458941949583565962792372221933150989311549041638920536113,26,689,675,0.004885,0.001439,0.016178,0.021063000000000002,0.978937
194,21076672769905977070352813226874932564034530295953191284753,25,535,535,0.001558,0.001558,0.0,0.001558,0.998442
194,22249362777783306049117932825890593656249535237757916625729,26,442,418,0.006298,0.002881,0.005886,0.012184,0.987816
194,23203422452949787679074210878498136594954609999835899906157,26,610,603,0.003612,0.002337,0.003981,0.007593000000000001,0.992407
194,20868115815896194713106525621357671273079634596135616425361,25,625,619,0.002531,0.005444,0.013353,0.015884,0.984116
194,23192686299066524320738010687390362447126038875074169556253,26,613,605,0.002523,0.001779,0.01206,0.014582999999999999,0.985417
194,22340054129412896419322214973520037370083718012993281910367,26,418,418,0.001102,0.001102,0.0,0.001102,0.998898
194,23181673086820734631906360554899103585708564817833096064921,26,1289,1289,0.004973,0.004973,0.0,0.004973,0.995027
194,24582599091151675799091021479482934414662039688624223437687,26,426,426,0.001518,0.001518,0.0,0.001518,0.998482
194,25065435242975997360701202808292864499688676903327335870541,26,495,495,0.00375,0.00375,0.0,0.00375,0.99625
194,18390454080376419958677765335623388001794346466558675435283,25,548,544,0.003223,0.001686,0.001686,0.004909,0.995091
194,22922786508061659363842923473806512470282966011733435851431,26,1073,1042,0.000156,0.00026,0.000694,0.00085,0.99915
194,17061387184720152302891304554226083544383293835520188213651,25,467,443,0.024981,0.002424,0.057276999999999995,0.082258,0.9177420000000001
194,18618516616598255372519874377476542080222536021373325270311,25,464,464,0.022504,0.022504,0.0,0.022504,0.977496
194,21282237135538130116514856262480953933294724963389201954481,26,554,551,0.002761,0.00435,0.00435,0.007110999999999999,0.992889
194,20522969516655873169000695377445575228468042248954518479057,25,565,536,0.001519,0.000434,0.008946,0.010465,0.989535
194,14989350088210543607482262847185984320363092765497004877451,25,647,639,0.001572,0.001611,0.001611,0.003183,0.996817
195,43040604789452163741387408621112136409598757059035661677893,26,584,578,0.010049,0.00386,0.007154000000000001,0.017203000000000003,0.982797
195,49088991794939140574010539690236171966040109026993415914269,26,445,442,0.024949,0.020196,0.020196,0.045145,0.954855
195,48300749567102905436273718192442740995408307546941115427897,26,494,482,0.008779,0.007614,0.007614,0.016393,0.983607
195,48906073225085902924815189872988257194974124450370814611651,26,421,421,0.009347000000000001,0.009347000000000001,0.0,0.009347000000000001,0.990653
195,36863086582293400960306820600939234657564365893479938560799,26,734,706,0.00045200000000000004,0.001262,0.005834,0.006286,0.993714
195,39520094337921324612196662792851626492332520911673811699729,26,885,885,0.001061,0.001061,0.0,0.001061,0.998939
195,48712327583936410948919472729136236367597407084610635272833,26,458,458,0.000888,0.000888,0.0,0.000888,0.999112
195,40655326120160876332407096732056168721873529846326635963177,26,449,435,0.002321,0.002805,0.010382000000000002,0.012703000000000002,0.987297
195,49535766793358394398954575009134138350900646325935636614543,26,585,573,0.02903,0.00258,0.008951,0.037981,0.962019
195,41862719142251391308296850055406978004299551713109836123227,26,582,576,0.002726,0.002191,0.002191,0.0049169999999999995,0.995083
195,39425775947292327135017849550127493358385136125831647180659,26,469,456,0.004802,0.011425,0.011425,0.016227,0.983773
195,40030915462863037646967083275653053673838289093488559065567,26,612,598,0.007520000000000001,0.008203,0.008203,0.015723,0.984277
195,40570734708690516020996671408225641495385595046735671957119,26,459,459,0.007252,0.007252,0.0,0.007252,0.992748
195,40934085183179492462123851985126002111578252845347853305697,26,486,486,0.046698,0.046698,0.0,0.046698,0.953302
195,35128682060529629825193792168573153198841552039371874266881,26,455,446,0.001572,0.001139,0.001139,0.002711,0.997289
195,33386520498533519946398383478624977467807699443830033789513,26,580,580,0.006646,0.006646,0.0,0.006646,0.993354
195,40141148770606288794672640695647670636575757821310805897243,26,516,516,0.005911,0.005911,0.0,0.005911,0.994089
195,40490518455055723132909066555944613680023787528271085543291,26,564,564,0.010247,0.010247,0.0,0.010247,0.989753
195,47614627301874134935455529116186115164906112363136503150483,26,654,654,0.005834,0.005834,0.0,0.005834,0.994166
195,34473817038037491202068900808519350419613875057302440357481,26,602,602,0.000439,0.000439,0.0,0.000439,0.999561
196,95168415107121660560916881793289203952418490854465168975321,26,685,685,0.0013,0.0013,0.0,0.0013,0.9987
196,90009791547499984548910278716753576073152720702817059055901,26,511,498,0.01826,0.013751,0.013751,0.032011,0.967989
196,87459073763838296701927301523704259554148918532862184975629,26,551,551,0.005762,0.005762,0.0,0.005762,0.994238
196,70309503501777340343079821334567642537559966663221390472973,26,501,477,0.003165,0.014098,0.031328999999999996,0.034494,0.965506
196,95305038515393842196007534454562012255827385548443606952501,26,605,597,0.001072,0.001321,0.0076430000000000005,0.008715,0.991285
196,82858880649466251495449216071414702109906561191821038787641,26,397,397,0.006429,0.006429,0.0,0.006429,0.993571
196,97083793852684433813008089400054003385653724507596918274297,26,684,663,0.0007440000000000001,0.001288,0.007932999999999999,0.008676999999999999,0.991323
196,99466774561138218293682307547255032274447325955533021392447,26,486,486,0.004617,0.004617,0.0,0.004617,0.995383
196,62333097639089791343889610479116623630492359496474506120427,26,844,829,0.00184,0.001489,0.011988000000000002,0.013828000000000002,0.986172
196,98202769533374705029605057892210661368086364721024686834069,26,593,593,0.002197,0.002197,0.0,0.002197,0.997803
196,76205915167282914218102341674425274873438928127960827493699,26,787,784,0.010731,0.004872,0.004872,0.015602999999999999,0.984397
196,99735781901275954167800573841902347907225001572434442739617,26,680,680,0.005539,0.005539,0.0,0.005539,0.994461
196,75523924234554614323219474180414139839611222725124775536109,26,469,469,0.006897,0.006897,0.0,0.006897,0.993103
196,98856416133856584127753735193005691636012090201233990732729,26,443,428,0.002979,0.007611,0.012013,0.014991999999999998,0.985008
196,74465721503975476013420915082380026622357493970492148475923,26,621,621,0.007245,0.007245,0.0,0.007245,0.992755
196,93695083979722113939155057731935369089046162236564738423191,26,541,537,0.001648,0.004218,0.004218,0.0058660000000000006,0.994134
196,77879392079591903526474505876698267670805166486636028530899,26,494,472,0.004658,0.001945,0.001945,0.0066029999999999995,0.993397
196,84229306643800747300264590699152695007580757244203842094811,26,552,552,0.016506,0.016506,0.0,0.016506,0.983494
196,94030668663190317444347187347006250211939496898445186865789,26,840,817,0.000554,0.001245,0.003136,0.0036899999999999997,0.99631
196,100248369583162082393739261464041339014101482772776091948201,26,438,431,0.002814,0.004057,0.006515,0.009329,0.990671
197,167659105655698882339508182915480992256595774433903924122623,26,1544,1534,0.002185,0.000715,0.004326,0.006510999999999999,0.993489
197,122449747198975822084132001235051055769374123302428745305941,26,652,652,0.003527,0.003527,0.0,0.003527,0.996473
197,157771390213784769025733801475620067885551276043484431320057,26,522,522,0.005603,0.005603,0.0,0.005603,0.994397
197,195362636325845913268639913567995093493514004135984307800363,26,573,551,0.017147,0.00086,0.049107000000000005,0.06625400000000001,0.933746
197,160328182105787324869078655378810538500450812696259544941773,26,496,496,0.02396,0.02396,0.0,0.02396,0.97604
197,184970800291752440068635983309521468062368504646083676644033,26,648,648,0.003902,0.003902,0.0,0.003902,0.996098
197,164144776080649194883406513297516553025716555924591056615183,26,435,431,0.00309,0.002046,0.002612,0.0057020000000000005,0.994298
197,140818764650826975296987375129283355966942621459853255150479,26,564,564,0.005523,0.005523,0.0,0.005523,0.994477
197,189022387984517778950705123442972032908094852334290657306231,26,449,449,0.015988,0.015988,0.0,0.015988,0.984012
197,172220763612696405396243073018306035394484382521705030045911,26,445,438,0.002315,0.001223,0.004869,0.007183999999999999,0.992816
197,154481106607181704446691691500013964555830349483415881254479,26,744,743,0.001498,0.003768,0.003768,0.005266,0.994734
197,138116520840863501578382275910208792542013786200119809943421,26,465,465,0.003118,0.003118,0.0,0.003118,0.996882
197,128167436666847967508432921399395745683533771986744909507099,26,467,467,0.006206,0.006206,0.0,0.006206,0.993794
197,179430245545432323474984038609312519060231752952330260578973,26,644,644,0.001041,0.001041,0.0,0.001041,0.998959
197,164907321185035410613697079130730386934791247649211425433501,26,643,616,0.000695,0.00085,0.008137,0.008832,0.991168
197,149559974584198894049055200074096371180280008283748787845411,26,446,432,0.039298,0.015225,0.015225,0.054523,0.945477
197,141960287108387193832375793429518062558146806429474522246723,26,506,506,0.004786,0.004786,0.0,0.004786,0.995214
197,117962418323306660486403773161381103053143923297611666689523,26,462,462,0.002548,0.002548,0.0,0.002548,0.997452
197,159003940652452327574248903060253950134870172438916155070369,26,723,688,0.003835,0.002032,0.069789,0.07362400000000001,0.926376
197,186310928751907307724815625865601039478473930304908425333493,26,812,812,0.004252,0.004252,0.0,0.004252,0.995748
198,358800385741478548379741226608716034844371071935561085305833,26,623,617,0.005047,0.003114,0.003114,0.008161,0.991839
198,361832547229010809777991703475089455145922714751449984988413,26,419,415,0.013162,0.005267,0.005267,0.018429,0.981571
198,366234672716741757435258864069198637471462810470347219616629,26,688,679,0.001126,0.000801,0.001217,0.002343,0.997657
198,381944248262064685581254962871209750407378184907165945167889,26,559,559,0.001882,0.001882,0.0,0.001882,0.998118
198,354687072527494597410093290280585584399421663969934020853223,26,598,598,0.013599,0.013599,0.0,0.013599,0.986401
198,379245416457437245542302776449664948360818185536921628076539,26,432,432,0.006504,0.006504,0.0,0.006504,0.993496
198,276003453857523809899467677088049878845070200584331936691041,26,534,534,0.004036,0.004036,0.0,0.004036,0.995964
198,209990048987204577494427221770767574738889930041728156874193,26,577,577,0.009976,0.009976,0.0,0.009976,0.990024
198,256901948110234610129862767369945243180538397102365122358427,26,484,483,0.006717,0.014196,0.014196,0.020913,0.979087
198,392896855902880253325160541666344098709384930507930453171681,26,468,468,0.001405,0.001405,0.0,0.001405,0.998595
198,261148592887412956171116968549303549257459540886776423198739,26,509,508,0.001033,0.002052,0.002052,0.003085,0.996915
198,380307295207752593087679241538739081357344508076536875023627,26,597,574,0.008686,0.012453,0.025363,0.034048999999999996,0.965951
198,388299617663319746972489463784551990330983404458676571447693,26,517,496,0.000999,0.001422,0.006600000000000001,0.007599000000000001,0.992401
198,328573357774619762260295479993442675189590010826879831896677,26,534,519,0.001277,0.00237,0.0032300000000000002,0.004507000000000001,0.995493
198,345095965742713044505246800463174842475462680793869138019261,26,453,453,0.003405,0.003405,0.0,0.003405,0.996595
198,292581670931790651470491827458218900376775743841380672403887,26,503,503,0.002276,0.002276,0.0,0.002276,0.997724
198,390539114582262272077001713638342490864897532470034331261247,26,491,473,0.010987,0.01916,0.01916,0.030147,0.969853
198,360504086773559647539204736208829484928785732049355565383643,26,395,395,0.002072,0.002072,0.0,0.002072,0.997928
198,235950558879078260282437419803935172239069320587333159451019,26,530,530,0.002018,0.002018,0.0,0.002018,0.997982
198,398227691324642613283526129594013507506766970246599454997939,26,659,643,0.007762,0.001738,0.004557,0.012319,0.987681
199,754357335704061312767906283574368857849729996361323767853021,26,540,540,0.015217,0.015217,0.0,0.015217,0.984783
199,740449135866891063702563724186205751814739503564925633250647,26,478,453,0.004408,0.003202,0.006394,0.010801999999999999,0.989198
199,783572025208462059459081331520531102495696274404533915350617,26,510,493,0.004184,0.003612,0.009411000000000001,0.013595000000000001,0.986405
199,689619749063096498116944459976173154436509257531702365821471,26,624,613,0.004505,0.002574,0.004084,0.008589,0.991411
199,792261444591087612509889756571590671010253289767476929883959,26,692,692,0.008684,0.008684,0.0,0.008684,0.991316
199,485165244720747932715066275346273892339756962905587028338027,26,452,452,0.016343,0.016343,0.0,0.016343,0.983657
199,701425127964276666799904563003747018572056891360383272760451,26,1119,1102,0.00364,0.00726,0.00726,0.0109,0.9891
199,790893896840481035276180066252113476643190200344778153065643,26,924,924,0.02001,0.02001,0.0,0.02001,0.97999
199,763536298621525364342165189094083117188952849209780027677679,26,601,593,0.013377,0.003612,0.013373,0.02675,0.97325
199,613617912594322713495151233564022371433770815044783317065269,26,827,827,0.004714,0.004714,0.0,0.004714,0.995286
199,701969238772333138157522384223588554623546191713496616248319,26,475,475,0.006726,0.006726,0.0,0.006726,0.993274
199,659743727985962787654640554658683537620374805989756454087933,26,679,679,0.001973,0.001973,0.0,0.001973,0.998027
199,690360274208079369250317450856211794224002008122073050016637,26,522,522,0.007968,0.007968,0.0,0.007968,0.992032
199,500887070634424955740905032565576942995006631697841024678317,26,521,521,0.004158,0.004158,0.0,0.004158,0.995842
199,562515533415072305976115813906881843805019952700501666255663,26,510,509,0.002216,0.001928,0.001928,0.004144,0.995856
199,687386421009493082281833809951506042909624825066468351426301,26,451,437,0.010326,0.005021,0.005282,0.015608,0.984392
199,627831828857047974697867855909832323916998184071016955354641,26,557,557,0.015017,0.015017,0.0,0.015017,0.984983
199,531493718748199409115070187956201803475378862922781030803881,26,499,499,0.005115,0.005115,0.0,0.005115,0.994885
199,764298723870080571982440894112670628624228896767629734930611,26,441,425,0.007401,0.007788,0.007788,0.015189,0.984811
199,563561550095967293743840793623207928679303836705271230763571,26,769,762,0.002382,0.001994,0.0044399999999999995,0.006822,0.993178
200,1295789132477604807715877944458947246775511838525972200835657,26,631,631,0.006612,0.006612,0.0,0.006612,0.993388
200,1580265433117145949318612574335473147379586407902007615572209,26,560,553,0.001123,0.003221,0.003221,0.004344,0.995656
200,1031264165415914398404034296717937295434353057321618942293977,26,686,662,0.007358,0.007276,0.019136,0.026494,0.973506
200,942274183107708126744367799889859979943002828490182769563693,26,743,715,0.002552,0.005617,0.061776,0.064328,0.9356720000000001
200,1243256742262564810336975229173603901549307573958804818142771,26,585,568,0.003343,0.001178,0.002709,0.006052,0.993948
200,1332260463557925975266900697251791362056896106900938778652773,26,696,696,0.001182,0.001182,0.0,0.001182,0.998818
200,1534546510819566200886924830244913417667526810936895301477933,26,457,452,0.018792,0.0009,0.004247,0.023039,0.976961
200,1457315434423192483527568367362496447605043071246754450536801,26,567,567,0.017196,0.017196,0.0,0.017196,0.982804
200,1515478547137402687976907484166669091143375006869904371011019,26,580,580,0.007212,0.007212,0.0,0.007212,0.992788
200,1328401728722624823335450602027897002059084341229046226740677,26,501,500,0.001765,0.001411,0.001411,0.003176,0.996824
200,1069405338840333297089210313682851116995000495488370707114107,26,868,865,0.002819,0.000641,0.000641,0.00346,0.99654
200,1577668914616112972976239927299568044527242009386300299995513,26,993,993,0.004925,0.004925,0.0,0.004925,0.995075
200,924932144930952159695588929751342486737404577556159754527249,26,444,435,0.003537,0.004124,0.004124,0.007661,0.992339
200,1430455149298665257668430782969274466789353299446322896956953,26,484,475,0.000901,0.000617,0.001732,0.002633,0.997367
200,1471759896903796862187242593818058236014421372969552658348613,26,837,837,0.035066,0.035066,0.0,0.035066,0.964934
200,1024997524686414507856278528573582273997937245288256214142637,26,547,547,0.002738,0.002738,0.0,0.002738,0.997262
200,1269662956978065591146754145192337292773571460456699566030607,26,531,531,0.00384,0.00384,0.0,0.00384,0.99616
200,1251023694717248924976673861910298094342092199701445949798563,26,706,706,0.001393,0.001393,0.0,0.001393,0.998607
200,1165094867829338354631660035180329869977597764175158753523867,26,548,548,0.034964,0.034964,0.0,0.034964,0.965036
200,1245161625256545119714043746004026254459007086115269518670777,26,662,661,0.001543,0.005339,0.005339,0.006882,0.993118
