Bit_length,N,Lattice_dimension,|b_op - t|^2,|vbest - t|^2,P(b_op),P(vbest),P(|vnew - t|^2 < |b_op - t|^2),P(|vnew - t|^2 <= |b_op - t|^2),P(|vnew - t|^2 > |b_op - t|^2)
150.0,1268771206145175299492684899681878877410684841,21.0,724.0,722.0,0.054939,0.02328,0.02328,0.078219,0.921781
150.0,1403762530472620237905076428332939916844331359,21.0,260.0,260.0,0.315335,0.315335,0.0,0.315335,0.6846650000000001
150.0,918882917500502786903408324526441238854631741,21.0,383.0,376.0,0.048716,0.041551,0.129682,0.178398,0.8216019999999999
150.0,1044411862674117053622929515451672202864979129,21.0,396.0,379.0,0.036538,0.062268,0.352234,0.388772,0.611228
150.0,1199592981228806239321120961178599459097610483,21.0,596.0,596.0,0.146414,0.146414,0.0,0.146414,0.853586
150.0,912632394066698132144971044037258218777602291,21.0,352.0,352.0,0.11339,0.11339,0.0,0.11339,0.88661
150.0,1033085278351720441874660444922199074374033881,21.0,429.0,429.0,0.08202000000000001,0.08202000000000001,0.0,0.08202000000000001,0.91798
150.0,1039667922595230805682141254323399644574814367,21.0,689.0,689.0,0.078199,0.078199,0.0,0.078199,0.921801
150.0,1076261801716221769627743498540654753005411033,21.0,569.0,569.0,0.301838,0.301838,0.0,0.301838,0.698162
150.0,868981675879730421007669707059890716656754209,21.0,380.0,380.0,0.06667000000000001,0.06667000000000001,0.0,0.06667000000000001,0.93333
150.0,1198940008513470371886998720870433706529677289,21.0,286.0,285.0,0.038749,0.035706,0.035706,0.074455,0.9255450000000001
150.0,1001065868810988745766471076060380006588792189,21.0,391.0,390.0,0.022445,0.05437,0.05437,0.076815,0.923185
150.0,1018523197675518130041140861676478171959383813,21.0,330.0,314.0,0.136012,0.02892,0.17422300000000002,0.31023500000000004,0.689765
150.0,999406335763551690568793874408994581594369181,21.0,293.0,293.0,0.145986,0.145986,0.0,0.145986,0.854014
150.0,1386649915270975663546803936212330370020386207,21.0,322.0,322.0,0.038347,0.038347,0.0,0.038347,0.961653
150.0,1252835724482748605844023934169349660374906087,21.0,379.0,379.0,0.052846,0.052846,0.0,0.052846,0.947154
150.0,1420753685420564064872708676390123998125705549,21.0,325.0,323.0,0.144631,0.078266,0.078266,0.222897,0.777103
150.0,1076920912535396901213842625717381087368331181,21.0,388.0,388.0,0.04597,0.04597,0.0,0.04597,0.95403
150.0,1124397583306701037985991208303905429810161357,21.0,362.0,352.0,0.0237,0.034507,0.223196,0.246896,0.753104
150.0,1130353955473240791783568532060655958732460941,21.0,392.0,369.0,0.028477,0.033784,0.199794,0.228271,0.771729
151.0,2363319035074246419340419055739401443130238059,21.0,484.0,484.0,0.072798,0.072798,0.0,0.072798,0.927202
151.0,2471201957583473321167345886570639941825218311,21.0,363.0,363.0,0.133945,0.133945,0.0,0.133945,0.866055
151.0,2315715608364087921901708175621836301416617007,21.0,256.0,256.0,0.140893,0.140893,0.0,0.140893,0.8591070000000001
151.0,2763171157217537386323259861099914830334818519,21.0,580.0,580.0,0.267236,0.267236,0.0,0.267236,0.732764
151.0,1758775630326182635026447808028302358291781499,21.0,276.0,265.0,0.200944,0.205543,0.249966,0.45091000000000003,0.54909
151.0,2188378164211148987192836592303698338909975503,21.0,309.0,309.0,0.083017,0.083017,0.0,0.083017,0.916983
151.0,1829627983140478483810934234803641664206450619,21.0,357.0,346.0,0.230923,0.084184,0.084184,0.31510699999999997,0.684893
151.0,1569735030968914361557174823910579735657956107,21.0,275.0,275.0,0.203461,0.203461,0.0,0.203461,0.796539
151.0,2843239852874861508784440371081621911410347591,21.0,564.0,551.0,0.12300900000000001,0.043688,0.078068,0.201077,0.798923
151.0,2624675574003230296718034974584383454961661761,21.0,604.0,574.0,0.030208000000000002,0.039598,0.28339699999999995,0.31360499999999997,0.6863950000000001
151.0,1746328694271824837631752461766830788699201941,21.0,491.0,491.0,0.088461,0.088461,0.0,0.088461,0.911539
151.0,2456234120258232727729365675070691784694223131,21.0,627.0,627.0,0.077206,0.077206,0.0,0.077206,0.922794
151.0,2689914182894566195371701173819301836708498979,21.0,375.0,375.0,0.024255,0.024255,0.0,0.024255,0.975745
151.0,2472879649799491864465871187917726124213054643,21.0,370.0,356.0,0.016146,0.02658,0.051278000000000004,0.06742400000000001,0.932576
151.0,2641928437820330089399895839369416426912654047,21.0,586.0,580.0,0.062697,0.043068,0.12490499999999999,0.187602,0.812398
151.0,2217024583566038902931835040749210710155293863,21.0,311.0,308.0,0.063351,0.03159,0.057175000000000004,0.12052600000000001,0.879474
151.0,2795955547593262531562466415054318143278579719,21.0,370.0,368.0,0.047875,0.024724,0.024724,0.072599,0.927401
151.0,2754384674264655946791346511962590129499967297,21.0,526.0,523.0,0.072138,0.053598,0.053598,0.125736,0.874264
151.0,1922698035563121141756137662031262831101446511,21.0,278.0,278.0,0.50975,0.50975,0.0,0.50975,0.49024999999999996
151.0,2578633082003778088940013102956628479805360761,21.0,498.0,498.0,0.079312,0.079312,0.0,0.079312,0.920688
152.0,3650146379785934850995660671580553841765454981,21.0,277.0,277.0,0.03461,0.03461,0.0,0.03461,0.96539
152.0,4447694107941335768274189003948589146948883409,21.0,404.0,401.0,0.169206,0.089137,0.20307199999999997,0.372278,0.627722
152.0,5304044781028480773455459789567804501864780699,21.0,371.0,371.0,0.170727,0.170727,0.0,0.170727,0.829273
152.0,5225791236691602749703859113684043992716841463,21.0,412.0,399.0,0.083409,0.062672,0.17478000000000002,0.258189,0.741811
152.0,5425403301002418901669361546561888615280596761,21.0,371.0,363.0,0.13477499999999998,0.174492,0.174492,0.30926699999999996,0.690733
152.0,5202335230032226630491022567996748864390119873,21.0,420.0,420.0,0.068299,0.068299,0.0,0.068299,0.931701
152.0,4003774395708740189647636396775460720094087057,21.0,316.0,316.0,0.082875,0.082875,0.0,0.082875,0.917125
152.0,5276249290787396224699127825641594167433771223,21.0,338.0,338.0,0.153003,0.153003,0.0,0.153003,0.846997
152.0,4381176969443188923764265381058182084891594073,21.0,467.0,467.0,0.020771,0.020771,0.0,0.020771,0.979229
152.0,5541991812747053012003965966406093820220699999,21.0,288.0,288.0,0.156293,0.156293,0.0,0.156293,0.843707
152.0,5648300508047326241541247933495397085050508533,21.0,375.0,350.0,0.070443,0.201642,0.506333,0.5767760000000001,0.42322399999999993
152.0,4837654055687374110886315087296888936559582543,21.0,298.0,291.0,0.176704,0.04283,0.077458,0.254162,0.745838
152.0,3169527753809835033737422227494034075208154897,21.0,347.0,347.0,0.064782,0.064782,0.0,0.064782,0.935218
152.0,4751384359859390003700613749548751936187354063,21.0,344.0,344.0,0.061361,0.061361,0.0,0.061361,0.938639
152.0,5115713692797196694227360148049458957592665221,21.0,309.0,295.0,0.08490400000000001,0.07565,0.196017,0.280921,0.719079
152.0,5377906651632174967507002058972880963848446937,21.0,441.0,441.0,0.039359,0.039359,0.0,0.039359,0.960641
152.0,4794192939950703723191510856383251915586655239,21.0,370.0,370.0,0.222882,0.222882,0.0,0.222882,0.777118
152.0,4098436965705153817981088577951066512799793241,21.0,464.0,464.0,0.18894,0.18894,0.0,0.18894,0.81106
152.0,4397317578261604652631366972202456990923173239,21.0,585.0,585.0,0.135254,0.135254,0.0,0.135254,0.864746
152.0,5641409895201969238429625932613600677431973529,21.0,367.0,341.0,0.036548,0.050034,0.427574,0.46412200000000003,0.535878
153.0,7688734886215973313958737522072259896979469359,21.0,478.0,468.0,0.006787,0.040573,0.067399,0.074186,0.925814
153.0,9965367899123149749669237053467022764500819709,21.0,296.0,296.0,0.357967,0.357967,0.0,0.357967,0.6420330000000001
153.0,8648715940089396413954292296253489279668879831,21.0,325.0,325.0,0.138299,0.138299,0.0,0.138299,0.861701
153.0,9992486217185404533285574560152593379868586411,21.0,283.0,283.0,0.309556,0.309556,0.0,0.309556,0.6904440000000001
153.0,8752395201001776336645971436266201719253038903,21.0,281.0,273.0,0.087085,0.071354,0.294442,0.38152699999999995,0.618473
153.0,10307828778112676279744687232183733883997747787,21.0,309.0,296.0,0.177235,0.058597,0.086852,0.264087,0.735913
153.0,8927473020776419491333060829150295244420281503,21.0,458.0,458.0,0.021968,0.021968,0.0,0.021968,0.978032
153.0,7853849523366438727173539795218496833560636149,21.0,456.0,456.0,0.092306,0.092306,0.0,0.092306,0.907694
153.0,8674604146514496475964987674111780570888473743,21.0,264.0,264.0,0.167382,0.167382,0.0,0.167382,0.832618
153.0,8982522494550749295857332138146435777716539013,21.0,316.0,315.0,0.223878,0.107934,0.107934,0.331812,0.668188
153.0,7465338556163117004724110416934405812498881597,21.0,415.0,415.0,0.25861,0.25861,0.0,0.25861,0.74139
153.0,9002256784614521734062834292945636253381789701,21.0,459.0,459.0,0.096598,0.096598,0.0,0.096598,0.903402
153.0,9730043924092499024899737640031060516457357727,21.0,508.0,503.0,0.07825,0.077278,0.077278,0.155528,0.844472
153.0,7772785559916630760629013439531712505833223283,21.0,334.0,334.0,0.205069,0.205069,0.0,0.205069,0.794931
153.0,6331403492532550906969515225158616949065412553,21.0,329.0,320.0,0.034547,0.015762,0.062391,0.096938,0.903062
153.0,9499729964075602707801866275682306216169333647,21.0,577.0,559.0,0.073083,0.062705,0.277851,0.350934,0.6490659999999999
153.0,10623137933847890583214243354934109612727566337,21.0,389.0,378.0,0.058013,0.119569,0.253506,0.311519,0.688481
153.0,8298489176359263229418112630907164868713161869,21.0,436.0,434.0,0.036057,0.079725,0.113232,0.149289,0.850711
153.0,10423403876173039960502215978962041272294895987,21.0,347.0,342.0,0.083916,0.123605,0.228994,0.31291,0.68709
153.0,11331438524408402513759859710883003140234689001,21.0,537.0,536.0,0.166755,0.081617,0.081617,0.24837199999999998,0.751628
154.0,20144352470088160067192230120293841747066127093,21.0,375.0,374.0,0.250223,0.210576,0.210576,0.46079899999999996,0.539201
154.0,13741129409913179912586613425642421907057677927,21.0,315.0,315.0,0.238234,0.238234,0.0,0.238234,0.7617659999999999
154.0,22555697926472858658256090868373281917048139777,21.0,452.0,452.0,0.04121,0.04121,0.0,0.04121,0.95879
154.0,21622466558921334027105350728738281221011715713,21.0,462.0,457.0,0.119113,0.046525,0.08549599999999999,0.20460899999999999,0.795391
154.0,22717282832414613486487854671615889194348202509,21.0,420.0,418.0,0.07973799999999999,0.055913,0.11682799999999999,0.19656599999999996,0.803434
154.0,15553662272752172389304818266535674850670048197,21.0,315.0,315.0,0.374278,0.374278,0.0,0.374278,0.625722
154.0,16287234057599780494928529944429983938735953333,21.0,317.0,317.0,0.27824,0.27824,0.0,0.27824,0.72176
154.0,20227306669577710217883266196429106847542507013,21.0,597.0,597.0,0.118633,0.118633,0.0,0.118633,0.881367
154.0,18361999857484992568400964915559137162309312233,21.0,348.0,348.0,0.059956,0.059956,0.0,0.059956,0.940044
154.0,17615067981495998635949724796624661825505231481,21.0,451.0,451.0,0.116031,0.116031,0.0,0.116031,0.883969
154.0,16965780184675510815549338206501125311473383031,21.0,364.0,364.0,0.210247,0.210247,0.0,0.210247,0.789753
154.0,17145713058305669983102778787612006911670513347,21.0,448.0,442.0,0.107257,0.090649,0.090649,0.197906,0.802094
154.0,20285317985568063024579677341972941193428143231,21.0,291.0,291.0,0.357799,0.357799,0.0,0.357799,0.642201
154.0,19892574816341431255761561129070142233703448899,21.0,486.0,481.0,0.078632,0.065835,0.156039,0.23467100000000002,0.7653289999999999
154.0,14482484907695104154754286426816369245597742123,21.0,405.0,405.0,0.23232,0.23232,0.0,0.23232,0.76768
154.0,21308599822779449843544699903616188167691769657,21.0,402.0,402.0,0.166353,0.166353,0.0,0.166353,0.833647
154.0,19652552707990061015357354059734076466348869901,21.0,360.0,360.0,0.228107,0.228107,0.0,0.228107,0.7718929999999999
154.0,15836062588559999481222001755306755400249974411,21.0,319.0,319.0,0.173519,0.173519,0.0,0.173519,0.826481
154.0,17640605793899812190237760431948486244893089589,21.0,377.0,372.0,0.016424,0.055559,0.055559,0.07198299999999999,0.928017
154.0,13200322048523091361380223530828151918467232499,21.0,268.0,265.0,0.115801,0.050892,0.138927,0.254728,0.7452719999999999
155.0,31340595875958809044343360964929799034189512361,21.0,445.0,425.0,0.08715,0.062759,0.4353560000000001,0.5225060000000001,0.47749399999999986
155.0,33883679322606457824492978417378120332359598171,21.0,337.0,333.0,0.114098,0.059695,0.11175199999999999,0.22585,0.77415
155.0,38431961138800983210425437779183955699273663877,21.0,543.0,535.0,0.039404,0.110557,0.239422,0.278826,0.721174
155.0,44842574992398006827792831817449122409176524571,21.0,356.0,354.0,0.048314,0.030859,0.030859,0.07917300000000001,0.920827
155.0,44479412022428483167051033854365771430317272061,21.0,537.0,525.0,0.055843,0.037835,0.20240999999999995,0.25825299999999995,0.741747
155.0,39653904137769014668557378511260469269135182431,21.0,298.0,298.0,0.16137,0.16137,0.0,0.16137,0.83863
155.0,36615548944643269126239193831815135044946113087,21.0,288.0,288.0,0.495095,0.495095,0.0,0.495095,0.5049049999999999
155.0,35728624388846244763032748679732750007278619919,21.0,326.0,326.0,0.122935,0.122935,0.0,0.122935,0.877065
155.0,39471143362465673450737740007926815837598407923,21.0,418.0,409.0,0.027442,0.0246,0.051881,0.079323,0.920677
155.0,43620356160753924413764228467447052158522613007,21.0,423.0,423.0,0.14572400000000002,0.14572400000000002,0.0,0.14572400000000002,0.854276
155.0,29666396188587728462615862057347321613786496027,21.0,540.0,521.0,0.037376,0.052108,0.24033599999999997,0.27771199999999996,0.722288
155.0,41677893527522320684434778067984642792936350873,21.0,482.0,482.0,0.158104,0.158104,0.0,0.158104,0.841896
155.0,32675536969479286942701324674137910119680337459,21.0,314.0,314.0,0.078352,0.078352,0.0,0.078352,0.921648
155.0,44919866654372607559021538428305729263662282117,21.0,525.0,525.0,0.06484,0.06484,0.0,0.06484,0.93516
155.0,36452200589072916411983425394632165549777886227,21.0,476.0,452.0,0.058668000000000005,0.024583,0.38818,0.446848,0.553152
155.0,33203524258924130270853246380045741567145994259,21.0,434.0,428.0,0.071662,0.048391,0.128863,0.200525,0.7994749999999999
155.0,36946503351030864812990481678628454987070959527,21.0,346.0,346.0,0.092919,0.092919,0.0,0.092919,0.907081
155.0,44458044889519333576801527839740244268692202469,21.0,621.0,603.0,0.034145,0.082531,0.244447,0.278592,0.721408
155.0,36744155090184780124393526442075144163055399837,21.0,359.0,359.0,0.412857,0.412857,0.0,0.412857,0.587143
155.0,32611265262434541992311659835491097552848382807,21.0,275.0,275.0,0.126326,0.126326,0.0,0.126326,0.8736740000000001
156.0,58842411492108631901824870167723622565249820361,21.0,539.0,538.0,0.084166,0.10857,0.10857,0.19273600000000002,0.807264
156.0,58647263901409677188415888297848821138605832667,21.0,340.0,340.0,0.108555,0.108555,0.0,0.108555,0.891445
156.0,60691833191625566815713087621249445278906020923,21.0,440.0,435.0,0.18006,0.053302,0.053302,0.233362,0.7666379999999999
156.0,83500911560012017920943706628836329963659227611,21.0,397.0,397.0,0.181097,0.181097,0.0,0.181097,0.8189029999999999
156.0,79699952235555146846014724188269022467857700953,21.0,420.0,420.0,0.275808,0.275808,0.0,0.275808,0.724192
156.0,68617923715717279114730426060969764483412652871,21.0,561.0,551.0,0.018105,0.083711,0.083711,0.10181599999999999,0.898184
156.0,70292815550175575334435593661308688973972707499,21.0,303.0,303.0,0.107849,0.107849,0.0,0.107849,0.892151
156.0,88395906091853951743306426033388820009527178553,21.0,318.0,310.0,0.091101,0.056706,0.056706,0.147807,0.852193
156.0,58490997193338963447736793476829606786651843411,21.0,333.0,324.0,0.101299,0.097647,0.19939700000000002,0.300696,0.6993039999999999
156.0,88153376653160901709431525294744255033299399513,21.0,438.0,423.0,0.142428,0.076173,0.076173,0.218601,0.781399
156.0,83749952449871415989936799658384575288153567857,21.0,494.0,494.0,0.026363,0.026363,0.0,0.026363,0.973637
156.0,63215896343305696798861673825073441341593157323,21.0,277.0,277.0,0.192917,0.192917,0.0,0.192917,0.807083
156.0,68367618624389291832609274122568807692737410747,21.0,322.0,322.0,0.093805,0.093805,0.0,0.093805,0.906195
156.0,85976042848566498516350067546598036064176697617,21.0,449.0,449.0,0.063401,0.063401,0.0,0.063401,0.936599
156.0,77050956204250174763972617362140681574229342091,21.0,722.0,722.0,0.145765,0.145765,0.0,0.145765,0.854235
156.0,67397778703558464646892241700035691887301648579,21.0,534.0,530.0,0.038771,0.01915,0.067023,0.105794,0.8942060000000001
156.0,82158015067987949738815070788850184671973579587,21.0,409.0,371.0,0.047338,0.037632,0.29431900000000005,0.34165700000000004,0.6583429999999999
156.0,55015423047501982644190563451191716439122432951,21.0,383.0,382.0,0.060538,0.064465,0.064465,0.125003,0.874997
156.0,85336908532608541436048263259686225667526362047,21.0,587.0,582.0,0.075533,0.062036,0.062036,0.137569,0.862431
156.0,56731211956952175175952662358019177731725234237,21.0,354.0,354.0,0.247871,0.247871,0.0,0.247871,0.752129
157.0,120282166308024689728299980121863747670916310267,21.0,413.0,413.0,0.139853,0.139853,0.0,0.139853,0.860147
157.0,120820017068622794622130921127946349513431310843,21.0,495.0,483.0,0.049176000000000004,0.038725,0.09933900000000001,0.148515,0.851485
157.0,160354239376266933764514100701359388571858132879,22.0,394.0,394.0,0.097342,0.097342,0.0,0.097342,0.902658
157.0,178540342865713130388740603822271194677254392441,22.0,381.0,376.0,0.057872,0.132802,0.132802,0.190674,0.809326
157.0,133758242352280888913921190835052846329897153133,21.0,467.0,467.0,0.091316,0.091316,0.0,0.091316,0.908684
157.0,119751792167523699090520105500834166573709024723,21.0,335.0,328.0,0.071431,0.041227,0.041227,0.112658,0.887342
157.0,142866301722166299614859219990227501097218329553,21.0,386.0,386.0,0.136733,0.136733,0.0,0.136733,0.863267
157.0,159460056477105651797755450704992108220297439993,22.0,320.0,312.0,0.062723,0.078087,0.11430100000000001,0.17702400000000001,0.8229759999999999
157.0,129765827297228317584448178357227745213663923673,21.0,444.0,429.0,0.097353,0.067402,0.17107200000000003,0.268425,0.731575
157.0,153041151061952724068377978141007513960278537129,21.0,492.0,491.0,0.126872,0.085167,0.085167,0.21203900000000003,0.7879609999999999
157.0,112556148137934308610401610728139436816885032007,21.0,319.0,319.0,0.094183,0.094183,0.0,0.094183,0.905817
157.0,155016348949192392834761783400231900623445364769,21.0,506.0,495.0,0.028336,0.056593,0.178113,0.206449,0.793551
157.0,165332485530732496445379876290371501984439220227,22.0,400.0,394.0,0.079915,0.091759,0.134536,0.214451,0.785549
157.0,173008319555191101708826910175525434497734262397,22.0,280.0,280.0,0.135386,0.135386,0.0,0.135386,0.864614
157.0,143078279358113528954735774091416278002769110083,21.0,551.0,545.0,0.188282,0.025593,0.025593,0.213875,0.786125
157.0,139537309577365933739952691194841985292959417899,21.0,295.0,295.0,0.162113,0.162113,0.0,0.162113,0.837887
157.0,150381007425703993922643997626233047809831195563,21.0,289.0,289.0,0.12405,0.12405,0.0,0.12405,0.87595
157.0,125414534553540336555987249708054473022979850233,21.0,357.0,342.0,0.064937,0.06076,0.133275,0.198212,0.801788
157.0,100495160702135079890032717344114075262462068991,21.0,321.0,319.0,0.091275,0.025591,0.025591,0.116866,0.883134
157.0,126081296153973360472994917714723398699218116441,21.0,755.0,751.0,0.032073,0.063902,0.108038,0.14011099999999999,0.859889
158.0,244084876567438940415979589793753210761831799169,22.0,357.0,351.0,0.1512,0.040501,0.040501,0.191701,0.808299
158.0,311889364802148711770367329783808121108240984963,22.0,419.0,419.0,0.252038,0.252038,0.0,0.252038,0.747962
158.0,315552892616518612169009766705743992617805242163,22.0,286.0,283.0,0.227464,0.081293,0.22312300000000002,0.450587,0.5494129999999999
158.0,364568451629159625851465545891850771901219214163,22.0,388.0,374.0,0.061346,0.088592,0.271021,0.332367,0.6676329999999999
158.0,213880798395599609631736184456759089379285659049,22.0,416.0,415.0,0.008826,0.014303,0.014303,0.023129,0.976871
158.0,364596676892949119436289041863521153445811753029,22.0,516.0,513.0,0.093706,0.09665,0.09665,0.190356,0.809644
158.0,215840103126036545942721515629965329944602697057,22.0,544.0,539.0,0.151197,0.030126,0.10289,0.254087,0.745913
158.0,259043540185824666457272444893607678141566205487,22.0,341.0,341.0,0.061184,0.061184,0.0,0.061184,0.938816
158.0,311426830077414386887481553693471517445014703609,22.0,348.0,340.0,0.039945,0.039875,0.039875,0.07982,0.92018
158.0,220678872755010770809359894948879428023872635453,22.0,348.0,346.0,0.093482,0.108803,0.108803,0.202285,0.797715
158.0,324273864736092445034262802970079797120470198979,22.0,411.0,411.0,0.149861,0.149861,0.0,0.149861,0.850139
158.0,335973439137660892963362517099047189556286786761,22.0,301.0,301.0,0.043106,0.043106,0.0,0.043106,0.956894
158.0,282449349227109527988465852865060163003324312407,22.0,331.0,326.0,0.089776,0.143106,0.143106,0.232882,0.767118
158.0,208746167169143822300193643710778500356712398063,22.0,467.0,448.0,0.025018,0.01482,0.24062900000000004,0.265647,0.734353
158.0,334111037801880478290657958251924991420673909189,22.0,475.0,475.0,0.285791,0.285791,0.0,0.285791,0.714209
158.0,278758463930102758470340608089823158233270489379,22.0,309.0,309.0,0.224721,0.224721,0.0,0.224721,0.775279
158.0,334359694784871699894821359716571301393005547539,22.0,363.0,363.0,0.157345,0.157345,0.0,0.157345,0.8426549999999999
158.0,266330340319030988935371369155445034828168547083,22.0,345.0,345.0,0.023372,0.023372,0.0,0.023372,0.976628
158.0,304296786548695733429639288499877719781617137947,22.0,576.0,572.0,0.050848,0.036836,0.036836,0.087684,0.912316
158.0,363187749995613157299748064319278147359621272623,22.0,645.0,645.0,0.211796,0.211796,0.0,0.211796,0.788204
159.0,686564447258462630098219799118347627120122126259,22.0,503.0,492.0,0.057311,0.077324,0.182867,0.240178,0.759822
159.0,589551271893462661314759463097397605089591304053,22.0,488.0,488.0,0.103877,0.103877,0.0,0.103877,0.896123
159.0,631182522272441179585206326884145264567358144641,22.0,291.0,287.0,0.168495,0.150416,0.20531300000000002,0.37380800000000003,0.626192
159.0,436106084503182412560423534629337392438805726397,22.0,489.0,484.0,0.122225,0.05886,0.05886,0.181085,0.8189150000000001
159.0,614365874960561724255698902936314085451009978123,22.0,417.0,417.0,0.199785,0.199785,0.0,0.199785,0.800215
159.0,652808814800014009591626662453549818193223047839,22.0,670.0,670.0,0.060679,0.060679,0.0,0.060679,0.939321
159.0,431497693573687811342235449780503037093880478249,22.0,421.0,421.0,0.017259,0.017259,0.0,0.017259,0.982741
159.0,641417960009003073536715539762385574694132608057,22.0,297.0,297.0,0.241467,0.241467,0.0,0.241467,0.758533
159.0,556755493522333610334550996104356886728067513937,22.0,453.0,452.0,0.091478,0.14577099999999998,0.14577099999999998,0.237249,0.762751
159.0,518738300042543123329242792010704876266634471203,22.0,512.0,509.0,0.115347,0.058787,0.058787,0.174134,0.825866
159.0,622775601463755434010798895296308923399679148479,22.0,345.0,340.0,0.033681,0.094111,0.13295,0.16663100000000003,0.833369
159.0,721092743353983610239239300767561842232656810121,22.0,367.0,367.0,0.056961,0.056961,0.0,0.056961,0.943039
159.0,725700541872878647978311987906512435448724917323,22.0,306.0,306.0,0.081247,0.081247,0.0,0.081247,0.918753
159.0,680792306276738068787445684933623704836521586517,22.0,385.0,385.0,0.223786,0.223786,0.0,0.223786,0.776214
159.0,609838293034917899422422535971964737888944079431,22.0,549.0,536.0,0.030012,0.058553,0.17010499999999998,0.200117,0.799883
159.0,500003566005968344293642166685142120533963613397,22.0,365.0,358.0,0.064874,0.022595,0.066179,0.131053,0.868947
159.0,672585552363075626030436013518741587083784197091,22.0,926.0,926.0,0.016159,0.016159,0.0,0.016159,0.983841
159.0,667853203575891446356676483576275288677930218477,22.0,335.0,335.0,0.063106,0.063106,0.0,0.063106,0.936894
159.0,452729177399062213984412625994093209513957053659,22.0,474.0,474.0,0.107751,0.107751,0.0,0.107751,0.892249
159.0,718517666115847144224280227758502807408113808437,22.0,572.0,572.0,0.156837,0.156837,0.0,0.156837,0.843163
160.0,1115913240165002032294944939882858364194015937199,22.0,333.0,322.0,0.051765,0.131289,0.23658799999999996,0.28835299999999997,0.711647
160.0,1440912770676709848638629792376134253525608074541,22.0,585.0,585.0,0.070287,0.070287,0.0,0.070287,0.929713
160.0,933815358984064483011197510331330335221655664157,22.0,366.0,366.0,0.122199,0.122199,0.0,0.122199,0.877801
160.0,969243323728712475535486623630623651719920512731,22.0,379.0,372.0,0.067619,0.04928,0.084818,0.152437,0.8475630000000001
160.0,1076466504888089627494905309713319219664710433643,22.0,364.0,356.0,0.084612,0.09499,0.175095,0.259707,0.740293
160.0,1421116437931458286969196379690998986504855152749,22.0,547.0,543.0,0.049772,0.050999,0.11769,0.167462,0.832538
160.0,1172553592352544090305146581654443943982800468347,22.0,372.0,363.0,0.055636000000000005,0.022618,0.08408,0.139716,0.860284
160.0,909793617870750937141425081136809004936031725807,22.0,854.0,828.0,0.030139999999999997,0.055126,0.23245099999999994,0.2625909999999999,0.7374090000000001
160.0,1057437110620229076506102833609193814696668318251,22.0,403.0,388.0,0.068976,0.026422,0.22877,0.297746,0.7022539999999999
160.0,1272489506939449407441353102540516266393948251787,22.0,375.0,375.0,0.219782,0.219782,0.0,0.219782,0.780218
160.0,1080313044916089688695708805273339794814591207951,22.0,324.0,324.0,0.241635,0.241635,0.0,0.241635,0.758365
160.0,1149353867679185877473020663684612261737991945873,22.0,307.0,307.0,0.090365,0.090365,0.0,0.090365,0.909635
160.0,983949157142389589790721652739207946878875195771,22.0,343.0,343.0,0.042134,0.042134,0.0,0.042134,0.957866
160.0,1361143599389480694086689546211220334021828686817,22.0,408.0,396.0,0.003797,0.089649,0.259828,0.263625,0.736375
160.0,1021091838147883904869937336936298707335596006313,22.0,426.0,424.0,0.12620399999999998,0.04955,0.04955,0.17575399999999997,0.824246
160.0,1294988162211010208686476509915675738782236322669,22.0,396.0,396.0,0.169828,0.169828,0.0,0.169828,0.830172
160.0,1122941529731570548110403398235866601161586536011,22.0,347.0,347.0,0.109941,0.109941,0.0,0.109941,0.890059
160.0,1432805530443255062195929071604085524855630107221,22.0,320.0,320.0,0.109348,0.109348,0.0,0.109348,0.890652
160.0,1153032896620140114746318270771321999716861546507,22.0,421.0,421.0,0.047563,0.047563,0.0,0.047563,0.952437
160.0,964310714558373662737593657033125267637818078167,22.0,351.0,351.0,0.102842,0.102842,0.0,0.102842,0.897158
161.0,2549342994142969438502207735324263431486603124709,22.0,338.0,338.0,0.214358,0.214358,0.0,0.214358,0.785642
161.0,2681100216348215889829625802961254331665674276717,22.0,392.0,392.0,0.034659,0.034659,0.0,0.034659,0.965341
161.0,2880298692764464678292391755309173496702002183049,22.0,447.0,447.0,0.011429,0.011429,0.0,0.011429,0.988571
161.0,1772591985057680454231176923477927954936575167497,22.0,298.0,298.0,0.289541,0.289541,0.0,0.289541,0.710459
161.0,2083705746610030102470078930728254734269258767559,22.0,404.0,400.0,0.060449,0.090158,0.174841,0.23529,0.76471
161.0,2592051223899969308896255211589583595849607840917,22.0,519.0,503.0,0.089064,0.071087,0.233147,0.322211,0.677789
161.0,1964444950659050423101133436896095725128026615861,22.0,323.0,286.0,0.044337,0.255106,0.658125,0.7024619999999999,0.2975380000000001
161.0,2664894503748551145754658751022334263049302504109,22.0,396.0,396.0,0.056009,0.056009,0.0,0.056009,0.943991
161.0,2890667027374661591725712210164725411830649644971,22.0,457.0,456.0,0.039313,0.023062,0.023062,0.062375,0.937625
161.0,2315237919643127678001317504649602348775135239989,22.0,410.0,410.0,0.062611,0.062611,0.0,0.062611,0.937389
161.0,2263615665739021443959839330064499024174205984757,22.0,356.0,354.0,0.063538,0.07989500000000001,0.136526,0.20006400000000002,0.799936
161.0,2715737041694779962072587570440702427479596688267,22.0,368.0,368.0,0.187187,0.187187,0.0,0.187187,0.812813
161.0,2242913431855633380375884470582819076336280851693,22.0,555.0,551.0,0.043516,0.043827,0.08513,0.12864599999999998,0.871354
161.0,2196055705110050413211594819707917380387387874647,22.0,488.0,481.0,0.07467,0.069863,0.10536999999999999,0.18003999999999998,0.81996
161.0,2386559963764208317133465196705396071874399113177,22.0,442.0,442.0,0.261764,0.261764,0.0,0.261764,0.738236
161.0,2496018222066887071360307538619052262154796275933,22.0,441.0,441.0,0.362291,0.362291,0.0,0.362291,0.6377090000000001
161.0,2643999513168057204584957107582487653622472397817,22.0,464.0,464.0,0.113336,0.113336,0.0,0.113336,0.886664
161.0,2635743115320503461112643487699959884803825828717,22.0,392.0,392.0,0.048632,0.048632,0.0,0.048632,0.951368
161.0,2825605982926347409937517778879057613012900909681,22.0,419.0,419.0,0.109224,0.109224,0.0,0.109224,0.890776
161.0,1945681273593238791686785823639092496168175333883,22.0,416.0,416.0,0.12900899999999998,0.12900899999999998,0.0,0.12900899999999998,0.8709910000000001
162.0,5142726192263316119305765044724202366191059020131,22.0,400.0,392.0,0.122259,0.031562,0.031562,0.153821,0.846179
162.0,4356714020119985091707387224305757015484033268083,22.0,365.0,334.0,0.00524,0.06207,0.4327849999999999,0.43802499999999994,0.5619750000000001
162.0,5760088733269586802798761031015562375783053998981,22.0,396.0,384.0,0.036745,0.025022,0.025022,0.061767,0.938233
162.0,5126536210830929842911126218863559555593079772241,22.0,439.0,432.0,0.167606,0.008769,0.032019,0.199625,0.8003750000000001
162.0,4355984306317180250941284630714493550289288293197,22.0,531.0,525.0,0.032607,0.080092,0.080092,0.112699,0.887301
162.0,5372238624316637074604877264416233805336449398107,22.0,363.0,363.0,0.072243,0.072243,0.0,0.072243,0.9277569999999999
162.0,3370953511586955617438834489704567964510236112387,22.0,319.0,319.0,0.008573,0.008573,0.0,0.008573,0.991427
162.0,5654048134438701321190467092520015125597334765619,22.0,896.0,896.0,0.1157,0.1157,0.0,0.1157,0.8843
162.0,5347560175544712010315634817224870510859508906709,22.0,429.0,421.0,0.042451,0.037791,0.18071600000000002,0.223167,0.776833
162.0,5736419416140119735836049169364015628764346059723,22.0,781.0,769.0,0.016378999999999998,0.008145,0.12106,0.137439,0.862561
162.0,4650109252981784028797300655435682334415722439709,22.0,485.0,485.0,0.117169,0.117169,0.0,0.117169,0.882831
162.0,4851575313540019468754262146798472592699356416503,22.0,446.0,440.0,0.075053,0.034611,0.190209,0.265262,0.734738
162.0,4620052361353557581946034404083231874642184874639,22.0,448.0,448.0,0.089807,0.089807,0.0,0.089807,0.910193
162.0,5522800988337253824728791418632480547260333713827,22.0,416.0,410.0,0.016436,0.012081,0.012081,0.028517,0.971483
162.0,5499586014822265836968576304450001678297022377393,22.0,653.0,653.0,0.072751,0.072751,0.0,0.072751,0.927249
162.0,3564133393297332356275713734544213713680389996917,22.0,367.0,367.0,0.056314,0.056314,0.0,0.056314,0.943686
162.0,5515322111725050184603784308918954761722437406837,22.0,388.0,388.0,0.049697,0.049697,0.0,0.049697,0.950303
162.0,4485461183490214672847356727639397071039303926699,22.0,353.0,353.0,0.090558,0.090558,0.0,0.090558,0.909442
162.0,5195480640606091839263058107075820094394110075261,22.0,376.0,364.0,0.028553,0.092437,0.21890800000000002,0.24746100000000001,0.752539
162.0,5741107958946558148650160180297387601202820663099,22.0,476.0,465.0,0.066029,0.066447,0.121786,0.187815,0.8121849999999999
163.0,9747578468936317254902406784741698921811080904511,22.0,383.0,374.0,0.127464,0.033211,0.08169599999999999,0.20915999999999998,0.79084
163.0,10111701947436338618707597112719816959644907307921,22.0,489.0,489.0,0.073361,0.073361,0.0,0.073361,0.926639
163.0,9500974977324321481710304769960767745184067228853,22.0,360.0,360.0,0.193791,0.193791,0.0,0.193791,0.806209
163.0,10923265258610933252939304751090963667320491815059,22.0,360.0,360.0,0.119551,0.119551,0.0,0.119551,0.880449
163.0,6277296598420519157375291811600475171257085054819,22.0,292.0,292.0,0.112919,0.112919,0.0,0.112919,0.887081
163.0,9231618602773719751425117097585869209969078112883,22.0,451.0,451.0,0.110877,0.110877,0.0,0.110877,0.889123
163.0,10035352768951452538707551978057565508665635317309,22.0,447.0,447.0,0.032868,0.032868,0.0,0.032868,0.967132
163.0,7654209071367977951897371689264431599631570961337,22.0,332.0,331.0,0.178428,0.047181,0.047181,0.225609,0.774391
163.0,10824194889247063645916265364865318315163275587691,22.0,333.0,333.0,0.249792,0.249792,0.0,0.249792,0.750208
163.0,7007067855178084077334907729020251703138388423407,22.0,589.0,589.0,0.061752,0.061752,0.0,0.061752,0.938248
163.0,11563629162960767561469993435982566900206290797341,22.0,329.0,325.0,0.1362,0.159988,0.159988,0.296188,0.703812
163.0,10432647582007091942814866236806348920448169897081,22.0,379.0,379.0,0.1726,0.1726,0.0,0.1726,0.8274
163.0,11013321740409425001654829975108773198879722323169,22.0,488.0,486.0,0.07607,0.110821,0.110821,0.186891,0.813109
163.0,11388208541060705561819087229232095358667380786273,22.0,550.0,544.0,0.011822,0.02939,0.045478000000000005,0.057300000000000004,0.9427
163.0,11103735522688372546281614770298463681690271542443,22.0,490.0,490.0,0.13317,0.13317,0.0,0.13317,0.86683
163.0,8215686036974456744106483973928387713743004968589,22.0,435.0,428.0,0.033084,0.11527799999999999,0.11527799999999999,0.148362,0.851638
163.0,10366420373188722818237768081269384282174284586279,22.0,496.0,496.0,0.101913,0.101913,0.0,0.101913,0.898087
163.0,9887493049291697627584648336712714992824228820507,22.0,392.0,371.0,0.020721,0.067301,0.091501,0.112222,0.887778
163.0,11291772697596805962306082330181863662191216703401,22.0,662.0,662.0,0.032522,0.032522,0.0,0.032522,0.967478
163.0,8629299483287912574962165393081179705241759373329,22.0,516.0,510.0,0.010498,0.052192,0.052192,0.06269,0.93731
164.0,20210344270042780228524473590981781384374263250651,22.0,682.0,673.0,0.01478,0.027106,0.09964600000000001,0.11442600000000001,0.885574
164.0,17385754946083473907588211247263282920082635440931,22.0,454.0,454.0,0.103207,0.103207,0.0,0.103207,0.896793
164.0,15065200337324516365624234372840728893791849883677,22.0,517.0,517.0,0.101458,0.101458,0.0,0.101458,0.898542
164.0,20001274208685757373389824972298109151192644683421,22.0,441.0,441.0,0.207016,0.207016,0.0,0.207016,0.792984
164.0,23206373050027225840725924288883018652907266761573,22.0,379.0,379.0,0.077693,0.077693,0.0,0.077693,0.922307
164.0,22025345891505684794425190360346292788092251835117,22.0,311.0,311.0,0.09157,0.09157,0.0,0.09157,0.90843
164.0,17433500709489283073258616221836367960841092957683,22.0,420.0,416.0,0.15065499999999998,0.075432,0.258206,0.408861,0.5911390000000001
164.0,20619243792726008996626054260855579390889646661671,22.0,506.0,498.0,0.013663,0.008193,0.045016,0.058679,0.941321
164.0,17851954102483708548111820947964979316071559518321,22.0,496.0,489.0,0.079022,0.047065,0.047065,0.126087,0.8739129999999999
164.0,15520227091786292775179646082304899324457570987803,22.0,414.0,409.0,0.147978,0.013271,0.09129300000000001,0.239271,0.760729
164.0,21025509716353739955780362583473341923163070100707,22.0,489.0,489.0,0.154511,0.154511,0.0,0.154511,0.8454889999999999
164.0,14498146431977835998639783360838649091026316741701,22.0,502.0,500.0,0.101812,0.063082,0.063082,0.16489399999999999,0.835106
164.0,19111791960401045569879778943278968002523890458231,22.0,312.0,305.0,0.088399,0.036259,0.11529,0.203689,0.796311
164.0,16530301572124410378960034538876085010836459672467,22.0,301.0,301.0,0.137201,0.137201,0.0,0.137201,0.862799
164.0,18221873864190480631751119997397311265906143427919,22.0,639.0,624.0,0.039862,0.093173,0.384927,0.424789,0.5752109999999999
164.0,19509002958117864345830026901941875949728480482351,22.0,651.0,645.0,0.24351699999999998,0.040908,0.040908,0.284425,0.7155750000000001
164.0,22672286378997470934496964350911104497412505665789,22.0,431.0,421.0,0.058392,0.06492,0.06492,0.123312,0.876688
164.0,23046477364042922130498611236049763734841923672321,22.0,558.0,546.0,0.021371,0.050013,0.099027,0.120398,0.879602
164.0,17549286263321631100185248104947257910955608889553,22.0,367.0,367.0,0.248183,0.248183,0.0,0.248183,0.751817
164.0,21059636316678691840527110401614339175235554714931,22.0,487.0,486.0,0.018604,0.020236,0.020236,0.03884,0.96116
165.0,41832933592112304400801943026671467969363831087923,22.0,334.0,334.0,0.202037,0.202037,0.0,0.202037,0.797963
165.0,35682862411294951100561921127821057964487467339443,22.0,394.0,391.0,0.058506,0.053982,0.053982,0.112488,0.887512
165.0,42835312913720678185448545784074783359123970744159,22.0,379.0,367.0,0.02719,0.029781,0.055179,0.082369,0.917631
165.0,40881659780738625128558353749592964839279265435171,22.0,339.0,339.0,0.048129,0.048129,0.0,0.048129,0.951871
165.0,45322494471102900510547891895971824081862698563281,22.0,343.0,343.0,0.030772,0.030772,0.0,0.030772,0.969228
165.0,45929128788840959205376511336193947297685265640951,22.0,942.0,934.0,0.135981,0.06843,0.06843,0.204411,0.795589
165.0,44489998373490387700600426834275888436763809873019,22.0,804.0,804.0,0.039756,0.039756,0.0,0.039756,0.960244
165.0,35790092378947652923809024031202004014344249255817,22.0,461.0,460.0,0.061694,0.016828,0.016828,0.078522,0.921478
165.0,45161106773899709982331683988937842529673051859151,22.0,505.0,505.0,0.143067,0.143067,0.0,0.143067,0.856933
165.0,41611075822328138418773040753161992670148754649183,22.0,399.0,399.0,0.043919,0.043919,0.0,0.043919,0.956081
165.0,43893688025396579244143003549941949711112694897597,22.0,592.0,577.0,0.007991,0.010056,0.22047700000000003,0.22846800000000003,0.771532
165.0,38949108443317524477011125919734633057707138102373,22.0,444.0,444.0,0.149457,0.149457,0.0,0.149457,0.850543
165.0,44506757530726502698455041633661918108484228681201,22.0,572.0,567.0,0.030579,0.015988,0.015988,0.046567,0.953433
165.0,45700176760813962794447132804379570073089321130619,22.0,410.0,410.0,0.256035,0.256035,0.0,0.256035,0.743965
165.0,36717319074712975178793976563482551630954666600147,22.0,490.0,490.0,0.425116,0.425116,0.0,0.425116,0.574884
165.0,40081717737177734357477768258828819203380673838299,22.0,454.0,449.0,0.071781,0.052192,0.052192,0.123973,0.876027
165.0,42668271582757088828333733690941986896240697265291,22.0,337.0,337.0,0.024521,0.024521,0.0,0.024521,0.975479
165.0,42066162699265700510000155471171171993026790897181,22.0,335.0,325.0,0.081858,0.042031,0.052571,0.134429,0.865571
165.0,43079437256800894081452117481597778557867932256481,22.0,712.0,710.0,0.109962,0.026268,0.026268,0.13623000000000002,0.8637699999999999
165.0,39639751732104952918265482468837059446746603506727,22.0,423.0,422.0,0.143977,0.063366,0.063366,0.207343,0.792657
166.0,64455071458380183185819126791305562795840205337607,22.0,530.0,530.0,0.044002,0.044002,0.0,0.044002,0.955998
166.0,90075771203582122330247262323941154266135655067703,23.0,589.0,575.0,0.038223,0.069149,0.16052499999999997,0.19874799999999998,0.8012520000000001
166.0,72228823129784081606691745887439926673012583025583,22.0,600.0,598.0,0.133073,0.171146,0.171146,0.304219,0.695781
166.0,69837432774442923128016482628855170461287372899371,22.0,397.0,397.0,0.065705,0.065705,0.0,0.065705,0.934295
166.0,89244922194937743144971782767253188914316795885797,23.0,496.0,496.0,0.044182,0.044182,0.0,0.044182,0.9558180000000001
166.0,88746453267789363020668583643470490537450658613921,23.0,420.0,417.0,0.035594,0.066984,0.066984,0.102578,0.8974219999999999
166.0,88713786474705850221237608801094392192327303798911,23.0,366.0,366.0,0.069399,0.069399,0.0,0.069399,0.930601
166.0,87557406481398096612837568774546924908523956472679,22.0,481.0,481.0,0.073961,0.073961,0.0,0.073961,0.9260390000000001
166.0,83804917377281198336877975468864158449629337119497,22.0,411.0,411.0,0.15773,0.15773,0.0,0.15773,0.84227
166.0,81569638913156092214718111347132660641468885512997,22.0,377.0,376.0,0.181167,0.070895,0.070895,0.252062,0.747938
166.0,52608719657148563796512530136536674250280158137673,22.0,590.0,590.0,0.031554,0.031554,0.0,0.031554,0.968446
166.0,89221264190598117801701321295581964396857406691793,23.0,366.0,366.0,0.071767,0.071767,0.0,0.071767,0.928233
166.0,91421352408629645983856436933886907626516790327531,23.0,393.0,393.0,0.16988,0.16988,0.0,0.16988,0.83012
166.0,92354408607697290294087669975129842220424154225839,23.0,336.0,335.0,0.057569,0.016312,0.016312,0.073881,0.926119
166.0,90307244958886521065070588400571519599452170426827,23.0,429.0,416.0,0.076462,0.081151,0.103592,0.180054,0.8199460000000001
166.0,61951676507642868191945772939153670793162317140439,22.0,651.0,638.0,0.010495,0.108622,0.334306,0.34480099999999997,0.6551990000000001
166.0,57096092534835312898852423687190032724229132615371,22.0,408.0,397.0,0.045154,0.142608,0.24943400000000002,0.294588,0.7054119999999999
166.0,77734094079183033282661848210260105535011878058221,22.0,407.0,407.0,0.132177,0.132177,0.0,0.132177,0.867823
166.0,61439716290799937763975920406477923341938046630307,22.0,504.0,504.0,0.420976,0.420976,0.0,0.420976,0.579024
166.0,92944946903546196014112302841886638418369209076507,23.0,302.0,302.0,0.111878,0.111878,0.0,0.111878,0.888122
167.0,185191770581306272864194984747884925328034141094049,23.0,352.0,348.0,0.053261,0.039753,0.039753,0.093014,0.906986
167.0,150753299534321728385042450116986328932503586710791,23.0,384.0,384.0,0.024513,0.024513,0.0,0.024513,0.975487
167.0,122185038003700368219528064449236784866763422689417,23.0,378.0,370.0,0.17253,0.059493,0.098353,0.270883,0.729117
167.0,178235118269758334366445181520116909697869973267843,23.0,420.0,409.0,0.037811,0.031703999999999996,0.050588999999999995,0.08839999999999999,0.9116
167.0,125101284926137051500851455837556179024574472599693,23.0,373.0,373.0,0.036564,0.036564,0.0,0.036564,0.963436
167.0,183608279157579728300471834586610846132033916363009,23.0,423.0,421.0,0.055472,0.028988,0.028988,0.08446000000000001,0.91554
167.0,123823837425211259366602079641341299640350463304427,23.0,444.0,444.0,0.05421600000000001,0.05421600000000001,0.0,0.05421600000000001,0.945784
167.0,182738591737141364288038096817725089299414242881199,23.0,346.0,342.0,0.04196,0.200855,0.200855,0.242815,0.757185
167.0,144881986800772159131971678194070421363231610326503,23.0,493.0,486.0,0.061428,0.018299,0.17571199999999998,0.23714,0.76286
167.0,169113029671003783909165383403390189332006078766403,23.0,740.0,728.0,0.032032,0.036372,0.077988,0.11002,0.88998
167.0,180203454172404433999728807424822530543427009853893,23.0,587.0,587.0,0.128537,0.128537,0.0,0.128537,0.871463
167.0,176740473075257510677017027826065071164478066806109,23.0,324.0,324.0,0.123967,0.123967,0.0,0.123967,0.8760330000000001
167.0,154708744984764752253150630606148953411120836248223,23.0,504.0,496.0,0.010367,0.01285,0.039710999999999996,0.050078,0.949922
167.0,185822038963156756154989463606402264231845142986571,23.0,509.0,503.0,0.076438,0.037744,0.124916,0.201354,0.798646
167.0,164713641976176077509064527913611509808492198546303,23.0,419.0,419.0,0.086502,0.086502,0.0,0.086502,0.913498
167.0,174143473517067658771245663523001506669684229251583,23.0,294.0,294.0,0.142155,0.142155,0.0,0.142155,0.857845
167.0,134875484299471317108685835177615212803568324951771,23.0,324.0,323.0,0.025806,0.131395,0.131395,0.157201,0.842799
167.0,182071589557326943011646537770784052720010679622671,23.0,437.0,435.0,0.060508,0.010824,0.046637,0.10714499999999999,0.892855
167.0,107723548795615044892707554332906198918982581905521,23.0,412.0,406.0,0.034874,0.032954,0.05320799999999999,0.088082,0.911918
167.0,110235062257219473750266489148464622602430677309023,23.0,440.0,437.0,0.170128,0.065014,0.065014,0.23514200000000002,0.764858
168.0,355867559027045347481742474164268313169270448267103,23.0,524.0,524.0,0.096217,0.096217,0.0,0.096217,0.903783
168.0,354354498343882825539049178202420048518235057099511,23.0,359.0,359.0,0.103062,0.103062,0.0,0.103062,0.896938
168.0,297316862371625606791660530918145246188551598375827,23.0,471.0,455.0,0.050909,0.025836,0.13303,0.18393900000000002,0.8160609999999999
168.0,251334070780906996792106667358010626199124871015193,23.0,377.0,375.0,0.050155,0.030923,0.030923,0.081078,0.918922
168.0,266089629335928959939990984219310389073099671366189,23.0,355.0,355.0,0.102267,0.102267,0.0,0.102267,0.897733
168.0,297312478520764466042800805099268401234237086618769,23.0,484.0,483.0,0.033804,0.024067,0.024067,0.057871000000000006,0.942129
168.0,252694597694857518298868919901861055603851696256479,23.0,383.0,383.0,0.021087,0.021087,0.0,0.021087,0.978913
168.0,286391540226265125508001191752822610514127971418977,23.0,449.0,441.0,0.042935,0.019065,0.049168,0.092103,0.907897
168.0,318688943619592236326261968753666579542852488008771,23.0,500.0,493.0,0.11762800000000001,0.028076,0.104273,0.22190100000000001,0.778099
168.0,348197322658922333549563681800422289216265150015297,23.0,494.0,494.0,0.107615,0.107615,0.0,0.107615,0.892385
168.0,368542669960002587168410129566818072485889583789247,23.0,481.0,467.0,0.080932,0.022874,0.08017099999999999,0.161103,0.838897
168.0,268548911990920458790785330758705695531710970965877,23.0,381.0,381.0,0.205364,0.205364,0.0,0.205364,0.794636
168.0,331941207943771650157715950616862772785852585230449,23.0,368.0,368.0,0.092538,0.092538,0.0,0.092538,0.907462
168.0,323877960143720182139921715509016936864755738538083,23.0,371.0,371.0,0.083574,0.083574,0.0,0.083574,0.916426
168.0,363122401231538903702884958200573978698665726858941,23.0,422.0,419.0,0.06478,0.070024,0.098828,0.163608,0.836392
168.0,308228420728279829232936597270463065825898054642939,23.0,353.0,353.0,0.083291,0.083291,0.0,0.083291,0.916709
168.0,283116060916231999061737214282503740357534622019947,23.0,371.0,371.0,0.06574,0.06574,0.0,0.06574,0.93426
168.0,281428688528495768940994883006958194198779974610219,23.0,478.0,472.0,0.086567,0.076246,0.112566,0.199133,0.800867
168.0,326678933726286291994787934645555743351568375175913,23.0,420.0,416.0,0.058415,0.007909,0.08458199999999999,0.14299699999999999,0.857003
168.0,242229774464479250019542042945875041752252033094853,23.0,751.0,751.0,0.143273,0.143273,0.0,0.143273,0.856727
169.0,549419723295960540447780008307906211005792776812829,23.0,472.0,472.0,0.169202,0.169202,0.0,0.169202,0.830798
169.0,664865469281161842324657652489314073194401709162263,23.0,607.0,607.0,0.076851,0.076851,0.0,0.076851,0.923149
169.0,526275837673483487444634125901789672050479746789367,23.0,443.0,427.0,0.094084,0.10821599999999999,0.19917300000000002,0.293257,0.706743
169.0,677970966743848576239473283142953742552801707940111,23.0,439.0,432.0,0.033711000000000005,0.019982,0.082671,0.116382,0.883618
169.0,657821691628060301322956147101670288895728662024039,23.0,411.0,411.0,0.101048,0.101048,0.0,0.101048,0.898952
169.0,715264587022453456200004920592343027582234072699119,23.0,681.0,667.0,0.07244,0.019502,0.13789900000000002,0.21033900000000003,0.789661
169.0,564263055842251392661877742982498545034787789672701,23.0,365.0,361.0,0.041188,0.06007,0.085164,0.12635200000000002,0.873648
169.0,709752893570015397017697204082578787464541589122757,23.0,337.0,337.0,0.042322,0.042322,0.0,0.042322,0.957678
169.0,655017367008869539322579634764112530246507710350587,23.0,431.0,431.0,0.042916,0.042916,0.0,0.042916,0.957084
169.0,657292182528951725976013293116638919927942739731969,23.0,348.0,347.0,0.082153,0.150532,0.150532,0.232685,0.767315
169.0,723786901355715251133499133823457447564442130316753,23.0,875.0,875.0,0.143065,0.143065,0.0,0.143065,0.856935
169.0,523829125978495822418790946811975528394043957096661,23.0,390.0,390.0,0.069537,0.069537,0.0,0.069537,0.930463
169.0,541477377066573582590059723667831900889584456117101,23.0,317.0,317.0,0.09727,0.09727,0.0,0.09727,0.90273
169.0,695788992079943252596035093883032289031003550676639,23.0,442.0,442.0,0.20878399999999997,0.20878399999999997,0.0,0.20878399999999997,0.791216
169.0,694333695686916638920533025197721880230919832136049,23.0,362.0,362.0,0.033792,0.033792,0.0,0.033792,0.966208
169.0,485822670269234256517166328139449043912746690035101,23.0,370.0,370.0,0.08871,0.08871,0.0,0.08871,0.91129
169.0,621048212309618498722906441939308335619301463127923,23.0,457.0,454.0,0.036621,0.020253,0.034395999999999996,0.071017,0.928983
169.0,471378305746743164537629288149409115192944188760511,23.0,382.0,382.0,0.09491,0.09491,0.0,0.09491,0.90509
169.0,679166054805478107698598400374518496104565906945673,23.0,330.0,327.0,0.127003,0.051069,0.051069,0.178072,0.821928
169.0,478874915531854708795103201026072431746838752011189,23.0,467.0,457.0,0.035445,0.047753,0.105445,0.14089,0.85911
170.0,1289318240951187150423696809121408247188110724374959,23.0,360.0,360.0,0.05594,0.05594,0.0,0.05594,0.94406
170.0,1317598680651458934736004969973115054629720267802427,23.0,410.0,401.0,0.073299,0.010153,0.089527,0.162826,0.837174
170.0,1387016971391792365767686427962070113773978808021599,23.0,419.0,410.0,0.00854,0.027079,0.148785,0.157325,0.8426750000000001
170.0,1301605848278604502292287990083848668281772339668443,23.0,494.0,491.0,0.083898,0.059785,0.059785,0.143683,0.856317
170.0,1454027346176602205583289937091731344133146246553801,23.0,541.0,539.0,0.066565,0.068945,0.068945,0.13551000000000002,0.86449
170.0,967653528079116878085780463103240904324567568232963,23.0,516.0,516.0,0.03094,0.03094,0.0,0.03094,0.96906
170.0,1261056843454978621289453730316681785701648409889253,23.0,481.0,473.0,0.03773,0.029065,0.18368700000000002,0.22141700000000003,0.778583
170.0,837639897222655440981696060794566569158254246200341,23.0,448.0,440.0,0.060321,0.02941,0.116763,0.17708400000000002,0.822916
170.0,1380352939133440466587651274847015029204065064236727,23.0,665.0,665.0,0.18902,0.18902,0.0,0.18902,0.81098
170.0,1470202321847100083182546960194231350823305902723733,23.0,454.0,454.0,0.168806,0.168806,0.0,0.168806,0.831194
170.0,1395451141662017337518566124235400507157510063162651,23.0,387.0,382.0,0.10909800000000001,0.03525,0.03525,0.144348,0.855652
170.0,1443973581327167714924022043427922410334336886476631,23.0,420.0,412.0,0.030839,0.0242,0.0242,0.055039,0.944961
170.0,1248251220039825096428185208030859202496488462447199,23.0,472.0,471.0,0.05038,0.020965,0.020965,0.071345,0.928655
170.0,1485074191992056020325974520634552289818056666197811,23.0,434.0,434.0,0.099228,0.099228,0.0,0.099228,0.900772
170.0,1254247931868399620218293166952069391063175723231013,23.0,507.0,492.0,0.029609,0.016016,0.143982,0.173591,0.826409
170.0,1257669066486116581118684542985264257389351752099207,23.0,331.0,331.0,0.170412,0.170412,0.0,0.170412,0.829588
170.0,938770475414108901814693140661602364827961258856599,23.0,331.0,331.0,0.301613,0.301613,0.0,0.301613,0.698387
170.0,1066007335410228423895411628779579916508643551606013,23.0,411.0,411.0,0.056247,0.056247,0.0,0.056247,0.943753
170.0,1055641473154584299321451059456907378615225873359927,23.0,445.0,445.0,0.084548,0.084548,0.0,0.084548,0.915452
170.0,1450909537806030357996742850817171901677376101936973,23.0,348.0,330.0,0.032716,0.076559,0.25146900000000005,0.2841850000000001,0.7158149999999999
171.0,2320628485992640066699844867503781431624090632616007,23.0,407.0,407.0,0.083579,0.083579,0.0,0.083579,0.916421
171.0,2687357138509969949945838036658262421119489089392571,23.0,379.0,379.0,0.070184,0.070184,0.0,0.070184,0.929816
171.0,2179890418570410841271805505892530931206234443075251,23.0,496.0,487.0,0.076777,0.009761,0.009761,0.086538,0.913462
171.0,2643553863724729454040982582317963102955115497112137,23.0,631.0,631.0,0.108004,0.108004,0.0,0.108004,0.891996
171.0,2460627882183105189199201566900305707431196028435837,23.0,479.0,479.0,0.054445,0.054445,0.0,0.054445,0.945555
171.0,2339826321982801679364695234505710301355859790744791,23.0,674.0,674.0,0.039664,0.039664,0.0,0.039664,0.960336
171.0,2758900339445195828507819823171495863952057663997793,23.0,368.0,368.0,0.1439,0.1439,0.0,0.1439,0.8561
171.0,1842882812388021598690092464110026835556610550203901,23.0,649.0,649.0,0.225939,0.225939,0.0,0.225939,0.774061
171.0,2527348162893818585716726864029885307488142009814867,23.0,346.0,346.0,0.086502,0.086502,0.0,0.086502,0.913498
171.0,2837554568622031909115383188427508045834871248866231,23.0,361.0,361.0,0.174083,0.174083,0.0,0.174083,0.825917
171.0,1980107624548085725945997103475068875829188531206579,23.0,892.0,892.0,0.126867,0.126867,0.0,0.126867,0.8731329999999999
171.0,2569544928058170304082873120455860591460518083182909,23.0,514.0,498.0,0.052116,0.058314,0.19085200000000002,0.24296800000000002,0.7570319999999999
171.0,2690941433828007792933739463035154894668803736090667,23.0,360.0,356.0,0.060913,0.07860700000000001,0.07860700000000001,0.13952,0.86048
171.0,2790043200701068932081541267461948287073389647656629,23.0,321.0,321.0,0.025733,0.025733,0.0,0.025733,0.974267
171.0,2090916108644774601950745809429826244133327238488009,23.0,415.0,415.0,0.143049,0.143049,0.0,0.143049,0.856951
171.0,2565736058589956952109798640055629482853606450052707,23.0,496.0,476.0,0.038827999999999994,0.024747,0.19929900000000006,0.23812700000000006,0.7618729999999999
171.0,2857998842268811336179375833801691573922890863274847,23.0,694.0,683.0,0.02336,0.019882,0.083213,0.106573,0.893427
171.0,2396493466906125285828056384566870470681794130877669,23.0,439.0,426.0,0.043791,0.051597,0.07739599999999999,0.12118699999999999,0.8788130000000001
171.0,2690381636823230507251275613355703537300523990202027,23.0,517.0,517.0,0.175701,0.175701,0.0,0.175701,0.824299
171.0,2534044398151279155788338071872494168885731333317717,23.0,508.0,508.0,0.095969,0.095969,0.0,0.095969,0.904031
172.0,4462022261486228276470696903183179974341102550314813,23.0,557.0,555.0,0.047095,0.09087699999999999,0.09087699999999999,0.13797199999999998,0.862028
172.0,4973934130046512061706003746504778764546358353047069,23.0,488.0,488.0,0.149708,0.149708,0.0,0.149708,0.850292
172.0,5648094522288795174255363457633460814882962588225833,23.0,534.0,534.0,0.067234,0.067234,0.0,0.067234,0.932766
172.0,4726592204009198207872992689944913141786425094656837,23.0,797.0,797.0,0.252846,0.252846,0.0,0.252846,0.747154
172.0,5594622054792930920033030420069168546546514996297059,23.0,374.0,357.0,0.07947599999999999,0.062046,0.120166,0.199642,0.800358
172.0,5195538082333779164457732930160988690944352296084861,23.0,378.0,375.0,0.215173,0.058434,0.058434,0.273607,0.7263930000000001
172.0,4025284698876107182620642633377455297801856255767501,23.0,456.0,447.0,0.155818,0.146944,0.146944,0.302762,0.697238
172.0,4383786029746298282865883459946099335415639923579151,23.0,509.0,507.0,0.140788,0.054897,0.054897,0.195685,0.804315
172.0,4240211809755560196715516460800231502364014252588639,23.0,406.0,406.0,0.064474,0.064474,0.0,0.064474,0.935526
172.0,5548533853252799042694444930927799861408846535815007,23.0,383.0,383.0,0.205295,0.205295,0.0,0.205295,0.794705
172.0,5437902847130435025801669508069442332314935248409143,23.0,451.0,449.0,0.11613899999999999,0.036816,0.036816,0.152955,0.847045
172.0,4141743792397074660421973109728086317758715931017277,23.0,409.0,409.0,0.042127,0.042127,0.0,0.042127,0.957873
172.0,4778987191980938572456617933856060465243353739312487,23.0,457.0,449.0,0.059434,0.036794,0.036794,0.09622800000000001,0.903772
172.0,4739381656678028395979571409181320777773237194812847,23.0,386.0,385.0,0.079179,0.026934,0.026934,0.106113,0.893887
172.0,4804326313493129486456115335738865566041096602990667,23.0,715.0,711.0,0.067308,0.039974,0.039974,0.10728200000000002,0.892718
172.0,4104752537262135739627532234359506058920546702141581,23.0,390.0,390.0,0.106868,0.106868,0.0,0.106868,0.893132
172.0,3803744058813253158320678543084926588928670333519661,23.0,411.0,411.0,0.096823,0.096823,0.0,0.096823,0.903177
172.0,4385465259125919643879994689875257236736934784890611,23.0,477.0,477.0,0.036795,0.036795,0.0,0.036795,0.963205
172.0,5279890751954713468197389506413223751577777606451787,23.0,429.0,419.0,0.054055,0.059976,0.059976,0.114031,0.885969
172.0,4160916851387881458666582220339040710916709604934989,23.0,456.0,456.0,0.048779,0.048779,0.0,0.048779,0.951221
173.0,10923792501645012754794107569655030715119609536422907,23.0,387.0,387.0,0.080114,0.080114,0.0,0.080114,0.919886
173.0,10049473751846112538141515321974984014498020571782187,23.0,341.0,341.0,0.080252,0.080252,0.0,0.080252,0.919748
173.0,11478453237002096953758919917104639903243507350422841,23.0,637.0,637.0,0.232338,0.232338,0.0,0.232338,0.7676620000000001
173.0,10169455292752448241266658515571649753093170083937973,23.0,357.0,346.0,0.134146,0.032154,0.06589600000000001,0.200042,0.799958
173.0,11141435091489660417203162826279290403361648348555217,23.0,404.0,404.0,0.268185,0.268185,0.0,0.268185,0.731815
173.0,11845946756557169576442319415563300804632186316185761,23.0,357.0,356.0,0.09353399999999999,0.034034,0.034034,0.127568,0.872432
173.0,6606020196711476677748380921663035663590800650212861,23.0,468.0,468.0,0.168086,0.168086,0.0,0.168086,0.831914
173.0,9223304994372936325365139311788951438575340466147653,23.0,363.0,363.0,0.028658,0.028658,0.0,0.028658,0.971342
173.0,9937936138453613172200974798887957858538887333434453,23.0,436.0,429.0,0.040893,0.035535,0.084524,0.125417,0.874583
173.0,11559606582085509839598371324267429245568074606311239,23.0,368.0,360.0,0.061415,0.076773,0.169233,0.230648,0.769352
173.0,8567518689055579897923237570331424934191919130124683,23.0,374.0,374.0,0.072526,0.072526,0.0,0.072526,0.927474
173.0,7757833041287954123219330741833398980401403365844671,23.0,495.0,483.0,0.039084,0.021941,0.072705,0.111789,0.888211
173.0,9316049178944443793561813909420289680048038873209887,23.0,692.0,692.0,0.121877,0.121877,0.0,0.121877,0.878123
173.0,9928833671075698004690547493411708722996168864524191,23.0,441.0,435.0,0.10543,0.104228,0.133157,0.238587,0.761413
173.0,8082599286688078272326597296230019194455017969460353,23.0,399.0,399.0,0.099991,0.099991,0.0,0.099991,0.9000090000000001
173.0,11722980560595969629675859144256076147885119391535181,23.0,580.0,554.0,0.031929,0.028587,0.181515,0.21344400000000002,0.786556
173.0,9593608908661975634163739787876317382759712663032617,23.0,800.0,800.0,0.014363,0.014363,0.0,0.014363,0.985637
173.0,7514341258039837561785554369913705517231217351886269,23.0,514.0,514.0,0.09721500000000001,0.09721500000000001,0.0,0.09721500000000001,0.902785
173.0,10788110854762710095666872487306279223201853493970649,23.0,417.0,417.0,0.132396,0.132396,0.0,0.132396,0.867604
173.0,10830515307409583755599110009630409242843757129551833,23.0,407.0,403.0,0.105293,0.100139,0.177625,0.282918,0.717082
174.0,22104611793997230117343176470598753099597657699857767,23.0,373.0,372.0,0.117847,0.107513,0.107513,0.22536,0.77464
174.0,18763942404536135019296013058405167365237739426352961,23.0,375.0,375.0,0.146659,0.146659,0.0,0.146659,0.853341
174.0,14688504101174039979833028914301622192512344235844163,23.0,539.0,531.0,0.067327,0.122111,0.169488,0.236815,0.763185
174.0,16722058225437982034822488549751786303201587785473951,23.0,450.0,450.0,0.134067,0.134067,0.0,0.134067,0.8659330000000001
174.0,21509336382097775444053571500023183533792843315954141,23.0,660.0,660.0,0.240653,0.240653,0.0,0.240653,0.759347
174.0,22850977655225044606098189565776865301144522899108753,23.0,365.0,365.0,0.037441,0.037441,0.0,0.037441,0.9625589999999999
174.0,17279223071662642072680635911044372251032271203557523,23.0,364.0,364.0,0.070185,0.070185,0.0,0.070185,0.9298150000000001
174.0,22947441514018658653094720368483897068968757283032113,23.0,355.0,350.0,0.046151,0.030023,0.030023,0.07617399999999999,0.923826
174.0,18341314976728685056786009125261875389901729222197411,23.0,502.0,495.0,0.109564,0.093093,0.135571,0.245135,0.754865
174.0,21198313883423610607647845217061584129219727405462807,23.0,696.0,696.0,0.036071,0.036071,0.0,0.036071,0.963929
174.0,12839400785843164820295834351653620428577969094536553,23.0,522.0,506.0,0.02893,0.025854,0.19484399999999996,0.22377399999999997,0.7762260000000001
174.0,23322450000830661268788758752052782250935597472051533,23.0,309.0,309.0,0.255024,0.255024,0.0,0.255024,0.7449760000000001
174.0,16333148817978325754024309091523862744059567919963111,23.0,541.0,541.0,0.075873,0.075873,0.0,0.075873,0.924127
174.0,14462970911237542989272454421381604521266425359311389,23.0,525.0,523.0,0.022411999999999998,0.006912,0.01249,0.034901999999999996,0.965098
174.0,18949560281665792004413178756295887592891979934348561,23.0,369.0,369.0,0.110745,0.110745,0.0,0.110745,0.889255
174.0,21408407116291656012109167833580671913503017751545967,23.0,458.0,458.0,0.124109,0.124109,0.0,0.124109,0.875891
174.0,22631651939782172827484157664433587783833485119069961,23.0,444.0,438.0,0.064024,0.076656,0.076656,0.14068,0.85932
174.0,21837034941512546186024799051115680122246295015518093,23.0,417.0,417.0,0.36962,0.36962,0.0,0.36962,0.6303799999999999
174.0,23437804484573336991839150008388329128133779513222523,23.0,684.0,684.0,0.23251,0.23251,0.0,0.23251,0.76749
174.0,21670228153893009427879223165719671325428625794224927,23.0,383.0,383.0,0.092836,0.092836,0.0,0.092836,0.907164
175.0,40488067071432624121676494427962676744307992814206389,23.0,490.0,490.0,0.121498,0.121498,0.0,0.121498,0.878502
175.0,47880832610030432571309186253738451904700554037260907,23.0,386.0,386.0,0.043132,0.043132,0.0,0.043132,0.956868
175.0,45878748309865752441663931039655772029562012040164497,23.0,431.0,417.0,0.029319,0.013462,0.28846,0.317779,0.682221
175.0,44519607957401945468255440685812779498238330725202451,23.0,700.0,700.0,0.029159,0.029159,0.0,0.029159,0.970841
175.0,38437122674547888080483896869357910936491022366930391,23.0,535.0,525.0,0.033501,0.036317,0.115366,0.148867,0.851133
175.0,47064113916853618606448841022057749802258231599045617,23.0,355.0,354.0,0.154061,0.099105,0.099105,0.253166,0.746834
175.0,38418920847258974395155918878755125806886124993281449,23.0,508.0,508.0,0.361173,0.361173,0.0,0.361173,0.638827
175.0,29860959886171008880417800461459339604720394693120859,23.0,493.0,472.0,0.028803,0.032221,0.276739,0.30554200000000004,0.694458
175.0,47523346294694090590598436816448664799865583071536947,23.0,385.0,373.0,0.109531,0.035413,0.141859,0.25139,0.74861
175.0,40430147177650634814659419575820969943704601075586779,23.0,483.0,475.0,0.064197,0.031126,0.083727,0.147924,0.8520760000000001
175.0,30673381581036186694644718658867052922438672540632679,23.0,351.0,343.0,0.10038899999999999,0.047277,0.047277,0.147666,0.852334
175.0,46321511197924674401868707445937064255819847549207181,23.0,549.0,542.0,0.019043,0.031214,0.083975,0.103018,0.896982
175.0,40793108447338904457818158698839208728924655609269741,23.0,465.0,465.0,0.129191,0.129191,0.0,0.129191,0.8708089999999999
175.0,47563799216222959471208717042267403920241999763230907,23.0,379.0,371.0,0.10651,0.098419,0.12278900000000001,0.229299,0.770701
175.0,44747799795754951639143084884684883018614820083166937,23.0,363.0,363.0,0.35726,0.35726,0.0,0.35726,0.64274
175.0,46867320328474189488708379756417548186877640469492347,23.0,459.0,447.0,0.092009,0.04181,0.04181,0.133819,0.866181
175.0,46542356956969036203230698142264416107162071627147053,23.0,398.0,381.0,0.047792999999999995,0.019141,0.062888,0.110681,0.889319
175.0,45701878003472651488780363802977956628041054016481659,23.0,473.0,473.0,0.127656,0.127656,0.0,0.127656,0.872344
175.0,25458726975309530242094669164823103336392162094875803,23.0,423.0,423.0,0.013409,0.013409,0.0,0.013409,0.986591
175.0,39959523049873920871877996128842998488581987804339877,23.0,427.0,414.0,0.026486999999999997,0.08997,0.08997,0.11645699999999999,0.883543
176.0,87990886338847859195592642389102593039937487082558279,24.0,476.0,463.0,0.021678,0.04299,0.121542,0.14322,0.85678
176.0,92564124955148991262968874807483374435803628161108999,24.0,928.0,925.0,0.019003,0.018472,0.018472,0.037474999999999994,0.962525
176.0,94129007589456961191977269147297543003266132666549953,24.0,394.0,391.0,0.015748,0.016124,0.016124,0.031872,0.968128
176.0,93819484016161644344551753829300322151041926203410181,24.0,422.0,422.0,0.287566,0.287566,0.0,0.287566,0.712434
176.0,73157616268457907406971375723178615684280166706710493,24.0,392.0,392.0,0.056239,0.056239,0.0,0.056239,0.943761
176.0,61542774938750705714463225629776244056185970967253653,24.0,490.0,489.0,0.041197,0.045457,0.045457,0.086654,0.913346
176.0,71800771048867515580859417044203063847762338647077403,24.0,359.0,359.0,0.054373,0.054373,0.0,0.054373,0.945627
176.0,77258340421405866522724393177859419720883968347782627,24.0,498.0,498.0,0.049652,0.049652,0.0,0.049652,0.950348
176.0,89837078281524964039898044063254336032471057480771579,24.0,663.0,663.0,0.163073,0.163073,0.0,0.163073,0.836927
176.0,67631371474217585591492093931057414532556760623695867,24.0,359.0,359.0,0.239727,0.239727,0.0,0.239727,0.760273
176.0,89832926575159265651841476273066740015357110318540347,24.0,617.0,600.0,0.032403,0.017663,0.197589,0.22999199999999997,0.770008
176.0,67118204137332948793553589627698826319196161548428537,24.0,371.0,371.0,0.1228,0.1228,0.0,0.1228,0.8772
176.0,87774156256777768160436756789989062372701963996758741,24.0,535.0,535.0,0.049425,0.049425,0.0,0.049425,0.950575
176.0,70572719969624332011199901351228566052874877227465031,24.0,448.0,448.0,0.137229,0.137229,0.0,0.137229,0.862771
176.0,86250046064114433343982710398437258754379418231496971,24.0,398.0,390.0,0.058329,0.037662,0.037662,0.09599099999999999,0.9040090000000001
176.0,87134348646583113354803029928666774546954085244353883,24.0,342.0,342.0,0.038779,0.038779,0.0,0.038779,0.961221
176.0,71901633824806274691548687743309648812921855456127637,24.0,391.0,391.0,0.232333,0.232333,0.0,0.232333,0.767667
176.0,90150270285363435056040734184802693760325360863282387,24.0,494.0,494.0,0.00814,0.00814,0.0,0.00814,0.99186
176.0,94046017590480304561168089303295538090394575865219973,24.0,477.0,462.0,0.026257,0.035901,0.053754,0.080011,0.919989
176.0,64190892782173257959767693618630438907905705925983597,24.0,430.0,430.0,0.075708,0.075708,0.0,0.075708,0.924292
177.0,119125070369688751792163725903852573808324382853761851,24.0,518.0,499.0,0.098989,0.082963,0.082963,0.181952,0.818048
177.0,182726819299327515165849812245648871121491177942129611,24.0,479.0,479.0,0.161295,0.161295,0.0,0.161295,0.838705
177.0,188893960779618570376876195763394634184667143767990939,24.0,463.0,463.0,0.08974,0.08974,0.0,0.08974,0.91026
177.0,177226234109374423417710011618572758541886871555971773,24.0,516.0,515.0,0.026743,0.024003,0.024003,0.050746,0.949254
177.0,170417219917741538865104682908758540815889415996081587,24.0,484.0,474.0,0.011467,0.016052,0.050587999999999994,0.06205499999999999,0.937945
177.0,184456472780322533717507274449727396706948277959651997,24.0,704.0,704.0,0.054587,0.054587,0.0,0.054587,0.9454130000000001
177.0,172591822599216441031826476355149233765150072380634947,24.0,438.0,438.0,0.031352,0.031352,0.0,0.031352,0.968648
177.0,160262516696147396603234199689194202325829336961400089,24.0,414.0,414.0,0.088194,0.088194,0.0,0.088194,0.911806
177.0,189488332491885140927092409494182632690603024073949519,24.0,433.0,432.0,0.026041,0.024068,0.024068,0.050109,0.949891
177.0,158860589548227817116386228914199311016251079037823631,24.0,400.0,400.0,0.029944,0.029944,0.0,0.029944,0.970056
177.0,131023867650554721773986626498755865101732014114852169,24.0,489.0,489.0,0.241587,0.241587,0.0,0.241587,0.758413
177.0,185419546061793924107275707453523293583979540373323441,24.0,422.0,410.0,0.02301,0.120675,0.282372,0.305382,0.694618
177.0,130739606859025377984032427604557137652684751978400777,24.0,503.0,501.0,0.009306,0.014835,0.028429999999999997,0.037736,0.962264
177.0,148738595022486208740372312134935505218833565972371451,24.0,442.0,441.0,0.029191,0.025519,0.025519,0.05471,0.94529
177.0,167245458534901805246177899856773690854765016929409441,24.0,561.0,549.0,0.06761,0.08424,0.13369899999999998,0.201309,0.798691
177.0,167743233925335463625480222303950384908571933339861327,24.0,421.0,421.0,0.074475,0.074475,0.0,0.074475,0.925525
177.0,127846725145209783213161083219697857237418143943954471,24.0,562.0,562.0,0.04079,0.04079,0.0,0.04079,0.95921
177.0,175371321030994867998753692974243811078511522480617843,24.0,485.0,435.0,0.017258,0.038211,0.5740449999999999,0.5913029999999999,0.4086970000000001
177.0,116000582161408742104082789047643826044722595827305757,24.0,489.0,489.0,0.03425,0.03425,0.0,0.03425,0.96575
177.0,170372630777230523245695634046185057408362313049454403,24.0,611.0,611.0,0.018341,0.018341,0.0,0.018341,0.981659
178.0,326370916554170909248800565447441227366364752100439299,24.0,358.0,358.0,0.059023,0.059023,0.0,0.059023,0.940977
178.0,351133543531254740082619452808507153835828169762359977,24.0,341.0,341.0,0.28025,0.28025,0.0,0.28025,0.71975
178.0,336454357966569634923263904170681101591018051550982463,24.0,517.0,517.0,0.048963,0.048963,0.0,0.048963,0.951037
178.0,287084766998192650266030523003134421022082997050134521,24.0,477.0,473.0,0.049102,0.066791,0.066791,0.115893,0.884107
178.0,352927538094715815006260624760445835128691040320016481,24.0,435.0,430.0,0.067164,0.02904,0.051912,0.119076,0.880924
178.0,338358782479052619339175922612376094187822886673941721,24.0,575.0,575.0,0.174347,0.174347,0.0,0.174347,0.825653
178.0,350983244504690877302934108411058885737259142622352279,24.0,403.0,400.0,0.101667,0.148237,0.148237,0.24990400000000002,0.750096
178.0,362113241669248116131584645381866273037844314273508653,24.0,813.0,807.0,0.064989,0.073166,0.159497,0.22448600000000002,0.775514
178.0,354699753705738888969549737288396049484417614825528751,24.0,515.0,515.0,0.081238,0.081238,0.0,0.081238,0.918762
178.0,331690661156431736210765004245137972208022366664402553,24.0,993.0,988.0,0.008888,0.011671,0.037745,0.046633,0.953367
178.0,332675546545853496255458413537230392333963633325833083,24.0,393.0,393.0,0.048366,0.048366,0.0,0.048366,0.951634
178.0,313703344571742936697405437124510360823965169983069999,24.0,954.0,954.0,0.024295,0.024295,0.0,0.024295,0.975705
178.0,380254134293999860410999253285210970240457628198742663,24.0,448.0,448.0,0.050573,0.050573,0.0,0.050573,0.949427
178.0,360641711799225046890015181472030377655985832139240759,24.0,608.0,608.0,0.047412,0.047412,0.0,0.047412,0.952588
178.0,263917085618902017901372402907639485241329433989841083,24.0,513.0,513.0,0.057803,0.057803,0.0,0.057803,0.942197
178.0,266288106436622503269927529785703488384905659026805291,24.0,475.0,475.0,0.029257,0.029257,0.0,0.029257,0.970743
178.0,344304805683409519331394242367711732435948148819916561,24.0,486.0,486.0,0.137965,0.137965,0.0,0.137965,0.862035
178.0,341709744235492519708940578050014342971004111389339661,24.0,328.0,328.0,0.117703,0.117703,0.0,0.117703,0.882297
178.0,310967967663884862956076583774857977926596023977520621,24.0,700.0,700.0,0.180829,0.180829,0.0,0.180829,0.819171
178.0,327279608257895351469611029322246368521417106545791761,24.0,682.0,673.0,0.01924,0.020253,0.037081,0.056321,0.943679
179.0,558936428874945996924383768356203135254350439671785479,24.0,366.0,366.0,0.084291,0.084291,0.0,0.084291,0.915709
179.0,674926639517348090731177770827913991101246148882287283,24.0,980.0,974.0,0.017751,0.008899,0.049219,0.06697,0.93303
179.0,520778796933569712475497803976339448328715986002072523,24.0,554.0,547.0,0.05495,0.064263,0.064263,0.119213,0.880787
179.0,748335037461936801408133793949275373189490397012798993,24.0,587.0,587.0,0.310384,0.310384,0.0,0.310384,0.689616
179.0,750121838409245984074572114070043722336783466522324083,24.0,555.0,541.0,0.051584000000000005,0.011264,0.18764199999999998,0.239226,0.7607740000000001
179.0,652699193242756150846355283234498871767984936149202997,24.0,373.0,370.0,0.078162,0.028244,0.028244,0.106406,0.893594
179.0,701012462554551393326136469593585664907414625879938377,24.0,571.0,549.0,0.087377,0.044756,0.23081100000000002,0.318188,0.681812
179.0,651811943098199803843122079676572375058573432081265941,24.0,335.0,335.0,0.05172,0.05172,0.0,0.05172,0.94828
179.0,551025100698026169975841797211316492193395216233257361,24.0,688.0,681.0,0.039117,0.079942,0.079942,0.119059,0.880941
179.0,568232849243253819024806302642399573345242309126608059,24.0,453.0,453.0,0.070795,0.070795,0.0,0.070795,0.9292050000000001
179.0,639820098139219068308973252189078237340004822241496393,24.0,359.0,335.0,0.014308,0.144482,0.544944,0.559252,0.44074800000000003
179.0,761792849352011360883518708616350161974544759945523083,24.0,427.0,427.0,0.076772,0.076772,0.0,0.076772,0.9232279999999999
179.0,628942419048318189765862150028221450462352308232102681,24.0,346.0,346.0,0.20149,0.20149,0.0,0.20149,0.79851
179.0,566889538234990454641052189675936791837860452121325949,24.0,470.0,468.0,0.117167,0.059886,0.059886,0.177053,0.822947
179.0,716452162573779008868293903020235512769764173696217249,24.0,627.0,627.0,0.043549,0.043549,0.0,0.043549,0.956451
179.0,621413530195004739611180163225538908969413935549872629,24.0,896.0,896.0,0.030705,0.030705,0.0,0.030705,0.969295
179.0,645609036446719663018922094515491080262538063860555597,24.0,374.0,374.0,0.060892,0.060892,0.0,0.060892,0.939108
179.0,555489032258653592242576233173121867113539610787783833,24.0,386.0,386.0,0.132769,0.132769,0.0,0.132769,0.867231
179.0,535750173793033032362966709603096420101001099801784643,24.0,536.0,520.0,0.035839,0.043658,0.165526,0.20136500000000002,0.798635
179.0,456506540313436296309522192769161449949543126587051023,24.0,417.0,417.0,0.114952,0.114952,0.0,0.114952,0.8850480000000001
180.0,1358996782341013393471064892946133021632416224066738371,24.0,753.0,743.0,0.09957200000000001,0.027135,0.10565800000000002,0.20523000000000002,0.79477
180.0,1147190830767755812327995081041386320310165753132541849,24.0,638.0,638.0,0.031837,0.031837,0.0,0.031837,0.968163
180.0,1403925300691032372140940928473865553985310895500181911,24.0,459.0,459.0,0.049943,0.049943,0.0,0.049943,0.950057
180.0,1495775451737959760457511687274350579183536185139242641,24.0,427.0,414.0,0.033536,0.037398,0.19013799999999997,0.22367399999999998,0.7763260000000001
180.0,1110739563446777289531838627303749633950291508344598743,24.0,488.0,488.0,0.018036,0.018036,0.0,0.018036,0.981964
180.0,1194024369143971552927889417542591741693717575625673111,24.0,467.0,467.0,0.044596,0.044596,0.0,0.044596,0.955404
180.0,1260166637346508034925373413900190230508510171798948477,24.0,732.0,732.0,0.097074,0.097074,0.0,0.097074,0.902926
180.0,1455316476136829091460607052510092178765985268783561317,24.0,516.0,502.0,0.015836,0.020985,0.09681000000000001,0.11264600000000001,0.887354
180.0,1309093992710635640836698146159549405123972272927404881,24.0,496.0,484.0,0.112836,0.017799,0.042952,0.155788,0.844212
180.0,1390894799146412153168495467213932724874405876411579611,24.0,490.0,487.0,0.10777600000000001,0.04452,0.04452,0.15229600000000001,0.847704
180.0,1520134781616046526108129582711299483597548910524846853,24.0,425.0,425.0,0.055556,0.055556,0.0,0.055556,0.944444
180.0,1505439219343167470373459269572451082957623944381924673,24.0,411.0,407.0,0.035143,0.06424,0.06424,0.099383,0.900617
180.0,1057025848491395991324830754425862907965800790964989169,24.0,415.0,414.0,0.039403,0.028032,0.028032,0.067435,0.932565
180.0,1022335052507123413464678276586097658581994406812064513,24.0,412.0,412.0,0.051782999999999996,0.051782999999999996,0.0,0.051782999999999996,0.948217
180.0,986820806071662897465598796288744366007908716888546481,24.0,789.0,784.0,0.006867,0.023237,0.023237,0.030104,0.969896
180.0,1524644692974396926561992448558626212968367576768526879,24.0,397.0,387.0,0.038881,0.044603,0.074047,0.112928,0.887072
180.0,1314131625546751137305337304108371769311553500059572603,24.0,433.0,429.0,0.048585,0.050805,0.061664000000000004,0.11024900000000001,0.889751
180.0,1159287238259464432648787656029088912397674342457115643,24.0,445.0,441.0,0.109276,0.067349,0.067349,0.176625,0.823375
180.0,1475197377405499619513187533655878473208974647166678079,24.0,400.0,400.0,0.11438400000000001,0.11438400000000001,0.0,0.11438400000000001,0.885616
180.0,1092513974848862293580063101113260203144966532297855803,24.0,575.0,575.0,0.048942,0.048942,0.0,0.048942,0.951058
181.0,2146755962617820701939724558369889009769651618593397373,24.0,485.0,476.0,0.029221,0.047339,0.070814,0.100035,0.899965
181.0,2072316348390379785942053767435731590279096222618626363,24.0,495.0,491.0,0.036821,0.040279,0.079899,0.11671999999999999,0.8832800000000001
181.0,2877046995656031836501313697137912148919872998967745519,24.0,556.0,556.0,0.027635,0.027635,0.0,0.027635,0.972365
181.0,2880369969123252961817754651476818952571924308651017163,24.0,462.0,462.0,0.022678,0.022678,0.0,0.022678,0.977322
181.0,2861708897811122498028015229576663189712718130603358513,24.0,569.0,566.0,0.06298,0.037036,0.037036,0.100016,0.899984
181.0,2806788267767978306991980520946809467457007629229500787,24.0,673.0,668.0,0.09679099999999999,0.022151,0.102717,0.199508,0.800492
181.0,2302747288573481437114058572318921809401333842388506063,24.0,550.0,550.0,0.12704,0.12704,0.0,0.12704,0.87296
181.0,2533946943181812616782556407056335292416812676112585527,24.0,430.0,419.0,0.07732,0.043872,0.109442,0.18676199999999998,0.813238
181.0,2487771293557144436196457222451407643840343448896262201,24.0,391.0,391.0,0.029674,0.029674,0.0,0.029674,0.970326
181.0,2345607456560758996293272875237597113634991575593930503,24.0,409.0,398.0,0.040303,0.041367,0.07359399999999999,0.113897,0.886103
181.0,2451877345078985122707203168343312742955044811033249477,24.0,515.0,487.0,0.036466,0.19978,0.280218,0.316684,0.683316
181.0,2340974696399471038404420962322551749504771560040272007,24.0,512.0,512.0,0.122661,0.122661,0.0,0.122661,0.877339
181.0,2477342015750519040996010692078739219032174672206011307,24.0,595.0,595.0,0.049099,0.049099,0.0,0.049099,0.950901
181.0,2296086844355268411990274677061153842585626962159704019,24.0,405.0,404.0,0.066869,0.022424,0.022424,0.089293,0.910707
181.0,2857327712261479603462914395058626994702465220337337739,24.0,578.0,576.0,0.207977,0.095586,0.095586,0.303563,0.696437
181.0,1869241629214427269662931336533353684013970622159921317,24.0,523.0,515.0,0.038669,0.06869,0.083347,0.12201600000000001,0.877984
181.0,2136463886038630304242691639030926383783507376355925571,24.0,418.0,418.0,0.048415,0.048415,0.0,0.048415,0.951585
181.0,2877127110897588495873508614076070239692397854333669421,24.0,875.0,868.0,0.028623,0.016569,0.046175,0.074798,0.925202
181.0,2391506213382517426158791151215598942262031718622544827,24.0,488.0,478.0,0.058301,0.029208,0.066487,0.12478800000000001,0.875212
181.0,2948841039361971531410668839665611640358315799683010259,24.0,552.0,552.0,0.036035,0.036035,0.0,0.036035,0.963965
182.0,4191292476346020518783656275665657989599723159847851667,24.0,550.0,539.0,0.018269,0.020005,0.036215,0.054484,0.945516
182.0,4368915889305698991841916329930420223695538711679696073,24.0,405.0,397.0,0.033637,0.014404,0.014404,0.048041,0.951959
182.0,4603173397210774045412589779080265237568427782430487923,24.0,620.0,617.0,0.049071,0.023216,0.023216,0.07228699999999999,0.927713
182.0,4412747380103085417736789338590629677444833420942921431,24.0,630.0,630.0,0.045816,0.045816,0.0,0.045816,0.954184
182.0,5274862496484527199284351082466041501734256417850671079,24.0,331.0,331.0,0.101125,0.101125,0.0,0.101125,0.898875
182.0,4800792925814278444401434125143406347751419932688595051,24.0,401.0,391.0,0.058583,0.093534,0.093534,0.152117,0.8478829999999999
182.0,3653812005152759308354861844496272098804036966408036451,24.0,520.0,520.0,0.091939,0.091939,0.0,0.091939,0.908061
182.0,4646737653138437262079866979167515682324029521366613887,24.0,617.0,617.0,0.015889,0.015889,0.0,0.015889,0.984111
182.0,5244063665198047536361296769370401123699361439281027921,24.0,389.0,389.0,0.106841,0.106841,0.0,0.106841,0.893159
182.0,5043512217423355819857280369022042682912863299358815427,24.0,580.0,580.0,0.065877,0.065877,0.0,0.065877,0.934123
182.0,5381424364337562423689277556082862960704173067855407963,24.0,411.0,408.0,0.06042,0.12187100000000001,0.12187100000000001,0.182291,0.817709
182.0,5605622646710231703717995108618170373087268192211651819,24.0,429.0,429.0,0.150089,0.150089,0.0,0.150089,0.849911
182.0,5372876402521245557172885073810823234220306537484862171,24.0,519.0,519.0,0.033037,0.033037,0.0,0.033037,0.966963
182.0,5193787393634226710856637245122360855837884143711668923,24.0,418.0,402.0,0.01438,0.033361,0.164052,0.178432,0.821568
182.0,4901526449801380100603842024908873735304969564340783837,24.0,517.0,517.0,0.096007,0.096007,0.0,0.096007,0.903993
182.0,6116842254080121661991651815972543754648149039661461711,24.0,522.0,522.0,0.170521,0.170521,0.0,0.170521,0.829479
182.0,4848300292233620118117558303318082764588214458439723993,24.0,700.0,691.0,0.11798499999999999,0.126164,0.15406999999999998,0.272055,0.7279450000000001
182.0,5455870824923288995533498136798277725990387457579154641,24.0,369.0,369.0,0.160885,0.160885,0.0,0.160885,0.839115
182.0,3785938512649873423258671464276287016184708730225383793,24.0,371.0,371.0,0.081261,0.081261,0.0,0.081261,0.918739
182.0,4491160981645514588938837869554023508980963008773065231,24.0,572.0,572.0,0.09563,0.09563,0.0,0.09563,0.90437
183.0,9166723778901347230936039451531749253767512951187044911,24.0,351.0,351.0,0.245823,0.245823,0.0,0.245823,0.754177
183.0,10455930224123599063565031820487918262028421842464564737,24.0,942.0,940.0,0.025313,0.009241,0.009241,0.034554,0.965446
183.0,7427674099806058459503172382903188275128363209564310927,24.0,359.0,359.0,0.116124,0.116124,0.0,0.116124,0.883876
183.0,10617285421144533269412481609230267820807269357289585027,24.0,513.0,504.0,0.11464099999999999,0.073562,0.11533500000000001,0.229976,0.770024
183.0,11010471763583359046491348791311818146317648218012267883,24.0,587.0,580.0,0.038896,0.017631,0.044041,0.082937,0.917063
183.0,10332376251302120495254834326196282275734767686242549761,24.0,337.0,337.0,0.141364,0.141364,0.0,0.141364,0.858636
183.0,11749977713551691032971054523891664935137255323436579743,24.0,638.0,638.0,0.049002,0.049002,0.0,0.049002,0.950998
183.0,10038010870002094481651798134300472801725442018653785307,24.0,459.0,459.0,0.039376,0.039376,0.0,0.039376,0.960624
183.0,10982511715433447835689163250582120464921150302579077343,24.0,389.0,386.0,0.059217,0.020555,0.058448,0.11766499999999999,0.882335
183.0,8953983959087052116701047035345005923200525137226524679,24.0,548.0,548.0,0.029928,0.029928,0.0,0.029928,0.970072
183.0,8876846022270762570247578740470934525848460110861548643,24.0,716.0,707.0,0.129075,0.025299,0.025299,0.15437399999999998,0.845626
183.0,7272641689296160343480501161670052491504793391277318831,24.0,436.0,436.0,0.335473,0.335473,0.0,0.335473,0.664527
183.0,12244318449419593826201370835952825834440723200097525199,24.0,568.0,568.0,0.026205,0.026205,0.0,0.026205,0.973795
183.0,11599990885992088420849467859622548958581504884697039151,24.0,527.0,504.0,0.017125,0.08469,0.322751,0.339876,0.6601239999999999
183.0,7605813317180000005669607627882043830747996242518578099,24.0,586.0,586.0,0.042524,0.042524,0.0,0.042524,0.957476
183.0,12182702859135303445823465643541896884548888148712896953,24.0,367.0,367.0,0.015195,0.015195,0.0,0.015195,0.984805
183.0,9709983608535670096749131929304035374023228870737229987,24.0,501.0,501.0,0.049474,0.049474,0.0,0.049474,0.950526
183.0,10464773632474194098893561476862794550508738502141675107,24.0,591.0,588.0,0.098442,0.056464,0.056464,0.154906,0.845094
183.0,9586059037733377655369346899873870070324449037164235107,24.0,348.0,348.0,0.04938,0.04938,0.0,0.04938,0.95062
183.0,9699446562764165401251791317533912674237385429964214831,24.0,400.0,400.0,0.045561,0.045561,0.0,0.045561,0.954439
184.0,18626849292167387044123969723309390925329349903285206507,24.0,358.0,355.0,0.068285,0.049345,0.049345,0.11763,0.88237
184.0,18804282751054831530309800753579061511332519271103678431,24.0,547.0,547.0,0.064668,0.064668,0.0,0.064668,0.935332
184.0,18252028929067861875789984563223162861221576906848127717,24.0,679.0,670.0,0.055802,0.15189999999999998,0.4242619999999999,0.48006399999999994,0.5199360000000001
184.0,24181446627067838775417564967666980419690582548365581197,24.0,494.0,494.0,0.029636,0.029636,0.0,0.029636,0.970364
184.0,23005878760564119588403003965951554728473230184759392953,24.0,589.0,589.0,0.08658,0.08658,0.0,0.08658,0.91342
184.0,23936510072986768214421716184424106299398221539866239897,24.0,494.0,480.0,0.053301,0.035938,0.173609,0.22691,0.77309
184.0,16234034926709714462589794505359125056267838558020716281,24.0,650.0,636.0,0.011873,0.017885,0.083919,0.09579199999999999,0.904208
184.0,23428690111692592128116212619775791367144015582938967239,24.0,463.0,450.0,0.010374,0.011911,0.12270000000000002,0.13307400000000003,0.866926
184.0,18912759825437398136803515023873579742325104166174841671,24.0,477.0,477.0,0.07993,0.07993,0.0,0.07993,0.9200699999999999
184.0,19927044154018425176840956388997557677674288593187597089,24.0,431.0,431.0,0.070842,0.070842,0.0,0.070842,0.929158
184.0,19536799308159701904048108852677303754701680967104128127,24.0,441.0,432.0,0.01593,0.046739,0.153638,0.169568,0.8304320000000001
184.0,19071823677149723706403511825275713145306081300414131937,24.0,565.0,560.0,0.02953,0.011824,0.011824,0.041354,0.958646
184.0,20612269609108741202241460271673864594887702871452882101,24.0,445.0,445.0,0.036629,0.036629,0.0,0.036629,0.963371
184.0,18920239559229041789878510751170285007946834591953601329,24.0,656.0,656.0,0.064203,0.064203,0.0,0.064203,0.935797
184.0,22611644979880324889689047625329907958432993333469481211,24.0,427.0,412.0,0.053159,0.031335,0.21468500000000001,0.267844,0.732156
184.0,22464664451229199112637114050957084764371480284978460343,24.0,396.0,396.0,0.044858,0.044858,0.0,0.044858,0.955142
184.0,20229563940142821382398535762812188204560973744420706551,24.0,538.0,538.0,0.051814,0.051814,0.0,0.051814,0.948186
184.0,14302906747822375527736225805395822106070407268478927343,24.0,445.0,445.0,0.054908,0.054908,0.0,0.054908,0.945092
184.0,22648934796018516144639607669733048190885481628018590453,24.0,476.0,476.0,0.088322,0.088322,0.0,0.088322,0.911678
184.0,15697907949934382447029781871211500370846936672724531567,24.0,440.0,438.0,0.027684,0.048954,0.048954,0.076638,0.923362
185.0,39302817494925418904731805103331681348585472258348444957,25.0,616.0,606.0,0.016705,0.022088999999999998,0.050133,0.066838,0.933162
185.0,39163563717688705635413025356219451066821712937228964227,25.0,518.0,506.0,0.014031,0.060612,0.22711199999999998,0.24114299999999997,0.758857
185.0,43686826810459062412827238710551696728616518667617692019,25.0,584.0,584.0,0.035195,0.035195,0.0,0.035195,0.964805
185.0,44530085274113978279620207534979690950635532686975502813,25.0,352.0,352.0,0.045343,0.045343,0.0,0.045343,0.954657
185.0,43570715964626102904381136448155751424171061828655209841,25.0,479.0,479.0,0.050281,0.050281,0.0,0.050281,0.949719
185.0,42847627148824300921093636376913601640563740728623558181,25.0,769.0,763.0,0.020787,0.035557,0.126225,0.147012,0.852988
185.0,32083703321789764487338768250718421793945445188847533027,24.0,682.0,682.0,0.151552,0.151552,0.0,0.151552,0.848448
185.0,33014805666036752589259540494640708288963751747621341763,25.0,585.0,570.0,0.060434,0.014737,0.150007,0.210441,0.789559
185.0,41464335276070540341399584119313180727925975932568415057,25.0,402.0,402.0,0.077314,0.077314,0.0,0.077314,0.922686
185.0,33861582902426483337301296118131448522568614203251711863,25.0,464.0,464.0,0.065366,0.065366,0.0,0.065366,0.934634
185.0,46071639138339644800558097284225066199315293701982806079,25.0,873.0,869.0,0.063703,0.038761,0.038761,0.102464,0.897536
185.0,37936033159136473000212002322269943296231496368568922549,25.0,383.0,383.0,0.091281,0.091281,0.0,0.091281,0.908719
185.0,48350569892826986379872186809679223015058022521047573871,25.0,502.0,502.0,0.125964,0.125964,0.0,0.125964,0.874036
185.0,41198097084082663709570476103319690345818375254249026263,25.0,437.0,437.0,0.052421,0.052421,0.0,0.052421,0.947579
185.0,45101352016751018053319721236302099399595057715497241929,25.0,470.0,466.0,0.012794,0.036711,0.060468,0.073262,0.9267380000000001
185.0,42065769993861888778368368385451592776021006938027669583,25.0,898.0,898.0,0.025005,0.025005,0.0,0.025005,0.9749950000000001
185.0,41907847300045853777854516119774591215451371041706482459,25.0,653.0,653.0,0.043601,0.043601,0.0,0.043601,0.956399
185.0,48828218167552081470122749610887068068091405463826001571,25.0,420.0,400.0,0.024777,0.086148,0.20313499999999998,0.22791199999999998,0.772088
185.0,41321776714362126833330727735907708762522999908493584631,25.0,500.0,486.0,0.009509,0.023133,0.05055900000000001,0.06006800000000001,0.939932
185.0,45383217518804476499152706989070758316114620859553366943,25.0,340.0,340.0,0.036907,0.036907,0.0,0.036907,0.963093
186.0,91860233843352511299828307727646362358888480420031170413,25.0,647.0,647.0,0.202248,0.202248,0.0,0.202248,0.797752
186.0,80310109483483183267313583353855043236387938949945913511,25.0,362.0,362.0,0.09365,0.09365,0.0,0.09365,0.90635
186.0,80341684383462084364790814145428006802552449749708478169,25.0,648.0,637.0,0.009769,0.014237,0.049347999999999996,0.059116999999999996,0.940883
186.0,94274586636737974618847930138230885567012445571032348059,25.0,552.0,548.0,0.038313,0.083826,0.083826,0.122139,0.877861
186.0,85286064753422311838018802719562606418460845712040300179,25.0,455.0,455.0,0.03822,0.03822,0.0,0.03822,0.96178
186.0,95824663807095715873047831217240459086791279500036727837,25.0,563.0,559.0,0.030618,0.014835,0.090811,0.12142900000000001,0.878571
186.0,80600641280005619173439191411717632606164953443740925413,25.0,653.0,653.0,0.005813,0.005813,0.0,0.005813,0.994187
186.0,53363439485857552435882838625033101776848292903405327631,25.0,486.0,486.0,0.084879,0.084879,0.0,0.084879,0.915121
186.0,84360977267528679389916660229858829202359730331725108419,25.0,591.0,591.0,0.038569,0.038569,0.0,0.038569,0.961431
186.0,79840201135431317961751024566665709261061070004618876607,25.0,390.0,390.0,0.071022,0.071022,0.0,0.071022,0.928978
186.0,86866046861802039662583542752660385034769683216166980061,25.0,701.0,701.0,0.087304,0.087304,0.0,0.087304,0.912696
186.0,86323619254797487920466332795791126216445907418620989923,25.0,507.0,503.0,0.035671,0.025675,0.025675,0.061346,0.938654
186.0,96229941655765770007029825039522376331365113196946498957,25.0,439.0,424.0,0.068508,0.101348,0.208638,0.277146,0.722854
186.0,68612351526722038739277226442469049931568086799744053797,25.0,492.0,479.0,0.058641000000000006,0.031605,0.088739,0.14738,0.8526199999999999
186.0,68105415306841011876975324285506148265126787018204059721,25.0,684.0,681.0,0.032598,0.022429,0.022429,0.055027000000000006,0.944973
186.0,82153452353776642549718572430278706898613500637862573111,25.0,585.0,585.0,0.114615,0.114615,0.0,0.114615,0.885385
186.0,58260742770043455753114412466166256900662844348827175237,25.0,656.0,656.0,0.085875,0.085875,0.0,0.085875,0.914125
186.0,92398084669964916514251013016603556504210733394779182767,25.0,354.0,350.0,0.069358,0.095906,0.095906,0.16526400000000002,0.8347359999999999
186.0,85070111672001330371958789558357340118850688442337853217,25.0,406.0,406.0,0.053767,0.053767,0.0,0.053767,0.946233
186.0,77006883355586853676151730714225091231991247740864640619,25.0,409.0,409.0,0.121471,0.121471,0.0,0.121471,0.878529
187.0,185702567469454758545522669141358609758902348939813864093,25.0,539.0,539.0,0.107103,0.107103,0.0,0.107103,0.892897
187.0,179941892859217785606681885687143742888315889414346363689,25.0,1050.0,1050.0,0.086504,0.086504,0.0,0.086504,0.913496
187.0,181526373319561920706249179904543072763946711556143801553,25.0,573.0,565.0,0.02881,0.091545,0.231639,0.260449,0.7395510000000001
187.0,167429568427479950155810682841163388259872915659211758439,25.0,422.0,422.0,0.042475,0.042475,0.0,0.042475,0.957525
187.0,186979504018673334316662054121094588580490052795915527519,25.0,592.0,589.0,0.053355,0.01478,0.028398,0.08175299999999999,0.918247
187.0,145169698815553753950995436308896640554249031871232995529,25.0,614.0,610.0,0.06765,0.031969,0.031969,0.099619,0.900381
187.0,189461310023527313299690027067741970827568893636258377063,25.0,776.0,770.0,0.005254,0.006967,0.006967,0.012221,0.987779
187.0,195549547224884539368396804380565596304971046728434683161,25.0,428.0,428.0,0.125571,0.125571,0.0,0.125571,0.874429
187.0,178245846474078559274688392189915797290638577194576694293,25.0,442.0,442.0,0.087008,0.087008,0.0,0.087008,0.912992
187.0,140252436907018775044357018689165543420042260373871440727,25.0,521.0,518.0,0.053181,0.042373,0.042373,0.095554,0.904446
187.0,192105990641511042361486580149859043063803753731838318981,25.0,824.0,822.0,0.01373,0.041757,0.053306000000000006,0.06703600000000001,0.932964
187.0,178454889426021172984526500874394848133697897783899319511,25.0,990.0,977.0,0.019168,0.019951,0.056257999999999996,0.07542599999999999,0.924574
187.0,147793902755095806954444489354226029687835800736294743133,25.0,639.0,639.0,0.061394,0.061394,0.0,0.061394,0.938606
187.0,181066564675332279473924972484406057203667755771628163519,25.0,421.0,421.0,0.04611,0.04611,0.0,0.04611,0.95389
187.0,168818801318777087057170297997195516793375607488939767557,25.0,444.0,444.0,0.071174,0.071174,0.0,0.071174,0.928826
187.0,163084686989748233415040348211861253938756903626114968719,25.0,416.0,408.0,0.065546,0.126164,0.126164,0.19171,0.80829
187.0,188075731576689556162612507442726713223245640460883288489,25.0,585.0,585.0,0.085642,0.085642,0.0,0.085642,0.914358
187.0,132226185708852638537764772743714220747210366978910886177,25.0,472.0,470.0,0.123465,0.072046,0.072046,0.195511,0.804489
187.0,194698576701919400115040833966319106090888842928840082833,25.0,466.0,466.0,0.066699,0.066699,0.0,0.066699,0.933301
187.0,125253423035716542158322394161648453041038946552062725559,25.0,494.0,494.0,0.012017,0.012017,0.0,0.012017,0.9879830000000001
188.0,314224750521702231589078779205748577487125730214151848227,25.0,477.0,477.0,0.078594,0.078594,0.0,0.078594,0.921406
188.0,214725867801677657763150716044378228025925022271604157093,25.0,377.0,375.0,0.148575,0.079472,0.079472,0.228047,0.771953
188.0,337786569927761505444410838242068306234426938889367376089,25.0,415.0,415.0,0.09819,0.09819,0.0,0.09819,0.90181
188.0,360223106477640603715939086025088234494108141240755800321,25.0,449.0,449.0,0.2552,0.2552,0.0,0.2552,0.7448
188.0,374124987525817520307508964115960865602386918837898179827,25.0,668.0,648.0,0.050003000000000006,0.036444,0.107372,0.157375,0.842625
188.0,361989780913006793919620222968747185160737595989089084909,25.0,435.0,426.0,0.039961,0.114338,0.214704,0.25466500000000003,0.745335
188.0,317559581118592945343728270732523067627215982144611637637,25.0,399.0,399.0,0.151916,0.151916,0.0,0.151916,0.8480840000000001
188.0,379999621526733814982174866558604085395375086537465979591,25.0,408.0,408.0,0.057647,0.057647,0.0,0.057647,0.942353
188.0,366021560344730588643709636731405132352498915207181378779,25.0,441.0,425.0,0.053781,0.035159,0.061565,0.115346,0.884654
188.0,387944003533460640819952009732254475678414088984486177033,25.0,642.0,642.0,0.06982,0.06982,0.0,0.06982,0.93018
188.0,374845489005902740783352118914562105030081362850475258007,25.0,664.0,664.0,0.069831,0.069831,0.0,0.069831,0.930169
188.0,386515816923087548415772467909907858268131406963172669599,25.0,538.0,538.0,0.07989,0.07989,0.0,0.07989,0.92011
188.0,221106737983069547058303874626625601611876932304469714993,25.0,458.0,458.0,0.043188,0.043188,0.0,0.043188,0.956812
188.0,240210128646608330322236250926839186745574038027417949109,25.0,547.0,536.0,0.034533,0.035106,0.045642,0.080175,0.919825
188.0,318351913440867881282887107239336403432896585513539162139,25.0,458.0,458.0,0.160868,0.160868,0.0,0.160868,0.839132
188.0,378635620380227758123177463104203120047480633879439638329,25.0,488.0,480.0,0.014468,0.05424,0.05424,0.06870799999999999,0.931292
188.0,319199732197973078769687558220972231917492453889455575179,25.0,458.0,458.0,0.086847,0.086847,0.0,0.086847,0.913153
188.0,381980473612089531334196860824416470009021634012423067737,25.0,444.0,444.0,0.062525,0.062525,0.0,0.062525,0.9374750000000001
188.0,256586033541357135375485125099595006467144223152458416503,25.0,371.0,361.0,0.079351,0.051678,0.17466500000000001,0.254016,0.745984
188.0,353636550421510722509208696720104070107782240230147107101,25.0,514.0,514.0,0.053216,0.053216,0.0,0.053216,0.946784
189.0,408589902288642681578344276763041902416284671692080986377,25.0,403.0,403.0,0.017622,0.017622,0.0,0.017622,0.982378
189.0,646628678273258141372517202145221034603557799378124614201,25.0,539.0,539.0,0.046778,0.046778,0.0,0.046778,0.953222
189.0,592635606571861287284224295593110454631652264655249578353,25.0,514.0,508.0,0.023101999999999998,0.011999,0.041070999999999996,0.064173,0.935827
189.0,650208432524537748605744087782608274999617116493579199513,25.0,611.0,608.0,0.055125999999999994,0.012346,0.023288,0.078414,0.921586
189.0,599419609079700662276957964472775050611343385405910300163,25.0,770.0,760.0,0.007934,0.011986,0.01885,0.026784,0.973216
189.0,591139658903332237066666950704418695507871569867166356959,25.0,508.0,508.0,0.056464,0.056464,0.0,0.056464,0.943536
189.0,759303095841708533868206131077305245572712516145789616107,25.0,419.0,419.0,0.086356,0.086356,0.0,0.086356,0.913644
189.0,723374087894581884780114042666006439305170047096296570421,25.0,396.0,396.0,0.031344,0.031344,0.0,0.031344,0.968656
189.0,642089268364349919722039425710377324200681378773618660631,25.0,537.0,532.0,0.142793,0.024768,0.024768,0.16756100000000002,0.8324389999999999
189.0,493458509028245692711455247191997853201057771326056542803,25.0,779.0,779.0,0.15129,0.15129,0.0,0.15129,0.84871
189.0,775267771444101410063934578993845769575953505357992661799,25.0,823.0,808.0,0.010986,0.00816,0.089673,0.100659,0.899341
189.0,525214235994067347101638348805237964788334546789415420243,25.0,657.0,643.0,0.014611,0.026702,0.10449100000000001,0.11910200000000001,0.880898
189.0,510228484199873332122049098813102378921923672052464278333,25.0,424.0,424.0,0.052258,0.052258,0.0,0.052258,0.947742
189.0,630121824338129668949919059009823882545840337934822277567,25.0,697.0,688.0,0.038606,0.017641,0.132526,0.171132,0.8288679999999999
189.0,755634779781799121353112557954459602771587484582257255551,25.0,408.0,405.0,0.092441,0.068294,0.10250899999999999,0.19494999999999998,0.80505
189.0,612172740703460905652990412541931502012476806243188854431,25.0,623.0,622.0,0.067273,0.01933,0.01933,0.086603,0.913397
189.0,530704707601162495384297467780173501132805319654798984003,25.0,414.0,414.0,0.063961,0.063961,0.0,0.063961,0.936039
189.0,756916004872319657418986856461653189263814971681663763573,25.0,553.0,553.0,0.086555,0.086555,0.0,0.086555,0.913445
189.0,490921607897052107753246264180398217237973784027521089099,25.0,428.0,428.0,0.116839,0.116839,0.0,0.116839,0.883161
189.0,767702133245506513310164240704062695141079949461903447479,25.0,484.0,484.0,0.046937,0.046937,0.0,0.046937,0.953063
190.0,1107697980005560535935691181882881481298971577503883545431,25.0,512.0,512.0,0.14976,0.14976,0.0,0.14976,0.85024
190.0,1447718595714448727207173851527167403200700108585820235931,25.0,405.0,403.0,0.074581,0.012785,0.012785,0.087366,0.912634
190.0,1067595819970828694093593212927706218036137678171084438953,25.0,467.0,465.0,0.017185,0.020235,0.049489,0.066674,0.933326
190.0,1236956916814563958009976698763228455869309463346857145209,25.0,402.0,393.0,0.04736,0.042467,0.042467,0.08982699999999999,0.910173
190.0,1303595662239872394152630143462469139534875953977955173719,25.0,955.0,941.0,0.019629999999999998,0.011542,0.08550599999999998,0.10513599999999998,0.894864
190.0,1436728764183159269584547372484560757421757510937607299719,25.0,427.0,412.0,0.029467,0.024967,0.155719,0.185186,0.814814
190.0,1358738873900145804437909196195927584579190583894624729549,25.0,527.0,510.0,0.073853,0.03468,0.17425400000000002,0.24810700000000002,0.7518929999999999
190.0,1309414713325066973570726305039978280113478833538624990717,25.0,668.0,668.0,0.008825,0.008825,0.0,0.008825,0.991175
190.0,1119233946195882068749589393936438955574244336504433599743,25.0,548.0,533.0,0.06917000000000001,0.084869,0.29351299999999997,0.362683,0.637317
190.0,1391390333131732070825024754648255205953706845753859235761,25.0,871.0,868.0,0.01327,0.012774,0.012774,0.026044,0.973956
190.0,1219405195991088602219964475590713847204090579216876133247,25.0,696.0,687.0,0.058348000000000004,0.016032,0.119371,0.17771900000000002,0.822281
190.0,1285952433782265124699401960911465263241667818151785942989,25.0,459.0,459.0,0.088079,0.088079,0.0,0.088079,0.911921
190.0,936281692826227408663886118472398327211075139996831483807,25.0,448.0,439.0,0.107392,0.042705,0.131822,0.23921399999999998,0.760786
190.0,1495152348884655255748854019985088902044523205603769307549,25.0,498.0,498.0,0.013688,0.013688,0.0,0.013688,0.986312
190.0,1543054376408543181151756345226381442258117792563593031941,25.0,464.0,464.0,0.104902,0.104902,0.0,0.104902,0.895098
190.0,1197900039859831281860297786593556759105357856705065296097,25.0,371.0,371.0,0.068452,0.068452,0.0,0.068452,0.931548
190.0,1325762643789188253480076014106355323863094856768820242033,25.0,414.0,405.0,0.034877,0.017769,0.038044,0.072921,0.927079
190.0,1549503894836788136271053205345052692884272523599834807513,25.0,515.0,492.0,0.047779,0.031696,0.40579499999999996,0.453574,0.5464260000000001
190.0,1371820001327266974371651800423316814650750283162857664521,25.0,400.0,391.0,0.022729,0.073654,0.164847,0.187576,0.812424
190.0,1319759631078608755615705806993244756656084597458744780879,25.0,486.0,478.0,0.018303,0.025245,0.0414,0.059703,0.940297
191.0,2180877054471620294689724695606846212849552332318992940407,25.0,468.0,468.0,0.046077,0.046077,0.0,0.046077,0.953923
191.0,1606385381360148813307516689773707722363849418834436678389,25.0,425.0,413.0,0.063343,0.05906,0.16759300000000002,0.23093600000000003,0.769064
191.0,2738991831553984659353836548560279154535043688289688027603,25.0,420.0,420.0,0.131631,0.131631,0.0,0.131631,0.868369
191.0,2021640631374636353782008830324840969777513038468864748759,25.0,631.0,631.0,0.034757,0.034757,0.0,0.034757,0.965243
191.0,2105598972222103150968007207241144213000505023620025661667,25.0,425.0,422.0,0.021706,0.020657,0.020657,0.042363,0.957637
191.0,2954552227750152336095183292848417913001395070298811029879,25.0,585.0,585.0,0.024581,0.024581,0.0,0.024581,0.975419
191.0,2604823021534871940153658516882468145972589783978202484923,25.0,491.0,483.0,0.0294,0.028573,0.10627499999999998,0.135675,0.864325
191.0,2697799617327879157081712621189446951709202892838110789249,25.0,1094.0,1094.0,0.093599,0.093599,0.0,0.093599,0.906401
191.0,2749750578464362511041140809468842163052814508247072125809,25.0,688.0,688.0,0.063577,0.063577,0.0,0.063577,0.936423
191.0,2810254725646498720414994000029322939731083303115400227283,25.0,583.0,583.0,0.043283,0.043283,0.0,0.043283,0.956717
191.0,2919723125927389511356972449231841889026550065177689782341,25.0,584.0,584.0,0.012327,0.012327,0.0,0.012327,0.987673
191.0,2384759410471810319375657922573509817577252181814221416381,25.0,527.0,527.0,0.017118,0.017118,0.0,0.017118,0.982882
191.0,2870902859138464144898136609805487079043674281379484515257,25.0,535.0,532.0,0.081667,0.04341,0.04341,0.125077,0.874923
191.0,2531428612228677358426023750691561085464553004835817283823,25.0,664.0,662.0,0.013626,0.003466,0.014461,0.028087,0.971913
191.0,2569199376454128229458263634674647272803671413063904093681,25.0,459.0,459.0,0.01457,0.01457,0.0,0.01457,0.98543
191.0,2077139403037075257284520813457747381680630617898050789129,25.0,579.0,572.0,0.012958,0.034434,0.067244,0.080202,0.919798
191.0,2599527300982831600647840629042688948539972657946504879419,25.0,723.0,721.0,0.026449,0.061525,0.061525,0.087974,0.912026
191.0,2939945259852704861237884063321703407639606324099970984489,25.0,502.0,496.0,0.122802,0.118575,0.118575,0.241377,0.758623
191.0,2806787067261975292631801717103764100516337005958274854877,25.0,861.0,861.0,0.075277,0.075277,0.0,0.075277,0.924723
191.0,3102854422286895681399386946361481173908793767638701190957,25.0,526.0,526.0,0.084757,0.084757,0.0,0.084757,0.915243
192.0,6053136549975215707114861824618604186550967571524618556511,25.0,556.0,556.0,0.098335,0.098335,0.0,0.098335,0.9016649999999999
192.0,5772223899679240100865858833866067485733365743633882768503,25.0,383.0,383.0,0.038389,0.038389,0.0,0.038389,0.961611
192.0,4939008137476552065240184537828644764133517214756158762829,25.0,455.0,455.0,0.043097,0.043097,0.0,0.043097,0.956903
192.0,6212435194276394115763543059243494938563033646586224859629,25.0,544.0,544.0,0.046354,0.046354,0.0,0.046354,0.953646
192.0,3874204338182140753502701838530384426297759523506113427483,25.0,637.0,632.0,0.008473,0.012815,0.043980000000000005,0.05245300000000001,0.947547
192.0,3347208880492337566130653746802735549578109517894379499733,25.0,771.0,771.0,0.026523,0.026523,0.0,0.026523,0.973477
192.0,4306083721119286908591380042584606571729048503575164227711,25.0,496.0,467.0,0.052444,0.068511,0.211288,0.263732,0.7362679999999999
192.0,5163763031624406920207830805702663059843081289928205028959,25.0,633.0,615.0,0.013337,0.01961,0.064303,0.07764,0.92236
192.0,6130364660359904866071451106195076205876004972250032444803,25.0,501.0,493.0,0.031434000000000004,0.073883,0.073883,0.10531700000000001,0.894683
192.0,6254696907579855069014156880599952401895926775151729298633,25.0,574.0,562.0,0.026075,0.052074,0.154778,0.18085299999999999,0.8191470000000001
192.0,4873661477686905481674696353544486097679453418713697857441,25.0,1094.0,1082.0,0.060265,0.008797,0.056409999999999995,0.116675,0.883325
192.0,5412175546964427994074789034451167835889491793324688758467,25.0,782.0,774.0,0.06862299999999999,0.022587,0.022587,0.09120999999999999,0.90879
192.0,5910884209390437413999109263981667425861292837036749005609,25.0,552.0,552.0,0.096409,0.096409,0.0,0.096409,0.903591
192.0,4621285287029859947459316813570982113322073918209718266019,25.0,564.0,562.0,0.039917,0.011103,0.011103,0.05102,0.94898
192.0,5696283951894185144007889520249234417647198158940715431933,25.0,428.0,428.0,0.052218,0.052218,0.0,0.052218,0.947782
192.0,3683958575511235413756595798246241035800834295791075521963,25.0,460.0,460.0,0.033133,0.033133,0.0,0.033133,0.966867
192.0,4468006165118885684913086683109597497945491118316503789123,25.0,1002.0,997.0,0.014594,0.012331,0.012331,0.026924999999999998,0.973075
192.0,5488497809815368048793079212529624026388526869419621039691,25.0,550.0,531.0,0.021846,0.04123,0.153968,0.175814,0.824186
192.0,5659542164522658766094858453465847140623734081033257305487,25.0,435.0,435.0,0.08101,0.08101,0.0,0.08101,0.91899
192.0,6149807903410653285967321465976396749348286539647506887699,25.0,615.0,615.0,0.058558,0.058558,0.0,0.058558,0.941442
193.0,9905013207931875527529191960135739218017812814063208578531,25.0,627.0,627.0,0.05101,0.05101,0.0,0.05101,0.94899
193.0,10100483858506872648422975068896319443064533148276380832169,25.0,663.0,663.0,0.06565,0.06565,0.0,0.06565,0.93435
193.0,11663540999446197162723452607497563376895758675776898312369,25.0,496.0,496.0,0.104211,0.104211,0.0,0.104211,0.895789
193.0,10897749645060145624874358483865606849691424744321528304937,25.0,547.0,547.0,0.0434,0.0434,0.0,0.0434,0.9566
193.0,10565624405515099844116517970763527091130891790570283157137,25.0,473.0,473.0,0.027752,0.027752,0.0,0.027752,0.972248
193.0,12070921450587575263287627747872390786879378063838490617043,25.0,700.0,689.0,0.017244,0.00905,0.00905,0.026293999999999998,0.973706
193.0,9664634974777947645604027278555623329607100282762834013441,25.0,500.0,479.0,0.032066,0.036579,0.186194,0.21826,0.78174
193.0,12322960193874180073992358693327396906594292112230707610489,25.0,616.0,598.0,0.04364500000000001,0.012729,0.052588,0.09623300000000001,0.903767
193.0,8099708654360452993215966572101668396566826381629301683063,25.0,551.0,551.0,0.123034,0.123034,0.0,0.123034,0.876966
193.0,11214351833369361189026414622248506634769198922661651441293,25.0,487.0,487.0,0.131335,0.131335,0.0,0.131335,0.868665
193.0,9128073803947130372484141505624445498586637123573747380151,25.0,423.0,423.0,0.051652,0.051652,0.0,0.051652,0.948348
193.0,11312813665303613237304198878301422628970319071234047845347,25.0,701.0,701.0,0.016415,0.016415,0.0,0.016415,0.983585
193.0,11023902979621732752907862575267849055507922142544485438789,25.0,540.0,540.0,0.045763,0.045763,0.0,0.045763,0.954237
193.0,11262927042730954176015822824963334235937052626560568007419,25.0,549.0,549.0,0.064625,0.064625,0.0,0.064625,0.935375
193.0,10857095320997612707420637232964945337144528989105797131153,25.0,822.0,802.0,0.030132,0.035307,0.102134,0.132266,0.867734
193.0,10494271519339392909894195833014476236187539413566084429379,25.0,548.0,548.0,0.086908,0.086908,0.0,0.086908,0.913092
193.0,12278064626184964589595523842860542425676931971855436832259,25.0,609.0,609.0,0.036161,0.036161,0.0,0.036161,0.963839
193.0,8482872608322654051369609585269639790901351219221511846733,25.0,473.0,473.0,0.152099,0.152099,0.0,0.152099,0.847901
193.0,7306887098618586073076594877395470343989113832174839245017,25.0,538.0,538.0,0.087631,0.087631,0.0,0.087631,0.912369
193.0,12409265929614063311478379725438459124196359168832063103151,25.0,477.0,477.0,0.07109,0.07109,0.0,0.07109,0.92891
194.0,20683260459467499029277828805303888053838228828420773810227,25.0,658.0,653.0,0.058283,0.063685,0.063685,0.12196800000000001,0.878032
194.0,21350469721329597074134362589876985354717072338210358108849,26.0,392.0,391.0,0.056407,0.018755,0.018755,0.075162,0.924838
194.0,18942954816325570836124528681131878336599202626159580306777,25.0,449.0,449.0,0.017931,0.017931,0.0,0.017931,0.982069
194.0,24458941949583565962792372221933150989311549041638920536113,26.0,652.0,649.0,0.067052,0.07707,0.07707,0.144122,0.855878
194.0,21076672769905977070352813226874932564034530295953191284753,25.0,524.0,517.0,0.013515,0.010039,0.010039,0.023554,0.976446
194.0,22249362777783306049117932825890593656249535237757916625729,26.0,407.0,407.0,0.121594,0.121594,0.0,0.121594,0.878406
194.0,23203422452949787679074210878498136594954609999835899906157,26.0,596.0,591.0,0.020809,0.040485,0.040485,0.061294,0.938706
194.0,20868115815896194713106525621357671273079634596135616425361,25.0,601.0,601.0,0.070655,0.070655,0.0,0.070655,0.929345
194.0,23192686299066524320738010687390362447126038875074169556253,26.0,598.0,598.0,0.03863,0.03863,0.0,0.03863,0.9613700000000001
194.0,22340054129412896419322214973520037370083718012993281910367,26.0,411.0,409.0,0.044837,0.021651,0.021651,0.066488,0.933512
194.0,23181673086820734631906360554899103585708564817833096064921,26.0,1299.0,1282.0,0.018737,0.042956,0.15790099999999999,0.176638,0.823362
194.0,24582599091151675799091021479482934414662039688624223437687,26.0,405.0,405.0,0.076492,0.076492,0.0,0.076492,0.923508
194.0,25065435242975997360701202808292864499688676903327335870541,26.0,486.0,486.0,0.130724,0.130724,0.0,0.130724,0.8692759999999999
194.0,18390454080376419958677765335623388001794346466558675435283,25.0,538.0,535.0,0.054516,0.031501,0.031501,0.08601700000000001,0.913983
194.0,22922786508061659363842923473806512470282966011733435851431,26.0,1026.0,1026.0,0.069091,0.069091,0.0,0.069091,0.930909
194.0,17061387184720152302891304554226083544383293835520188213651,25.0,452.0,430.0,0.042141,0.04548,0.22456,0.266701,0.7332989999999999
194.0,18618516616598255372519874377476542080222536021373325270311,25.0,461.0,461.0,0.082035,0.082035,0.0,0.082035,0.917965
194.0,21282237135538130116514856262480953933294724963389201954481,26.0,510.0,510.0,0.051739,0.051739,0.0,0.051739,0.948261
194.0,20522969516655873169000695377445575228468042248954518479057,25.0,532.0,530.0,0.034092,0.060238,0.060238,0.09433,0.90567
194.0,14989350088210543607482262847185984320363092765497004877451,25.0,632.0,627.0,0.024911,0.036933,0.06787,0.092781,0.907219
195.0,43040604789452163741387408621112136409598757059035661677893,26.0,565.0,550.0,0.053603,0.018888,0.06429800000000001,0.117901,0.882099
195.0,49088991794939140574010539690236171966040109026993415914269,26.0,431.0,431.0,0.044427,0.044427,0.0,0.044427,0.955573
195.0,48300749567102905436273718192442740995408307546941115427897,26.0,488.0,482.0,0.037469,0.024833,0.024833,0.062302,0.937698
195.0,48906073225085902924815189872988257194974124450370814611651,26.0,413.0,406.0,0.066683,0.032155,0.04897800000000001,0.11566100000000001,0.884339
195.0,36863086582293400960306820600939234657564365893479938560799,26.0,702.0,695.0,0.026531,0.042963,0.042963,0.069494,0.930506
195.0,39520094337921324612196662792851626492332520911673811699729,26.0,878.0,861.0,0.00976,0.037456,0.08662500000000001,0.09638500000000001,0.903615
195.0,48712327583936410948919472729136236367597407084610635272833,26.0,459.0,459.0,0.025838,0.025838,0.0,0.025838,0.974162
195.0,40655326120160876332407096732056168721873529846326635963177,26.0,429.0,425.0,0.040711,0.067053,0.067053,0.107764,0.892236
195.0,49535766793358394398954575009134138350900646325935636614543,26.0,578.0,578.0,0.028738,0.028738,0.0,0.028738,0.971262
195.0,41862719142251391308296850055406978004299551713109836123227,26.0,553.0,553.0,0.027095,0.027095,0.0,0.027095,0.972905
195.0,39425775947292327135017849550127493358385136125831647180659,26.0,452.0,447.0,0.036039,0.016068,0.016068,0.052107,0.947893
195.0,40030915462863037646967083275653053673838289093488559065567,26.0,593.0,588.0,0.044181,0.058949,0.058949,0.10313,0.8968700000000001
195.0,40570734708690516020996671408225641495385595046735671957119,26.0,422.0,422.0,0.044922,0.044922,0.0,0.044922,0.955078
195.0,40934085183179492462123851985126002111578252845347853305697,26.0,476.0,476.0,0.064015,0.064015,0.0,0.064015,0.935985
195.0,35128682060529629825193792168573153198841552039371874266881,26.0,441.0,428.0,0.020086,0.028069,0.099197,0.119283,0.880717
195.0,33386520498533519946398383478624977467807699443830033789513,26.0,557.0,557.0,0.067137,0.067137,0.0,0.067137,0.932863
195.0,40141148770606288794672640695647670636575757821310805897243,26.0,508.0,505.0,0.026192,0.019401,0.029589,0.055781,0.944219
195.0,40490518455055723132909066555944613680023787528271085543291,26.0,555.0,555.0,0.026378,0.026378,0.0,0.026378,0.973622
195.0,47614627301874134935455529116186115164906112363136503150483,26.0,633.0,626.0,0.132228,0.14352,0.14352,0.275748,0.724252
195.0,34473817038037491202068900808519350419613875057302440357481,26.0,563.0,563.0,0.017208,0.017208,0.0,0.017208,0.982792
196.0,95168415107121660560916881793289203952418490854465168975321,26.0,661.0,661.0,0.095311,0.095311,0.0,0.095311,0.904689
196.0,90009791547499984548910278716753576073152720702817059055901,26.0,495.0,495.0,0.021676,0.021676,0.0,0.021676,0.978324
196.0,87459073763838296701927301523704259554148918532862184975629,26.0,521.0,521.0,0.056669,0.056669,0.0,0.056669,0.943331
196.0,70309503501777340343079821334567642537559966663221390472973,26.0,455.0,455.0,0.060875,0.060875,0.0,0.060875,0.939125
196.0,95305038515393842196007534454562012255827385548443606952501,26.0,565.0,565.0,0.044518,0.044518,0.0,0.044518,0.9554819999999999
196.0,82858880649466251495449216071414702109906561191821038787641,26.0,383.0,383.0,0.039011,0.039011,0.0,0.039011,0.960989
196.0,97083793852684433813008089400054003385653724507596918274297,26.0,649.0,649.0,0.065608,0.065608,0.0,0.065608,0.934392
196.0,99466774561138218293682307547255032274447325955533021392447,26.0,466.0,466.0,0.08851,0.08851,0.0,0.08851,0.91149
196.0,62333097639089791343889610479116623630492359496474506120427,26.0,804.0,800.0,0.031889,0.017932,0.017932,0.049821000000000004,0.950179
196.0,98202769533374705029605057892210661368086364721024686834069,26.0,574.0,572.0,0.023171999999999998,0.010387,0.016604,0.039776,0.960224
196.0,76205915167282914218102341674425274873438928127960827493699,26.0,784.0,784.0,0.015908,0.015908,0.0,0.015908,0.984092
196.0,99735781901275954167800573841902347907225001572434442739617,26.0,685.0,673.0,0.088076,0.070739,0.191253,0.279329,0.7206710000000001
196.0,75523924234554614323219474180414139839611222725124775536109,26.0,456.0,456.0,0.088171,0.088171,0.0,0.088171,0.911829
196.0,98856416133856584127753735193005691636012090201233990732729,26.0,418.0,418.0,0.069303,0.069303,0.0,0.069303,0.930697
196.0,74465721503975476013420915082380026622357493970492148475923,26.0,622.0,600.0,0.021906,0.04783,0.109044,0.13095,0.86905
196.0,93695083979722113939155057731935369089046162236564738423191,26.0,531.0,519.0,0.014957,0.02566,0.02566,0.040617,0.959383
196.0,77879392079591903526474505876698267670805166486636028530899,26.0,471.0,471.0,0.147214,0.147214,0.0,0.147214,0.852786
196.0,84229306643800747300264590699152695007580757244203842094811,26.0,543.0,537.0,0.027285,0.021945,0.021945,0.049229999999999996,0.95077
196.0,94030668663190317444347187347006250211939496898445186865789,26.0,808.0,808.0,0.046641,0.046641,0.0,0.046641,0.953359
196.0,100248369583162082393739261464041339014101482772776091948201,26.0,428.0,414.0,0.040834,0.113954,0.24023799999999998,0.281072,0.718928
197.0,167659105655698882339508182915480992256595774433903924122623,26.0,1512.0,1512.0,0.012201,0.012201,0.0,0.012201,0.987799
197.0,122449747198975822084132001235051055769374123302428745305941,26.0,656.0,652.0,0.004397,0.022327,0.022327,0.026723999999999998,0.973276
197.0,157771390213784769025733801475620067885551276043484431320057,26.0,498.0,498.0,0.033446,0.033446,0.0,0.033446,0.966554
197.0,195362636325845913268639913567995093493514004135984307800363,26.0,535.0,535.0,0.044093,0.044093,0.0,0.044093,0.955907
197.0,160328182105787324869078655378810538500450812696259544941773,26.0,475.0,475.0,0.050812,0.050812,0.0,0.050812,0.949188
197.0,184970800291752440068635983309521468062368504646083676644033,26.0,628.0,628.0,0.012163,0.012163,0.0,0.012163,0.987837
197.0,164144776080649194883406513297516553025716555924591056615183,26.0,428.0,428.0,0.025083,0.025083,0.0,0.025083,0.974917
197.0,140818764650826975296987375129283355966942621459853255150479,26.0,546.0,546.0,0.021339,0.021339,0.0,0.021339,0.978661
197.0,189022387984517778950705123442972032908094852334290657306231,26.0,426.0,426.0,0.319969,0.319969,0.0,0.319969,0.680031
197.0,172220763612696405396243073018306035394484382521705030045911,26.0,434.0,423.0,0.07223,0.03997,0.151697,0.223927,0.776073
197.0,154481106607181704446691691500013964555830349483415881254479,26.0,721.0,721.0,0.013322,0.013322,0.0,0.013322,0.9866779999999999
197.0,138116520840863501578382275910208792542013786200119809943421,26.0,467.0,467.0,0.035519,0.035519,0.0,0.035519,0.964481
197.0,128167436666847967508432921399395745683533771986744909507099,26.0,464.0,460.0,0.031806,0.049083,0.077815,0.109621,0.890379
197.0,179430245545432323474984038609312519060231752952330260578973,26.0,614.0,614.0,0.017433,0.017433,0.0,0.017433,0.982567
197.0,164907321185035410613697079130730386934791247649211425433501,26.0,622.0,609.0,0.024749,0.013684,0.059679,0.084428,0.915572
197.0,149559974584198894049055200074096371180280008283748787845411,26.0,410.0,410.0,0.255074,0.255074,0.0,0.255074,0.744926
197.0,141960287108387193832375793429518062558146806429474522246723,26.0,496.0,495.0,0.12300699999999999,0.051096,0.051096,0.174103,0.825897
197.0,117962418323306660486403773161381103053143923297611666689523,26.0,468.0,455.0,0.05110100000000001,0.042748,0.098291,0.14939200000000002,0.850608
197.0,159003940652452327574248903060253950134870172438916155070369,26.0,665.0,662.0,0.022034,0.066917,0.066917,0.088951,0.911049
197.0,186310928751907307724815625865601039478473930304908425333493,26.0,796.0,796.0,0.011008,0.011008,0.0,0.011008,0.988992
198.0,358800385741478548379741226608716034844371071935561085305833,26.0,586.0,586.0,0.053075,0.053075,0.0,0.053075,0.946925
198.0,361832547229010809777991703475089455145922714751449984988413,26.0,390.0,390.0,0.06608,0.06608,0.0,0.06608,0.93392
198.0,366234672716741757435258864069198637471462810470347219616629,26.0,679.0,667.0,0.009789,0.010706,0.010706,0.020495,0.979505
198.0,381944248262064685581254962871209750407378184907165945167889,26.0,573.0,553.0,0.018063000000000003,0.011488,0.11102999999999999,0.12909299999999999,0.870907
198.0,354687072527494597410093290280585584399421663969934020853223,26.0,573.0,564.0,0.03378,0.136514,0.388716,0.422496,0.577504
198.0,379245416457437245542302776449664948360818185536921628076539,26.0,397.0,397.0,0.073097,0.073097,0.0,0.073097,0.926903
198.0,276003453857523809899467677088049878845070200584331936691041,26.0,521.0,496.0,0.040002,0.044401,0.13156,0.17156200000000002,0.828438
198.0,209990048987204577494427221770767574738889930041728156874193,26.0,582.0,582.0,0.071875,0.071875,0.0,0.071875,0.928125
198.0,256901948110234610129862767369945243180538397102365122358427,26.0,463.0,449.0,0.032179,0.017924,0.017924,0.050102999999999995,0.949897
198.0,392896855902880253325160541666344098709384930507930453171681,26.0,458.0,452.0,0.055987,0.067637,0.14030700000000002,0.19629400000000002,0.803706
198.0,261148592887412956171116968549303549257459540886776423198739,26.0,491.0,483.0,0.030621999999999996,0.009794,0.036430000000000004,0.067052,0.932948
198.0,380307295207752593087679241538739081357344508076536875023627,26.0,558.0,558.0,0.092351,0.092351,0.0,0.092351,0.907649
198.0,388299617663319746972489463784551990330983404458676571447693,26.0,495.0,495.0,0.012912,0.012912,0.0,0.012912,0.987088
198.0,328573357774619762260295479993442675189590010826879831896677,26.0,516.0,516.0,0.025598,0.025598,0.0,0.025598,0.974402
198.0,345095965742713044505246800463174842475462680793869138019261,26.0,457.0,453.0,0.073219,0.056011,0.056011,0.12923,0.87077
198.0,292581670931790651470491827458218900376775743841380672403887,26.0,498.0,494.0,0.027076,0.008463,0.018249,0.045325000000000004,0.9546749999999999
198.0,390539114582262272077001713638342490864897532470034331261247,26.0,456.0,456.0,0.061587,0.061587,0.0,0.061587,0.9384129999999999
198.0,360504086773559647539204736208829484928785732049355565383643,26.0,386.0,386.0,0.141437,0.141437,0.0,0.141437,0.858563
198.0,235950558879078260282437419803935172239069320587333159451019,26.0,535.0,525.0,0.104735,0.035936,0.12489,0.229625,0.770375
198.0,398227691324642613283526129594013507506766970246599454997939,26.0,640.0,639.0,0.0557,0.016831,0.016831,0.072531,0.927469
199.0,754357335704061312767906283574368857849729996361323767853021,26.0,543.0,543.0,0.14903,0.14903,0.0,0.14903,0.85097
199.0,740449135866891063702563724186205751814739503564925633250647,26.0,442.0,442.0,0.057399,0.057399,0.0,0.057399,0.942601
199.0,783572025208462059459081331520531102495696274404533915350617,26.0,489.0,489.0,0.063664,0.063664,0.0,0.063664,0.9363360000000001
199.0,689619749063096498116944459976173154436509257531702365821471,26.0,572.0,572.0,0.027516,0.027516,0.0,0.027516,0.972484
199.0,792261444591087612509889756571590671010253289767476929883959,26.0,684.0,684.0,0.051612,0.051612,0.0,0.051612,0.948388
199.0,485165244720747932715066275346273892339756962905587028338027,26.0,448.0,444.0,0.079169,0.016392,0.016392,0.09556100000000001,0.904439
199.0,701425127964276666799904563003747018572056891360383272760451,26.0,1086.0,1072.0,0.030906,0.021415,0.08672799999999999,0.11763399999999999,0.882366
199.0,790893896840481035276180066252113476643190200344778153065643,26.0,913.0,913.0,0.005046,0.005046,0.0,0.005046,0.994954
199.0,763536298621525364342165189094083117188952849209780027677679,26.0,583.0,583.0,0.011307,0.011307,0.0,0.011307,0.988693
199.0,613617912594322713495151233564022371433770815044783317065269,26.0,811.0,808.0,0.030309,0.008008,0.008008,0.038317,0.961683
199.0,701969238772333138157522384223588554623546191713496616248319,26.0,461.0,457.0,0.014503,0.02894,0.02894,0.043443,0.956557
199.0,659743727985962787654640554658683537620374805989756454087933,26.0,677.0,668.0,0.021315,0.025785,0.059929,0.08124400000000001,0.918756
199.0,690360274208079369250317450856211794224002008122073050016637,26.0,512.0,512.0,0.196177,0.196177,0.0,0.196177,0.803823
199.0,500887070634424955740905032565576942995006631697841024678317,26.0,488.0,488.0,0.070091,0.070091,0.0,0.070091,0.929909
199.0,562515533415072305976115813906881843805019952700501666255663,26.0,474.0,474.0,0.028726,0.028726,0.0,0.028726,0.971274
199.0,687386421009493082281833809951506042909624825066468351426301,26.0,419.0,409.0,0.054568,0.029601,0.029601,0.084169,0.9158310000000001
199.0,627831828857047974697867855909832323916998184071016955354641,26.0,552.0,552.0,0.053137,0.053137,0.0,0.053137,0.946863
199.0,531493718748199409115070187956201803475378862922781030803881,26.0,503.0,493.0,0.023792,0.03685,0.15898400000000001,0.18277600000000002,0.817224
199.0,764298723870080571982440894112670628624228896767629734930611,26.0,420.0,420.0,0.129631,0.129631,0.0,0.129631,0.870369
199.0,563561550095967293743840793623207928679303836705271230763571,26.0,746.0,746.0,0.009114,0.009114,0.0,0.009114,0.990886
200.0,1295789132477604807715877944458947246775511838525972200835657,26.0,615.0,615.0,0.039894,0.039894,0.0,0.039894,0.960106
200.0,1580265433117145949318612574335473147379586407902007615572209,26.0,548.0,548.0,0.048841999999999997,0.048841999999999997,0.0,0.048841999999999997,0.951158
200.0,1031264165415914398404034296717937295434353057321618942293977,26.0,641.0,641.0,0.026284,0.026284,0.0,0.026284,0.973716
200.0,942274183107708126744367799889859979943002828490182769563693,26.0,704.0,704.0,0.012102,0.012102,0.0,0.012102,0.987898
200.0,1243256742262564810336975229173603901549307573958804818142771,26.0,583.0,576.0,0.003121,0.006747,0.014251,0.017372,0.9826280000000001
200.0,1332260463557925975266900697251791362056896106900938778652773,26.0,677.0,677.0,0.062231,0.062231,0.0,0.062231,0.937769
200.0,1534546510819566200886924830244913417667526810936895301477933,26.0,422.0,422.0,0.034809,0.034809,0.0,0.034809,0.965191
200.0,1457315434423192483527568367362496447605043071246754450536801,26.0,575.0,555.0,0.046557999999999995,0.045751,0.196047,0.242605,0.757395
200.0,1515478547137402687976907484166669091143375006869904371011019,26.0,566.0,561.0,0.031701,0.02149,0.049831,0.081532,0.9184680000000001
200.0,1328401728722624823335450602027897002059084341229046226740677,26.0,490.0,490.0,0.019477,0.019477,0.0,0.019477,0.980523
200.0,1069405338840333297089210313682851116995000495488370707114107,26.0,852.0,852.0,0.145447,0.145447,0.0,0.145447,0.854553
200.0,1577668914616112972976239927299568044527242009386300299995513,26.0,1004.0,995.0,0.030739,0.009641,0.022252,0.052990999999999996,0.947009
200.0,924932144930952159695588929751342486737404577556159754527249,26.0,431.0,431.0,0.020195,0.020195,0.0,0.020195,0.979805
200.0,1430455149298665257668430782969274466789353299446322896956953,26.0,446.0,446.0,0.020154,0.020154,0.0,0.020154,0.979846
200.0,1471759896903796862187242593818058236014421372969552658348613,26.0,844.0,844.0,0.031285,0.031285,0.0,0.031285,0.968715
200.0,1024997524686414507856278528573582273997937245288256214142637,26.0,547.0,547.0,0.095723,0.095723,0.0,0.095723,0.904277
200.0,1269662956978065591146754145192337292773571460456699566030607,26.0,523.0,523.0,0.02288,0.02288,0.0,0.02288,0.97712
200.0,1251023694717248924976673861910298094342092199701445949798563,26.0,692.0,688.0,0.021344,0.010157,0.010157,0.031501,0.968499
200.0,1165094867829338354631660035180329869977597764175158753523867,26.0,540.0,540.0,0.028269,0.028269,0.0,0.028269,0.971731
200.0,1245161625256545119714043746004026254459007086115269518670777,26.0,632.0,632.0,0.028483,0.028483,0.0,0.028483,0.971517
