Bit_length,N,Lattice_dimension,|b_op - t|^2,|vbest - t|^2,P(b_op),P(vbest),P(|vnew - t|^2 < |b_op - t|^2),P(|vnew - t|^2 <= |b_op - t|^2),P(|vnew - t|^2 > |b_op - t|^2)
150,1268771206145175299492684899681878877410684841,21,728,728,0.054054,0.054054,0.0,0.054054,0.945946
150,1403762530472620237905076428332939916844331359,21,310,297,0.047964,0.053221,0.083458,0.131422,0.868578
150,918882917500502786903408324526441238854631741,21,407,397,0.033627,0.026322,0.026322,0.059949,0.940051
150,1044411862674117053622929515451672202864979129,21,397,397,0.052288,0.052288,0.0,0.052288,0.947712
150,1199592981228806239321120961178599459097610483,21,601,601,0.005835,0.005835,0.0,0.005835,0.994165
150,912632394066698132144971044037258218777602291,21,384,384,0.057989,0.057989,0.0,0.057989,0.942011
150,1033085278351720441874660444922199074374033881,21,454,454,0.009651,0.009651,0.0,0.009651,0.990349
150,1039667922595230805682141254323399644574814367,21,704,702,0.053578,0.172972,0.172972,0.22654999999999997,0.77345
150,1076261801716221769627743498540654753005411033,21,605,584,0.014627,0.01587,0.19219599999999995,0.20682299999999995,0.793177
150,868981675879730421007669707059890716656754209,21,391,391,0.036384,0.036384,0.0,0.036384,0.963616
150,1198940008513470371886998720870433706529677289,21,318,309,0.03826,0.033298,0.182512,0.22077200000000002,0.779228
150,1001065868810988745766471076060380006588792189,21,391,391,0.03458,0.03458,0.0,0.03458,0.96542
150,1018523197675518130041140861676478171959383813,21,315,315,0.110027,0.110027,0.0,0.110027,0.889973
150,999406335763551690568793874408994581594369181,21,305,305,0.180984,0.180984,0.0,0.180984,0.819016
150,1386649915270975663546803936212330370020386207,21,333,333,0.038179,0.038179,0.0,0.038179,0.961821
150,1252835724482748605844023934169349660374906087,21,379,379,0.068072,0.068072,0.0,0.068072,0.931928
150,1420753685420564064872708676390123998125705549,21,349,349,0.135109,0.135109,0.0,0.135109,0.864891
150,1076920912535396901213842625717381087368331181,21,417,417,0.024117,0.024117,0.0,0.024117,0.9758830000000001
150,1124397583306701037985991208303905429810161357,21,352,352,0.048169,0.048169,0.0,0.048169,0.951831
150,1130353955473240791783568532060655958732460941,21,408,408,0.047549,0.047549,0.0,0.047549,0.952451
151,2363319035074246419340419055739401443130238059,21,544,505,0.028488,0.003435,0.18228200000000003,0.21077,0.78923
151,2471201957583473321167345886570639941825218311,21,396,396,0.022789,0.022789,0.0,0.022789,0.977211
151,2315715608364087921901708175621836301416617007,21,292,292,0.00998,0.00998,0.0,0.00998,0.99002
151,2763171157217537386323259861099914830334818519,21,613,595,0.011973,0.005412,0.005412,0.017384999999999998,0.982615
151,1758775630326182635026447808028302358291781499,21,296,296,0.044744,0.044744,0.0,0.044744,0.955256
151,2188378164211148987192836592303698338909975503,21,332,318,0.037232,0.027723,0.027723,0.064955,0.935045
151,1829627983140478483810934234803641664206450619,21,355,355,0.030548,0.030548,0.0,0.030548,0.969452
151,1569735030968914361557174823910579735657956107,21,310,304,0.152576,0.055524,0.055524,0.20809999999999998,0.7919
151,2843239852874861508784440371081621911410347591,21,581,581,0.01837,0.01837,0.0,0.01837,0.98163
151,2624675574003230296718034974584383454961661761,21,577,577,0.016308,0.016308,0.0,0.016308,0.983692
151,1746328694271824837631752461766830788699201941,21,497,492,0.014385,0.013256,0.017659,0.032044,0.967956
151,2456234120258232727729365675070691784694223131,21,661,651,0.013694,0.012731,0.019253,0.032947,0.967053
151,2689914182894566195371701173819301836708498979,21,414,397,0.035271000000000004,0.009252,0.13173600000000002,0.16700700000000002,0.832993
151,2472879649799491864465871187917726124213054643,21,388,383,0.010267,0.012588,0.012588,0.022855,0.977145
151,2641928437820330089399895839369416426912654047,21,603,596,0.050011,0.032178,0.032178,0.082189,0.917811
151,2217024583566038902931835040749210710155293863,21,329,329,0.064271,0.064271,0.0,0.064271,0.935729
151,2795955547593262531562466415054318143278579719,21,418,393,0.007926,0.015856,0.08097599999999999,0.088902,0.911098
151,2754384674264655946791346511962590129499967297,21,527,527,0.020506,0.020506,0.0,0.020506,0.979494
151,1922698035563121141756137662031262831101446511,21,321,321,0.006565,0.006565,0.0,0.006565,0.993435
151,2578633082003778088940013102956628479805360761,21,526,526,0.007381,0.007381,0.0,0.007381,0.992619
152,3650146379785934850995660671580553841765454981,21,332,327,0.031109,0.042541999999999996,0.084138,0.115247,0.884753
152,4447694107941335768274189003948589146948883409,21,397,397,0.122872,0.122872,0.0,0.122872,0.877128
152,5304044781028480773455459789567804501864780699,21,391,379,0.090996,0.00992,0.00992,0.10091599999999999,0.899084
152,5225791236691602749703859113684043992716841463,21,404,404,0.080868,0.080868,0.0,0.080868,0.9191320000000001
152,5425403301002418901669361546561888615280596761,21,404,374,0.036657999999999996,0.014266,0.13070500000000002,0.167363,0.832637
152,5202335230032226630491022567996748864390119873,21,446,446,0.097096,0.097096,0.0,0.097096,0.902904
152,4003774395708740189647636396775460720094087057,21,338,333,0.015574,0.00263,0.00263,0.018203999999999998,0.981796
152,5276249290787396224699127825641594167433771223,21,372,372,0.023062,0.023062,0.0,0.023062,0.976938
152,4381176969443188923764265381058182084891594073,21,455,455,0.067124,0.067124,0.0,0.067124,0.932876
152,5541991812747053012003965966406093820220699999,21,301,301,0.18556,0.18556,0.0,0.18556,0.81444
152,5648300508047326241541247933495397085050508533,21,379,379,0.051447,0.051447,0.0,0.051447,0.948553
152,4837654055687374110886315087296888936559582543,21,331,291,0.0518,0.019713,0.11797700000000003,0.169777,0.8302229999999999
152,3169527753809835033737422227494034075208154897,21,365,365,0.018081,0.018081,0.0,0.018081,0.981919
152,4751384359859390003700613749548751936187354063,21,353,353,0.07913,0.07913,0.0,0.07913,0.92087
152,5115713692797196694227360148049458957592665221,21,314,307,0.086061,0.030923,0.17741300000000002,0.263474,0.736526
152,5377906651632174967507002058972880963848446937,21,461,451,0.039884,0.011803,0.011803,0.051687000000000004,0.948313
152,4794192939950703723191510856383251915586655239,21,375,375,0.126433,0.126433,0.0,0.126433,0.873567
152,4098436965705153817981088577951066512799793241,21,486,467,0.106637,0.119568,0.119568,0.226205,0.773795
152,4397317578261604652631366972202456990923173239,21,607,602,0.019874,0.010281,0.010281,0.030155,0.969845
152,5641409895201969238429625932613600677431973529,21,369,358,0.084273,0.094098,0.159407,0.24368,0.75632
153,7688734886215973313958737522072259896979469359,21,488,488,0.048055,0.048055,0.0,0.048055,0.951945
153,9965367899123149749669237053467022764500819709,21,364,340,0.006872,0.007363,0.035181000000000004,0.04205300000000001,0.957947
153,8648715940089396413954292296253489279668879831,21,364,355,0.053373,0.074042,0.096634,0.150007,0.849993
153,9992486217185404533285574560152593379868586411,21,312,303,0.100538,0.033228,0.033228,0.133766,0.866234
153,8752395201001776336645971436266201719253038903,21,273,273,0.041743,0.041743,0.0,0.041743,0.958257
153,10307828778112676279744687232183733883997747787,21,304,304,0.073975,0.073975,0.0,0.073975,0.926025
153,8927473020776419491333060829150295244420281503,21,499,462,0.037229,0.003555,0.15549900000000005,0.19272800000000007,0.807272
153,7853849523366438727173539795218496833560636149,21,509,489,0.059983,0.011853,0.095205,0.155188,0.844812
153,8674604146514496475964987674111780570888473743,21,283,283,0.018094,0.018094,0.0,0.018094,0.981906
153,8982522494550749295857332138146435777716539013,21,326,326,0.04357,0.04357,0.0,0.04357,0.95643
153,7465338556163117004724110416934405812498881597,21,443,443,0.084953,0.084953,0.0,0.084953,0.9150469999999999
153,9002256784614521734062834292945636253381789701,21,482,471,0.050674,0.043811,0.043811,0.094485,0.905515
153,9730043924092499024899737640031060516457357727,21,518,518,0.107926,0.107926,0.0,0.107926,0.892074
153,7772785559916630760629013439531712505833223283,21,335,335,0.144841,0.144841,0.0,0.144841,0.855159
153,6331403492532550906969515225158616949065412553,21,348,340,0.020109,0.046602,0.046602,0.06671099999999999,0.933289
153,9499729964075602707801866275682306216169333647,21,580,580,0.045523,0.045523,0.0,0.045523,0.954477
153,10623137933847890583214243354934109612727566337,21,398,398,0.047772,0.047772,0.0,0.047772,0.952228
153,8298489176359263229418112630907164868713161869,21,425,425,0.076823,0.076823,0.0,0.076823,0.923177
153,10423403876173039960502215978962041272294895987,21,351,351,0.019618,0.019618,0.0,0.019618,0.980382
153,11331438524408402513759859710883003140234689001,21,566,555,0.002161,0.016194,0.057389,0.059550000000000006,0.94045
154,20144352470088160067192230120293841747066127093,21,398,394,0.025298,0.006778,0.006778,0.032076,0.967924
154,13741129409913179912586613425642421907057677927,21,331,331,0.35266,0.35266,0.0,0.35266,0.64734
154,22555697926472858658256090868373281917048139777,21,484,480,0.008809,0.003025,0.030242,0.039051,0.960949
154,21622466558921334027105350728738281221011715713,21,470,470,0.053079999999999995,0.053079999999999995,0.0,0.053079999999999995,0.94692
154,22717282832414613486487854671615889194348202509,21,432,432,0.020907,0.020907,0.0,0.020907,0.979093
154,15553662272752172389304818266535674850670048197,21,324,324,0.025284,0.025284,0.0,0.025284,0.974716
154,16287234057599780494928529944429983938735953333,21,356,338,0.042662,0.006401,0.031066000000000003,0.073728,0.926272
154,20227306669577710217883266196429106847542507013,21,591,591,0.005065999999999999,0.005065999999999999,0.0,0.005065999999999999,0.994934
154,18361999857484992568400964915559137162309312233,21,359,359,0.018395,0.018395,0.0,0.018395,0.981605
154,17615067981495998635949724796624661825505231481,21,515,475,0.029588,0.0289,0.33639899999999984,0.36598699999999984,0.6340130000000002
154,16965780184675510815549338206501125311473383031,21,416,416,0.002649,0.002649,0.0,0.002649,0.997351
154,17145713058305669983102778787612006911670513347,21,475,452,0.082977,0.011822,0.011822,0.094799,0.905201
154,20285317985568063024579677341972941193428143231,21,300,300,0.093559,0.093559,0.0,0.093559,0.906441
154,19892574816341431255761561129070142233703448899,21,484,484,0.041956,0.041956,0.0,0.041956,0.958044
154,14482484907695104154754286426816369245597742123,21,429,429,0.025665,0.025665,0.0,0.025665,0.974335
154,21308599822779449843544699903616188167691769657,21,446,427,0.02494,0.027641,0.027641,0.052581,0.947419
154,19652552707990061015357354059734076466348869901,21,368,368,0.015296,0.015296,0.0,0.015296,0.984704
154,15836062588559999481222001755306755400249974411,21,351,348,0.047812,0.043107,0.043107,0.090919,0.909081
154,17640605793899812190237760431948486244893089589,21,390,390,0.023587,0.023587,0.0,0.023587,0.976413
154,13200322048523091361380223530828151918467232499,21,285,277,0.001351,0.00072,0.00072,0.002071,0.997929
155,31340595875958809044343360964929799034189512361,21,438,436,0.104192,0.017732,0.017732,0.121924,0.878076
155,33883679322606457824492978417378120332359598171,21,356,350,0.095193,0.018755,0.018755,0.113948,0.8860520000000001
155,38431961138800983210425437779183955699273663877,21,536,536,0.057395,0.057395,0.0,0.057395,0.942605
155,44842574992398006827792831817449122409176524571,21,385,377,0.00892,0.004078,0.009089,0.018009,0.981991
155,44479412022428483167051033854365771430317272061,21,544,544,0.014306,0.014306,0.0,0.014306,0.985694
155,39653904137769014668557378511260469269135182431,21,326,299,0.011788,0.013348,0.09938999999999999,0.111178,0.888822
155,36615548944643269126239193831815135044946113087,21,338,329,0.050277,0.028596,0.028596,0.078873,0.921127
155,35728624388846244763032748679732750007278619919,21,328,328,0.037513,0.037513,0.0,0.037513,0.962487
155,39471143362465673450737740007926815837598407923,21,455,439,0.025290999999999998,0.003077,0.039947,0.065238,0.934762
155,43620356160753924413764228467447052158522613007,21,452,431,0.047702,0.039832,0.039832,0.087534,0.912466
155,29666396188587728462615862057347321613786496027,21,547,545,0.053327,0.002337,0.002337,0.055664,0.944336
155,41677893527522320684434778067984642792936350873,21,527,494,0.013634,0.01967,0.10690500000000001,0.12053900000000001,0.879461
155,32675536969479286942701324674137910119680337459,21,332,332,0.113315,0.113315,0.0,0.113315,0.886685
155,44919866654372607559021538428305729263662282117,21,528,528,0.191706,0.191706,0.0,0.191706,0.8082940000000001
155,36452200589072916411983425394632165549777886227,21,468,468,0.056605,0.056605,0.0,0.056605,0.943395
155,33203524258924130270853246380045741567145994259,21,443,434,0.119032,0.057799,0.057799,0.17683100000000002,0.823169
155,36946503351030864812990481678628454987070959527,21,394,364,0.024555999999999998,0.01308,0.19743799999999997,0.22199399999999997,0.778006
155,44458044889519333576801527839740244268692202469,21,636,623,0.004188,0.001152,0.014433,0.018621,0.981379
155,36744155090184780124393526442075144163055399837,21,366,366,0.024349,0.024349,0.0,0.024349,0.975651
155,32611265262434541992311659835491097552848382807,21,277,277,0.019366,0.019366,0.0,0.019366,0.980634
156,58842411492108631901824870167723622565249820361,21,541,541,0.009686,0.009686,0.0,0.009686,0.990314
156,58647263901409677188415888297848821138605832667,21,353,338,0.021479,0.158138,0.158138,0.179617,0.820383
156,60691833191625566815713087621249445278906020923,21,443,443,0.032466,0.032466,0.0,0.032466,0.967534
156,83500911560012017920943706628836329963659227611,21,420,420,0.031247,0.031247,0.0,0.031247,0.968753
156,79699952235555146846014724188269022467857700953,21,458,450,0.017823,0.007146,0.007146,0.024968999999999998,0.975031
156,68617923715717279114730426060969764483412652871,21,562,562,0.014794,0.014794,0.0,0.014794,0.985206
156,70292815550175575334435593661308688973972707499,21,329,324,0.038286,0.061285,0.061285,0.09957099999999999,0.900429
156,88395906091853951743306426033388820009527178553,21,334,334,0.11326,0.11326,0.0,0.11326,0.88674
156,58490997193338963447736793476829606786651843411,21,361,361,0.055408,0.055408,0.0,0.055408,0.944592
156,88153376653160901709431525294744255033299399513,21,438,438,0.035325,0.035325,0.0,0.035325,0.964675
156,83749952449871415989936799658384575288153567857,21,493,493,0.050871,0.050871,0.0,0.050871,0.949129
156,63215896343305696798861673825073441341593157323,21,286,286,0.022024,0.022024,0.0,0.022024,0.977976
156,68367618624389291832609274122568807692737410747,21,344,344,0.02681,0.02681,0.0,0.02681,0.97319
156,85976042848566498516350067546598036064176697617,21,456,454,0.015077,0.0189,0.0189,0.033977,0.966023
156,77050956204250174763972617362140681574229342091,21,728,728,0.094023,0.094023,0.0,0.094023,0.905977
156,67397778703558464646892241700035691887301648579,21,550,550,0.043007,0.043007,0.0,0.043007,0.956993
156,82158015067987949738815070788850184671973579587,21,403,403,0.026664,0.026664,0.0,0.026664,0.973336
156,55015423047501982644190563451191716439122432951,21,383,382,0.013052,0.008787,0.008787,0.021838999999999997,0.9781610000000001
156,85336908532608541436048263259686225667526362047,21,607,607,0.085504,0.085504,0.0,0.085504,0.914496
156,56731211956952175175952662358019177731725234237,21,380,380,0.01762,0.01762,0.0,0.01762,0.98238
157,120282166308024689728299980121863747670916310267,21,434,434,0.031296,0.031296,0.0,0.031296,0.968704
157,120820017068622794622130921127946349513431310843,21,531,507,0.007579,0.007298000000000001,0.036828,0.044407,0.955593
157,160354239376266933764514100701359388571858132879,22,426,426,0.065055,0.065055,0.0,0.065055,0.934945
157,178540342865713130388740603822271194677254392441,22,404,400,0.03602,0.015905,0.015905,0.051925,0.948075
157,133758242352280888913921190835052846329897153133,21,484,475,0.019456,0.033051,0.033051,0.052507,0.947493
157,119751792167523699090520105500834166573709024723,21,351,351,0.111766,0.111766,0.0,0.111766,0.888234
157,142866301722166299614859219990227501097218329553,21,429,420,0.026593,0.005991,0.017587,0.04418,0.95582
157,159460056477105651797755450704992108220297439993,22,353,353,0.032989,0.032989,0.0,0.032989,0.967011
157,129765827297228317584448178357227745213663923673,21,452,443,0.011383,0.012592,0.021675,0.033058000000000004,0.966942
157,153041151061952724068377978141007513960278537129,21,515,504,0.017841,0.017609,0.022366,0.040207,0.959793
157,112556148137934308610401610728139436816885032007,21,331,331,0.06237,0.06237,0.0,0.06237,0.93763
157,155016348949192392834761783400231900623445364769,21,555,520,0.002974,0.021151,0.12292600000000001,0.1259,0.8741
157,165332485530732496445379876290371501984439220227,22,392,392,0.016467,0.016467,0.0,0.016467,0.983533
157,173008319555191101708826910175525434497734262397,22,287,287,0.002895,0.002895,0.0,0.002895,0.997105
157,143078279358113528954735774091416278002769110083,21,576,544,0.007797,0.007781,0.077434,0.085231,0.9147689999999999
157,139537309577365933739952691194841985292959417899,21,283,283,0.034575,0.034575,0.0,0.034575,0.965425
157,150381007425703993922643997626233047809831195563,21,319,304,0.033452,0.007104,0.036286,0.069738,0.930262
157,125414534553540336555987249708054473022979850233,21,352,352,0.086737,0.086737,0.0,0.086737,0.913263
157,100495160702135079890032717344114075262462068991,21,344,344,0.143375,0.143375,0.0,0.143375,0.856625
157,126081296153973360472994917714723398699218116441,21,780,772,0.014553,0.005941,0.028517,0.04307,0.9569300000000001
158,244084876567438940415979589793753210761831799169,22,393,390,0.080616,0.040305,0.040305,0.120921,0.8790789999999999
158,311889364802148711770367329783808121108240984963,22,427,425,0.069282,0.025485,0.025485,0.09476699999999999,0.905233
158,315552892616518612169009766705743992617805242163,22,292,292,0.168437,0.168437,0.0,0.168437,0.831563
158,364568451629159625851465545891850771901219214163,22,374,371,0.062454,0.029927,0.029927,0.092381,0.907619
158,213880798395599609631736184456759089379285659049,22,435,435,0.019114,0.019114,0.0,0.019114,0.980886
158,364596676892949119436289041863521153445811753029,22,520,520,0.031218,0.031218,0.0,0.031218,0.968782
158,215840103126036545942721515629965329944602697057,22,572,561,0.020032,0.016724,0.07935400000000001,0.099386,0.900614
158,259043540185824666457272444893607678141566205487,22,346,346,0.026696,0.026696,0.0,0.026696,0.973304
158,311426830077414386887481553693471517445014703609,22,373,367,0.034489,0.005214,0.04496800000000001,0.079457,0.920543
158,220678872755010770809359894948879428023872635453,22,355,352,0.029206999999999997,0.026612,0.026612,0.055818999999999994,0.944181
158,324273864736092445034262802970079797120470198979,22,439,439,0.131891,0.131891,0.0,0.131891,0.868109
158,335973439137660892963362517099047189556286786761,22,323,323,0.01359,0.01359,0.0,0.01359,0.98641
158,282449349227109527988465852865060163003324312407,22,324,324,0.04257,0.04257,0.0,0.04257,0.95743
158,208746167169143822300193643710778500356712398063,22,467,462,0.019456,0.006995,0.015313,0.034769,0.965231
158,334111037801880478290657958251924991420673909189,22,488,488,0.024217,0.024217,0.0,0.024217,0.975783
158,278758463930102758470340608089823158233270489379,22,355,319,0.071754,0.016925,0.105169,0.176923,0.8230770000000001
158,334359694784871699894821359716571301393005547539,22,411,399,0.117419,0.032436,0.087489,0.20490799999999998,0.795092
158,266330340319030988935371369155445034828168547083,22,372,372,0.009337,0.009337,0.0,0.009337,0.990663
158,304296786548695733429639288499877719781617137947,22,580,580,0.069522,0.069522,0.0,0.069522,0.930478
158,363187749995613157299748064319278147359621272623,22,662,662,0.015582,0.015582,0.0,0.015582,0.984418
159,686564447258462630098219799118347627120122126259,22,495,495,0.021281,0.021281,0.0,0.021281,0.978719
159,589551271893462661314759463097397605089591304053,22,483,483,0.035992,0.035992,0.0,0.035992,0.964008
159,631182522272441179585206326884145264567358144641,22,318,300,0.01095,0.017897,0.026390000000000004,0.037340000000000005,0.96266
159,436106084503182412560423534629337392438805726397,22,508,508,0.012303,0.012303,0.0,0.012303,0.987697
159,614365874960561724255698902936314085451009978123,22,438,426,0.025806000000000003,0.02006,0.068981,0.09478700000000001,0.905213
159,652808814800014009591626662453549818193223047839,22,675,675,0.058164,0.058164,0.0,0.058164,0.941836
159,431497693573687811342235449780503037093880478249,22,422,422,0.038502,0.038502,0.0,0.038502,0.961498
159,641417960009003073536715539762385574694132608057,22,318,318,0.016079,0.016079,0.0,0.016079,0.983921
159,556755493522333610334550996104356886728067513937,22,446,446,0.085497,0.085497,0.0,0.085497,0.914503
159,518738300042543123329242792010704876266634471203,22,531,512,0.031097,0.042615,0.042615,0.073712,0.926288
159,622775601463755434010798895296308923399679148479,22,370,367,0.008617,0.003336,0.020874,0.029491,0.970509
159,721092743353983610239239300767561842232656810121,22,371,371,0.060952,0.060952,0.0,0.060952,0.939048
159,725700541872878647978311987906512435448724917323,22,360,344,0.043864,0.011019,0.19145299999999998,0.235317,0.764683
159,680792306276738068787445684933623704836521586517,22,402,402,0.042739,0.042739,0.0,0.042739,0.957261
159,609838293034917899422422535971964737888944079431,22,564,554,0.011307,0.036983,0.093784,0.105091,0.894909
159,500003566005968344293642166685142120533963613397,22,375,366,0.014397,0.032113,0.129806,0.144203,0.855797
159,672585552363075626030436013518741587083784197091,22,956,956,0.031538,0.031538,0.0,0.031538,0.968462
159,667853203575891446356676483576275288677930218477,22,369,369,0.021877,0.021877,0.0,0.021877,0.978123
159,452729177399062213984412625994093209513957053659,22,491,490,0.007292,0.018856,0.018856,0.026148,0.973852
159,718517666115847144224280227758502807408113808437,22,604,595,0.00848,0.004951,0.004951,0.013430999999999998,0.986569
160,1115913240165002032294944939882858364194015937199,22,356,337,0.011135,0.01402,0.064919,0.07605400000000001,0.9239459999999999
160,1440912770676709848638629792376134253525608074541,22,628,626,0.010397,0.032029,0.032029,0.042426000000000005,0.957574
160,933815358984064483011197510331330335221655664157,22,410,404,0.03904,0.020291,0.10739900000000001,0.146439,0.853561
160,969243323728712475535486623630623651719920512731,22,368,368,0.268278,0.268278,0.0,0.268278,0.731722
160,1076466504888089627494905309713319219664710433643,22,374,373,0.027006000000000002,0.039836,0.039836,0.06684200000000001,0.9331579999999999
160,1421116437931458286969196379690998986504855152749,22,564,553,0.015793,0.013857,0.045366000000000004,0.061159000000000005,0.938841
160,1172553592352544090305146581654443943982800468347,22,384,384,0.06529299999999999,0.06529299999999999,0.0,0.06529299999999999,0.934707
160,909793617870750937141425081136809004936031725807,22,846,837,0.035893,0.018415,0.025286000000000003,0.061179000000000004,0.938821
160,1057437110620229076506102833609193814696668318251,22,409,408,0.057067,0.016718,0.016718,0.073785,0.926215
160,1272489506939449407441353102540516266393948251787,22,392,392,0.018835,0.018835,0.0,0.018835,0.981165
160,1080313044916089688695708805273339794814591207951,22,334,334,0.049292,0.049292,0.0,0.049292,0.950708
160,1149353867679185877473020663684612261737991945873,22,322,316,0.053713,0.038689,0.038689,0.092402,0.907598
160,983949157142389589790721652739207946878875195771,22,355,349,0.038525,0.049247,0.049247,0.08777199999999999,0.912228
160,1361143599389480694086689546211220334021828686817,22,405,405,0.133384,0.133384,0.0,0.133384,0.866616
160,1021091838147883904869937336936298707335596006313,22,467,448,0.016545,0.002156,0.091556,0.108101,0.891899
160,1294988162211010208686476509915675738782236322669,22,401,401,0.181997,0.181997,0.0,0.181997,0.818003
160,1122941529731570548110403398235866601161586536011,22,350,350,0.049326,0.049326,0.0,0.049326,0.950674
160,1432805530443255062195929071604085524855630107221,22,361,361,0.045836,0.045836,0.0,0.045836,0.954164
160,1153032896620140114746318270771321999716861546507,22,437,437,0.055689,0.055689,0.0,0.055689,0.944311
160,964310714558373662737593657033125267637818078167,22,374,361,0.014118,0.029206,0.081067,0.095185,0.904815
161,2549342994142969438502207735324263431486603124709,22,349,349,0.050982,0.050982,0.0,0.050982,0.949018
161,2681100216348215889829625802961254331665674276717,22,434,433,0.013139999999999999,0.00276,0.00276,0.015899999999999997,0.9841
161,2880298692764464678292391755309173496702002183049,22,454,454,0.015552,0.015552,0.0,0.015552,0.984448
161,1772591985057680454231176923477927954936575167497,22,298,298,0.102615,0.102615,0.0,0.102615,0.897385
161,2083705746610030102470078930728254734269258767559,22,405,405,0.056785,0.056785,0.0,0.056785,0.943215
161,2592051223899969308896255211589583595849607840917,22,531,522,0.022749,0.009189,0.062792,0.085541,0.914459
161,1964444950659050423101133436896095725128026615861,22,320,320,0.006164,0.006164,0.0,0.006164,0.993836
161,2664894503748551145754658751022334263049302504109,22,410,396,0.054422,0.025425,0.036018,0.09043999999999999,0.90956
161,2890667027374661591725712210164725411830649644971,22,453,453,0.041053,0.041053,0.0,0.041053,0.958947
161,2315237919643127678001317504649602348775135239989,22,419,419,0.076096,0.076096,0.0,0.076096,0.9239040000000001
161,2263615665739021443959839330064499024174205984757,22,355,353,0.11329,0.043234,0.043234,0.156524,0.843476
161,2715737041694779962072587570440702427479596688267,22,412,399,0.026198,0.039887,0.065042,0.09124,0.90876
161,2242913431855633380375884470582819076336280851693,22,563,563,0.017736,0.017736,0.0,0.017736,0.982264
161,2196055705110050413211594819707917380387387874647,22,478,478,0.044288,0.044288,0.0,0.044288,0.955712
161,2386559963764208317133465196705396071874399113177,22,454,454,0.054583,0.054583,0.0,0.054583,0.945417
161,2496018222066887071360307538619052262154796275933,22,460,451,0.029529,0.047758,0.047758,0.077287,0.922713
161,2643999513168057204584957107582487653622472397817,22,473,473,0.012503,0.012503,0.0,0.012503,0.987497
161,2635743115320503461112643487699959884803825828717,22,412,412,0.09511,0.09511,0.0,0.09511,0.90489
161,2825605982926347409937517778879057613012900909681,22,434,433,0.004664,0.005016,0.005016,0.00968,0.99032
161,1945681273593238791686785823639092496168175333883,22,455,455,0.009398,0.009398,0.0,0.009398,0.990602
162,5142726192263316119305765044724202366191059020131,22,431,431,0.060879,0.060879,0.0,0.060879,0.939121
162,4356714020119985091707387224305757015484033268083,22,354,354,0.166407,0.166407,0.0,0.166407,0.833593
162,5760088733269586802798761031015562375783053998981,22,411,399,0.051718,0.022479,0.022479,0.074197,0.925803
162,5126536210830929842911126218863559555593079772241,22,462,449,0.019662,0.008627,0.011949,0.031611,0.9683889999999999
162,4355984306317180250941284630714493550289288293197,22,529,529,0.031556,0.031556,0.0,0.031556,0.968444
162,5372238624316637074604877264416233805336449398107,22,393,381,0.01581,0.015826,0.065969,0.081779,0.918221
162,3370953511586955617438834489704567964510236112387,22,366,348,0.017179,0.061908,0.1085,0.12567899999999999,0.874321
162,5654048134438701321190467092520015125597334765619,22,929,919,0.00852,0.007303,0.009273,0.017793,0.982207
162,5347560175544712010315634817224870510859508906709,22,426,426,0.11437,0.11437,0.0,0.11437,0.88563
162,5736419416140119735836049169364015628764346059723,22,814,797,0.008858,0.005925,0.026363,0.035221,0.964779
162,4650109252981784028797300655435682334415722439709,22,507,504,0.06112,0.014203,0.014203,0.075323,0.924677
162,4851575313540019468754262146798472592699356416503,22,445,445,0.036368,0.036368,0.0,0.036368,0.963632
162,4620052361353557581946034404083231874642184874639,22,470,462,0.12531399999999998,0.012025,0.012025,0.137339,0.862661
162,5522800988337253824728791418632480547260333713827,22,417,417,0.054711,0.054711,0.0,0.054711,0.945289
162,5499586014822265836968576304450001678297022377393,22,658,658,0.021268,0.021268,0.0,0.021268,0.978732
162,3564133393297332356275713734544213713680389996917,22,385,385,0.021924,0.021924,0.0,0.021924,0.978076
162,5515322111725050184603784308918954761722437406837,22,422,413,0.040141,0.005755,0.005755,0.045896000000000006,0.954104
162,4485461183490214672847356727639397071039303926699,22,390,390,0.030085,0.030085,0.0,0.030085,0.969915
162,5195480640606091839263058107075820094394110075261,22,379,374,0.042065,0.024354,0.024354,0.066419,0.933581
162,5741107958946558148650160180297387601202820663099,22,469,469,0.023125,0.023125,0.0,0.023125,0.976875
163,9747578468936317254902406784741698921811080904511,22,423,408,0.022015,0.006844,0.027903,0.049918000000000004,0.950082
163,10111701947436338618707597112719816959644907307921,22,494,494,0.039248,0.039248,0.0,0.039248,0.960752
163,9500974977324321481710304769960767745184067228853,22,389,383,0.032052,0.027893,0.027893,0.059945,0.940055
163,10923265258610933252939304751090963667320491815059,22,370,370,0.041689,0.041689,0.0,0.041689,0.958311
163,6277296598420519157375291811600475171257085054819,22,328,328,0.050099,0.050099,0.0,0.050099,0.949901
163,9231618602773719751425117097585869209969078112883,22,456,449,0.047742,0.035775,0.049708,0.09745000000000001,0.90255
163,10035352768951452538707551978057565508665635317309,22,472,465,0.013863,0.034844,0.034844,0.048707,0.9512929999999999
163,7654209071367977951897371689264431599631570961337,22,337,337,0.030055,0.030055,0.0,0.030055,0.9699450000000001
163,10824194889247063645916265364865318315163275587691,22,393,363,0.030558,0.039774,0.050970999999999995,0.08152899999999999,0.918471
163,7007067855178084077334907729020251703138388423407,22,588,588,0.028272,0.028272,0.0,0.028272,0.971728
163,11563629162960767561469993435982566900206290797341,22,339,339,0.122214,0.122214,0.0,0.122214,0.877786
163,10432647582007091942814866236806348920448169897081,22,412,409,0.029744,0.033162,0.120424,0.150168,0.849832
163,11013321740409425001654829975108773198879722323169,22,486,486,0.060754,0.060754,0.0,0.060754,0.939246
163,11388208541060705561819087229232095358667380786273,22,566,566,0.11485200000000001,0.11485200000000001,0.0,0.11485200000000001,0.885148
163,11103735522688372546281614770298463681690271542443,22,512,512,0.070946,0.070946,0.0,0.070946,0.929054
163,8215686036974456744106483973928387713743004968589,22,459,449,0.081849,0.006033,0.006033,0.087882,0.912118
163,10366420373188722818237768081269384282174284586279,22,524,518,0.013434,0.030445,0.030445,0.043879,0.956121
163,9887493049291697627584648336712714992824228820507,22,384,384,0.007616,0.007616,0.0,0.007616,0.992384
163,11291772697596805962306082330181863662191216703401,22,705,685,0.008468999999999999,0.002721,0.02823,0.036699,0.963301
163,8629299483287912574962165393081179705241759373329,22,539,539,0.098424,0.098424,0.0,0.098424,0.901576
164,20210344270042780228524473590981781384374263250651,22,712,674,0.0077930000000000004,0.003509,0.07879400000000002,0.08658700000000001,0.913413
164,17385754946083473907588211247263282920082635440931,22,449,449,0.026692,0.026692,0.0,0.026692,0.973308
164,15065200337324516365624234372840728893791849883677,22,549,549,0.062531,0.062531,0.0,0.062531,0.937469
164,20001274208685757373389824972298109151192644683421,22,467,444,0.031061,0.03349,0.097972,0.129033,0.870967
164,23206373050027225840725924288883018652907266761573,22,416,416,0.036234,0.036234,0.0,0.036234,0.963766
164,22025345891505684794425190360346292788092251835117,22,343,343,0.109615,0.109615,0.0,0.109615,0.890385
164,17433500709489283073258616221836367960841092957683,22,417,417,0.061911,0.061911,0.0,0.061911,0.938089
164,20619243792726008996626054260855579390889646661671,22,519,514,0.014825000000000001,0.00202,0.034952000000000004,0.049777,0.950223
164,17851954102483708548111820947964979316071559518321,22,520,506,0.012101,0.010325,0.042803999999999995,0.054904999999999995,0.945095
164,15520227091786292775179646082304899324457570987803,22,414,414,0.056665,0.056665,0.0,0.056665,0.943335
164,21025509716353739955780362583473341923163070100707,22,511,508,0.053825,0.029808,0.029808,0.083633,0.916367
164,14498146431977835998639783360838649091026316741701,22,513,513,0.035912,0.035912,0.0,0.035912,0.9640880000000001
164,19111791960401045569879778943278968002523890458231,22,326,326,0.019869,0.019869,0.0,0.019869,0.980131
164,16530301572124410378960034538876085010836459672467,22,349,349,0.007718,0.007718,0.0,0.007718,0.992282
164,18221873864190480631751119997397311265906143427919,22,640,640,0.106023,0.106023,0.0,0.106023,0.893977
164,19509002958117864345830026901941875949728480482351,22,679,679,0.02472,0.02472,0.0,0.02472,0.97528
164,22672286378997470934496964350911104497412505665789,22,422,422,0.045782,0.045782,0.0,0.045782,0.954218
164,23046477364042922130498611236049763734841923672321,22,584,571,0.00695,0.007087,0.152536,0.15948600000000002,0.840514
164,17549286263321631100185248104947257910955608889553,22,373,373,0.182159,0.182159,0.0,0.182159,0.817841
164,21059636316678691840527110401614339175235554714931,22,480,480,0.071272,0.071272,0.0,0.071272,0.928728
165,41832933592112304400801943026671467969363831087923,22,360,360,0.016471,0.016471,0.0,0.016471,0.983529
165,35682862411294951100561921127821057964487467339443,22,420,408,0.105934,0.10164400000000001,0.10164400000000001,0.207578,0.792422
165,42835312913720678185448545784074783359123970744159,22,383,383,0.082017,0.082017,0.0,0.082017,0.917983
165,40881659780738625128558353749592964839279265435171,22,366,364,0.013969,0.029805,0.029805,0.043774,0.956226
165,45322494471102900510547891895971824081862698563281,22,360,343,0.01872,0.007321,0.030331,0.049051,0.950949
165,45929128788840959205376511336193947297685265640951,22,950,946,0.015096000000000002,0.003555,0.003555,0.018651,0.981349
165,44489998373490387700600426834275888436763809873019,22,807,807,0.009238,0.009238,0.0,0.009238,0.990762
165,35790092378947652923809024031202004014344249255817,22,484,473,0.041884,0.011826,0.011826,0.053709999999999994,0.94629
165,45161106773899709982331683988937842529673051859151,22,517,517,0.028144,0.028144,0.0,0.028144,0.971856
165,41611075822328138418773040753161992670148754649183,22,427,427,0.012271,0.012271,0.0,0.012271,0.987729
165,43893688025396579244143003549941949711112694897597,22,595,595,0.04418,0.04418,0.0,0.04418,0.95582
165,38949108443317524477011125919734633057707138102373,22,460,460,0.014962,0.014962,0.0,0.014962,0.985038
165,44506757530726502698455041633661918108484228681201,22,606,587,0.012514,0.013394,0.058048999999999996,0.070563,0.929437
165,45700176760813962794447132804379570073089321130619,22,452,450,0.050321,0.006028,0.011055,0.061376,0.938624
165,36717319074712975178793976563482551630954666600147,22,518,518,0.013771,0.013771,0.0,0.013771,0.986229
165,40081717737177734357477768258828819203380673838299,22,467,467,0.031487,0.031487,0.0,0.031487,0.968513
165,42668271582757088828333733690941986896240697265291,22,344,344,0.24149500000000002,0.24149500000000002,0.0,0.24149500000000002,0.758505
165,42066162699265700510000155471171171993026790897181,22,335,335,0.037339,0.037339,0.0,0.037339,0.962661
165,43079437256800894081452117481597778557867932256481,22,761,721,0.016084,0.01176,0.08461600000000001,0.10070000000000001,0.8993
165,39639751732104952918265482468837059446746603506727,22,455,455,0.021035,0.021035,0.0,0.021035,0.978965
166,64455071458380183185819126791305562795840205337607,22,556,556,0.007197,0.007197,0.0,0.007197,0.992803
166,90075771203582122330247262323941154266135655067703,23,584,577,0.053036,0.023297,0.023297,0.076333,0.923667
166,72228823129784081606691745887439926673012583025583,22,602,602,0.02587,0.02587,0.0,0.02587,0.97413
166,69837432774442923128016482628855170461287372899371,22,459,431,0.028457,0.024179,0.11315800000000001,0.14161500000000002,0.858385
166,89244922194937743144971782767253188914316795885797,23,520,502,0.026033,0.020179,0.020179,0.046212,0.953788
166,88746453267789363020668583643470490537450658613921,23,430,428,0.026901,0.022431,0.022431,0.049332,0.950668
166,88713786474705850221237608801094392192327303798911,23,433,409,0.021169,0.008464,0.047216999999999995,0.068386,0.9316139999999999
166,87557406481398096612837568774546924908523956472679,22,501,501,0.113312,0.113312,0.0,0.113312,0.886688
166,83804917377281198336877975468864158449629337119497,22,429,429,0.087558,0.087558,0.0,0.087558,0.912442
166,81569638913156092214718111347132660641468885512997,22,374,374,0.028016,0.028016,0.0,0.028016,0.971984
166,52608719657148563796512530136536674250280158137673,22,587,587,0.095097,0.095097,0.0,0.095097,0.904903
166,89221264190598117801701321295581964396857406691793,23,360,360,0.108285,0.108285,0.0,0.108285,0.891715
166,91421352408629645983856436933886907626516790327531,23,444,439,0.008369,0.066972,0.096573,0.10494200000000001,0.895058
166,92354408607697290294087669975129842220424154225839,23,359,359,0.016663,0.016663,0.0,0.016663,0.983337
166,90307244958886521065070588400571519599452170426827,23,440,433,0.135198,0.023225,0.023225,0.158423,0.841577
166,61951676507642868191945772939153670793162317140439,22,659,659,0.03394,0.03394,0.0,0.03394,0.96606
166,57096092534835312898852423687190032724229132615371,22,402,402,0.023326,0.023326,0.0,0.023326,0.976674
166,77734094079183033282661848210260105535011878058221,22,443,426,0.02766,0.139546,0.17874299999999999,0.20640299999999998,0.793597
166,61439716290799937763975920406477923341938046630307,22,538,533,0.098401,0.009118,0.009118,0.107519,0.892481
166,92944946903546196014112302841886638418369209076507,23,333,312,0.00501,0.021118,0.03919,0.0442,0.9558
167,185191770581306272864194984747884925328034141094049,23,360,355,0.015502,0.008231,0.008231,0.023733,0.976267
167,150753299534321728385042450116986328932503586710791,23,402,402,0.09379,0.09379,0.0,0.09379,0.90621
167,122185038003700368219528064449236784866763422689417,23,384,384,0.005676,0.005676,0.0,0.005676,0.994324
167,178235118269758334366445181520116909697869973267843,23,418,418,0.010393,0.010393,0.0,0.010393,0.989607
167,125101284926137051500851455837556179024574472599693,23,403,399,0.021019,0.015045,0.054140999999999995,0.07515999999999999,0.92484
167,183608279157579728300471834586610846132033916363009,23,435,435,0.085443,0.085443,0.0,0.085443,0.914557
167,123823837425211259366602079641341299640350463304427,23,487,460,0.019586,0.006379,0.08889000000000001,0.10847600000000002,0.891524
167,182738591737141364288038096817725089299414242881199,23,372,363,0.010763,0.005634,0.033611,0.044374000000000004,0.955626
167,144881986800772159131971678194070421363231610326503,23,488,488,0.10674,0.10674,0.0,0.10674,0.8932599999999999
167,169113029671003783909165383403390189332006078766403,23,756,756,0.062384,0.062384,0.0,0.062384,0.937616
167,180203454172404433999728807424822530543427009853893,23,618,613,0.041365,0.020992,0.039293999999999996,0.080659,0.919341
167,176740473075257510677017027826065071164478066806109,23,329,329,0.022254,0.022254,0.0,0.022254,0.977746
167,154708744984764752253150630606148953411120836248223,23,517,515,0.023028,0.035495,0.035495,0.058523,0.941477
167,185822038963156756154989463606402264231845142986571,23,499,499,0.01009,0.01009,0.0,0.01009,0.98991
167,164713641976176077509064527913611509808492198546303,23,429,429,0.015491,0.015491,0.0,0.015491,0.984509
167,174143473517067658771245663523001506669684229251583,23,294,294,0.05318,0.05318,0.0,0.05318,0.94682
167,134875484299471317108685835177615212803568324951771,23,325,325,0.052846,0.052846,0.0,0.052846,0.947154
167,182071589557326943011646537770784052720010679622671,23,457,457,0.073843,0.073843,0.0,0.073843,0.926157
167,107723548795615044892707554332906198918982581905521,23,416,416,0.01903,0.01903,0.0,0.01903,0.98097
167,110235062257219473750266489148464622602430677309023,23,469,461,0.030604,0.006856,0.02154,0.052143999999999996,0.947856
168,355867559027045347481742474164268313169270448267103,23,532,532,0.009816,0.009816,0.0,0.009816,0.990184
168,354354498343882825539049178202420048518235057099511,23,382,380,0.053804,0.015557999999999999,0.015557999999999999,0.069362,0.930638
168,297316862371625606791660530918145246188551598375827,23,462,462,0.033691,0.033691,0.0,0.033691,0.966309
168,251334070780906996792106667358010626199124871015193,23,382,382,0.052211,0.052211,0.0,0.052211,0.947789
168,266089629335928959939990984219310389073099671366189,23,377,377,0.063726,0.063726,0.0,0.063726,0.936274
168,297312478520764466042800805099268401234237086618769,23,498,498,0.017597,0.017597,0.0,0.017597,0.982403
168,252694597694857518298868919901861055603851696256479,23,402,402,0.008825,0.008825,0.0,0.008825,0.991175
168,286391540226265125508001191752822610514127971418977,23,445,445,0.049751,0.049751,0.0,0.049751,0.950249
168,318688943619592236326261968753666579542852488008771,23,516,512,0.042712,0.006797,0.006797,0.049509,0.950491
168,348197322658922333549563681800422289216265150015297,23,516,495,0.022401,0.014215,0.09993600000000001,0.12233700000000002,0.877663
168,368542669960002587168410129566818072485889583789247,23,477,477,0.028126,0.028126,0.0,0.028126,0.971874
168,268548911990920458790785330758705695531710970965877,23,384,384,0.03364,0.03364,0.0,0.03364,0.96636
168,331941207943771650157715950616862772785852585230449,23,394,379,0.041959,0.049066,0.131883,0.173842,0.826158
168,323877960143720182139921715509016936864755738538083,23,395,395,0.008795,0.008795,0.0,0.008795,0.991205
168,363122401231538903702884958200573978698665726858941,23,428,425,0.116432,0.019135,0.019135,0.135567,0.864433
168,308228420728279829232936597270463065825898054642939,23,374,374,0.104645,0.104645,0.0,0.104645,0.895355
168,283116060916231999061737214282503740357534622019947,23,391,391,0.03802,0.03802,0.0,0.03802,0.9619800000000001
168,281428688528495768940994883006958194198779974610219,23,509,508,0.03712,0.043703,0.043703,0.080823,0.919177
168,326678933726286291994787934645555743351568375175913,23,420,411,0.031749,0.037137,0.037137,0.068886,0.931114
168,242229774464479250019542042945875041752252033094853,23,806,785,0.00255,0.009504,0.07717,0.07972,0.92028
169,549419723295960540447780008307906211005792776812829,23,484,484,0.015717,0.015717,0.0,0.015717,0.984283
169,664865469281161842324657652489314073194401709162263,23,616,616,0.03083,0.03083,0.0,0.03083,0.96917
169,526275837673483487444634125901789672050479746789367,23,459,452,0.002423,0.010412,0.020007999999999998,0.022431,0.977569
169,677970966743848576239473283142953742552801707940111,23,437,437,0.011529,0.011529,0.0,0.011529,0.988471
169,657821691628060301322956147101670288895728662024039,23,429,429,0.100604,0.100604,0.0,0.100604,0.899396
169,715264587022453456200004920592343027582234072699119,23,727,686,0.004753,0.01259,0.18581999999999999,0.190573,0.809427
169,564263055842251392661877742982498545034787789672701,23,391,385,0.016052,0.018636,0.041435,0.057486999999999996,0.942513
169,709752893570015397017697204082578787464541589122757,23,360,360,0.025001,0.025001,0.0,0.025001,0.974999
169,655017367008869539322579634764112530246507710350587,23,422,422,0.137562,0.137562,0.0,0.137562,0.862438
169,657292182528951725976013293116638919927942739731969,23,405,371,0.007947,0.003805,0.06541100000000001,0.073358,0.926642
169,723786901355715251133499133823457447564442130316753,23,894,894,0.028502,0.028502,0.0,0.028502,0.971498
169,523829125978495822418790946811975528394043957096661,23,390,390,0.096994,0.096994,0.0,0.096994,0.903006
169,541477377066573582590059723667831900889584456117101,23,343,343,0.07414,0.07414,0.0,0.07414,0.92586
169,695788992079943252596035093883032289031003550676639,23,463,463,0.015628,0.015628,0.0,0.015628,0.984372
169,694333695686916638920533025197721880230919832136049,23,363,363,0.057281,0.057281,0.0,0.057281,0.942719
169,485822670269234256517166328139449043912746690035101,23,401,394,0.01721,0.01994,0.040892,0.058102,0.941898
169,621048212309618498722906441939308335619301463127923,23,452,452,0.035717,0.035717,0.0,0.035717,0.964283
169,471378305746743164537629288149409115192944188760511,23,410,401,0.010761,0.016155,0.022379,0.03314,0.96686
169,679166054805478107698598400374518496104565906945673,23,338,338,0.072048,0.072048,0.0,0.072048,0.927952
169,478874915531854708795103201026072431746838752011189,23,478,470,0.042534,0.010546,0.031397999999999995,0.073932,0.926068
170,1289318240951187150423696809121408247188110724374959,23,383,383,0.107674,0.107674,0.0,0.107674,0.892326
170,1317598680651458934736004969973115054629720267802427,23,412,411,0.053249,0.052968,0.052968,0.106217,0.893783
170,1387016971391792365767686427962070113773978808021599,23,435,427,0.007386,0.018597,0.035706,0.043092000000000005,0.956908
170,1301605848278604502292287990083848668281772339668443,23,529,525,0.004086,0.004883,0.010329999999999999,0.014415999999999998,0.985584
170,1454027346176602205583289937091731344133146246553801,23,577,558,0.07304200000000001,0.021033,0.082864,0.155906,0.844094
170,967653528079116878085780463103240904324567568232963,23,531,531,0.069546,0.069546,0.0,0.069546,0.930454
170,1261056843454978621289453730316681785701648409889253,23,488,487,0.04011,0.047272,0.047272,0.087382,0.912618
170,837639897222655440981696060794566569158254246200341,23,432,432,0.002473,0.002473,0.0,0.002473,0.997527
170,1380352939133440466587651274847015029204065064236727,23,661,661,0.092683,0.092683,0.0,0.092683,0.907317
170,1470202321847100083182546960194231350823305902723733,23,488,488,0.06648000000000001,0.06648000000000001,0.0,0.06648000000000001,0.93352
170,1395451141662017337518566124235400507157510063162651,23,386,386,0.018202,0.018202,0.0,0.018202,0.981798
170,1443973581327167714924022043427922410334336886476631,23,452,436,0.018963,0.006745,0.05685300000000001,0.07581600000000001,0.924184
170,1248251220039825096428185208030859202496488462447199,23,480,480,0.068777,0.068777,0.0,0.068777,0.931223
170,1485074191992056020325974520634552289818056666197811,23,431,431,0.020529,0.020529,0.0,0.020529,0.979471
170,1254247931868399620218293166952069391063175723231013,23,515,502,0.0725,0.066372,0.134517,0.207017,0.792983
170,1257669066486116581118684542985264257389351752099207,23,336,336,0.067193,0.067193,0.0,0.067193,0.9328069999999999
170,938770475414108901814693140661602364827961258856599,23,363,359,0.03042,0.042681,0.042681,0.073101,0.926899
170,1066007335410228423895411628779579916508643551606013,23,442,440,0.07652,0.020441,0.020441,0.096961,0.903039
170,1055641473154584299321451059456907378615225873359927,23,466,466,0.102819,0.102819,0.0,0.102819,0.897181
170,1450909537806030357996742850817171901677376101936973,23,352,349,0.043514,0.017559,0.034236,0.07775,0.92225
171,2320628485992640066699844867503781431624090632616007,23,420,409,0.067984,0.048117,0.048117,0.11610100000000001,0.883899
171,2687357138509969949945838036658262421119489089392571,23,398,392,0.001586,0.003747,0.003747,0.005333,0.994667
171,2179890418570410841271805505892530931206234443075251,23,499,499,0.061492,0.061492,0.0,0.061492,0.938508
171,2643553863724729454040982582317963102955115497112137,23,664,659,0.031559,0.010352,0.01652,0.048079,0.951921
171,2460627882183105189199201566900305707431196028435837,23,483,483,0.016209,0.016209,0.0,0.016209,0.983791
171,2339826321982801679364695234505710301355859790744791,23,685,685,0.008071,0.008071,0.0,0.008071,0.991929
171,2758900339445195828507819823171495863952057663997793,23,372,372,0.092951,0.092951,0.0,0.092951,0.907049
171,1842882812388021598690092464110026835556610550203901,23,687,664,0.006862,0.017182,0.041092,0.047954,0.952046
171,2527348162893818585716726864029885307488142009814867,23,378,352,0.022244,0.011154,0.03041,0.052654,0.947346
171,2837554568622031909115383188427508045834871248866231,23,390,390,0.121198,0.121198,0.0,0.121198,0.878802
171,1980107624548085725945997103475068875829188531206579,23,895,895,0.071416,0.071416,0.0,0.071416,0.928584
171,2569544928058170304082873120455860591460518083182909,23,515,515,0.030403,0.030403,0.0,0.030403,0.969597
171,2690941433828007792933739463035154894668803736090667,23,360,356,0.032911,0.066235,0.066235,0.09914600000000001,0.900854
171,2790043200701068932081541267461948287073389647656629,23,317,317,0.071872,0.071872,0.0,0.071872,0.928128
171,2090916108644774601950745809429826244133327238488009,23,444,425,0.042864,0.0639,0.0639,0.106764,0.893236
171,2565736058589956952109798640055629482853606450052707,23,494,488,0.050774,0.0205,0.0205,0.071274,0.9287259999999999
171,2857998842268811336179375833801691573922890863274847,23,686,686,0.049411,0.049411,0.0,0.049411,0.950589
171,2396493466906125285828056384566870470681794130877669,23,441,441,0.030532,0.030532,0.0,0.030532,0.969468
171,2690381636823230507251275613355703537300523990202027,23,567,546,0.029848,0.024972,0.09920699999999999,0.12905499999999998,0.8709450000000001
171,2534044398151279155788338071872494168885731333317717,23,517,517,0.031044,0.031044,0.0,0.031044,0.968956
172,4462022261486228276470696903183179974341102550314813,23,589,579,0.030367,0.012505,0.08640300000000001,0.11677000000000001,0.88323
172,4973934130046512061706003746504778764546358353047069,23,483,469,0.013942,0.00756,0.036001,0.049943,0.950057
172,5648094522288795174255363457633460814882962588225833,23,595,573,0.004257,0.007489,0.07121999999999999,0.07547699999999999,0.924523
172,4726592204009198207872992689944913141786425094656837,23,812,812,0.041075,0.041075,0.0,0.041075,0.958925
172,5594622054792930920033030420069168546546514996297059,23,375,375,0.034634,0.034634,0.0,0.034634,0.965366
172,5195538082333779164457732930160988690944352296084861,23,419,402,0.075762,0.021387,0.150605,0.22636699999999998,0.773633
172,4025284698876107182620642633377455297801856255767501,23,452,452,0.018262,0.018262,0.0,0.018262,0.981738
172,4383786029746298282865883459946099335415639923579151,23,540,527,0.054637000000000005,0.054786,0.054786,0.109423,0.890577
172,4240211809755560196715516460800231502364014252588639,23,428,423,0.060867,0.033267,0.033267,0.094134,0.9058660000000001
172,5548533853252799042694444930927799861408846535815007,23,419,411,0.020611,0.009088,0.02599,0.046601000000000004,0.953399
172,5437902847130435025801669508069442332314935248409143,23,460,451,0.021279,0.019306,0.030879999999999998,0.052159,0.947841
172,4141743792397074660421973109728086317758715931017277,23,427,423,0.015275,0.075435,0.075435,0.09071,0.90929
172,4778987191980938572456617933856060465243353739312487,23,499,465,0.022164000000000003,0.006822,0.08087200000000001,0.10303600000000002,0.896964
172,4739381656678028395979571409181320777773237194812847,23,415,399,0.01428,0.047095,0.12146299999999999,0.13574299999999997,0.864257
172,4804326313493129486456115335738865566041096602990667,23,728,728,0.03645,0.03645,0.0,0.03645,0.96355
172,4104752537262135739627532234359506058920546702141581,23,409,409,0.053531,0.053531,0.0,0.053531,0.946469
172,3803744058813253158320678543084926588928670333519661,23,428,428,0.054207,0.054207,0.0,0.054207,0.945793
172,4385465259125919643879994689875257236736934784890611,23,483,478,0.004401,0.010394,0.010394,0.014795,0.985205
172,5279890751954713468197389506413223751577777606451787,23,424,424,0.1142,0.1142,0.0,0.1142,0.8858
172,4160916851387881458666582220339040710916709604934989,23,458,458,0.018745,0.018745,0.0,0.018745,0.981255
173,10923792501645012754794107569655030715119609536422907,23,415,415,0.021963,0.021963,0.0,0.021963,0.978037
173,10049473751846112538141515321974984014498020571782187,23,361,361,0.110699,0.110699,0.0,0.110699,0.889301
173,11478453237002096953758919917104639903243507350422841,23,640,640,0.028131,0.028131,0.0,0.028131,0.971869
173,10169455292752448241266658515571649753093170083937973,23,376,376,0.022744,0.022744,0.0,0.022744,0.977256
173,11141435091489660417203162826279290403361648348555217,23,404,404,0.056769,0.056769,0.0,0.056769,0.943231
173,11845946756557169576442319415563300804632186316185761,23,359,359,0.066719,0.066719,0.0,0.066719,0.933281
173,6606020196711476677748380921663035663590800650212861,23,496,496,0.020237,0.020237,0.0,0.020237,0.979763
173,9223304994372936325365139311788951438575340466147653,23,358,358,0.027403,0.027403,0.0,0.027403,0.972597
173,9937936138453613172200974798887957858538887333434453,23,453,449,0.005718,0.004017,0.004017,0.009735,0.990265
173,11559606582085509839598371324267429245568074606311239,23,375,372,0.032793,0.016128,0.016128,0.048921000000000006,0.951079
173,8567518689055579897923237570331424934191919130124683,23,408,392,0.059636,0.006421,0.020043,0.079679,0.920321
173,7757833041287954123219330741833398980401403365844671,23,521,514,0.014487,0.009029,0.024997000000000002,0.039484000000000005,0.960516
173,9316049178944443793561813909420289680048038873209887,23,711,711,0.05975,0.05975,0.0,0.05975,0.94025
173,9928833671075698004690547493411708722996168864524191,23,442,442,0.068092,0.068092,0.0,0.068092,0.931908
173,8082599286688078272326597296230019194455017969460353,23,403,397,0.022595,0.015872,0.015872,0.038467,0.961533
173,11722980560595969629675859144256076147885119391535181,23,573,573,0.037584,0.037584,0.0,0.037584,0.962416
173,9593608908661975634163739787876317382759712663032617,23,807,807,0.01366,0.01366,0.0,0.01366,0.98634
173,7514341258039837561785554369913705517231217351886269,23,514,501,0.042776,0.041434,0.041434,0.08421000000000001,0.91579
173,10788110854762710095666872487306279223201853493970649,23,448,441,0.01158,0.010764,0.010764,0.022344,0.977656
173,10830515307409583755599110009630409242843757129551833,23,435,416,0.072821,0.05583,0.075951,0.14877200000000002,0.851228
174,22104611793997230117343176470598753099597657699857767,23,364,364,0.06787,0.06787,0.0,0.06787,0.93213
174,18763942404536135019296013058405167365237739426352961,23,382,382,0.164151,0.164151,0.0,0.164151,0.8358490000000001
174,14688504101174039979833028914301622192512344235844163,23,530,530,0.035733,0.035733,0.0,0.035733,0.964267
174,16722058225437982034822488549751786303201587785473951,23,460,460,0.071748,0.071748,0.0,0.071748,0.928252
174,21509336382097775444053571500023183533792843315954141,23,668,668,0.025822,0.025822,0.0,0.025822,0.974178
174,22850977655225044606098189565776865301144522899108753,23,373,373,0.128349,0.128349,0.0,0.128349,0.871651
174,17279223071662642072680635911044372251032271203557523,23,391,391,0.022479,0.022479,0.0,0.022479,0.977521
174,22947441514018658653094720368483897068968757283032113,23,369,362,0.009879,0.00665,0.011876,0.021755,0.978245
174,18341314976728685056786009125261875389901729222197411,23,524,500,0.006562,0.024589,0.041963,0.048525,0.951475
174,21198313883423610607647845217061584129219727405462807,23,699,693,0.076791,0.004296,0.091678,0.16846899999999998,0.831531
174,12839400785843164820295834351653620428577969094536553,23,545,513,0.046932,0.016273,0.042442,0.08937400000000001,0.9106259999999999
174,23322450000830661268788758752052782250935597472051533,23,357,342,0.012756,0.013245,0.013245,0.026001,0.973999
174,16333148817978325754024309091523862744059567919963111,23,543,543,0.065779,0.065779,0.0,0.065779,0.934221
174,14462970911237542989272454421381604521266425359311389,23,536,536,0.034501,0.034501,0.0,0.034501,0.965499
174,18949560281665792004413178756295887592891979934348561,23,364,364,0.019246,0.019246,0.0,0.019246,0.980754
174,21408407116291656012109167833580671913503017751545967,23,495,495,0.014038,0.014038,0.0,0.014038,0.985962
174,22631651939782172827484157664433587783833485119069961,23,456,456,0.026705,0.026705,0.0,0.026705,0.973295
174,21837034941512546186024799051115680122246295015518093,23,436,436,0.010028,0.010028,0.0,0.010028,0.989972
174,23437804484573336991839150008388329128133779513222523,23,705,705,0.022159,0.022159,0.0,0.022159,0.977841
174,21670228153893009427879223165719671325428625794224927,23,378,378,0.117934,0.117934,0.0,0.117934,0.882066
175,40488067071432624121676494427962676744307992814206389,23,495,495,0.017934,0.017934,0.0,0.017934,0.982066
175,47880832610030432571309186253738451904700554037260907,23,391,391,0.08787800000000001,0.08787800000000001,0.0,0.08787800000000001,0.912122
175,45878748309865752441663931039655772029562012040164497,23,421,418,0.04313,0.021843,0.021843,0.064973,0.935027
175,44519607957401945468255440685812779498238330725202451,23,714,714,0.015588,0.015588,0.0,0.015588,0.984412
175,38437122674547888080483896869357910936491022366930391,23,566,558,0.023494,0.027697,0.036615,0.060109,0.939891
175,47064113916853618606448841022057749802258231599045617,23,378,374,0.047157000000000004,0.062129,0.062129,0.109286,0.890714
175,38418920847258974395155918878755125806886124993281449,23,530,530,0.017996,0.017996,0.0,0.017996,0.982004
175,29860959886171008880417800461459339604720394693120859,23,525,491,0.004659,0.012845,0.123103,0.12776200000000001,0.872238
175,47523346294694090590598436816448664799865583071536947,23,397,397,0.022756,0.022756,0.0,0.022756,0.977244
175,40430147177650634814659419575820969943704601075586779,23,488,488,0.032726,0.032726,0.0,0.032726,0.967274
175,30673381581036186694644718658867052922438672540632679,23,377,360,0.005959,0.015164,0.015164,0.021123,0.978877
175,46321511197924674401868707445937064255819847549207181,23,566,552,0.030191,0.007006,0.020637,0.050828,0.949172
175,40793108447338904457818158698839208728924655609269741,23,496,480,0.032499,0.042378,0.042378,0.074877,0.925123
175,47563799216222959471208717042267403920241999763230907,23,392,392,0.033792,0.033792,0.0,0.033792,0.966208
175,44747799795754951639143084884684883018614820083166937,23,423,406,0.011309,0.004652,0.015068,0.026376999999999998,0.973623
175,46867320328474189488708379756417548186877640469492347,23,448,448,0.060289,0.060289,0.0,0.060289,0.939711
175,46542356956969036203230698142264416107162071627147053,23,396,396,0.032773,0.032773,0.0,0.032773,0.9672270000000001
175,45701878003472651488780363802977956628041054016481659,23,495,495,0.07476,0.07476,0.0,0.07476,0.9252400000000001
175,25458726975309530242094669164823103336392162094875803,23,423,423,0.062261,0.062261,0.0,0.062261,0.937739
175,39959523049873920871877996128842998488581987804339877,23,420,420,0.005907,0.005907,0.0,0.005907,0.994093
176,87990886338847859195592642389102593039937487082558279,24,489,489,0.019833,0.019833,0.0,0.019833,0.980167
176,92564124955148991262968874807483374435803628161108999,24,934,925,0.011927,0.00957,0.011918,0.023844999999999998,0.976155
176,94129007589456961191977269147297543003266132666549953,24,395,395,0.015012,0.015012,0.0,0.015012,0.984988
176,93819484016161644344551753829300322151041926203410181,24,435,435,0.00638,0.00638,0.0,0.00638,0.99362
176,73157616268457907406971375723178615684280166706710493,24,398,398,0.124187,0.124187,0.0,0.124187,0.875813
176,61542774938750705714463225629776244056185970967253653,24,496,486,0.022075,0.037198,0.037198,0.059273000000000006,0.940727
176,71800771048867515580859417044203063847762338647077403,24,390,390,0.131336,0.131336,0.0,0.131336,0.868664
176,77258340421405866522724393177859419720883968347782627,24,536,524,0.010919,0.006381,0.040312,0.051231,0.948769
176,89837078281524964039898044063254336032471057480771579,24,709,698,0.012217,0.003404,0.029037,0.041254,0.958746
176,67631371474217585591492093931057414532556760623695867,24,387,387,0.024125,0.024125,0.0,0.024125,0.975875
176,89832926575159265651841476273066740015357110318540347,24,639,610,0.009353,0.002793,0.039651,0.049004,0.950996
176,67118204137332948793553589627698826319196161548428537,24,400,382,0.028214,0.030233,0.066647,0.094861,0.905139
176,87774156256777768160436756789989062372701963996758741,24,553,549,0.044436,0.025019,0.025019,0.069455,0.930545
176,70572719969624332011199901351228566052874877227465031,24,467,467,0.006975,0.006975,0.0,0.006975,0.993025
176,86250046064114433343982710398437258754379418231496971,24,405,405,0.037214,0.037214,0.0,0.037214,0.962786
176,87134348646583113354803029928666774546954085244353883,24,368,358,0.027055,0.008415,0.008415,0.03547,0.96453
176,71901633824806274691548687743309648812921855456127637,24,391,391,0.044644,0.044644,0.0,0.044644,0.955356
176,90150270285363435056040734184802693760325360863282387,24,527,509,0.003311,0.008547,0.016334,0.019645000000000003,0.980355
176,94046017590480304561168089303295538090394575865219973,24,523,506,0.023128,0.012305,0.021285,0.044412999999999994,0.955587
176,64190892782173257959767693618630438907905705925983597,24,432,432,0.048839,0.048839,0.0,0.048839,0.951161
177,119125070369688751792163725903852573808324382853761851,24,514,514,0.028593,0.028593,0.0,0.028593,0.971407
177,182726819299327515165849812245648871121491177942129611,24,527,511,0.016725,0.018671,0.025113,0.041838,0.958162
177,188893960779618570376876195763394634184667143767990939,24,479,479,0.024682,0.024682,0.0,0.024682,0.975318
177,177226234109374423417710011618572758541886871555971773,24,509,509,0.104757,0.104757,0.0,0.104757,0.895243
177,170417219917741538865104682908758540815889415996081587,24,501,478,0.007053,0.025014,0.033785,0.040838,0.959162
177,184456472780322533717507274449727396706948277959651997,24,726,726,0.029732,0.029732,0.0,0.029732,0.970268
177,172591822599216441031826476355149233765150072380634947,24,451,451,0.021412,0.021412,0.0,0.021412,0.978588
177,160262516696147396603234199689194202325829336961400089,24,439,424,0.009803,0.028576,0.042283,0.052086,0.947914
177,189488332491885140927092409494182632690603024073949519,24,476,457,0.023833,0.003942,0.060662,0.084495,0.915505
177,158860589548227817116386228914199311016251079037823631,24,427,426,0.036323,0.015644,0.015644,0.051967,0.948033
177,131023867650554721773986626498755865101732014114852169,24,538,522,0.039431,0.039755,0.10572999999999999,0.14516099999999998,0.854839
177,185419546061793924107275707453523293583979540373323441,24,435,427,0.026027,0.066482,0.176507,0.202534,0.797466
177,130739606859025377984032427604557137652684751978400777,24,513,508,0.03044,0.055948,0.055948,0.08638799999999999,0.913612
177,148738595022486208740372312134935505218833565972371451,24,439,439,0.07421,0.07421,0.0,0.07421,0.92579
177,167245458534901805246177899856773690854765016929409441,24,602,588,0.003539,0.001224,0.020724,0.024263,0.975737
177,167743233925335463625480222303950384908571933339861327,24,429,429,0.026379,0.026379,0.0,0.026379,0.973621
177,127846725145209783213161083219697857237418143943954471,24,572,572,0.03625,0.03625,0.0,0.03625,0.96375
177,175371321030994867998753692974243811078511522480617843,24,432,432,0.051512,0.051512,0.0,0.051512,0.948488
177,116000582161408742104082789047643826044722595827305757,24,517,508,0.011013,0.007848,0.027946000000000002,0.038959,0.961041
177,170372630777230523245695634046185057408362313049454403,24,634,627,0.004009,0.004141,0.006579,0.010588,0.989412
178,326370916554170909248800565447441227366364752100439299,24,363,363,0.036213,0.036213,0.0,0.036213,0.963787
178,351133543531254740082619452808507153835828169762359977,24,363,363,0.006474,0.006474,0.0,0.006474,0.993526
178,336454357966569634923263904170681101591018051550982463,24,507,507,0.151846,0.151846,0.0,0.151846,0.848154
178,287084766998192650266030523003134421022082997050134521,24,478,478,0.010652,0.010652,0.0,0.010652,0.989348
178,352927538094715815006260624760445835128691040320016481,24,436,436,0.038671,0.038671,0.0,0.038671,0.961329
178,338358782479052619339175922612376094187822886673941721,24,584,584,0.005121,0.005121,0.0,0.005121,0.994879
178,350983244504690877302934108411058885737259142622352279,24,404,404,0.018106,0.018106,0.0,0.018106,0.981894
178,362113241669248116131584645381866273037844314273508653,24,848,837,0.003579,0.00149,0.013771,0.01735,0.98265
178,354699753705738888969549737288396049484417614825528751,24,539,539,0.040953,0.040953,0.0,0.040953,0.959047
178,331690661156431736210765004245137972208022366664402553,24,1003,1000,0.009971,0.014789,0.014789,0.02476,0.97524
178,332675546545853496255458413537230392333963633325833083,24,397,397,0.005853,0.005853,0.0,0.005853,0.994147
178,313703344571742936697405437124510360823965169983069999,24,975,967,0.013437,0.010249,0.010249,0.023686,0.976314
178,380254134293999860410999253285210970240457628198742663,24,456,456,0.01785,0.01785,0.0,0.01785,0.98215
178,360641711799225046890015181472030377655985832139240759,24,615,615,0.06738,0.06738,0.0,0.06738,0.93262
178,263917085618902017901372402907639485241329433989841083,24,528,528,0.059198,0.059198,0.0,0.059198,0.940802
178,266288106436622503269927529785703488384905659026805291,24,519,474,0.018177,0.020044,0.04803,0.066207,0.933793
178,344304805683409519331394242367711732435948148819916561,24,514,514,0.058136,0.058136,0.0,0.058136,0.941864
178,341709744235492519708940578050014342971004111389339661,24,349,349,0.162455,0.162455,0.0,0.162455,0.837545
178,310967967663884862956076583774857977926596023977520621,24,718,718,0.070582,0.070582,0.0,0.070582,0.929418
178,327279608257895351469611029322246368521417106545791761,24,737,717,0.014183,0.006451,0.016913,0.031096,0.968904
179,558936428874945996924383768356203135254350439671785479,24,379,379,0.198402,0.198402,0.0,0.198402,0.801598
179,674926639517348090731177770827913991101246148882287283,24,1000,992,0.00886,0.002907,0.002907,0.011767,0.988233
179,520778796933569712475497803976339448328715986002072523,24,580,575,0.013305,0.016321,0.016321,0.029626,0.970374
179,748335037461936801408133793949275373189490397012798993,24,583,583,0.109638,0.109638,0.0,0.109638,0.890362
179,750121838409245984074572114070043722336783466522324083,24,521,521,0.041507,0.041507,0.0,0.041507,0.958493
179,652699193242756150846355283234498871767984936149202997,24,366,366,0.034891,0.034891,0.0,0.034891,0.965109
179,701012462554551393326136469593585664907414625879938377,24,574,556,0.01886,0.10852,0.10852,0.12738,0.87262
179,651811943098199803843122079676572375058573432081265941,24,338,338,0.021336,0.021336,0.0,0.021336,0.978664
179,551025100698026169975841797211316492193395216233257361,24,703,697,0.030163,0.006316,0.006316,0.036479,0.963521
179,568232849243253819024806302642399573345242309126608059,24,478,459,0.057325,0.066831,0.12542899999999998,0.18275399999999997,0.817246
179,639820098139219068308973252189078237340004822241496393,24,355,355,0.100179,0.100179,0.0,0.100179,0.899821
179,761792849352011360883518708616350161974544759945523083,24,445,445,0.01837,0.01837,0.0,0.01837,0.98163
179,628942419048318189765862150028221450462352308232102681,24,384,384,0.026499,0.026499,0.0,0.026499,0.973501
179,566889538234990454641052189675936791837860452121325949,24,481,481,0.013792,0.013792,0.0,0.013792,0.986208
179,716452162573779008868293903020235512769764173696217249,24,657,637,0.02343,0.019246,0.039935,0.063365,0.936635
179,621413530195004739611180163225538908969413935549872629,24,930,924,0.009181,0.009124,0.012479,0.02166,0.97834
179,645609036446719663018922094515491080262538063860555597,24,428,380,0.021968,0.021748,0.10039400000000001,0.12236200000000001,0.877638
179,555489032258653592242576233173121867113539610787783833,24,418,418,0.074912,0.074912,0.0,0.074912,0.925088
179,535750173793033032362966709603096420101001099801784643,24,550,550,0.011172,0.011172,0.0,0.011172,0.988828
179,456506540313436296309522192769161449949543126587051023,24,424,424,0.04707,0.04707,0.0,0.04707,0.95293
180,1358996782341013393471064892946133021632416224066738371,24,781,757,0.006032000000000001,0.005393,0.04536700000000001,0.051399000000000014,0.948601
180,1147190830767755812327995081041386320310165753132541849,24,648,648,0.015922,0.015922,0.0,0.015922,0.984078
180,1403925300691032372140940928473865553985310895500181911,24,464,464,0.052916,0.052916,0.0,0.052916,0.947084
180,1495775451737959760457511687274350579183536185139242641,24,434,434,0.02116,0.02116,0.0,0.02116,0.97884
180,1110739563446777289531838627303749633950291508344598743,24,503,503,0.017323,0.017323,0.0,0.017323,0.982677
180,1194024369143971552927889417542591741693717575625673111,24,507,483,0.02139,0.019829,0.086989,0.108379,0.891621
180,1260166637346508034925373413900190230508510171798948477,24,759,759,0.011976,0.011976,0.0,0.011976,0.988024
180,1455316476136829091460607052510092178765985268783561317,24,513,513,0.028309,0.028309,0.0,0.028309,0.971691
180,1309093992710635640836698146159549405123972272927404881,24,496,496,0.016395,0.016395,0.0,0.016395,0.983605
180,1390894799146412153168495467213932724874405876411579611,24,474,474,0.263864,0.263864,0.0,0.263864,0.736136
180,1520134781616046526108129582711299483597548910524846853,24,479,459,0.019464,0.022511,0.1365,0.15596400000000002,0.844036
180,1505439219343167470373459269572451082957623944381924673,24,436,436,0.094552,0.094552,0.0,0.094552,0.905448
180,1057025848491395991324830754425862907965800790964989169,24,403,403,0.143077,0.143077,0.0,0.143077,0.856923
180,1022335052507123413464678276586097658581994406812064513,24,433,433,0.032632,0.032632,0.0,0.032632,0.967368
180,986820806071662897465598796288744366007908716888546481,24,788,788,0.038857,0.038857,0.0,0.038857,0.961143
180,1524644692974396926561992448558626212968367576768526879,24,427,417,0.05638,0.020461,0.068204,0.124584,0.875416
180,1314131625546751137305337304108371769311553500059572603,24,429,429,0.018751,0.018751,0.0,0.018751,0.981249
180,1159287238259464432648787656029088912397674342457115643,24,446,446,0.020262,0.020262,0.0,0.020262,0.979738
180,1475197377405499619513187533655878473208974647166678079,24,436,427,0.013846,0.001485,0.023204000000000002,0.03705,0.96295
180,1092513974848862293580063101113260203144966532297855803,24,591,585,0.016864,0.00785,0.00785,0.024714,0.975286
181,2146755962617820701939724558369889009769651618593397373,24,498,498,0.029107,0.029107,0.0,0.029107,0.970893
181,2072316348390379785942053767435731590279096222618626363,24,505,503,0.024558,0.003946,0.003946,0.028504,0.971496
181,2877046995656031836501313697137912148919872998967745519,24,568,561,0.005983,0.003535,0.003535,0.009517999999999999,0.990482
181,2880369969123252961817754651476818952571924308651017163,24,482,482,0.014247,0.014247,0.0,0.014247,0.985753
181,2861708897811122498028015229576663189712718130603358513,24,585,580,0.031124,0.017626,0.017626,0.04875,0.95125
181,2806788267767978306991980520946809467457007629229500787,24,679,679,0.014545,0.014545,0.0,0.014545,0.985455
181,2302747288573481437114058572318921809401333842388506063,24,568,568,0.016063,0.016063,0.0,0.016063,0.983937
181,2533946943181812616782556407056335292416812676112585527,24,436,433,0.016196,0.067719,0.067719,0.083915,0.916085
181,2487771293557144436196457222451407643840343448896262201,24,427,418,0.039781,0.004544,0.06158199999999999,0.10136299999999998,0.898637
181,2345607456560758996293272875237597113634991575593930503,24,426,408,0.041386,0.015415,0.015415,0.056801,0.943199
181,2451877345078985122707203168343312742955044811033249477,24,515,515,0.014757,0.014757,0.0,0.014757,0.985243
181,2340974696399471038404420962322551749504771560040272007,24,536,536,0.03809,0.03809,0.0,0.03809,0.96191
181,2477342015750519040996010692078739219032174672206011307,24,580,580,0.052754,0.052754,0.0,0.052754,0.947246
181,2296086844355268411990274677061153842585626962159704019,24,428,428,0.090726,0.090726,0.0,0.090726,0.909274
181,2857327712261479603462914395058626994702465220337337739,24,597,571,0.001876,0.012498,0.042528,0.044404000000000006,0.955596
181,1869241629214427269662931336533353684013970622159921317,24,527,526,0.030712,0.036351,0.036351,0.067063,0.932937
181,2136463886038630304242691639030926383783507376355925571,24,424,424,0.025672,0.025672,0.0,0.025672,0.974328
181,2877127110897588495873508614076070239692397854333669421,24,886,868,0.009445,0.008596,0.028492,0.037937,0.962063
181,2391506213382517426158791151215598942262031718622544827,24,538,495,0.037862,0.014952,0.050296,0.088158,0.911842
181,2948841039361971531410668839665611640358315799683010259,24,559,559,0.004681,0.004681,0.0,0.004681,0.995319
182,4191292476346020518783656275665657989599723159847851667,24,581,560,0.010167,0.044927,0.09463500000000001,0.104802,0.8951979999999999
182,4368915889305698991841916329930420223695538711679696073,24,425,404,0.023008,0.023765,0.049589,0.072597,0.927403
182,4603173397210774045412589779080265237568427782430487923,24,624,624,0.023256,0.023256,0.0,0.023256,0.9767440000000001
182,4412747380103085417736789338590629677444833420942921431,24,640,640,0.023189,0.023189,0.0,0.023189,0.976811
182,5274862496484527199284351082466041501734256417850671079,24,353,353,0.082197,0.082197,0.0,0.082197,0.917803
182,4800792925814278444401434125143406347751419932688595051,24,418,407,0.011072,0.014573,0.023499,0.034571,0.965429
182,3653812005152759308354861844496272098804036966408036451,24,539,531,0.017028,0.043735,0.043735,0.060763000000000005,0.939237
182,4646737653138437262079866979167515682324029521366613887,24,632,632,0.042141,0.042141,0.0,0.042141,0.957859
182,5244063665198047536361296769370401123699361439281027921,24,406,403,0.014176,0.081009,0.081009,0.09518499999999999,0.904815
182,5043512217423355819857280369022042682912863299358815427,24,588,588,0.029023,0.029023,0.0,0.029023,0.970977
182,5381424364337562423689277556082862960704173067855407963,24,416,413,0.074193,0.026005,0.026005,0.100198,0.899802
182,5605622646710231703717995108618170373087268192211651819,24,486,451,0.004627,0.020244,0.14613900000000002,0.150766,0.849234
182,5372876402521245557172885073810823234220306537484862171,24,555,530,0.006491,0.004823,0.07106499999999999,0.07755599999999999,0.922444
182,5193787393634226710856637245122360855837884143711668923,24,430,426,0.01134,0.028837,0.032826,0.044166,0.955834
182,4901526449801380100603842024908873735304969564340783837,24,576,546,0.048686999999999994,0.001564,0.11725500000000001,0.165942,0.834058
182,6116842254080121661991651815972543754648149039661461711,24,552,543,0.074937,0.019822,0.029614,0.104551,0.8954489999999999
182,4848300292233620118117558303318082764588214458439723993,24,716,703,0.008672,0.009363,0.036722,0.045394,0.954606
182,5455870824923288995533498136798277725990387457579154641,24,392,392,0.006846,0.006846,0.0,0.006846,0.993154
182,3785938512649873423258671464276287016184708730225383793,24,424,412,0.030276,0.070725,0.11475799999999999,0.145034,0.854966
182,4491160981645514588938837869554023508980963008773065231,24,596,596,0.009001,0.009001,0.0,0.009001,0.990999
183,9166723778901347230936039451531749253767512951187044911,24,358,358,0.054089,0.054089,0.0,0.054089,0.945911
183,10455930224123599063565031820487918262028421842464564737,24,976,976,0.035308,0.035308,0.0,0.035308,0.964692
183,7427674099806058459503172382903188275128363209564310927,24,365,365,0.070084,0.070084,0.0,0.070084,0.929916
183,10617285421144533269412481609230267820807269357289585027,24,495,495,0.018191,0.018191,0.0,0.018191,0.981809
183,11010471763583359046491348791311818146317648218012267883,24,592,591,0.004485,0.014411,0.014411,0.018896,0.981104
183,10332376251302120495254834326196282275734767686242549761,24,391,371,0.013838,0.005959,0.10600300000000001,0.11984100000000002,0.880159
183,11749977713551691032971054523891664935137255323436579743,24,635,635,0.053061,0.053061,0.0,0.053061,0.946939
183,10038010870002094481651798134300472801725442018653785307,24,522,486,0.012733999999999999,0.020594,0.15930199999999997,0.17203599999999997,0.827964
183,10982511715433447835689163250582120464921150302579077343,24,407,407,0.033478,0.033478,0.0,0.033478,0.966522
183,8953983959087052116701047035345005923200525137226524679,24,574,543,0.0267,0.02946,0.07223,0.09893,0.90107
183,8876846022270762570247578740470934525848460110861548643,24,716,706,0.052413,0.02621,0.02621,0.078623,0.921377
183,7272641689296160343480501161670052491504793391277318831,24,468,468,0.048567,0.048567,0.0,0.048567,0.951433
183,12244318449419593826201370835952825834440723200097525199,24,587,585,0.020965,0.015454,0.015454,0.036419,0.963581
183,11599990885992088420849467859622548958581504884697039151,24,534,523,0.001899,0.010807,0.034877000000000005,0.036776,0.963224
183,7605813317180000005669607627882043830747996242518578099,24,601,601,0.021313,0.021313,0.0,0.021313,0.978687
183,12182702859135303445823465643541896884548888148712896953,24,386,386,0.012112,0.012112,0.0,0.012112,0.987888
183,9709983608535670096749131929304035374023228870737229987,24,528,516,0.011613,0.03908,0.03908,0.050692999999999995,0.949307
183,10464773632474194098893561476862794550508738502141675107,24,606,606,0.00731,0.00731,0.0,0.00731,0.99269
183,9586059037733377655369346899873870070324449037164235107,24,359,359,0.038641,0.038641,0.0,0.038641,0.961359
183,9699446562764165401251791317533912674237385429964214831,24,440,433,0.026223,0.008965,0.022716,0.048938999999999996,0.951061
184,18626849292167387044123969723309390925329349903285206507,24,405,383,0.012865,0.024176,0.074674,0.087539,0.912461
184,18804282751054831530309800753579061511332519271103678431,24,554,554,0.015689,0.015689,0.0,0.015689,0.984311
184,18252028929067861875789984563223162861221576906848127717,24,664,664,0.00512,0.00512,0.0,0.00512,0.99488
184,24181446627067838775417564967666980419690582548365581197,24,507,507,0.014954,0.014954,0.0,0.014954,0.985046
184,23005878760564119588403003965951554728473230184759392953,24,637,605,0.018108,0.001744,0.05475200000000001,0.07286000000000001,0.92714
184,23936510072986768214421716184424106299398221539866239897,24,504,500,0.044719,0.013487,0.013487,0.058206,0.941794
184,16234034926709714462589794505359125056267838558020716281,24,674,664,0.005178,0.013049,0.013049,0.018227,0.981773
184,23428690111692592128116212619775791367144015582938967239,24,463,456,0.063602,0.053076,0.072156,0.135758,0.864242
184,18912759825437398136803515023873579742325104166174841671,24,487,487,0.012314,0.012314,0.0,0.012314,0.987686
184,19927044154018425176840956388997557677674288593187597089,24,444,444,0.009834,0.009834,0.0,0.009834,0.990166
184,19536799308159701904048108852677303754701680967104128127,24,467,451,0.01532,0.024569,0.037847,0.053167,0.946833
184,19071823677149723706403511825275713145306081300414131937,24,611,608,0.005021,0.006576,0.006576,0.011597,0.988403
184,20612269609108741202241460271673864594887702871452882101,24,472,461,0.015487,0.01573,0.039714,0.055201,0.9447989999999999
184,18920239559229041789878510751170285007946834591953601329,24,707,689,0.015634,0.001913,0.04642199999999999,0.062055999999999986,0.937944
184,22611644979880324889689047625329907958432993333469481211,24,423,423,0.02844,0.02844,0.0,0.02844,0.97156
184,22464664451229199112637114050957084764371480284978460343,24,438,427,0.007783,0.009151,0.012452,0.020235,0.979765
184,20229563940142821382398535762812188204560973744420706551,24,554,554,0.016051,0.016051,0.0,0.016051,0.983949
184,14302906747822375527736225805395822106070407268478927343,24,463,463,0.014895,0.014895,0.0,0.014895,0.985105
184,22648934796018516144639607669733048190885481628018590453,24,502,495,0.017501,0.010433,0.010433,0.027934,0.972066
184,15697907949934382447029781871211500370846936672724531567,24,482,463,0.010853,0.014159,0.088229,0.099082,0.900918
185,39302817494925418904731805103331681348585472258348444957,25,627,624,0.025628,0.049916,0.049916,0.075544,0.9244559999999999
185,39163563717688705635413025356219451066821712937228964227,25,522,519,0.016396,0.005021,0.007976,0.024372,0.975628
185,43686826810459062412827238710551696728616518667617692019,25,620,600,0.007135,0.002104,0.040109,0.047244,0.952756
185,44530085274113978279620207534979690950635532686975502813,25,358,358,0.079337,0.079337,0.0,0.079337,0.920663
185,43570715964626102904381136448155751424171061828655209841,25,511,503,0.014862,0.03703,0.03703,0.051892,0.948108
185,42847627148824300921093636376913601640563740728623558181,25,766,764,0.007133,0.005013,0.005013,0.012146,0.987854
185,32083703321789764487338768250718421793945445188847533027,24,724,709,0.033851,0.022199,0.039497000000000004,0.073348,0.926652
185,33014805666036752589259540494640708288963751747621341763,25,580,580,0.012754,0.012754,0.0,0.012754,0.987246
185,41464335276070540341399584119313180727925975932568415057,25,443,411,0.010048,0.005124,0.04828300000000001,0.058331000000000015,0.941669
185,33861582902426483337301296118131448522568614203251711863,25,482,476,0.019891,0.039542,0.072026,0.091917,0.908083
185,46071639138339644800558097284225066199315293701982806079,25,869,869,0.012604,0.012604,0.0,0.012604,0.987396
185,37936033159136473000212002322269943296231496368568922549,25,391,391,0.014458,0.014458,0.0,0.014458,0.985542
185,48350569892826986379872186809679223015058022521047573871,25,531,531,0.060856,0.060856,0.0,0.060856,0.939144
185,41198097084082663709570476103319690345818375254249026263,25,455,455,0.00479,0.00479,0.0,0.00479,0.99521
185,45101352016751018053319721236302099399595057715497241929,25,497,471,0.012338,0.006817,0.027032999999999998,0.039370999999999996,0.960629
185,42065769993861888778368368385451592776021006938027669583,25,914,914,0.023532,0.023532,0.0,0.023532,0.976468
185,41907847300045853777854516119774591215451371041706482459,25,656,656,0.024641,0.024641,0.0,0.024641,0.975359
185,48828218167552081470122749610887068068091405463826001571,25,429,429,0.046053,0.046053,0.0,0.046053,0.953947
185,41321776714362126833330727735907708762522999908493584631,25,507,500,0.028319,0.00671,0.00671,0.035029,0.964971
185,45383217518804476499152706989070758316114620859553366943,25,365,365,0.0481,0.0481,0.0,0.0481,0.9519
186,91860233843352511299828307727646362358888480420031170413,25,666,666,0.040576,0.040576,0.0,0.040576,0.959424
186,80310109483483183267313583353855043236387938949945913511,25,366,366,0.074516,0.074516,0.0,0.074516,0.925484
186,80341684383462084364790814145428006802552449749708478169,25,644,644,0.008183,0.008183,0.0,0.008183,0.991817
186,94274586636737974618847930138230885567012445571032348059,25,563,562,0.009987,0.01841,0.01841,0.028397,0.971603
186,85286064753422311838018802719562606418460845712040300179,25,456,456,0.073701,0.073701,0.0,0.073701,0.926299
186,95824663807095715873047831217240459086791279500036727837,25,557,557,0.019608,0.019608,0.0,0.019608,0.980392
186,80600641280005619173439191411717632606164953443740925413,25,666,666,0.00287,0.00287,0.0,0.00287,0.99713
186,53363439485857552435882838625033101776848292903405327631,25,486,486,0.016125,0.016125,0.0,0.016125,0.983875
186,84360977267528679389916660229858829202359730331725108419,25,608,578,0.026726,0.03034,0.03034,0.057066,0.942934
186,79840201135431317961751024566665709261061070004618876607,25,415,399,0.012346,0.041478,0.041478,0.053824,0.946176
186,86866046861802039662583542752660385034769683216166980061,25,705,705,0.019303999999999998,0.019303999999999998,0.0,0.019303999999999998,0.980696
186,86323619254797487920466332795791126216445907418620989923,25,549,527,0.011875,0.00188,0.023402999999999997,0.035278,0.964722
186,96229941655765770007029825039522376331365113196946498957,25,456,456,0.011156,0.011156,0.0,0.011156,0.9888440000000001
186,68612351526722038739277226442469049931568086799744053797,25,516,483,0.017932,0.013363,0.070618,0.08855,0.91145
186,68105415306841011876975324285506148265126787018204059721,25,698,698,0.022835,0.022835,0.0,0.022835,0.977165
186,82153452353776642549718572430278706898613500637862573111,25,591,591,0.037443,0.037443,0.0,0.037443,0.962557
186,58260742770043455753114412466166256900662844348827175237,25,675,669,0.007329,0.011743,0.011743,0.019072,0.980928
186,92398084669964916514251013016603556504210733394779182767,25,387,362,0.003651,0.046977,0.161658,0.16530899999999998,0.8346910000000001
186,85070111672001330371958789558357340118850688442337853217,25,418,418,0.024895,0.024895,0.0,0.024895,0.975105
186,77006883355586853676151730714225091231991247740864640619,25,452,452,0.036177,0.036177,0.0,0.036177,0.963823
187,185702567469454758545522669141358609758902348939813864093,25,552,552,0.029536,0.029536,0.0,0.029536,0.970464
187,179941892859217785606681885687143742888315889414346363689,25,1050,1050,0.006886,0.006886,0.0,0.006886,0.993114
187,181526373319561920706249179904543072763946711556143801553,25,556,556,0.051613,0.051613,0.0,0.051613,0.948387
187,167429568427479950155810682841163388259872915659211758439,25,440,428,0.010751,0.013454,0.013454,0.024205,0.975795
187,186979504018673334316662054121094588580490052795915527519,25,598,594,0.029612,0.005947,0.005947,0.035559,0.964441
187,145169698815553753950995436308896640554249031871232995529,25,616,616,0.006171,0.006171,0.0,0.006171,0.993829
187,189461310023527313299690027067741970827568893636258377063,25,791,791,0.002543,0.002543,0.0,0.002543,0.997457
187,195549547224884539368396804380565596304971046728434683161,25,445,439,0.025887,0.015877,0.015877,0.041763999999999996,0.958236
187,178245846474078559274688392189915797290638577194576694293,25,467,467,0.03958,0.03958,0.0,0.03958,0.96042
187,140252436907018775044357018689165543420042260373871440727,25,544,532,0.007453,0.011872,0.054928,0.062381,0.937619
187,192105990641511042361486580149859043063803753731838318981,25,861,825,0.031405,0.010462,0.098075,0.12947999999999998,0.87052
187,178454889426021172984526500874394848133697897783899319511,25,1017,996,0.077734,0.015252,0.026935,0.104669,0.895331
187,147793902755095806954444489354226029687835800736294743133,25,654,654,0.049673,0.049673,0.0,0.049673,0.950327
187,181066564675332279473924972484406057203667755771628163519,25,433,427,0.012857,0.010287,0.010287,0.023143999999999998,0.976856
187,168818801318777087057170297997195516793375607488939767557,25,507,472,0.020786,0.006427,0.039423,0.060209,0.939791
187,163084686989748233415040348211861253938756903626114968719,25,430,430,0.00824,0.00824,0.0,0.00824,0.99176
187,188075731576689556162612507442726713223245640460883288489,25,608,600,0.017955,0.01864,0.047036,0.064991,0.935009
187,132226185708852638537764772743714220747210366978910886177,25,497,492,0.002859,0.009908,0.012593,0.015452,0.984548
187,194698576701919400115040833966319106090888842928840082833,25,487,487,0.012338,0.012338,0.0,0.012338,0.987662
187,125253423035716542158322394161648453041038946552062725559,25,507,507,0.010916,0.010916,0.0,0.010916,0.989084
188,314224750521702231589078779205748577487125730214151848227,25,477,477,0.066581,0.066581,0.0,0.066581,0.933419
188,214725867801677657763150716044378228025925022271604157093,25,381,381,0.014189,0.014189,0.0,0.014189,0.985811
188,337786569927761505444410838242068306234426938889367376089,25,438,438,0.104999,0.104999,0.0,0.104999,0.895001
188,360223106477640603715939086025088234494108141240755800321,25,461,461,0.008196,0.008196,0.0,0.008196,0.991804
188,374124987525817520307508964115960865602386918837898179827,25,671,671,0.084206,0.084206,0.0,0.084206,0.915794
188,361989780913006793919620222968747185160737595989089084909,25,463,454,0.008219,0.002137,0.033894,0.042113,0.957887
188,317559581118592945343728270732523067627215982144611637637,25,424,409,0.019023,0.03518,0.046866,0.065889,0.934111
188,379999621526733814982174866558604085395375086537465979591,25,411,411,0.006087,0.006087,0.0,0.006087,0.993913
188,366021560344730588643709636731405132352498915207181378779,25,433,433,0.058826,0.058826,0.0,0.058826,0.941174
188,387944003533460640819952009732254475678414088984486177033,25,657,657,0.006175,0.006175,0.0,0.006175,0.993825
188,374845489005902740783352118914562105030081362850475258007,25,684,681,0.005673,0.022202,0.022202,0.027875,0.972125
188,386515816923087548415772467909907858268131406963172669599,25,549,548,0.072546,0.009517,0.009517,0.082063,0.917937
188,221106737983069547058303874626625601611876932304469714993,25,470,470,0.024505,0.024505,0.0,0.024505,0.975495
188,240210128646608330322236250926839186745574038027417949109,25,557,555,0.043404,0.004913,0.004913,0.048317,0.9516830000000001
188,318351913440867881282887107239336403432896585513539162139,25,495,473,0.020613,0.00836,0.021256999999999998,0.04187,0.95813
188,378635620380227758123177463104203120047480633879439638329,25,474,474,0.026522,0.026522,0.0,0.026522,0.973478
188,319199732197973078769687558220972231917492453889455575179,25,475,475,0.045637,0.045637,0.0,0.045637,0.954363
188,381980473612089531334196860824416470009021634012423067737,25,457,457,0.013956,0.013956,0.0,0.013956,0.986044
188,256586033541357135375485125099595006467144223152458416503,25,378,378,0.061598,0.061598,0.0,0.061598,0.938402
188,353636550421510722509208696720104070107782240230147107101,25,526,526,0.024767,0.024767,0.0,0.024767,0.975233
189,408589902288642681578344276763041902416284671692080986377,25,440,407,0.004637,0.019474,0.090278,0.094915,0.905085
189,646628678273258141372517202145221034603557799378124614201,25,559,559,0.002328,0.002328,0.0,0.002328,0.997672
189,592635606571861287284224295593110454631652264655249578353,25,530,528,0.00566,0.004018,0.004018,0.009677999999999999,0.990322
189,650208432524537748605744087782608274999617116493579199513,25,627,618,0.010619,0.00779,0.013656,0.024274999999999998,0.975725
189,599419609079700662276957964472775050611343385405910300163,25,797,783,0.005736999999999999,0.002653,0.021414000000000002,0.027151,0.972849
189,591139658903332237066666950704418695507871569867166356959,25,517,517,0.012627,0.012627,0.0,0.012627,0.9873730000000001
189,759303095841708533868206131077305245572712516145789616107,25,440,440,0.041758,0.041758,0.0,0.041758,0.958242
189,723374087894581884780114042666006439305170047096296570421,25,441,420,0.004019,0.016041,0.031985,0.036004,0.963996
189,642089268364349919722039425710377324200681378773618660631,25,544,544,0.008652,0.008652,0.0,0.008652,0.991348
189,493458509028245692711455247191997853201057771326056542803,25,816,801,0.058199,0.014506,0.014506,0.072705,0.927295
189,775267771444101410063934578993845769575953505357992661799,25,822,822,0.034944,0.034944,0.0,0.034944,0.965056
189,525214235994067347101638348805237964788334546789415420243,25,655,648,0.003712,0.002857,0.002857,0.006569,0.993431
189,510228484199873332122049098813102378921923672052464278333,25,443,443,0.046581,0.046581,0.0,0.046581,0.953419
189,630121824338129668949919059009823882545840337934822277567,25,715,699,0.045696,0.006185,0.04709300000000001,0.09278900000000001,0.907211
189,755634779781799121353112557954459602771587484582257255551,25,411,411,0.0049,0.0049,0.0,0.0049,0.9951
189,612172740703460905652990412541931502012476806243188854431,25,635,629,0.005955,0.002794,0.026264000000000003,0.032219000000000005,0.967781
189,530704707601162495384297467780173501132805319654798984003,25,458,433,0.019309,0.01064,0.030059,0.049367999999999995,0.950632
189,756916004872319657418986856461653189263814971681663763573,25,577,572,0.055631,0.025006,0.025006,0.080637,0.919363
189,490921607897052107753246264180398217237973784027521089099,25,450,445,0.00627,0.023887,0.042122999999999994,0.04839299999999999,0.951607
189,767702133245506513310164240704062695141079949461903447479,25,508,499,0.017895,0.004296,0.014407,0.032302,0.967698
190,1107697980005560535935691181882881481298971577503883545431,25,513,511,0.024604,0.013801,0.013801,0.038405,0.961595
190,1447718595714448727207173851527167403200700108585820235931,25,401,401,0.077014,0.077014,0.0,0.077014,0.922986
190,1067595819970828694093593212927706218036137678171084438953,25,506,479,0.022043,0.020122,0.11906300000000002,0.141106,0.858894
190,1236956916814563958009976698763228455869309463346857145209,25,444,424,0.007873,0.008638,0.10968099999999999,0.11755399999999999,0.8824460000000001
190,1303595662239872394152630143462469139534875953977955173719,25,959,953,0.028279,0.01298,0.031034,0.059313,0.940687
190,1436728764183159269584547372484560757421757510937607299719,25,426,426,0.053075,0.053075,0.0,0.053075,0.946925
190,1358738873900145804437909196195927584579190583894624729549,25,522,518,0.036438,0.015302,0.015302,0.051739999999999994,0.94826
190,1309414713325066973570726305039978280113478833538624990717,25,689,689,0.004237,0.004237,0.0,0.004237,0.995763
190,1119233946195882068749589393936438955574244336504433599743,25,534,534,0.072964,0.072964,0.0,0.072964,0.927036
190,1391390333131732070825024754648255205953706845753859235761,25,876,876,0.024125,0.024125,0.0,0.024125,0.975875
190,1219405195991088602219964475590713847204090579216876133247,25,688,688,0.014839,0.014839,0.0,0.014839,0.985161
190,1285952433782265124699401960911465263241667818151785942989,25,502,469,0.038588,0.011548,0.09716399999999997,0.13575199999999998,0.864248
190,936281692826227408663886118472398327211075139996831483807,25,467,460,0.037421,0.004926,0.004926,0.042347,0.957653
190,1495152348884655255748854019985088902044523205603769307549,25,506,506,0.032297,0.032297,0.0,0.032297,0.967703
190,1543054376408543181151756345226381442258117792563593031941,25,481,481,0.010139,0.010139,0.0,0.010139,0.989861
190,1197900039859831281860297786593556759105357856705065296097,25,369,369,0.114758,0.114758,0.0,0.114758,0.885242
190,1325762643789188253480076014106355323863094856768820242033,25,414,414,0.109699,0.109699,0.0,0.109699,0.890301
190,1549503894836788136271053205345052692884272523599834807513,25,515,513,0.021417,0.042949,0.042949,0.064366,0.935634
190,1371820001327266974371651800423316814650750283162857664521,25,384,384,0.070703,0.070703,0.0,0.070703,0.929297
190,1319759631078608755615705806993244756656084597458744780879,25,521,500,0.01197,0.005583,0.030283000000000004,0.042253000000000006,0.957747
191,2180877054471620294689724695606846212849552332318992940407,25,497,497,0.050588,0.050588,0.0,0.050588,0.949412
191,1606385381360148813307516689773707722363849418834436678389,25,418,418,0.018917,0.018917,0.0,0.018917,0.981083
191,2738991831553984659353836548560279154535043688289688027603,25,465,458,0.008725,0.008857,0.012852,0.021577,0.978423
191,2021640631374636353782008830324840969777513038468864748759,25,652,648,0.008544,0.011056,0.011056,0.0196,0.9804
191,2105598972222103150968007207241144213000505023620025661667,25,422,422,0.021362,0.021362,0.0,0.021362,0.978638
191,2954552227750152336095183292848417913001395070298811029879,25,615,609,0.021837,0.001726,0.001726,0.023563,0.976437
191,2604823021534871940153658516882468145972589783978202484923,25,499,499,0.034637,0.034637,0.0,0.034637,0.965363
191,2697799617327879157081712621189446951709202892838110789249,25,1093,1093,0.044393,0.044393,0.0,0.044393,0.955607
191,2749750578464362511041140809468842163052814508247072125809,25,709,702,0.002631,0.010126,0.010126,0.012757,0.987243
191,2810254725646498720414994000029322939731083303115400227283,25,624,595,0.010642,0.009785,0.055817000000000005,0.066459,0.933541
191,2919723125927389511356972449231841889026550065177689782341,25,632,606,0.046516,0.011701,0.09589500000000001,0.142411,0.8575889999999999
191,2384759410471810319375657922573509817577252181814221416381,25,543,543,0.056011,0.056011,0.0,0.056011,0.943989
191,2870902859138464144898136609805487079043674281379484515257,25,565,564,0.01627,0.006864,0.006864,0.023134000000000002,0.976866
191,2531428612228677358426023750691561085464553004835817283823,25,685,685,0.020863,0.020863,0.0,0.020863,0.979137
191,2569199376454128229458263634674647272803671413063904093681,25,483,469,0.013807,0.011447,0.019413,0.03322,0.96678
191,2077139403037075257284520813457747381680630617898050789129,25,582,582,0.017027,0.017027,0.0,0.017027,0.982973
191,2599527300982831600647840629042688948539972657946504879419,25,743,739,0.009485,0.001902,0.001902,0.011387000000000001,0.988613
191,2939945259852704861237884063321703407639606324099970984489,25,520,520,0.062158,0.062158,0.0,0.062158,0.937842
191,2806787067261975292631801717103764100516337005958274854877,25,907,904,0.015281,0.004544,0.019396,0.034677,0.965323
191,3102854422286895681399386946361481173908793767638701190957,25,535,535,0.052278,0.052278,0.0,0.052278,0.947722
192,6053136549975215707114861824618604186550967571524618556511,25,587,574,0.028825,0.046455,0.074105,0.10293000000000001,0.89707
192,5772223899679240100865858833866067485733365743633882768503,25,429,417,0.009164,0.037686,0.10855699999999999,0.11772099999999999,0.882279
192,4939008137476552065240184537828644764133517214756158762829,25,496,490,0.015415,0.021688,0.054984,0.070399,0.929601
192,6212435194276394115763543059243494938563033646586224859629,25,574,559,0.01655,0.016565,0.045272999999999994,0.06182299999999999,0.938177
192,3874204338182140753502701838530384426297759523506113427483,25,628,628,0.033041,0.033041,0.0,0.033041,0.966959
192,3347208880492337566130653746802735549578109517894379499733,25,785,784,0.031082,0.007225,0.007225,0.038307,0.961693
192,4306083721119286908591380042584606571729048503575164227711,25,507,496,0.01534,0.018488,0.05366699999999999,0.06900699999999999,0.930993
192,5163763031624406920207830805702663059843081289928205028959,25,626,626,0.017711,0.017711,0.0,0.017711,0.982289
192,6130364660359904866071451106195076205876004972250032444803,25,494,494,0.006004,0.006004,0.0,0.006004,0.993996
192,6254696907579855069014156880599952401895926775151729298633,25,580,580,0.019308,0.019308,0.0,0.019308,0.980692
192,4873661477686905481674696353544486097679453418713697857441,25,1093,1093,0.033744,0.033744,0.0,0.033744,0.966256
192,5412175546964427994074789034451167835889491793324688758467,25,799,789,0.006858,0.010104,0.014883,0.021741,0.978259
192,5910884209390437413999109263981667425861292837036749005609,25,578,576,0.008235,0.011723,0.011723,0.019958,0.980042
192,4621285287029859947459316813570982113322073918209718266019,25,559,559,0.050859,0.050859,0.0,0.050859,0.949141
192,5696283951894185144007889520249234417647198158940715431933,25,440,440,0.018106,0.018106,0.0,0.018106,0.981894
192,3683958575511235413756595798246241035800834295791075521963,25,463,463,0.029216,0.029216,0.0,0.029216,0.970784
192,4468006165118885684913086683109597497945491118316503789123,25,1043,1002,0.011654,0.004376,0.057696000000000004,0.06935000000000001,0.93065
192,5488497809815368048793079212529624026388526869419621039691,25,562,550,0.013521,0.006099,0.11219499999999999,0.125716,0.8742840000000001
192,5659542164522658766094858453465847140623734081033257305487,25,457,457,0.014435,0.014435,0.0,0.014435,0.985565
192,6149807903410653285967321465976396749348286539647506887699,25,638,635,0.029346,0.024353,0.024353,0.053699,0.9463010000000001
193,9905013207931875527529191960135739218017812814063208578531,25,663,629,0.023245000000000002,0.012969,0.09145599999999998,0.11470099999999998,0.8852990000000001
193,10100483858506872648422975068896319443064533148276380832169,25,694,674,0.010236,0.016245,0.057426,0.067662,0.932338
193,11663540999446197162723452607497563376895758675776898312369,25,546,534,0.033839,0.063856,0.078354,0.11219299999999999,0.887807
193,10897749645060145624874358483865606849691424744321528304937,25,565,562,0.01804,0.00339,0.006878,0.024918000000000003,0.975082
193,10565624405515099844116517970763527091130891790570283157137,25,488,488,0.064376,0.064376,0.0,0.064376,0.935624
193,12070921450587575263287627747872390786879378063838490617043,25,697,697,0.014915,0.014915,0.0,0.014915,0.985085
193,9664634974777947645604027278555623329607100282762834013441,25,509,509,0.019172,0.019172,0.0,0.019172,0.980828
193,12322960193874180073992358693327396906594292112230707610489,25,648,614,0.004026,0.002935,0.052653000000000005,0.05667900000000001,0.943321
193,8099708654360452993215966572101668396566826381629301683063,25,608,570,0.042720999999999995,0.024861,0.14194199999999998,0.18466299999999997,0.815337
193,11214351833369361189026414622248506634769198922661651441293,25,527,527,0.02595,0.02595,0.0,0.02595,0.97405
193,9128073803947130372484141505624445498586637123573747380151,25,441,441,0.023566,0.023566,0.0,0.023566,0.976434
193,11312813665303613237304198878301422628970319071234047845347,25,719,700,0.004731,0.002396,0.00543,0.010161,0.989839
193,11023902979621732752907862575267849055507922142544485438789,25,571,562,0.002254,0.004184,0.010931,0.013184999999999999,0.986815
193,11262927042730954176015822824963334235937052626560568007419,25,567,567,0.00836,0.00836,0.0,0.00836,0.99164
193,10857095320997612707420637232964945337144528989105797131153,25,816,816,0.013175,0.013175,0.0,0.013175,0.986825
193,10494271519339392909894195833014476236187539413566084429379,25,584,584,0.010253,0.010253,0.0,0.010253,0.989747
193,12278064626184964589595523842860542425676931971855436832259,25,610,610,0.013239,0.013239,0.0,0.013239,0.986761
193,8482872608322654051369609585269639790901351219221511846733,25,497,497,0.01881,0.01881,0.0,0.01881,0.98119
193,7306887098618586073076594877395470343989113832174839245017,25,574,555,0.019717,0.012103,0.012103,0.03182,0.96818
193,12409265929614063311478379725438459124196359168832063103151,25,479,478,0.051973,0.057178,0.057178,0.109151,0.890849
194,20683260459467499029277828805303888053838228828420773810227,25,676,674,0.005027,0.009453,0.009453,0.01448,0.98552
194,21350469721329597074134362589876985354717072338210358108849,26,398,398,0.049323,0.049323,0.0,0.049323,0.950677
194,18942954816325570836124528681131878336599202626159580306777,25,469,463,0.018406,0.021604,0.039432,0.057838,0.9421619999999999
194,24458941949583565962792372221933150989311549041638920536113,26,689,675,0.021097,0.007976,0.066331,0.087428,0.9125719999999999
194,21076672769905977070352813226874932564034530295953191284753,25,535,535,0.009368,0.009368,0.0,0.009368,0.990632
194,22249362777783306049117932825890593656249535237757916625729,26,442,418,0.025163,0.015133,0.026154999999999998,0.051318,0.948682
194,23203422452949787679074210878498136594954609999835899906157,26,610,603,0.02258,0.017656,0.026205,0.048784999999999995,0.951215
194,20868115815896194713106525621357671273079634596135616425361,25,625,619,0.009048,0.019377,0.033756999999999995,0.042804999999999996,0.957195
194,23192686299066524320738010687390362447126038875074169556253,26,613,605,0.008555,0.005889,0.03413,0.042685,0.957315
194,22340054129412896419322214973520037370083718012993281910367,26,418,418,0.00569,0.00569,0.0,0.00569,0.99431
194,23181673086820734631906360554899103585708564817833096064921,26,1289,1289,0.022042,0.022042,0.0,0.022042,0.977958
194,24582599091151675799091021479482934414662039688624223437687,26,426,426,0.004761,0.004761,0.0,0.004761,0.995239
194,25065435242975997360701202808292864499688676903327335870541,26,495,495,0.009912,0.009912,0.0,0.009912,0.990088
194,18390454080376419958677765335623388001794346466558675435283,25,548,544,0.018388,0.008253,0.008253,0.026641,0.973359
194,22922786508061659363842923473806512470282966011733435851431,26,1073,1042,0.000761,0.001619,0.005289,0.00605,0.99395
194,17061387184720152302891304554226083544383293835520188213651,25,467,443,0.070403,0.006195,0.127309,0.197712,0.802288
194,18618516616598255372519874377476542080222536021373325270311,25,464,464,0.123956,0.123956,0.0,0.123956,0.876044
194,21282237135538130116514856262480953933294724963389201954481,26,554,551,0.012043,0.017506,0.017506,0.029549,0.970451
194,20522969516655873169000695377445575228468042248954518479057,25,565,536,0.006279,0.003382,0.041432000000000004,0.047711,0.9522889999999999
194,14989350088210543607482262847185984320363092765497004877451,25,647,639,0.00598,0.005616,0.005616,0.011596,0.988404
195,43040604789452163741387408621112136409598757059035661677893,26,584,578,0.040728,0.013175,0.028981999999999997,0.06971,0.9302900000000001
195,49088991794939140574010539690236171966040109026993415914269,26,445,442,0.070957,0.049501,0.049501,0.12045800000000001,0.879542
195,48300749567102905436273718192442740995408307546941115427897,26,494,482,0.045288,0.047508,0.047508,0.092796,0.907204
195,48906073225085902924815189872988257194974124450370814611651,26,421,421,0.040855,0.040855,0.0,0.040855,0.959145
195,36863086582293400960306820600939234657564365893479938560799,26,734,706,0.002292,0.008927,0.032191000000000004,0.03448300000000001,0.965517
195,39520094337921324612196662792851626492332520911673811699729,26,885,885,0.006099,0.006099,0.0,0.006099,0.993901
195,48712327583936410948919472729136236367597407084610635272833,26,458,458,0.006001,0.006001,0.0,0.006001,0.993999
195,40655326120160876332407096732056168721873529846326635963177,26,449,435,0.01875,0.014642,0.052888000000000004,0.07163800000000001,0.928362
195,49535766793358394398954575009134138350900646325935636614543,26,585,573,0.068451,0.027821,0.048476,0.116927,0.883073
195,41862719142251391308296850055406978004299551713109836123227,26,582,576,0.012204,0.00639,0.00639,0.018594,0.981406
195,39425775947292327135017849550127493358385136125831647180659,26,469,456,0.013088,0.043131,0.043131,0.056219000000000005,0.943781
195,40030915462863037646967083275653053673838289093488559065567,26,612,598,0.019556999999999998,0.030544,0.030544,0.050101,0.949899
195,40570734708690516020996671408225641495385595046735671957119,26,459,459,0.024647,0.024647,0.0,0.024647,0.975353
195,40934085183179492462123851985126002111578252845347853305697,26,486,486,0.117552,0.117552,0.0,0.117552,0.882448
195,35128682060529629825193792168573153198841552039371874266881,26,455,446,0.00857,0.005871,0.005871,0.014440999999999999,0.985559
195,33386520498533519946398383478624977467807699443830033789513,26,580,580,0.030808,0.030808,0.0,0.030808,0.969192
195,40141148770606288794672640695647670636575757821310805897243,26,516,516,0.020749,0.020749,0.0,0.020749,0.979251
195,40490518455055723132909066555944613680023787528271085543291,26,564,564,0.043492,0.043492,0.0,0.043492,0.956508
195,47614627301874134935455529116186115164906112363136503150483,26,654,654,0.032,0.032,0.0,0.032,0.968
195,34473817038037491202068900808519350419613875057302440357481,26,602,602,0.0028970000000000003,0.0028970000000000003,0.0,0.0028970000000000003,0.997103
196,95168415107121660560916881793289203952418490854465168975321,26,685,685,0.006773,0.006773,0.0,0.006773,0.993227
196,90009791547499984548910278716753576073152720702817059055901,26,511,498,0.04578,0.037282,0.037282,0.083062,0.916938
196,87459073763838296701927301523704259554148918532862184975629,26,551,551,0.024743,0.024743,0.0,0.024743,0.975257
196,70309503501777340343079821334567642537559966663221390472973,26,501,477,0.008239,0.04235,0.095231,0.10346999999999999,0.89653
196,95305038515393842196007534454562012255827385548443606952501,26,605,597,0.00385,0.005165,0.029286,0.033136,0.966864
196,82858880649466251495449216071414702109906561191821038787641,26,397,397,0.031242,0.031242,0.0,0.031242,0.968758
196,97083793852684433813008089400054003385653724507596918274297,26,684,663,0.002764,0.007603,0.035014,0.037778000000000006,0.962222
196,99466774561138218293682307547255032274447325955533021392447,26,486,486,0.021887,0.021887,0.0,0.021887,0.978113
196,62333097639089791343889610479116623630492359496474506120427,26,844,829,0.002167,0.001399,0.012582000000000001,0.014749000000000002,0.985251
196,98202769533374705029605057892210661368086364721024686834069,26,593,593,0.010452,0.010452,0.0,0.010452,0.989548
196,76205915167282914218102341674425274873438928127960827493699,26,787,784,0.059568,0.029352,0.029352,0.08892,0.91108
196,99735781901275954167800573841902347907225001572434442739617,26,680,680,0.036602,0.036602,0.0,0.036602,0.963398
196,75523924234554614323219474180414139839611222725124775536109,26,469,469,0.027965,0.027965,0.0,0.027965,0.972035
196,98856416133856584127753735193005691636012090201233990732729,26,443,428,0.013839,0.034676,0.061153,0.074992,0.925008
196,74465721503975476013420915082380026622357493970492148475923,26,621,621,0.040963,0.040963,0.0,0.040963,0.959037
196,93695083979722113939155057731935369089046162236564738423191,26,541,537,0.007588,0.019542,0.019542,0.02713,0.97287
196,77879392079591903526474505876698267670805166486636028530899,26,494,472,0.021989,0.009553,0.009553,0.031542,0.968458
196,84229306643800747300264590699152695007580757244203842094811,26,552,552,0.044216,0.044216,0.0,0.044216,0.955784
196,94030668663190317444347187347006250211939496898445186865789,26,840,817,0.003176,0.008609,0.018458,0.021634,0.978366
196,100248369583162082393739261464041339014101482772776091948201,26,438,431,0.01641,0.019838,0.033624,0.050034,0.949966
197,167659105655698882339508182915480992256595774433903924122623,26,1544,1534,0.008707,0.003406,0.02217,0.030876999999999998,0.969123
197,122449747198975822084132001235051055769374123302428745305941,26,652,652,0.011392,0.011392,0.0,0.011392,0.988608
197,157771390213784769025733801475620067885551276043484431320057,26,522,522,0.026902,0.026902,0.0,0.026902,0.973098
197,195362636325845913268639913567995093493514004135984307800363,26,573,551,0.042244000000000004,0.002008,0.110562,0.152806,0.847194
197,160328182105787324869078655378810538500450812696259544941773,26,496,496,0.090528,0.090528,0.0,0.090528,0.9094720000000001
197,184970800291752440068635983309521468062368504646083676644033,26,648,648,0.010772,0.010772,0.0,0.010772,0.989228
197,164144776080649194883406513297516553025716555924591056615183,26,435,431,0.01683,0.010566,0.014234,0.031064,0.968936
197,140818764650826975296987375129283355966942621459853255150479,26,564,564,0.017836,0.017836,0.0,0.017836,0.982164
197,189022387984517778950705123442972032908094852334290657306231,26,449,449,0.045203,0.045203,0.0,0.045203,0.954797
197,172220763612696405396243073018306035394484382521705030045911,26,445,438,0.009858,0.005956,0.021133,0.030990999999999998,0.969009
197,154481106607181704446691691500013964555830349483415881254479,26,744,743,0.008132,0.021364,0.021364,0.029496,0.970504
197,138116520840863501578382275910208792542013786200119809943421,26,465,465,0.019147,0.019147,0.0,0.019147,0.980853
197,128167436666847967508432921399395745683533771986744909507099,26,467,467,0.029569,0.029569,0.0,0.029569,0.970431
197,179430245545432323474984038609312519060231752952330260578973,26,644,644,0.003625,0.003625,0.0,0.003625,0.996375
197,164907321185035410613697079130730386934791247649211425433501,26,643,616,0.002793,0.003501,0.032108000000000005,0.034901,0.965099
197,149559974584198894049055200074096371180280008283748787845411,26,446,432,0.129475,0.042575,0.042575,0.17205,0.82795
197,141960287108387193832375793429518062558146806429474522246723,26,506,506,0.021188,0.021188,0.0,0.021188,0.978812
197,117962418323306660486403773161381103053143923297611666689523,26,462,462,0.007176,0.007176,0.0,0.007176,0.992824
197,159003940652452327574248903060253950134870172438916155070369,26,723,688,0.01472,0.005019,0.21947000000000003,0.23419000000000004,0.76581
197,186310928751907307724815625865601039478473930304908425333493,26,812,812,0.011689,0.011689,0.0,0.011689,0.988311
198,358800385741478548379741226608716034844371071935561085305833,26,623,617,0.017502,0.015024,0.015024,0.032526,0.967474
198,361832547229010809777991703475089455145922714751449984988413,26,419,415,0.069653,0.028556,0.028556,0.098209,0.901791
198,366234672716741757435258864069198637471462810470347219616629,26,688,679,0.007621,0.006204,0.00901,0.016631,0.983369
198,381944248262064685581254962871209750407378184907165945167889,26,559,559,0.00762,0.00762,0.0,0.00762,0.99238
198,354687072527494597410093290280585584399421663969934020853223,26,598,598,0.043628,0.043628,0.0,0.043628,0.956372
198,379245416457437245542302776449664948360818185536921628076539,26,432,432,0.026959,0.026959,0.0,0.026959,0.973041
198,276003453857523809899467677088049878845070200584331936691041,26,534,534,0.021558,0.021558,0.0,0.021558,0.978442
198,209990048987204577494427221770767574738889930041728156874193,26,577,577,0.033254,0.033254,0.0,0.033254,0.966746
198,256901948110234610129862767369945243180538397102365122358427,26,484,483,0.022831,0.058521000000000004,0.058521000000000004,0.08135200000000001,0.918648
198,392896855902880253325160541666344098709384930507930453171681,26,468,468,0.008757,0.008757,0.0,0.008757,0.991243
198,261148592887412956171116968549303549257459540886776423198739,26,509,508,0.004337,0.008315,0.008315,0.012652,0.987348
198,380307295207752593087679241538739081357344508076536875023627,26,597,574,0.046520000000000006,0.063717,0.10796699999999998,0.15448699999999999,0.845513
198,388299617663319746972489463784551990330983404458676571447693,26,517,496,0.006256,0.005207,0.031339,0.037594999999999996,0.962405
198,328573357774619762260295479993442675189590010826879831896677,26,534,519,0.005557,0.013762,0.017388,0.022945,0.977055
198,345095965742713044505246800463174842475462680793869138019261,26,453,453,0.030639,0.030639,0.0,0.030639,0.969361
198,292581670931790651470491827458218900376775743841380672403887,26,503,503,0.013621,0.013621,0.0,0.013621,0.986379
198,390539114582262272077001713638342490864897532470034331261247,26,491,473,0.041172,0.055679,0.055679,0.09685099999999999,0.903149
198,360504086773559647539204736208829484928785732049355565383643,26,395,395,0.011614,0.011614,0.0,0.011614,0.988386
198,235950558879078260282437419803935172239069320587333159451019,26,530,530,0.010863,0.010863,0.0,0.010863,0.989137
198,398227691324642613283526129594013507506766970246599454997939,26,659,643,0.021476,0.007845,0.015581,0.037057,0.962943
199,754357335704061312767906283574368857849729996361323767853021,26,540,540,0.091224,0.091224,0.0,0.091224,0.908776
199,740449135866891063702563724186205751814739503564925633250647,26,478,453,0.020312,0.017613,0.033043,0.053355,0.946645
199,783572025208462059459081331520531102495696274404533915350617,26,510,493,0.028642,0.018093,0.048931,0.077573,0.922427
199,689619749063096498116944459976173154436509257531702365821471,26,624,613,0.02289,0.013893,0.020891000000000003,0.043781,0.956219
199,792261444591087612509889756571590671010253289767476929883959,26,692,692,0.033561,0.033561,0.0,0.033561,0.966439
199,485165244720747932715066275346273892339756962905587028338027,26,452,452,0.071052,0.071052,0.0,0.071052,0.928948
199,701425127964276666799904563003747018572056891360383272760451,26,1119,1102,0.01151,0.039092,0.039092,0.050602,0.949398
199,790893896840481035276180066252113476643190200344778153065643,26,924,924,0.048475,0.048475,0.0,0.048475,0.951525
199,763536298621525364342165189094083117188952849209780027677679,26,601,593,0.05277,0.01591,0.048381999999999994,0.10115199999999999,0.898848
199,613617912594322713495151233564022371433770815044783317065269,26,827,827,0.017719,0.017719,0.0,0.017719,0.982281
199,701969238772333138157522384223588554623546191713496616248319,26,475,475,0.041229,0.041229,0.0,0.041229,0.958771
199,659743727985962787654640554658683537620374805989756454087933,26,679,679,0.007655,0.007655,0.0,0.007655,0.992345
199,690360274208079369250317450856211794224002008122073050016637,26,522,522,0.043722,0.043722,0.0,0.043722,0.956278
199,500887070634424955740905032565576942995006631697841024678317,26,521,521,0.013038,0.013038,0.0,0.013038,0.986962
199,562515533415072305976115813906881843805019952700501666255663,26,510,509,0.008729,0.007555,0.007555,0.016284,0.983716
199,687386421009493082281833809951506042909624825066468351426301,26,451,437,0.046302,0.015602,0.019534,0.065836,0.934164
199,627831828857047974697867855909832323916998184071016955354641,26,557,557,0.06635,0.06635,0.0,0.06635,0.93365
199,531493718748199409115070187956201803475378862922781030803881,26,499,499,0.02344,0.02344,0.0,0.02344,0.97656
199,764298723870080571982440894112670628624228896767629734930611,26,441,425,0.017979,0.025249,0.025249,0.043228,0.956772
199,563561550095967293743840793623207928679303836705271230763571,26,769,762,0.015758,0.010573,0.021893,0.037651000000000004,0.962349
200,1295789132477604807715877944458947246775511838525972200835657,26,631,631,0.036341,0.036341,0.0,0.036341,0.963659
200,1580265433117145949318612574335473147379586407902007615572209,26,560,553,0.004148,0.012345,0.012345,0.016493,0.983507
200,1031264165415914398404034296717937295434353057321618942293977,26,686,662,0.02073,0.024584,0.0762,0.09693,0.90307
200,942274183107708126744367799889859979943002828490182769563693,26,743,715,0.005854,0.021718,0.18684599999999998,0.19269999999999998,0.8073
200,1243256742262564810336975229173603901549307573958804818142771,26,585,568,0.018954,0.007079,0.01447,0.033423999999999995,0.966576
200,1332260463557925975266900697251791362056896106900938778652773,26,696,696,0.005448,0.005448,0.0,0.005448,0.994552
200,1534546510819566200886924830244913417667526810936895301477933,26,457,452,0.07320399999999999,0.005055,0.020278,0.093482,0.906518
200,1457315434423192483527568367362496447605043071246754450536801,26,567,567,0.04688,0.04688,0.0,0.04688,0.95312
200,1515478547137402687976907484166669091143375006869904371011019,26,580,580,0.028445,0.028445,0.0,0.028445,0.971555
200,1328401728722624823335450602027897002059084341229046226740677,26,501,500,0.005967,0.00436,0.00436,0.010327,0.989673
200,1069405338840333297089210313682851116995000495488370707114107,26,868,865,0.017648,0.00448,0.00448,0.022128000000000002,0.977872
200,1577668914616112972976239927299568044527242009386300299995513,26,993,993,0.033756,0.033756,0.0,0.033756,0.966244
200,924932144930952159695588929751342486737404577556159754527249,26,444,435,0.020273,0.022516,0.022516,0.042789,0.957211
200,1430455149298665257668430782969274466789353299446322896956953,26,484,475,0.005208,0.002791,0.009482,0.014690000000000002,0.98531
200,1471759896903796862187242593818058236014421372969552658348613,26,837,837,0.162205,0.162205,0.0,0.162205,0.8377950000000001
200,1024997524686414507856278528573582273997937245288256214142637,26,547,547,0.017559,0.017559,0.0,0.017559,0.982441
200,1269662956978065591146754145192337292773571460456699566030607,26,531,531,0.024008,0.024008,0.0,0.024008,0.975992
200,1251023694717248924976673861910298094342092199701445949798563,26,706,706,0.003106,0.003106,0.0,0.003106,0.996894
200,1165094867829338354631660035180329869977597764175158753523867,26,548,548,0.109355,0.109355,0.0,0.109355,0.890645
200,1245161625256545119714043746004026254459007086115269518670777,26,662,661,0.006312,0.024274,0.024274,0.030586000000000002,0.969414
