Bit_length,N,Lattice_dimension,|b_op - t|^2,|vbest - t|^2,P(b_op),P(vbest),P(|vnew - t|^2 < |b_op - t|^2),P(|vnew - t|^2 <= |b_op - t|^2),P(|vnew - t|^2 > |b_op - t|^2)
150.0,1268771206145175299492684899681878877410684841,21.0,724.0,722.0,0.072746,0.029774,0.029774,0.10252,0.89748
150.0,1403762530472620237905076428332939916844331359,21.0,260.0,260.0,0.309599,0.309599,0.0,0.309599,0.690401
150.0,918882917500502786903408324526441238854631741,21.0,383.0,376.0,0.056724,0.043524,0.140362,0.19708599999999998,0.802914
150.0,1044411862674117053622929515451672202864979129,21.0,396.0,379.0,0.043712,0.066178,0.36876200000000003,0.412474,0.587526
150.0,1199592981228806239321120961178599459097610483,21.0,596.0,596.0,0.155373,0.155373,0.0,0.155373,0.844627
150.0,912632394066698132144971044037258218777602291,21.0,352.0,352.0,0.122565,0.122565,0.0,0.122565,0.877435
150.0,1033085278351720441874660444922199074374033881,21.0,429.0,429.0,0.083353,0.083353,0.0,0.083353,0.916647
150.0,1039667922595230805682141254323399644574814367,21.0,689.0,689.0,0.07896700000000001,0.07896700000000001,0.0,0.07896700000000001,0.921033
150.0,1076261801716221769627743498540654753005411033,21.0,569.0,569.0,0.34375500000000003,0.34375500000000003,0.0,0.34375500000000003,0.656245
150.0,868981675879730421007669707059890716656754209,21.0,380.0,380.0,0.075679,0.075679,0.0,0.075679,0.924321
150.0,1198940008513470371886998720870433706529677289,21.0,286.0,285.0,0.039478,0.037567,0.037567,0.077045,0.922955
150.0,1001065868810988745766471076060380006588792189,21.0,391.0,390.0,0.028208,0.064551,0.064551,0.092759,0.907241
150.0,1018523197675518130041140861676478171959383813,21.0,330.0,314.0,0.142346,0.031598,0.199873,0.342219,0.657781
150.0,999406335763551690568793874408994581594369181,21.0,293.0,293.0,0.158816,0.158816,0.0,0.158816,0.8411839999999999
150.0,1386649915270975663546803936212330370020386207,21.0,322.0,322.0,0.051854,0.051854,0.0,0.051854,0.948146
150.0,1252835724482748605844023934169349660374906087,21.0,379.0,379.0,0.060271,0.060271,0.0,0.060271,0.939729
150.0,1420753685420564064872708676390123998125705549,21.0,325.0,323.0,0.175452,0.099971,0.099971,0.275423,0.724577
150.0,1076920912535396901213842625717381087368331181,21.0,388.0,388.0,0.047515,0.047515,0.0,0.047515,0.952485
150.0,1124397583306701037985991208303905429810161357,21.0,362.0,352.0,0.029477,0.034537,0.24368599999999999,0.273163,0.726837
150.0,1130353955473240791783568532060655958732460941,21.0,392.0,369.0,0.037345,0.043748,0.254371,0.29171600000000003,0.7082839999999999
151.0,2363319035074246419340419055739401443130238059,21.0,484.0,484.0,0.076909,0.076909,0.0,0.076909,0.923091
151.0,2471201957583473321167345886570639941825218311,21.0,363.0,363.0,0.1517,0.1517,0.0,0.1517,0.8483
151.0,2315715608364087921901708175621836301416617007,21.0,256.0,256.0,0.152285,0.152285,0.0,0.152285,0.847715
151.0,2763171157217537386323259861099914830334818519,21.0,580.0,580.0,0.300998,0.300998,0.0,0.300998,0.699002
151.0,1758775630326182635026447808028302358291781499,21.0,276.0,265.0,0.23581,0.214781,0.257009,0.492819,0.507181
151.0,2188378164211148987192836592303698338909975503,21.0,309.0,309.0,0.106763,0.106763,0.0,0.106763,0.8932370000000001
151.0,1829627983140478483810934234803641664206450619,21.0,357.0,346.0,0.239564,0.10346,0.10346,0.343024,0.656976
151.0,1569735030968914361557174823910579735657956107,21.0,275.0,275.0,0.229772,0.229772,0.0,0.229772,0.770228
151.0,2843239852874861508784440371081621911410347591,21.0,564.0,551.0,0.14609,0.04401,0.078739,0.224829,0.775171
151.0,2624675574003230296718034974584383454961661761,21.0,604.0,574.0,0.03399,0.043001,0.314621,0.348611,0.651389
151.0,1746328694271824837631752461766830788699201941,21.0,491.0,491.0,0.10019,0.10019,0.0,0.10019,0.89981
151.0,2456234120258232727729365675070691784694223131,21.0,627.0,627.0,0.090993,0.090993,0.0,0.090993,0.909007
151.0,2689914182894566195371701173819301836708498979,21.0,375.0,375.0,0.028639,0.028639,0.0,0.028639,0.971361
151.0,2472879649799491864465871187917726124213054643,21.0,370.0,356.0,0.018984,0.028557,0.058127,0.077111,0.922889
151.0,2641928437820330089399895839369416426912654047,21.0,586.0,580.0,0.069786,0.041284,0.134888,0.20467400000000002,0.795326
151.0,2217024583566038902931835040749210710155293863,21.0,311.0,308.0,0.060915,0.033311,0.059708,0.120623,0.879377
151.0,2795955547593262531562466415054318143278579719,21.0,370.0,368.0,0.051745,0.029403,0.029403,0.081148,0.918852
151.0,2754384674264655946791346511962590129499967297,21.0,526.0,523.0,0.075766,0.062456,0.062456,0.138222,0.8617779999999999
151.0,1922698035563121141756137662031262831101446511,21.0,278.0,278.0,0.57597,0.57597,0.0,0.57597,0.42403
151.0,2578633082003778088940013102956628479805360761,21.0,498.0,498.0,0.097177,0.097177,0.0,0.097177,0.902823
152.0,3650146379785934850995660671580553841765454981,21.0,277.0,277.0,0.040949,0.040949,0.0,0.040949,0.959051
152.0,4447694107941335768274189003948589146948883409,21.0,404.0,401.0,0.184637,0.102698,0.219767,0.404404,0.595596
152.0,5304044781028480773455459789567804501864780699,21.0,371.0,371.0,0.217612,0.217612,0.0,0.217612,0.782388
152.0,5225791236691602749703859113684043992716841463,21.0,412.0,399.0,0.105883,0.074141,0.209373,0.315256,0.684744
152.0,5425403301002418901669361546561888615280596761,21.0,371.0,363.0,0.156849,0.210953,0.210953,0.36780199999999996,0.632198
152.0,5202335230032226630491022567996748864390119873,21.0,420.0,420.0,0.079841,0.079841,0.0,0.079841,0.920159
152.0,4003774395708740189647636396775460720094087057,21.0,316.0,316.0,0.084393,0.084393,0.0,0.084393,0.9156070000000001
152.0,5276249290787396224699127825641594167433771223,21.0,338.0,338.0,0.176063,0.176063,0.0,0.176063,0.823937
152.0,4381176969443188923764265381058182084891594073,21.0,467.0,467.0,0.024882,0.024882,0.0,0.024882,0.975118
152.0,5541991812747053012003965966406093820220699999,21.0,288.0,288.0,0.160117,0.160117,0.0,0.160117,0.8398829999999999
152.0,5648300508047326241541247933495397085050508533,21.0,375.0,350.0,0.07236999999999999,0.195529,0.511885,0.584255,0.41574500000000003
152.0,4837654055687374110886315087296888936559582543,21.0,298.0,291.0,0.232056,0.047954,0.08752199999999999,0.31957800000000003,0.680422
152.0,3169527753809835033737422227494034075208154897,21.0,347.0,347.0,0.075599,0.075599,0.0,0.075599,0.924401
152.0,4751384359859390003700613749548751936187354063,21.0,344.0,344.0,0.076701,0.076701,0.0,0.076701,0.923299
152.0,5115713692797196694227360148049458957592665221,21.0,309.0,295.0,0.09826300000000002,0.09231,0.22156099999999998,0.319824,0.680176
152.0,5377906651632174967507002058972880963848446937,21.0,441.0,441.0,0.04245,0.04245,0.0,0.04245,0.95755
152.0,4794192939950703723191510856383251915586655239,21.0,370.0,370.0,0.274727,0.274727,0.0,0.274727,0.7252730000000001
152.0,4098436965705153817981088577951066512799793241,21.0,464.0,464.0,0.197478,0.197478,0.0,0.197478,0.802522
152.0,4397317578261604652631366972202456990923173239,21.0,585.0,585.0,0.15220499999999998,0.15220499999999998,0.0,0.15220499999999998,0.8477950000000001
152.0,5641409895201969238429625932613600677431973529,21.0,367.0,341.0,0.044782999999999996,0.053341,0.44784799999999997,0.492631,0.507369
153.0,7688734886215973313958737522072259896979469359,21.0,478.0,468.0,0.009399,0.045921,0.07985999999999999,0.08925899999999999,0.910741
153.0,9965367899123149749669237053467022764500819709,21.0,296.0,296.0,0.378111,0.378111,0.0,0.378111,0.621889
153.0,8648715940089396413954292296253489279668879831,21.0,325.0,325.0,0.151842,0.151842,0.0,0.151842,0.848158
153.0,9992486217185404533285574560152593379868586411,21.0,283.0,283.0,0.318386,0.318386,0.0,0.318386,0.6816139999999999
153.0,8752395201001776336645971436266201719253038903,21.0,281.0,273.0,0.09003,0.072445,0.33489899999999995,0.42492899999999995,0.5750710000000001
153.0,10307828778112676279744687232183733883997747787,21.0,309.0,296.0,0.206675,0.067736,0.10092200000000001,0.307597,0.692403
153.0,8927473020776419491333060829150295244420281503,21.0,458.0,458.0,0.025827,0.025827,0.0,0.025827,0.974173
153.0,7853849523366438727173539795218496833560636149,21.0,456.0,456.0,0.103981,0.103981,0.0,0.103981,0.896019
153.0,8674604146514496475964987674111780570888473743,21.0,264.0,264.0,0.206119,0.206119,0.0,0.206119,0.7938810000000001
153.0,8982522494550749295857332138146435777716539013,21.0,316.0,315.0,0.232732,0.111777,0.111777,0.344509,0.655491
153.0,7465338556163117004724110416934405812498881597,21.0,415.0,415.0,0.314442,0.314442,0.0,0.314442,0.685558
153.0,9002256784614521734062834292945636253381789701,21.0,459.0,459.0,0.119383,0.119383,0.0,0.119383,0.880617
153.0,9730043924092499024899737640031060516457357727,21.0,508.0,503.0,0.082571,0.083039,0.083039,0.16561,0.83439
153.0,7772785559916630760629013439531712505833223283,21.0,334.0,334.0,0.249554,0.249554,0.0,0.249554,0.750446
153.0,6331403492532550906969515225158616949065412553,21.0,329.0,320.0,0.040776,0.019066,0.065923,0.10669899999999999,0.893301
153.0,9499729964075602707801866275682306216169333647,21.0,577.0,559.0,0.084428,0.065389,0.27702,0.361448,0.638552
153.0,10623137933847890583214243354934109612727566337,21.0,389.0,378.0,0.064882,0.123434,0.24915,0.314032,0.685968
153.0,8298489176359263229418112630907164868713161869,21.0,436.0,434.0,0.039975,0.082639,0.12295500000000001,0.16293000000000002,0.83707
153.0,10423403876173039960502215978962041272294895987,21.0,347.0,342.0,0.100295,0.149301,0.281123,0.38141800000000003,0.618582
153.0,11331438524408402513759859710883003140234689001,21.0,537.0,536.0,0.17451,0.086215,0.086215,0.260725,0.739275
154.0,20144352470088160067192230120293841747066127093,21.0,375.0,374.0,0.278944,0.236908,0.236908,0.515852,0.484148
154.0,13741129409913179912586613425642421907057677927,21.0,315.0,315.0,0.249728,0.249728,0.0,0.249728,0.750272
154.0,22555697926472858658256090868373281917048139777,21.0,452.0,452.0,0.054689,0.054689,0.0,0.054689,0.945311
154.0,21622466558921334027105350728738281221011715713,21.0,462.0,457.0,0.13644699999999998,0.058039,0.099096,0.235543,0.7644569999999999
154.0,22717282832414613486487854671615889194348202509,21.0,420.0,418.0,0.081156,0.061737,0.13933099999999998,0.220487,0.779513
154.0,15553662272752172389304818266535674850670048197,21.0,315.0,315.0,0.336462,0.336462,0.0,0.336462,0.663538
154.0,16287234057599780494928529944429983938735953333,21.0,317.0,317.0,0.329272,0.329272,0.0,0.329272,0.670728
154.0,20227306669577710217883266196429106847542507013,21.0,597.0,597.0,0.118021,0.118021,0.0,0.118021,0.881979
154.0,18361999857484992568400964915559137162309312233,21.0,348.0,348.0,0.065464,0.065464,0.0,0.065464,0.934536
154.0,17615067981495998635949724796624661825505231481,21.0,451.0,451.0,0.125269,0.125269,0.0,0.125269,0.874731
154.0,16965780184675510815549338206501125311473383031,21.0,364.0,364.0,0.263921,0.263921,0.0,0.263921,0.7360789999999999
154.0,17145713058305669983102778787612006911670513347,21.0,448.0,442.0,0.120276,0.087783,0.087783,0.208059,0.791941
154.0,20285317985568063024579677341972941193428143231,21.0,291.0,291.0,0.405943,0.405943,0.0,0.405943,0.5940570000000001
154.0,19892574816341431255761561129070142233703448899,21.0,486.0,481.0,0.11013,0.081291,0.19379700000000002,0.30392700000000006,0.6960729999999999
154.0,14482484907695104154754286426816369245597742123,21.0,405.0,405.0,0.262333,0.262333,0.0,0.262333,0.7376670000000001
154.0,21308599822779449843544699903616188167691769657,21.0,402.0,402.0,0.183597,0.183597,0.0,0.183597,0.816403
154.0,19652552707990061015357354059734076466348869901,21.0,360.0,360.0,0.260186,0.260186,0.0,0.260186,0.739814
154.0,15836062588559999481222001755306755400249974411,21.0,319.0,319.0,0.195581,0.195581,0.0,0.195581,0.804419
154.0,17640605793899812190237760431948486244893089589,21.0,377.0,372.0,0.021603,0.061318,0.061318,0.082921,0.917079
154.0,13200322048523091361380223530828151918467232499,21.0,268.0,265.0,0.133492,0.058353,0.154167,0.287659,0.712341
155.0,31340595875958809044343360964929799034189512361,21.0,445.0,425.0,0.10246,0.073406,0.5034109999999999,0.6058709999999999,0.39412900000000006
155.0,33883679322606457824492978417378120332359598171,21.0,337.0,333.0,0.162167,0.056875,0.11406000000000001,0.276227,0.723773
155.0,38431961138800983210425437779183955699273663877,21.0,543.0,535.0,0.047478,0.107316,0.24497200000000002,0.29245000000000004,0.7075499999999999
155.0,44842574992398006827792831817449122409176524571,21.0,356.0,354.0,0.053706,0.036894,0.036894,0.0906,0.9094
155.0,44479412022428483167051033854365771430317272061,21.0,537.0,525.0,0.06052,0.04828,0.22776400000000002,0.28828400000000004,0.711716
155.0,39653904137769014668557378511260469269135182431,21.0,298.0,298.0,0.180534,0.180534,0.0,0.180534,0.819466
155.0,36615548944643269126239193831815135044946113087,21.0,288.0,288.0,0.518035,0.518035,0.0,0.518035,0.481965
155.0,35728624388846244763032748679732750007278619919,21.0,326.0,326.0,0.151948,0.151948,0.0,0.151948,0.848052
155.0,39471143362465673450737740007926815837598407923,21.0,418.0,409.0,0.031861,0.02874,0.058303,0.090164,0.909836
155.0,43620356160753924413764228467447052158522613007,21.0,423.0,423.0,0.148147,0.148147,0.0,0.148147,0.851853
155.0,29666396188587728462615862057347321613786496027,21.0,540.0,521.0,0.043283999999999996,0.063437,0.26235499999999995,0.30563899999999994,0.694361
155.0,41677893527522320684434778067984642792936350873,21.0,482.0,482.0,0.176451,0.176451,0.0,0.176451,0.823549
155.0,32675536969479286942701324674137910119680337459,21.0,314.0,314.0,0.075206,0.075206,0.0,0.075206,0.924794
155.0,44919866654372607559021538428305729263662282117,21.0,525.0,525.0,0.067006,0.067006,0.0,0.067006,0.932994
155.0,36452200589072916411983425394632165549777886227,21.0,476.0,452.0,0.062382,0.031004,0.47052100000000013,0.5329030000000001,0.4670969999999999
155.0,33203524258924130270853246380045741567145994259,21.0,434.0,428.0,0.083658,0.050118,0.14316299999999998,0.226821,0.7731790000000001
155.0,36946503351030864812990481678628454987070959527,21.0,346.0,346.0,0.107663,0.107663,0.0,0.107663,0.892337
155.0,44458044889519333576801527839740244268692202469,21.0,621.0,603.0,0.04235,0.097312,0.282944,0.32529399999999997,0.674706
155.0,36744155090184780124393526442075144163055399837,21.0,359.0,359.0,0.492669,0.492669,0.0,0.492669,0.507331
155.0,32611265262434541992311659835491097552848382807,21.0,275.0,275.0,0.14483000000000001,0.14483000000000001,0.0,0.14483000000000001,0.85517
156.0,58842411492108631901824870167723622565249820361,21.0,539.0,538.0,0.091477,0.132201,0.132201,0.22367800000000002,0.776322
156.0,58647263901409677188415888297848821138605832667,21.0,340.0,340.0,0.118479,0.118479,0.0,0.118479,0.881521
156.0,60691833191625566815713087621249445278906020923,21.0,440.0,435.0,0.190199,0.062106,0.062106,0.252305,0.747695
156.0,83500911560012017920943706628836329963659227611,21.0,397.0,397.0,0.204032,0.204032,0.0,0.204032,0.795968
156.0,79699952235555146846014724188269022467857700953,21.0,420.0,420.0,0.286236,0.286236,0.0,0.286236,0.7137640000000001
156.0,68617923715717279114730426060969764483412652871,21.0,561.0,551.0,0.021668,0.093839,0.093839,0.115507,0.884493
156.0,70292815550175575334435593661308688973972707499,21.0,303.0,303.0,0.110415,0.110415,0.0,0.110415,0.889585
156.0,88395906091853951743306426033388820009527178553,21.0,318.0,310.0,0.097606,0.056362,0.056362,0.153968,0.846032
156.0,58490997193338963447736793476829606786651843411,21.0,333.0,324.0,0.118513,0.111996,0.244635,0.36314799999999997,0.636852
156.0,88153376653160901709431525294744255033299399513,21.0,438.0,423.0,0.14564000000000002,0.085632,0.085632,0.23127200000000003,0.768728
156.0,83749952449871415989936799658384575288153567857,21.0,494.0,494.0,0.031882,0.031882,0.0,0.031882,0.968118
156.0,63215896343305696798861673825073441341593157323,21.0,277.0,277.0,0.216854,0.216854,0.0,0.216854,0.783146
156.0,68367618624389291832609274122568807692737410747,21.0,322.0,322.0,0.121704,0.121704,0.0,0.121704,0.878296
156.0,85976042848566498516350067546598036064176697617,21.0,449.0,449.0,0.070883,0.070883,0.0,0.070883,0.929117
156.0,77050956204250174763972617362140681574229342091,21.0,722.0,722.0,0.154837,0.154837,0.0,0.154837,0.845163
156.0,67397778703558464646892241700035691887301648579,21.0,534.0,530.0,0.04333,0.022653,0.081944,0.125274,0.874726
156.0,82158015067987949738815070788850184671973579587,21.0,409.0,371.0,0.0479,0.043333,0.33479899999999996,0.38269899999999996,0.6173010000000001
156.0,55015423047501982644190563451191716439122432951,21.0,383.0,382.0,0.07348,0.074105,0.074105,0.14758500000000002,0.8524149999999999
156.0,85336908532608541436048263259686225667526362047,21.0,587.0,582.0,0.090601,0.063383,0.063383,0.153984,0.846016
156.0,56731211956952175175952662358019177731725234237,21.0,354.0,354.0,0.276452,0.276452,0.0,0.276452,0.7235480000000001
157.0,120282166308024689728299980121863747670916310267,21.0,413.0,413.0,0.169692,0.169692,0.0,0.169692,0.830308
157.0,120820017068622794622130921127946349513431310843,21.0,495.0,483.0,0.05758200000000001,0.047683,0.11760499999999999,0.17518699999999998,0.824813
157.0,160354239376266933764514100701359388571858132879,22.0,394.0,394.0,0.112809,0.112809,0.0,0.112809,0.887191
157.0,178540342865713130388740603822271194677254392441,22.0,381.0,376.0,0.054123,0.12451,0.12451,0.178633,0.821367
157.0,133758242352280888913921190835052846329897153133,21.0,467.0,467.0,0.099485,0.099485,0.0,0.099485,0.900515
157.0,119751792167523699090520105500834166573709024723,21.0,335.0,328.0,0.091666,0.03987,0.03987,0.131536,0.868464
157.0,142866301722166299614859219990227501097218329553,21.0,386.0,386.0,0.12837,0.12837,0.0,0.12837,0.87163
157.0,159460056477105651797755450704992108220297439993,22.0,320.0,312.0,0.072005,0.070229,0.10968,0.18168499999999999,0.818315
157.0,129765827297228317584448178357227745213663923673,21.0,444.0,429.0,0.110999,0.072816,0.17627500000000002,0.28727400000000003,0.712726
157.0,153041151061952724068377978141007513960278537129,21.0,492.0,491.0,0.191358,0.087404,0.087404,0.278762,0.721238
157.0,112556148137934308610401610728139436816885032007,21.0,319.0,319.0,0.115761,0.115761,0.0,0.115761,0.884239
157.0,155016348949192392834761783400231900623445364769,21.0,506.0,495.0,0.034745,0.049561,0.19664900000000002,0.23139400000000002,0.768606
157.0,165332485530732496445379876290371501984439220227,22.0,400.0,394.0,0.095389,0.103655,0.154668,0.250057,0.749943
157.0,173008319555191101708826910175525434497734262397,22.0,280.0,280.0,0.158944,0.158944,0.0,0.158944,0.841056
157.0,143078279358113528954735774091416278002769110083,21.0,551.0,545.0,0.202314,0.033374,0.033374,0.235688,0.764312
157.0,139537309577365933739952691194841985292959417899,21.0,295.0,295.0,0.171974,0.171974,0.0,0.171974,0.828026
157.0,150381007425703993922643997626233047809831195563,21.0,289.0,289.0,0.135547,0.135547,0.0,0.135547,0.864453
157.0,125414534553540336555987249708054473022979850233,21.0,357.0,342.0,0.069682,0.06545,0.146147,0.215829,0.784171
157.0,100495160702135079890032717344114075262462068991,21.0,321.0,319.0,0.096295,0.027106,0.027106,0.12340100000000001,0.876599
157.0,126081296153973360472994917714723398699218116441,21.0,755.0,751.0,0.038141,0.070674,0.11921599999999999,0.157357,0.842643
158.0,244084876567438940415979589793753210761831799169,22.0,357.0,351.0,0.17949099999999998,0.053072,0.053072,0.232563,0.767437
158.0,311889364802148711770367329783808121108240984963,22.0,419.0,419.0,0.311025,0.311025,0.0,0.311025,0.688975
158.0,315552892616518612169009766705743992617805242163,22.0,286.0,283.0,0.269023,0.084922,0.231776,0.500799,0.499201
158.0,364568451629159625851465545891850771901219214163,22.0,388.0,374.0,0.063456,0.090612,0.305659,0.369115,0.6308849999999999
158.0,213880798395599609631736184456759089379285659049,22.0,416.0,415.0,0.010378,0.018078,0.018078,0.028456000000000002,0.971544
158.0,364596676892949119436289041863521153445811753029,22.0,516.0,513.0,0.090794,0.104905,0.104905,0.195699,0.8043009999999999
158.0,215840103126036545942721515629965329944602697057,22.0,544.0,539.0,0.17260599999999998,0.037038,0.116815,0.289421,0.7105790000000001
158.0,259043540185824666457272444893607678141566205487,22.0,341.0,341.0,0.066005,0.066005,0.0,0.066005,0.933995
158.0,311426830077414386887481553693471517445014703609,22.0,348.0,340.0,0.043241,0.040869,0.040869,0.08411,0.91589
158.0,220678872755010770809359894948879428023872635453,22.0,348.0,346.0,0.091877,0.121709,0.121709,0.213586,0.786414
158.0,324273864736092445034262802970079797120470198979,22.0,411.0,411.0,0.160126,0.160126,0.0,0.160126,0.839874
158.0,335973439137660892963362517099047189556286786761,22.0,301.0,301.0,0.0527,0.0527,0.0,0.0527,0.9473
158.0,282449349227109527988465852865060163003324312407,22.0,331.0,326.0,0.092538,0.168764,0.168764,0.261302,0.7386980000000001
158.0,208746167169143822300193643710778500356712398063,22.0,467.0,448.0,0.029301,0.017069,0.27336799999999994,0.30266899999999997,0.697331
158.0,334111037801880478290657958251924991420673909189,22.0,475.0,475.0,0.277618,0.277618,0.0,0.277618,0.7223820000000001
158.0,278758463930102758470340608089823158233270489379,22.0,309.0,309.0,0.308333,0.308333,0.0,0.308333,0.691667
158.0,334359694784871699894821359716571301393005547539,22.0,363.0,363.0,0.188783,0.188783,0.0,0.188783,0.811217
158.0,266330340319030988935371369155445034828168547083,22.0,345.0,345.0,0.030569,0.030569,0.0,0.030569,0.969431
158.0,304296786548695733429639288499877719781617137947,22.0,576.0,572.0,0.056698,0.039122,0.039122,0.09581999999999999,0.90418
158.0,363187749995613157299748064319278147359621272623,22.0,645.0,645.0,0.206148,0.206148,0.0,0.206148,0.793852
159.0,686564447258462630098219799118347627120122126259,22.0,503.0,492.0,0.059433,0.077401,0.19797399999999998,0.257407,0.7425930000000001
159.0,589551271893462661314759463097397605089591304053,22.0,488.0,488.0,0.12223400000000001,0.12223400000000001,0.0,0.12223400000000001,0.877766
159.0,631182522272441179585206326884145264567358144641,22.0,291.0,287.0,0.182212,0.15101,0.206202,0.38841400000000004,0.611586
159.0,436106084503182412560423534629337392438805726397,22.0,489.0,484.0,0.136411,0.05456,0.05456,0.190971,0.809029
159.0,614365874960561724255698902936314085451009978123,22.0,417.0,417.0,0.24261,0.24261,0.0,0.24261,0.75739
159.0,652808814800014009591626662453549818193223047839,22.0,670.0,670.0,0.065328,0.065328,0.0,0.065328,0.934672
159.0,431497693573687811342235449780503037093880478249,22.0,421.0,421.0,0.019758,0.019758,0.0,0.019758,0.980242
159.0,641417960009003073536715539762385574694132608057,22.0,297.0,297.0,0.308123,0.308123,0.0,0.308123,0.6918770000000001
159.0,556755493522333610334550996104356886728067513937,22.0,453.0,452.0,0.099528,0.16645700000000002,0.16645700000000002,0.265985,0.734015
159.0,518738300042543123329242792010704876266634471203,22.0,512.0,509.0,0.115196,0.063321,0.063321,0.178517,0.821483
159.0,622775601463755434010798895296308923399679148479,22.0,345.0,340.0,0.045279,0.097222,0.13781,0.183089,0.8169109999999999
159.0,721092743353983610239239300767561842232656810121,22.0,367.0,367.0,0.0662,0.0662,0.0,0.0662,0.9338
159.0,725700541872878647978311987906512435448724917323,22.0,306.0,306.0,0.088279,0.088279,0.0,0.088279,0.911721
159.0,680792306276738068787445684933623704836521586517,22.0,385.0,385.0,0.236373,0.236373,0.0,0.236373,0.7636270000000001
159.0,609838293034917899422422535971964737888944079431,22.0,549.0,536.0,0.039931,0.063057,0.19186900000000004,0.23180000000000003,0.7682
159.0,500003566005968344293642166685142120533963613397,22.0,365.0,358.0,0.066661,0.021701,0.064819,0.13147999999999999,0.86852
159.0,672585552363075626030436013518741587083784197091,22.0,926.0,926.0,0.018531,0.018531,0.0,0.018531,0.981469
159.0,667853203575891446356676483576275288677930218477,22.0,335.0,335.0,0.064512,0.064512,0.0,0.064512,0.935488
159.0,452729177399062213984412625994093209513957053659,22.0,474.0,474.0,0.119023,0.119023,0.0,0.119023,0.880977
159.0,718517666115847144224280227758502807408113808437,22.0,572.0,572.0,0.165057,0.165057,0.0,0.165057,0.834943
160.0,1115913240165002032294944939882858364194015937199,22.0,333.0,322.0,0.054882,0.140832,0.25409000000000004,0.308972,0.691028
160.0,1440912770676709848638629792376134253525608074541,22.0,585.0,585.0,0.072512,0.072512,0.0,0.072512,0.927488
160.0,933815358984064483011197510331330335221655664157,22.0,366.0,366.0,0.137837,0.137837,0.0,0.137837,0.862163
160.0,969243323728712475535486623630623651719920512731,22.0,379.0,372.0,0.083029,0.063188,0.09961099999999999,0.18264,0.81736
160.0,1076466504888089627494905309713319219664710433643,22.0,364.0,356.0,0.099423,0.101976,0.190074,0.289497,0.710503
160.0,1421116437931458286969196379690998986504855152749,22.0,547.0,543.0,0.054844000000000004,0.056142,0.13499899999999998,0.18984299999999998,0.810157
160.0,1172553592352544090305146581654443943982800468347,22.0,372.0,363.0,0.064253,0.029476,0.106017,0.17027,0.82973
160.0,909793617870750937141425081136809004936031725807,22.0,854.0,828.0,0.033342,0.065341,0.28378800000000004,0.31713,0.68287
160.0,1057437110620229076506102833609193814696668318251,22.0,403.0,388.0,0.079371,0.036604,0.244953,0.324324,0.6756759999999999
160.0,1272489506939449407441353102540516266393948251787,22.0,375.0,375.0,0.23379,0.23379,0.0,0.23379,0.7662100000000001
160.0,1080313044916089688695708805273339794814591207951,22.0,324.0,324.0,0.295353,0.295353,0.0,0.295353,0.704647
160.0,1149353867679185877473020663684612261737991945873,22.0,307.0,307.0,0.111976,0.111976,0.0,0.111976,0.888024
160.0,983949157142389589790721652739207946878875195771,22.0,343.0,343.0,0.052538,0.052538,0.0,0.052538,0.947462
160.0,1361143599389480694086689546211220334021828686817,22.0,408.0,396.0,0.005194,0.114311,0.308753,0.313947,0.686053
160.0,1021091838147883904869937336936298707335596006313,22.0,426.0,424.0,0.134562,0.053701,0.053701,0.18826299999999999,0.811737
160.0,1294988162211010208686476509915675738782236322669,22.0,396.0,396.0,0.200249,0.200249,0.0,0.200249,0.799751
160.0,1122941529731570548110403398235866601161586536011,22.0,347.0,347.0,0.11401,0.11401,0.0,0.11401,0.88599
160.0,1432805530443255062195929071604085524855630107221,22.0,320.0,320.0,0.130798,0.130798,0.0,0.130798,0.869202
160.0,1153032896620140114746318270771321999716861546507,22.0,421.0,421.0,0.060825,0.060825,0.0,0.060825,0.939175
160.0,964310714558373662737593657033125267637818078167,22.0,351.0,351.0,0.108797,0.108797,0.0,0.108797,0.891203
161.0,2549342994142969438502207735324263431486603124709,22.0,338.0,338.0,0.216444,0.216444,0.0,0.216444,0.783556
161.0,2681100216348215889829625802961254331665674276717,22.0,392.0,392.0,0.037522,0.037522,0.0,0.037522,0.962478
161.0,2880298692764464678292391755309173496702002183049,22.0,447.0,447.0,0.012775,0.012775,0.0,0.012775,0.987225
161.0,1772591985057680454231176923477927954936575167497,22.0,298.0,298.0,0.352413,0.352413,0.0,0.352413,0.647587
161.0,2083705746610030102470078930728254734269258767559,22.0,404.0,400.0,0.068882,0.090494,0.16737400000000002,0.23625600000000002,0.763744
161.0,2592051223899969308896255211589583595849607840917,22.0,519.0,503.0,0.09556600000000001,0.081817,0.27363000000000004,0.3691960000000001,0.6308039999999999
161.0,1964444950659050423101133436896095725128026615861,22.0,323.0,286.0,0.05548499999999999,0.244141,0.626524,0.682009,0.317991
161.0,2664894503748551145754658751022334263049302504109,22.0,396.0,396.0,0.063352,0.063352,0.0,0.063352,0.936648
161.0,2890667027374661591725712210164725411830649644971,22.0,457.0,456.0,0.046526,0.026097,0.026097,0.072623,0.927377
161.0,2315237919643127678001317504649602348775135239989,22.0,410.0,410.0,0.069462,0.069462,0.0,0.069462,0.930538
161.0,2263615665739021443959839330064499024174205984757,22.0,356.0,354.0,0.070175,0.095315,0.15278199999999997,0.22295699999999996,0.777043
161.0,2715737041694779962072587570440702427479596688267,22.0,368.0,368.0,0.211986,0.211986,0.0,0.211986,0.788014
161.0,2242913431855633380375884470582819076336280851693,22.0,555.0,551.0,0.048121,0.05003,0.099425,0.147546,0.852454
161.0,2196055705110050413211594819707917380387387874647,22.0,488.0,481.0,0.090658,0.074993,0.11646400000000001,0.20712200000000003,0.792878
161.0,2386559963764208317133465196705396071874399113177,22.0,442.0,442.0,0.331124,0.331124,0.0,0.331124,0.668876
161.0,2496018222066887071360307538619052262154796275933,22.0,441.0,441.0,0.392967,0.392967,0.0,0.392967,0.6070329999999999
161.0,2643999513168057204584957107582487653622472397817,22.0,464.0,464.0,0.14174,0.14174,0.0,0.14174,0.85826
161.0,2635743115320503461112643487699959884803825828717,22.0,392.0,392.0,0.057964,0.057964,0.0,0.057964,0.942036
161.0,2825605982926347409937517778879057613012900909681,22.0,419.0,419.0,0.117512,0.117512,0.0,0.117512,0.8824879999999999
161.0,1945681273593238791686785823639092496168175333883,22.0,416.0,416.0,0.14755000000000001,0.14755000000000001,0.0,0.14755000000000001,0.8524499999999999
162.0,5142726192263316119305765044724202366191059020131,22.0,400.0,392.0,0.136744,0.026242,0.026242,0.16298600000000002,0.8370139999999999
162.0,4356714020119985091707387224305757015484033268083,22.0,365.0,334.0,0.006669,0.068142,0.5003339999999998,0.5070029999999999,0.49299700000000013
162.0,5760088733269586802798761031015562375783053998981,22.0,396.0,384.0,0.050289,0.024617,0.024617,0.074906,0.925094
162.0,5126536210830929842911126218863559555593079772241,22.0,439.0,432.0,0.172151,0.012505,0.03959,0.211741,0.788259
162.0,4355984306317180250941284630714493550289288293197,22.0,531.0,525.0,0.038207,0.088187,0.088187,0.126394,0.873606
162.0,5372238624316637074604877264416233805336449398107,22.0,363.0,363.0,0.081034,0.081034,0.0,0.081034,0.918966
162.0,3370953511586955617438834489704567964510236112387,22.0,319.0,319.0,0.010994,0.010994,0.0,0.010994,0.989006
162.0,5654048134438701321190467092520015125597334765619,22.0,896.0,896.0,0.116269,0.116269,0.0,0.116269,0.883731
162.0,5347560175544712010315634817224870510859508906709,22.0,429.0,421.0,0.044517,0.043283,0.208573,0.25309000000000004,0.74691
162.0,5736419416140119735836049169364015628764346059723,22.0,781.0,769.0,0.016057000000000002,0.009268,0.13200100000000003,0.14805800000000002,0.851942
162.0,4650109252981784028797300655435682334415722439709,22.0,485.0,485.0,0.129364,0.129364,0.0,0.129364,0.870636
162.0,4851575313540019468754262146798472592699356416503,22.0,446.0,440.0,0.092396,0.039113,0.207436,0.299832,0.700168
162.0,4620052361353557581946034404083231874642184874639,22.0,448.0,448.0,0.102572,0.102572,0.0,0.102572,0.897428
162.0,5522800988337253824728791418632480547260333713827,22.0,416.0,410.0,0.021216,0.012729,0.012729,0.033945,0.966055
162.0,5499586014822265836968576304450001678297022377393,22.0,653.0,653.0,0.090221,0.090221,0.0,0.090221,0.909779
162.0,3564133393297332356275713734544213713680389996917,22.0,367.0,367.0,0.064087,0.064087,0.0,0.064087,0.935913
162.0,5515322111725050184603784308918954761722437406837,22.0,388.0,388.0,0.056026,0.056026,0.0,0.056026,0.943974
162.0,4485461183490214672847356727639397071039303926699,22.0,353.0,353.0,0.119944,0.119944,0.0,0.119944,0.880056
162.0,5195480640606091839263058107075820094394110075261,22.0,376.0,364.0,0.031906,0.101478,0.243155,0.275061,0.724939
162.0,5741107958946558148650160180297387601202820663099,22.0,476.0,465.0,0.077528,0.077646,0.142902,0.22043000000000001,0.77957
163.0,9747578468936317254902406784741698921811080904511,22.0,383.0,374.0,0.146307,0.036399,0.09260399999999999,0.23891099999999998,0.761089
163.0,10111701947436338618707597112719816959644907307921,22.0,489.0,489.0,0.072486,0.072486,0.0,0.072486,0.927514
163.0,9500974977324321481710304769960767745184067228853,22.0,360.0,360.0,0.200733,0.200733,0.0,0.200733,0.799267
163.0,10923265258610933252939304751090963667320491815059,22.0,360.0,360.0,0.125265,0.125265,0.0,0.125265,0.874735
163.0,6277296598420519157375291811600475171257085054819,22.0,292.0,292.0,0.131566,0.131566,0.0,0.131566,0.868434
163.0,9231618602773719751425117097585869209969078112883,22.0,451.0,451.0,0.146437,0.146437,0.0,0.146437,0.853563
163.0,10035352768951452538707551978057565508665635317309,22.0,447.0,447.0,0.034938,0.034938,0.0,0.034938,0.965062
163.0,7654209071367977951897371689264431599631570961337,22.0,332.0,331.0,0.19429999999999997,0.037312,0.037312,0.23161199999999998,0.7683880000000001
163.0,10824194889247063645916265364865318315163275587691,22.0,333.0,333.0,0.276009,0.276009,0.0,0.276009,0.723991
163.0,7007067855178084077334907729020251703138388423407,22.0,589.0,589.0,0.069765,0.069765,0.0,0.069765,0.930235
163.0,11563629162960767561469993435982566900206290797341,22.0,329.0,325.0,0.151141,0.171836,0.171836,0.32297699999999996,0.677023
163.0,10432647582007091942814866236806348920448169897081,22.0,379.0,379.0,0.17736,0.17736,0.0,0.17736,0.82264
163.0,11013321740409425001654829975108773198879722323169,22.0,488.0,486.0,0.094959,0.145054,0.145054,0.24001299999999998,0.759987
163.0,11388208541060705561819087229232095358667380786273,22.0,550.0,544.0,0.013744,0.03601,0.056019,0.06976299999999999,0.930237
163.0,11103735522688372546281614770298463681690271542443,22.0,490.0,490.0,0.150088,0.150088,0.0,0.150088,0.849912
163.0,8215686036974456744106483973928387713743004968589,22.0,435.0,428.0,0.041076,0.118038,0.118038,0.159114,0.840886
163.0,10366420373188722818237768081269384282174284586279,22.0,496.0,496.0,0.121596,0.121596,0.0,0.121596,0.878404
163.0,9887493049291697627584648336712714992824228820507,22.0,392.0,371.0,0.022511,0.078665,0.09868,0.12119100000000001,0.878809
163.0,11291772697596805962306082330181863662191216703401,22.0,662.0,662.0,0.043616,0.043616,0.0,0.043616,0.956384
163.0,8629299483287912574962165393081179705241759373329,22.0,516.0,510.0,0.010389,0.05815,0.05815,0.068539,0.931461
164.0,20210344270042780228524473590981781384374263250651,22.0,682.0,673.0,0.015666,0.03098,0.11404900000000001,0.12971500000000002,0.870285
164.0,17385754946083473907588211247263282920082635440931,22.0,454.0,454.0,0.09959,0.09959,0.0,0.09959,0.90041
164.0,15065200337324516365624234372840728893791849883677,22.0,517.0,517.0,0.133524,0.133524,0.0,0.133524,0.866476
164.0,20001274208685757373389824972298109151192644683421,22.0,441.0,441.0,0.216668,0.216668,0.0,0.216668,0.783332
164.0,23206373050027225840725924288883018652907266761573,22.0,379.0,379.0,0.086295,0.086295,0.0,0.086295,0.913705
164.0,22025345891505684794425190360346292788092251835117,22.0,311.0,311.0,0.100102,0.100102,0.0,0.100102,0.899898
164.0,17433500709489283073258616221836367960841092957683,22.0,420.0,416.0,0.166401,0.081101,0.28686,0.453261,0.546739
164.0,20619243792726008996626054260855579390889646661671,22.0,506.0,498.0,0.015083,0.008886,0.051285,0.066368,0.933632
164.0,17851954102483708548111820947964979316071559518321,22.0,496.0,489.0,0.088199,0.061187,0.061187,0.149386,0.850614
164.0,15520227091786292775179646082304899324457570987803,22.0,414.0,409.0,0.16877,0.016427,0.101023,0.269793,0.730207
164.0,21025509716353739955780362583473341923163070100707,22.0,489.0,489.0,0.165226,0.165226,0.0,0.165226,0.834774
164.0,14498146431977835998639783360838649091026316741701,22.0,502.0,500.0,0.124604,0.071292,0.071292,0.19589600000000001,0.8041039999999999
164.0,19111791960401045569879778943278968002523890458231,22.0,312.0,305.0,0.11011900000000001,0.031188,0.11068700000000001,0.220806,0.7791939999999999
164.0,16530301572124410378960034538876085010836459672467,22.0,301.0,301.0,0.145801,0.145801,0.0,0.145801,0.854199
164.0,18221873864190480631751119997397311265906143427919,22.0,639.0,624.0,0.047964,0.095241,0.426252,0.474216,0.525784
164.0,19509002958117864345830026901941875949728480482351,22.0,651.0,645.0,0.28770799999999996,0.043958,0.043958,0.33166599999999996,0.668334
164.0,22672286378997470934496964350911104497412505665789,22.0,431.0,421.0,0.063311,0.072091,0.072091,0.13540200000000002,0.864598
164.0,23046477364042922130498611236049763734841923672321,22.0,558.0,546.0,0.028312,0.06156,0.11915999999999999,0.147472,0.852528
164.0,17549286263321631100185248104947257910955608889553,22.0,367.0,367.0,0.245538,0.245538,0.0,0.245538,0.754462
164.0,21059636316678691840527110401614339175235554714931,22.0,487.0,486.0,0.022459,0.025385,0.025385,0.047844,0.952156
165.0,41832933592112304400801943026671467969363831087923,22.0,334.0,334.0,0.238538,0.238538,0.0,0.238538,0.761462
165.0,35682862411294951100561921127821057964487467339443,22.0,394.0,391.0,0.064233,0.066411,0.066411,0.13064399999999998,0.869356
165.0,42835312913720678185448545784074783359123970744159,22.0,379.0,367.0,0.034453,0.034268,0.06229,0.096743,0.903257
165.0,40881659780738625128558353749592964839279265435171,22.0,339.0,339.0,0.059267,0.059267,0.0,0.059267,0.940733
165.0,45322494471102900510547891895971824081862698563281,22.0,343.0,343.0,0.035757,0.035757,0.0,0.035757,0.964243
165.0,45929128788840959205376511336193947297685265640951,22.0,942.0,934.0,0.160684,0.080246,0.080246,0.24092999999999998,0.75907
165.0,44489998373490387700600426834275888436763809873019,22.0,804.0,804.0,0.045806,0.045806,0.0,0.045806,0.954194
165.0,35790092378947652923809024031202004014344249255817,22.0,461.0,460.0,0.06633,0.020505,0.020505,0.086835,0.913165
165.0,45161106773899709982331683988937842529673051859151,22.0,505.0,505.0,0.162473,0.162473,0.0,0.162473,0.837527
165.0,41611075822328138418773040753161992670148754649183,22.0,399.0,399.0,0.047642,0.047642,0.0,0.047642,0.952358
165.0,43893688025396579244143003549941949711112694897597,22.0,592.0,577.0,0.010428,0.011661,0.257004,0.267432,0.732568
165.0,38949108443317524477011125919734633057707138102373,22.0,444.0,444.0,0.180223,0.180223,0.0,0.180223,0.819777
165.0,44506757530726502698455041633661918108484228681201,22.0,572.0,567.0,0.036066,0.019068,0.019068,0.055134,0.944866
165.0,45700176760813962794447132804379570073089321130619,22.0,410.0,410.0,0.282955,0.282955,0.0,0.282955,0.7170449999999999
165.0,36717319074712975178793976563482551630954666600147,22.0,490.0,490.0,0.446571,0.446571,0.0,0.446571,0.553429
165.0,40081717737177734357477768258828819203380673838299,22.0,454.0,449.0,0.09018,0.057216,0.057216,0.147396,0.852604
165.0,42668271582757088828333733690941986896240697265291,22.0,337.0,337.0,0.027681,0.027681,0.0,0.027681,0.972319
165.0,42066162699265700510000155471171171993026790897181,22.0,335.0,325.0,0.09787699999999999,0.0465,0.059411,0.15728799999999998,0.842712
165.0,43079437256800894081452117481597778557867932256481,22.0,712.0,710.0,0.12589,0.027329,0.027329,0.153219,0.846781
165.0,39639751732104952918265482468837059446746603506727,22.0,423.0,422.0,0.15793,0.077383,0.077383,0.235313,0.764687
166.0,64455071458380183185819126791305562795840205337607,22.0,530.0,530.0,0.054763,0.054763,0.0,0.054763,0.945237
166.0,90075771203582122330247262323941154266135655067703,23.0,589.0,575.0,0.045891,0.090345,0.198149,0.24403999999999998,0.75596
166.0,72228823129784081606691745887439926673012583025583,22.0,600.0,598.0,0.135309,0.223121,0.223121,0.35843,0.64157
166.0,69837432774442923128016482628855170461287372899371,22.0,397.0,397.0,0.075378,0.075378,0.0,0.075378,0.924622
166.0,89244922194937743144971782767253188914316795885797,23.0,496.0,496.0,0.050082,0.050082,0.0,0.050082,0.949918
166.0,88746453267789363020668583643470490537450658613921,23.0,420.0,417.0,0.032217,0.071414,0.071414,0.103631,0.896369
166.0,88713786474705850221237608801094392192327303798911,23.0,366.0,366.0,0.07849,0.07849,0.0,0.07849,0.92151
166.0,87557406481398096612837568774546924908523956472679,22.0,481.0,481.0,0.093028,0.093028,0.0,0.093028,0.906972
166.0,83804917377281198336877975468864158449629337119497,22.0,411.0,411.0,0.166062,0.166062,0.0,0.166062,0.8339380000000001
166.0,81569638913156092214718111347132660641468885512997,22.0,377.0,376.0,0.202121,0.085749,0.085749,0.28787,0.7121299999999999
166.0,52608719657148563796512530136536674250280158137673,22.0,590.0,590.0,0.047828,0.047828,0.0,0.047828,0.952172
166.0,89221264190598117801701321295581964396857406691793,23.0,366.0,366.0,0.080368,0.080368,0.0,0.080368,0.919632
166.0,91421352408629645983856436933886907626516790327531,23.0,393.0,393.0,0.248152,0.248152,0.0,0.248152,0.751848
166.0,92354408607697290294087669975129842220424154225839,23.0,336.0,335.0,0.064071,0.016861,0.016861,0.080932,0.919068
166.0,90307244958886521065070588400571519599452170426827,23.0,429.0,416.0,0.109541,0.099476,0.125777,0.235318,0.764682
166.0,61951676507642868191945772939153670793162317140439,22.0,651.0,638.0,0.007711,0.103418,0.359498,0.367209,0.632791
166.0,57096092534835312898852423687190032724229132615371,22.0,408.0,397.0,0.052303999999999996,0.158752,0.263388,0.31569200000000003,0.6843079999999999
166.0,77734094079183033282661848210260105535011878058221,22.0,407.0,407.0,0.148035,0.148035,0.0,0.148035,0.851965
166.0,61439716290799937763975920406477923341938046630307,22.0,504.0,504.0,0.48764,0.48764,0.0,0.48764,0.5123599999999999
166.0,92944946903546196014112302841886638418369209076507,23.0,302.0,302.0,0.124412,0.124412,0.0,0.124412,0.875588
167.0,185191770581306272864194984747884925328034141094049,23.0,352.0,348.0,0.070182,0.050535,0.050535,0.12071699999999999,0.879283
167.0,150753299534321728385042450116986328932503586710791,23.0,384.0,384.0,0.028519,0.028519,0.0,0.028519,0.971481
167.0,122185038003700368219528064449236784866763422689417,23.0,378.0,370.0,0.19012400000000002,0.076822,0.120617,0.31074100000000004,0.689259
167.0,178235118269758334366445181520116909697869973267843,23.0,420.0,409.0,0.043814,0.039666999999999994,0.061958,0.105772,0.894228
167.0,125101284926137051500851455837556179024574472599693,23.0,373.0,373.0,0.037389,0.037389,0.0,0.037389,0.962611
167.0,183608279157579728300471834586610846132033916363009,23.0,423.0,421.0,0.060721,0.02851,0.02851,0.089231,0.9107689999999999
167.0,123823837425211259366602079641341299640350463304427,23.0,444.0,444.0,0.06136,0.06136,0.0,0.06136,0.93864
167.0,182738591737141364288038096817725089299414242881199,23.0,346.0,342.0,0.057956,0.235784,0.235784,0.29374,0.70626
167.0,144881986800772159131971678194070421363231610326503,23.0,493.0,486.0,0.069194,0.020839,0.19480799999999998,0.26400199999999996,0.735998
167.0,169113029671003783909165383403390189332006078766403,23.0,740.0,728.0,0.041389,0.036892,0.08583400000000001,0.127223,0.872777
167.0,180203454172404433999728807424822530543427009853893,23.0,587.0,587.0,0.154382,0.154382,0.0,0.154382,0.845618
167.0,176740473075257510677017027826065071164478066806109,23.0,324.0,324.0,0.133569,0.133569,0.0,0.133569,0.866431
167.0,154708744984764752253150630606148953411120836248223,23.0,504.0,496.0,0.012469,0.015864,0.048020999999999994,0.060489999999999995,0.93951
167.0,185822038963156756154989463606402264231845142986571,23.0,509.0,503.0,0.088438,0.04552,0.153927,0.242365,0.7576350000000001
167.0,164713641976176077509064527913611509808492198546303,23.0,419.0,419.0,0.1052,0.1052,0.0,0.1052,0.8948
167.0,174143473517067658771245663523001506669684229251583,23.0,294.0,294.0,0.15091,0.15091,0.0,0.15091,0.84909
167.0,134875484299471317108685835177615212803568324951771,23.0,324.0,323.0,0.030809,0.170444,0.170444,0.20125300000000002,0.798747
167.0,182071589557326943011646537770784052720010679622671,23.0,437.0,435.0,0.068818,0.013538,0.051518,0.120336,0.879664
167.0,107723548795615044892707554332906198918982581905521,23.0,412.0,406.0,0.038424,0.040498,0.067267,0.105691,0.894309
167.0,110235062257219473750266489148464622602430677309023,23.0,440.0,437.0,0.208685,0.068197,0.068197,0.276882,0.7231179999999999
168.0,355867559027045347481742474164268313169270448267103,23.0,524.0,524.0,0.10563,0.10563,0.0,0.10563,0.89437
168.0,354354498343882825539049178202420048518235057099511,23.0,359.0,359.0,0.127568,0.127568,0.0,0.127568,0.872432
168.0,297316862371625606791660530918145246188551598375827,23.0,471.0,455.0,0.073329,0.028298,0.150375,0.22370400000000001,0.776296
168.0,251334070780906996792106667358010626199124871015193,23.0,377.0,375.0,0.056873,0.036868,0.036868,0.09374099999999999,0.906259
168.0,266089629335928959939990984219310389073099671366189,23.0,355.0,355.0,0.117475,0.117475,0.0,0.117475,0.882525
168.0,297312478520764466042800805099268401234237086618769,23.0,484.0,483.0,0.041927,0.023431,0.023431,0.065358,0.934642
168.0,252694597694857518298868919901861055603851696256479,23.0,383.0,383.0,0.028047,0.028047,0.0,0.028047,0.971953
168.0,286391540226265125508001191752822610514127971418977,23.0,449.0,441.0,0.051562000000000004,0.020782,0.056177000000000005,0.107739,0.892261
168.0,318688943619592236326261968753666579542852488008771,23.0,500.0,493.0,0.145658,0.028869,0.119221,0.264879,0.735121
168.0,348197322658922333549563681800422289216265150015297,23.0,494.0,494.0,0.115421,0.115421,0.0,0.115421,0.884579
168.0,368542669960002587168410129566818072485889583789247,23.0,481.0,467.0,0.09363300000000001,0.026071,0.097951,0.191584,0.808416
168.0,268548911990920458790785330758705695531710970965877,23.0,381.0,381.0,0.236225,0.236225,0.0,0.236225,0.763775
168.0,331941207943771650157715950616862772785852585230449,23.0,368.0,368.0,0.104332,0.104332,0.0,0.104332,0.895668
168.0,323877960143720182139921715509016936864755738538083,23.0,371.0,371.0,0.094593,0.094593,0.0,0.094593,0.905407
168.0,363122401231538903702884958200573978698665726858941,23.0,422.0,419.0,0.071584,0.08625,0.11984,0.19142399999999998,0.808576
168.0,308228420728279829232936597270463065825898054642939,23.0,353.0,353.0,0.112845,0.112845,0.0,0.112845,0.887155
168.0,283116060916231999061737214282503740357534622019947,23.0,371.0,371.0,0.070449,0.070449,0.0,0.070449,0.929551
168.0,281428688528495768940994883006958194198779974610219,23.0,478.0,472.0,0.105557,0.099159,0.157226,0.262783,0.737217
168.0,326678933726286291994787934645555743351568375175913,23.0,420.0,416.0,0.069152,0.00902,0.10369999999999999,0.172852,0.827148
168.0,242229774464479250019542042945875041752252033094853,23.0,751.0,751.0,0.15016,0.15016,0.0,0.15016,0.84984
169.0,549419723295960540447780008307906211005792776812829,23.0,472.0,472.0,0.188407,0.188407,0.0,0.188407,0.811593
169.0,664865469281161842324657652489314073194401709162263,23.0,607.0,607.0,0.08764,0.08764,0.0,0.08764,0.9123600000000001
169.0,526275837673483487444634125901789672050479746789367,23.0,443.0,427.0,0.130973,0.137833,0.243144,0.37411700000000003,0.625883
169.0,677970966743848576239473283142953742552801707940111,23.0,439.0,432.0,0.045950000000000005,0.025059,0.097242,0.14319199999999999,0.856808
169.0,657821691628060301322956147101670288895728662024039,23.0,411.0,411.0,0.116343,0.116343,0.0,0.116343,0.883657
169.0,715264587022453456200004920592343027582234072699119,23.0,681.0,667.0,0.077603,0.023802,0.15964,0.237243,0.762757
169.0,564263055842251392661877742982498545034787789672701,23.0,365.0,361.0,0.044867,0.065768,0.09661199999999999,0.141479,0.858521
169.0,709752893570015397017697204082578787464541589122757,23.0,337.0,337.0,0.057837,0.057837,0.0,0.057837,0.942163
169.0,655017367008869539322579634764112530246507710350587,23.0,431.0,431.0,0.048675,0.048675,0.0,0.048675,0.951325
169.0,657292182528951725976013293116638919927942739731969,23.0,348.0,347.0,0.101771,0.183727,0.183727,0.28549800000000003,0.714502
169.0,723786901355715251133499133823457447564442130316753,23.0,875.0,875.0,0.145475,0.145475,0.0,0.145475,0.854525
169.0,523829125978495822418790946811975528394043957096661,23.0,390.0,390.0,0.085656,0.085656,0.0,0.085656,0.914344
169.0,541477377066573582590059723667831900889584456117101,23.0,317.0,317.0,0.102092,0.102092,0.0,0.102092,0.897908
169.0,695788992079943252596035093883032289031003550676639,23.0,442.0,442.0,0.233036,0.233036,0.0,0.233036,0.766964
169.0,694333695686916638920533025197721880230919832136049,23.0,362.0,362.0,0.042889,0.042889,0.0,0.042889,0.957111
169.0,485822670269234256517166328139449043912746690035101,23.0,370.0,370.0,0.111429,0.111429,0.0,0.111429,0.888571
169.0,621048212309618498722906441939308335619301463127923,23.0,457.0,454.0,0.049206,0.016428,0.030998,0.080204,0.9197960000000001
169.0,471378305746743164537629288149409115192944188760511,23.0,382.0,382.0,0.102802,0.102802,0.0,0.102802,0.8971979999999999
169.0,679166054805478107698598400374518496104565906945673,23.0,330.0,327.0,0.165142,0.056363,0.056363,0.221505,0.7784949999999999
169.0,478874915531854708795103201026072431746838752011189,23.0,467.0,457.0,0.043081,0.053231,0.126037,0.16911800000000002,0.830882
170.0,1289318240951187150423696809121408247188110724374959,23.0,360.0,360.0,0.06274,0.06274,0.0,0.06274,0.93726
170.0,1317598680651458934736004969973115054629720267802427,23.0,410.0,401.0,0.08974300000000002,0.013475,0.107072,0.19681500000000002,0.803185
170.0,1387016971391792365767686427962070113773978808021599,23.0,419.0,410.0,0.011084,0.031591,0.174399,0.185483,0.8145169999999999
170.0,1301605848278604502292287990083848668281772339668443,23.0,494.0,491.0,0.098828,0.069027,0.069027,0.167855,0.832145
170.0,1454027346176602205583289937091731344133146246553801,23.0,541.0,539.0,0.080624,0.086633,0.086633,0.167257,0.832743
170.0,967653528079116878085780463103240904324567568232963,23.0,516.0,516.0,0.038253,0.038253,0.0,0.038253,0.961747
170.0,1261056843454978621289453730316681785701648409889253,23.0,481.0,473.0,0.042016,0.030585,0.19657600000000003,0.23859200000000003,0.761408
170.0,837639897222655440981696060794566569158254246200341,23.0,448.0,440.0,0.06809899999999999,0.031902,0.13565,0.20374899999999999,0.796251
170.0,1380352939133440466587651274847015029204065064236727,23.0,665.0,665.0,0.237439,0.237439,0.0,0.237439,0.762561
170.0,1470202321847100083182546960194231350823305902723733,23.0,454.0,454.0,0.176536,0.176536,0.0,0.176536,0.823464
170.0,1395451141662017337518566124235400507157510063162651,23.0,387.0,382.0,0.12176100000000001,0.038996,0.038996,0.160757,0.839243
170.0,1443973581327167714924022043427922410334336886476631,23.0,420.0,412.0,0.033344,0.026541,0.026541,0.059884999999999994,0.940115
170.0,1248251220039825096428185208030859202496488462447199,23.0,472.0,471.0,0.056667,0.026716,0.026716,0.083383,0.916617
170.0,1485074191992056020325974520634552289818056666197811,23.0,434.0,434.0,0.119809,0.119809,0.0,0.119809,0.880191
170.0,1254247931868399620218293166952069391063175723231013,23.0,507.0,492.0,0.03702,0.019599,0.17204,0.20906,0.79094
170.0,1257669066486116581118684542985264257389351752099207,23.0,331.0,331.0,0.215682,0.215682,0.0,0.215682,0.784318
170.0,938770475414108901814693140661602364827961258856599,23.0,331.0,331.0,0.368644,0.368644,0.0,0.368644,0.631356
170.0,1066007335410228423895411628779579916508643551606013,23.0,411.0,411.0,0.063214,0.063214,0.0,0.063214,0.936786
170.0,1055641473154584299321451059456907378615225873359927,23.0,445.0,445.0,0.112137,0.112137,0.0,0.112137,0.887863
170.0,1450909537806030357996742850817171901677376101936973,23.0,348.0,330.0,0.036493,0.090165,0.300729,0.337222,0.662778
171.0,2320628485992640066699844867503781431624090632616007,23.0,407.0,407.0,0.092037,0.092037,0.0,0.092037,0.907963
171.0,2687357138509969949945838036658262421119489089392571,23.0,379.0,379.0,0.080083,0.080083,0.0,0.080083,0.919917
171.0,2179890418570410841271805505892530931206234443075251,23.0,496.0,487.0,0.090151,0.011752,0.011752,0.101903,0.898097
171.0,2643553863724729454040982582317963102955115497112137,23.0,631.0,631.0,0.146666,0.146666,0.0,0.146666,0.853334
171.0,2460627882183105189199201566900305707431196028435837,23.0,479.0,479.0,0.060973,0.060973,0.0,0.060973,0.9390270000000001
171.0,2339826321982801679364695234505710301355859790744791,23.0,674.0,674.0,0.052211,0.052211,0.0,0.052211,0.947789
171.0,2758900339445195828507819823171495863952057663997793,23.0,368.0,368.0,0.156931,0.156931,0.0,0.156931,0.8430690000000001
171.0,1842882812388021598690092464110026835556610550203901,23.0,649.0,649.0,0.235652,0.235652,0.0,0.235652,0.764348
171.0,2527348162893818585716726864029885307488142009814867,23.0,346.0,346.0,0.091288,0.091288,0.0,0.091288,0.908712
171.0,2837554568622031909115383188427508045834871248866231,23.0,361.0,361.0,0.187755,0.187755,0.0,0.187755,0.812245
171.0,1980107624548085725945997103475068875829188531206579,23.0,892.0,892.0,0.148919,0.148919,0.0,0.148919,0.851081
171.0,2569544928058170304082873120455860591460518083182909,23.0,514.0,498.0,0.070689,0.065932,0.21809800000000004,0.288787,0.711213
171.0,2690941433828007792933739463035154894668803736090667,23.0,360.0,356.0,0.073264,0.092119,0.092119,0.165383,0.8346169999999999
171.0,2790043200701068932081541267461948287073389647656629,23.0,321.0,321.0,0.030201,0.030201,0.0,0.030201,0.969799
171.0,2090916108644774601950745809429826244133327238488009,23.0,415.0,415.0,0.158913,0.158913,0.0,0.158913,0.841087
171.0,2565736058589956952109798640055629482853606450052707,23.0,496.0,476.0,0.04343899999999999,0.031591,0.223683,0.26712199999999997,0.732878
171.0,2857998842268811336179375833801691573922890863274847,23.0,694.0,683.0,0.029136999999999996,0.029596,0.098277,0.127414,0.872586
171.0,2396493466906125285828056384566870470681794130877669,23.0,439.0,426.0,0.046507,0.062478,0.093243,0.13975,0.86025
171.0,2690381636823230507251275613355703537300523990202027,23.0,517.0,517.0,0.200893,0.200893,0.0,0.200893,0.799107
171.0,2534044398151279155788338071872494168885731333317717,23.0,508.0,508.0,0.117921,0.117921,0.0,0.117921,0.8820790000000001
172.0,4462022261486228276470696903183179974341102550314813,23.0,557.0,555.0,0.052663,0.121906,0.121906,0.174569,0.825431
172.0,4973934130046512061706003746504778764546358353047069,23.0,488.0,488.0,0.17194,0.17194,0.0,0.17194,0.82806
172.0,5648094522288795174255363457633460814882962588225833,23.0,534.0,534.0,0.078623,0.078623,0.0,0.078623,0.921377
172.0,4726592204009198207872992689944913141786425094656837,23.0,797.0,797.0,0.287232,0.287232,0.0,0.287232,0.7127680000000001
172.0,5594622054792930920033030420069168546546514996297059,23.0,374.0,357.0,0.092219,0.071213,0.141059,0.23327799999999999,0.766722
172.0,5195538082333779164457732930160988690944352296084861,23.0,378.0,375.0,0.214143,0.066176,0.066176,0.280319,0.719681
172.0,4025284698876107182620642633377455297801856255767501,23.0,456.0,447.0,0.189066,0.153006,0.153006,0.34207200000000004,0.657928
172.0,4383786029746298282865883459946099335415639923579151,23.0,509.0,507.0,0.156825,0.050804,0.050804,0.207629,0.7923709999999999
172.0,4240211809755560196715516460800231502364014252588639,23.0,406.0,406.0,0.074798,0.074798,0.0,0.074798,0.925202
172.0,5548533853252799042694444930927799861408846535815007,23.0,383.0,383.0,0.242872,0.242872,0.0,0.242872,0.757128
172.0,5437902847130435025801669508069442332314935248409143,23.0,451.0,449.0,0.13255,0.044023,0.044023,0.176573,0.823427
172.0,4141743792397074660421973109728086317758715931017277,23.0,409.0,409.0,0.043109,0.043109,0.0,0.043109,0.956891
172.0,4778987191980938572456617933856060465243353739312487,23.0,457.0,449.0,0.067553,0.044572,0.044572,0.112125,0.887875
172.0,4739381656678028395979571409181320777773237194812847,23.0,386.0,385.0,0.08866399999999999,0.032123,0.032123,0.12078699999999999,0.879213
172.0,4804326313493129486456115335738865566041096602990667,23.0,715.0,711.0,0.084794,0.049198,0.049198,0.133992,0.866008
172.0,4104752537262135739627532234359506058920546702141581,23.0,390.0,390.0,0.11144,0.11144,0.0,0.11144,0.88856
172.0,3803744058813253158320678543084926588928670333519661,23.0,411.0,411.0,0.109326,0.109326,0.0,0.109326,0.890674
172.0,4385465259125919643879994689875257236736934784890611,23.0,477.0,477.0,0.040705,0.040705,0.0,0.040705,0.959295
172.0,5279890751954713468197389506413223751577777606451787,23.0,429.0,419.0,0.059646,0.073098,0.073098,0.132744,0.867256
172.0,4160916851387881458666582220339040710916709604934989,23.0,456.0,456.0,0.053962,0.053962,0.0,0.053962,0.946038
173.0,10923792501645012754794107569655030715119609536422907,23.0,387.0,387.0,0.106723,0.106723,0.0,0.106723,0.893277
173.0,10049473751846112538141515321974984014498020571782187,23.0,341.0,341.0,0.102996,0.102996,0.0,0.102996,0.897004
173.0,11478453237002096953758919917104639903243507350422841,23.0,637.0,637.0,0.269848,0.269848,0.0,0.269848,0.730152
173.0,10169455292752448241266658515571649753093170083937973,23.0,357.0,346.0,0.160526,0.035957,0.075873,0.236399,0.763601
173.0,11141435091489660417203162826279290403361648348555217,23.0,404.0,404.0,0.295979,0.295979,0.0,0.295979,0.704021
173.0,11845946756557169576442319415563300804632186316185761,23.0,357.0,356.0,0.114825,0.038025,0.038025,0.15284999999999999,0.8471500000000001
173.0,6606020196711476677748380921663035663590800650212861,23.0,468.0,468.0,0.196243,0.196243,0.0,0.196243,0.803757
173.0,9223304994372936325365139311788951438575340466147653,23.0,363.0,363.0,0.034094,0.034094,0.0,0.034094,0.965906
173.0,9937936138453613172200974798887957858538887333434453,23.0,436.0,429.0,0.047008,0.042997,0.09934000000000001,0.146348,0.853652
173.0,11559606582085509839598371324267429245568074606311239,23.0,368.0,360.0,0.078412,0.093273,0.202212,0.280624,0.719376
173.0,8567518689055579897923237570331424934191919130124683,23.0,374.0,374.0,0.092656,0.092656,0.0,0.092656,0.907344
173.0,7757833041287954123219330741833398980401403365844671,23.0,495.0,483.0,0.040912000000000004,0.024294,0.083702,0.124614,0.875386
173.0,9316049178944443793561813909420289680048038873209887,23.0,692.0,692.0,0.128903,0.128903,0.0,0.128903,0.871097
173.0,9928833671075698004690547493411708722996168864524191,23.0,441.0,435.0,0.120084,0.117067,0.14825,0.26833399999999996,0.731666
173.0,8082599286688078272326597296230019194455017969460353,23.0,399.0,399.0,0.119713,0.119713,0.0,0.119713,0.880287
173.0,11722980560595969629675859144256076147885119391535181,23.0,580.0,554.0,0.036759,0.034386,0.211756,0.24851499999999999,0.751485
173.0,9593608908661975634163739787876317382759712663032617,23.0,800.0,800.0,0.014531,0.014531,0.0,0.014531,0.985469
173.0,7514341258039837561785554369913705517231217351886269,23.0,514.0,514.0,0.115386,0.115386,0.0,0.115386,0.884614
173.0,10788110854762710095666872487306279223201853493970649,23.0,417.0,417.0,0.146127,0.146127,0.0,0.146127,0.853873
173.0,10830515307409583755599110009630409242843757129551833,23.0,407.0,403.0,0.118015,0.122229,0.207441,0.32545599999999997,0.674544
174.0,22104611793997230117343176470598753099597657699857767,23.0,373.0,372.0,0.116283,0.113446,0.113446,0.22972900000000002,0.7702709999999999
174.0,18763942404536135019296013058405167365237739426352961,23.0,375.0,375.0,0.161671,0.161671,0.0,0.161671,0.838329
174.0,14688504101174039979833028914301622192512344235844163,23.0,539.0,531.0,0.088555,0.148929,0.198926,0.287481,0.712519
174.0,16722058225437982034822488549751786303201587785473951,23.0,450.0,450.0,0.145763,0.145763,0.0,0.145763,0.854237
174.0,21509336382097775444053571500023183533792843315954141,23.0,660.0,660.0,0.307707,0.307707,0.0,0.307707,0.692293
174.0,22850977655225044606098189565776865301144522899108753,23.0,365.0,365.0,0.037451,0.037451,0.0,0.037451,0.962549
174.0,17279223071662642072680635911044372251032271203557523,23.0,364.0,364.0,0.072372,0.072372,0.0,0.072372,0.927628
174.0,22947441514018658653094720368483897068968757283032113,23.0,355.0,350.0,0.051775,0.031576,0.031576,0.08335100000000001,0.916649
174.0,18341314976728685056786009125261875389901729222197411,23.0,502.0,495.0,0.117029,0.097061,0.146304,0.263333,0.736667
174.0,21198313883423610607647845217061584129219727405462807,23.0,696.0,696.0,0.041416999999999995,0.041416999999999995,0.0,0.041416999999999995,0.958583
174.0,12839400785843164820295834351653620428577969094536553,23.0,522.0,506.0,0.033882,0.029775,0.222426,0.25630800000000004,0.743692
174.0,23322450000830661268788758752052782250935597472051533,23.0,309.0,309.0,0.274523,0.274523,0.0,0.274523,0.7254769999999999
174.0,16333148817978325754024309091523862744059567919963111,23.0,541.0,541.0,0.07869,0.07869,0.0,0.07869,0.92131
174.0,14462970911237542989272454421381604521266425359311389,23.0,525.0,523.0,0.026643,0.008297,0.015252000000000002,0.041895,0.958105
174.0,18949560281665792004413178756295887592891979934348561,23.0,369.0,369.0,0.118304,0.118304,0.0,0.118304,0.881696
174.0,21408407116291656012109167833580671913503017751545967,23.0,458.0,458.0,0.134463,0.134463,0.0,0.134463,0.865537
174.0,22631651939782172827484157664433587783833485119069961,23.0,444.0,438.0,0.066466,0.071368,0.071368,0.137834,0.862166
174.0,21837034941512546186024799051115680122246295015518093,23.0,417.0,417.0,0.42944099999999996,0.42944099999999996,0.0,0.42944099999999996,0.570559
174.0,23437804484573336991839150008388329128133779513222523,23.0,684.0,684.0,0.271293,0.271293,0.0,0.271293,0.728707
174.0,21670228153893009427879223165719671325428625794224927,23.0,383.0,383.0,0.098144,0.098144,0.0,0.098144,0.901856
175.0,40488067071432624121676494427962676744307992814206389,23.0,490.0,490.0,0.154813,0.154813,0.0,0.154813,0.845187
175.0,47880832610030432571309186253738451904700554037260907,23.0,386.0,386.0,0.050382,0.050382,0.0,0.050382,0.949618
175.0,45878748309865752441663931039655772029562012040164497,23.0,431.0,417.0,0.032035,0.01463,0.320094,0.35212899999999997,0.6478710000000001
175.0,44519607957401945468255440685812779498238330725202451,23.0,700.0,700.0,0.035358,0.035358,0.0,0.035358,0.964642
175.0,38437122674547888080483896869357910936491022366930391,23.0,535.0,525.0,0.043638,0.048694,0.15191,0.195548,0.804452
175.0,47064113916853618606448841022057749802258231599045617,23.0,355.0,354.0,0.178718,0.121211,0.121211,0.299929,0.700071
175.0,38418920847258974395155918878755125806886124993281449,23.0,508.0,508.0,0.427284,0.427284,0.0,0.427284,0.572716
175.0,29860959886171008880417800461459339604720394693120859,23.0,493.0,472.0,0.036333,0.04335,0.33564400000000005,0.37197700000000006,0.628023
175.0,47523346294694090590598436816448664799865583071536947,23.0,385.0,373.0,0.148342,0.043483,0.160946,0.309288,0.690712
175.0,40430147177650634814659419575820969943704601075586779,23.0,483.0,475.0,0.076096,0.038703,0.102627,0.178723,0.821277
175.0,30673381581036186694644718658867052922438672540632679,23.0,351.0,343.0,0.112145,0.051722,0.051722,0.16386699999999998,0.836133
175.0,46321511197924674401868707445937064255819847549207181,23.0,549.0,542.0,0.023345,0.040419,0.10405900000000001,0.12740400000000002,0.8725959999999999
175.0,40793108447338904457818158698839208728924655609269741,23.0,465.0,465.0,0.147875,0.147875,0.0,0.147875,0.852125
175.0,47563799216222959471208717042267403920241999763230907,23.0,379.0,371.0,0.120001,0.101812,0.129162,0.249163,0.750837
175.0,44747799795754951639143084884684883018614820083166937,23.0,363.0,363.0,0.403902,0.403902,0.0,0.403902,0.596098
175.0,46867320328474189488708379756417548186877640469492347,23.0,459.0,447.0,0.10795,0.046002,0.046002,0.153952,0.846048
175.0,46542356956969036203230698142264416107162071627147053,23.0,398.0,381.0,0.060760999999999996,0.022992,0.078203,0.13896399999999998,0.861036
175.0,45701878003472651488780363802977956628041054016481659,23.0,473.0,473.0,0.155723,0.155723,0.0,0.155723,0.8442769999999999
175.0,25458726975309530242094669164823103336392162094875803,23.0,423.0,423.0,0.016346,0.016346,0.0,0.016346,0.983654
175.0,39959523049873920871877996128842998488581987804339877,23.0,427.0,414.0,0.034999,0.101194,0.101194,0.136193,0.863807
176.0,87990886338847859195592642389102593039937487082558279,24.0,476.0,463.0,0.024854,0.050955,0.132409,0.157263,0.8427370000000001
176.0,92564124955148991262968874807483374435803628161108999,24.0,928.0,925.0,0.022688,0.021713,0.021713,0.044400999999999996,0.955599
176.0,94129007589456961191977269147297543003266132666549953,24.0,394.0,391.0,0.018097,0.017645,0.017645,0.035741999999999996,0.9642580000000001
176.0,93819484016161644344551753829300322151041926203410181,24.0,422.0,422.0,0.30673,0.30673,0.0,0.30673,0.69327
176.0,73157616268457907406971375723178615684280166706710493,24.0,392.0,392.0,0.081115,0.081115,0.0,0.081115,0.918885
176.0,61542774938750705714463225629776244056185970967253653,24.0,490.0,489.0,0.047858,0.059778,0.059778,0.107636,0.892364
176.0,71800771048867515580859417044203063847762338647077403,24.0,359.0,359.0,0.052745,0.052745,0.0,0.052745,0.947255
176.0,77258340421405866522724393177859419720883968347782627,24.0,498.0,498.0,0.057003,0.057003,0.0,0.057003,0.942997
176.0,89837078281524964039898044063254336032471057480771579,24.0,663.0,663.0,0.185414,0.185414,0.0,0.185414,0.814586
176.0,67631371474217585591492093931057414532556760623695867,24.0,359.0,359.0,0.264804,0.264804,0.0,0.264804,0.735196
176.0,89832926575159265651841476273066740015357110318540347,24.0,617.0,600.0,0.043172999999999996,0.023664,0.24922,0.292393,0.707607
176.0,67118204137332948793553589627698826319196161548428537,24.0,371.0,371.0,0.130801,0.130801,0.0,0.130801,0.869199
176.0,87774156256777768160436756789989062372701963996758741,24.0,535.0,535.0,0.059828,0.059828,0.0,0.059828,0.940172
176.0,70572719969624332011199901351228566052874877227465031,24.0,448.0,448.0,0.151962,0.151962,0.0,0.151962,0.848038
176.0,86250046064114433343982710398437258754379418231496971,24.0,398.0,390.0,0.063463,0.042182,0.042182,0.105645,0.894355
176.0,87134348646583113354803029928666774546954085244353883,24.0,342.0,342.0,0.039677,0.039677,0.0,0.039677,0.960323
176.0,71901633824806274691548687743309648812921855456127637,24.0,391.0,391.0,0.281657,0.281657,0.0,0.281657,0.718343
176.0,90150270285363435056040734184802693760325360863282387,24.0,494.0,494.0,0.009911,0.009911,0.0,0.009911,0.990089
176.0,94046017590480304561168089303295538090394575865219973,24.0,477.0,462.0,0.031988,0.045356,0.064698,0.09668600000000001,0.903314
176.0,64190892782173257959767693618630438907905705925983597,24.0,430.0,430.0,0.078721,0.078721,0.0,0.078721,0.921279
177.0,119125070369688751792163725903852573808324382853761851,24.0,518.0,499.0,0.104048,0.084917,0.084917,0.188965,0.811035
177.0,182726819299327515165849812245648871121491177942129611,24.0,479.0,479.0,0.168588,0.168588,0.0,0.168588,0.831412
177.0,188893960779618570376876195763394634184667143767990939,24.0,463.0,463.0,0.084448,0.084448,0.0,0.084448,0.915552
177.0,177226234109374423417710011618572758541886871555971773,24.0,516.0,515.0,0.028352,0.026638,0.026638,0.05499,0.94501
177.0,170417219917741538865104682908758540815889415996081587,24.0,484.0,474.0,0.013727,0.019061,0.059314,0.073041,0.926959
177.0,184456472780322533717507274449727396706948277959651997,24.0,704.0,704.0,0.071159,0.071159,0.0,0.071159,0.928841
177.0,172591822599216441031826476355149233765150072380634947,24.0,438.0,438.0,0.035936,0.035936,0.0,0.035936,0.964064
177.0,160262516696147396603234199689194202325829336961400089,24.0,414.0,414.0,0.12235,0.12235,0.0,0.12235,0.87765
177.0,189488332491885140927092409494182632690603024073949519,24.0,433.0,432.0,0.027611,0.028107,0.028107,0.055718000000000004,0.944282
177.0,158860589548227817116386228914199311016251079037823631,24.0,400.0,400.0,0.035423,0.035423,0.0,0.035423,0.964577
177.0,131023867650554721773986626498755865101732014114852169,24.0,489.0,489.0,0.291796,0.291796,0.0,0.291796,0.7082040000000001
177.0,185419546061793924107275707453523293583979540373323441,24.0,422.0,410.0,0.025234,0.148621,0.33488700000000005,0.360121,0.639879
177.0,130739606859025377984032427604557137652684751978400777,24.0,503.0,501.0,0.010994,0.018338,0.036974,0.047968,0.952032
177.0,148738595022486208740372312134935505218833565972371451,24.0,442.0,441.0,0.0366,0.027676,0.027676,0.064276,0.935724
177.0,167245458534901805246177899856773690854765016929409441,24.0,561.0,549.0,0.083123,0.102787,0.159415,0.242538,0.757462
177.0,167743233925335463625480222303950384908571933339861327,24.0,421.0,421.0,0.08272,0.08272,0.0,0.08272,0.91728
177.0,127846725145209783213161083219697857237418143943954471,24.0,562.0,562.0,0.047707,0.047707,0.0,0.047707,0.9522930000000001
177.0,175371321030994867998753692974243811078511522480617843,24.0,485.0,435.0,0.016465,0.035839,0.6314339999999999,0.6478989999999999,0.3521010000000001
177.0,116000582161408742104082789047643826044722595827305757,24.0,489.0,489.0,0.040389,0.040389,0.0,0.040389,0.959611
177.0,170372630777230523245695634046185057408362313049454403,24.0,611.0,611.0,0.023064,0.023064,0.0,0.023064,0.976936
178.0,326370916554170909248800565447441227366364752100439299,24.0,358.0,358.0,0.067214,0.067214,0.0,0.067214,0.932786
178.0,351133543531254740082619452808507153835828169762359977,24.0,341.0,341.0,0.309379,0.309379,0.0,0.309379,0.6906209999999999
178.0,336454357966569634923263904170681101591018051550982463,24.0,517.0,517.0,0.062383,0.062383,0.0,0.062383,0.937617
178.0,287084766998192650266030523003134421022082997050134521,24.0,477.0,473.0,0.058167,0.076991,0.076991,0.135158,0.864842
178.0,352927538094715815006260624760445835128691040320016481,24.0,435.0,430.0,0.087326,0.034756,0.062366000000000005,0.149692,0.8503080000000001
178.0,338358782479052619339175922612376094187822886673941721,24.0,575.0,575.0,0.187588,0.187588,0.0,0.187588,0.812412
178.0,350983244504690877302934108411058885737259142622352279,24.0,403.0,400.0,0.107108,0.141678,0.141678,0.248786,0.751214
178.0,362113241669248116131584645381866273037844314273508653,24.0,813.0,807.0,0.071955,0.082368,0.17559,0.24754500000000002,0.752455
178.0,354699753705738888969549737288396049484417614825528751,24.0,515.0,515.0,0.102854,0.102854,0.0,0.102854,0.897146
178.0,331690661156431736210765004245137972208022366664402553,24.0,993.0,988.0,0.010334,0.013616,0.044453,0.054787,0.945213
178.0,332675546545853496255458413537230392333963633325833083,24.0,393.0,393.0,0.051492,0.051492,0.0,0.051492,0.948508
178.0,313703344571742936697405437124510360823965169983069999,24.0,954.0,954.0,0.028607,0.028607,0.0,0.028607,0.971393
178.0,380254134293999860410999253285210970240457628198742663,24.0,448.0,448.0,0.061628,0.061628,0.0,0.061628,0.938372
178.0,360641711799225046890015181472030377655985832139240759,24.0,608.0,608.0,0.048313,0.048313,0.0,0.048313,0.951687
178.0,263917085618902017901372402907639485241329433989841083,24.0,513.0,513.0,0.068563,0.068563,0.0,0.068563,0.931437
178.0,266288106436622503269927529785703488384905659026805291,24.0,475.0,475.0,0.038145,0.038145,0.0,0.038145,0.961855
178.0,344304805683409519331394242367711732435948148819916561,24.0,486.0,486.0,0.191659,0.191659,0.0,0.191659,0.808341
178.0,341709744235492519708940578050014342971004111389339661,24.0,328.0,328.0,0.13516,0.13516,0.0,0.13516,0.86484
178.0,310967967663884862956076583774857977926596023977520621,24.0,700.0,700.0,0.217221,0.217221,0.0,0.217221,0.782779
178.0,327279608257895351469611029322246368521417106545791761,24.0,682.0,673.0,0.021503,0.021532,0.040914,0.062417,0.937583
179.0,558936428874945996924383768356203135254350439671785479,24.0,366.0,366.0,0.107451,0.107451,0.0,0.107451,0.892549
179.0,674926639517348090731177770827913991101246148882287283,24.0,980.0,974.0,0.019663,0.008616,0.055356999999999996,0.07502,0.92498
179.0,520778796933569712475497803976339448328715986002072523,24.0,554.0,547.0,0.057885,0.085065,0.085065,0.14295,0.85705
179.0,748335037461936801408133793949275373189490397012798993,24.0,587.0,587.0,0.345086,0.345086,0.0,0.345086,0.654914
179.0,750121838409245984074572114070043722336783466522324083,24.0,555.0,541.0,0.063647,0.013892,0.21699199999999996,0.28063899999999997,0.719361
179.0,652699193242756150846355283234498871767984936149202997,24.0,373.0,370.0,0.092943,0.03604,0.03604,0.12898300000000001,0.8710169999999999
179.0,701012462554551393326136469593585664907414625879938377,24.0,571.0,549.0,0.104413,0.053678,0.261105,0.365518,0.634482
179.0,651811943098199803843122079676572375058573432081265941,24.0,335.0,335.0,0.060363,0.060363,0.0,0.060363,0.9396370000000001
179.0,551025100698026169975841797211316492193395216233257361,24.0,688.0,681.0,0.040215,0.083226,0.083226,0.123441,0.876559
179.0,568232849243253819024806302642399573345242309126608059,24.0,453.0,453.0,0.073062,0.073062,0.0,0.073062,0.926938
179.0,639820098139219068308973252189078237340004822241496393,24.0,359.0,335.0,0.016928,0.157322,0.569197,0.586125,0.413875
179.0,761792849352011360883518708616350161974544759945523083,24.0,427.0,427.0,0.087126,0.087126,0.0,0.087126,0.912874
179.0,628942419048318189765862150028221450462352308232102681,24.0,346.0,346.0,0.237377,0.237377,0.0,0.237377,0.762623
179.0,566889538234990454641052189675936791837860452121325949,24.0,470.0,468.0,0.13576,0.070776,0.070776,0.206536,0.793464
179.0,716452162573779008868293903020235512769764173696217249,24.0,627.0,627.0,0.053723,0.053723,0.0,0.053723,0.946277
179.0,621413530195004739611180163225538908969413935549872629,24.0,896.0,896.0,0.044142,0.044142,0.0,0.044142,0.955858
179.0,645609036446719663018922094515491080262538063860555597,24.0,374.0,374.0,0.062831,0.062831,0.0,0.062831,0.937169
179.0,555489032258653592242576233173121867113539610787783833,24.0,386.0,386.0,0.162908,0.162908,0.0,0.162908,0.837092
179.0,535750173793033032362966709603096420101001099801784643,24.0,536.0,520.0,0.044365,0.053282,0.202581,0.246946,0.753054
179.0,456506540313436296309522192769161449949543126587051023,24.0,417.0,417.0,0.111596,0.111596,0.0,0.111596,0.888404
180.0,1358996782341013393471064892946133021632416224066738371,24.0,753.0,743.0,0.11029300000000002,0.029292,0.11785699999999999,0.22815000000000002,0.7718499999999999
180.0,1147190830767755812327995081041386320310165753132541849,24.0,638.0,638.0,0.03949,0.03949,0.0,0.03949,0.96051
180.0,1403925300691032372140940928473865553985310895500181911,24.0,459.0,459.0,0.060333,0.060333,0.0,0.060333,0.939667
180.0,1495775451737959760457511687274350579183536185139242641,24.0,427.0,414.0,0.036866,0.047023,0.226912,0.263778,0.7362219999999999
180.0,1110739563446777289531838627303749633950291508344598743,24.0,488.0,488.0,0.021653,0.021653,0.0,0.021653,0.978347
180.0,1194024369143971552927889417542591741693717575625673111,24.0,467.0,467.0,0.050352,0.050352,0.0,0.050352,0.949648
180.0,1260166637346508034925373413900190230508510171798948477,24.0,732.0,732.0,0.121445,0.121445,0.0,0.121445,0.878555
180.0,1455316476136829091460607052510092178765985268783561317,24.0,516.0,502.0,0.01776,0.022589,0.106848,0.124608,0.875392
180.0,1309093992710635640836698146159549405123972272927404881,24.0,496.0,484.0,0.137687,0.021081,0.050622,0.188309,0.8116909999999999
180.0,1390894799146412153168495467213932724874405876411579611,24.0,490.0,487.0,0.119279,0.05369,0.05369,0.17296899999999998,0.8270310000000001
180.0,1520134781616046526108129582711299483597548910524846853,24.0,425.0,425.0,0.061133,0.061133,0.0,0.061133,0.938867
180.0,1505439219343167470373459269572451082957623944381924673,24.0,411.0,407.0,0.036487,0.06409,0.06409,0.100577,0.899423
180.0,1057025848491395991324830754425862907965800790964989169,24.0,415.0,414.0,0.044545,0.034222,0.034222,0.078767,0.921233
180.0,1022335052507123413464678276586097658581994406812064513,24.0,412.0,412.0,0.061137,0.061137,0.0,0.061137,0.938863
180.0,986820806071662897465598796288744366007908716888546481,24.0,789.0,784.0,0.007883,0.028768,0.028768,0.036650999999999996,0.963349
180.0,1524644692974396926561992448558626212968367576768526879,24.0,397.0,387.0,0.041786,0.049722,0.08127300000000001,0.123059,0.876941
180.0,1314131625546751137305337304108371769311553500059572603,24.0,433.0,429.0,0.064386,0.065351,0.071912,0.136298,0.863702
180.0,1159287238259464432648787656029088912397674342457115643,24.0,445.0,441.0,0.156148,0.082928,0.082928,0.239076,0.7609239999999999
180.0,1475197377405499619513187533655878473208974647166678079,24.0,400.0,400.0,0.135849,0.135849,0.0,0.135849,0.864151
180.0,1092513974848862293580063101113260203144966532297855803,24.0,575.0,575.0,0.056262,0.056262,0.0,0.056262,0.943738
181.0,2146755962617820701939724558369889009769651618593397373,24.0,485.0,476.0,0.032712,0.053637,0.079983,0.11269499999999999,0.887305
181.0,2072316348390379785942053767435731590279096222618626363,24.0,495.0,491.0,0.041926,0.050556,0.094124,0.13605,0.86395
181.0,2877046995656031836501313697137912148919872998967745519,24.0,556.0,556.0,0.03369,0.03369,0.0,0.03369,0.96631
181.0,2880369969123252961817754651476818952571924308651017163,24.0,462.0,462.0,0.029748,0.029748,0.0,0.029748,0.970252
181.0,2861708897811122498028015229576663189712718130603358513,24.0,569.0,566.0,0.073633,0.041121,0.041121,0.114754,0.885246
181.0,2806788267767978306991980520946809467457007629229500787,24.0,673.0,668.0,0.119382,0.022144,0.12308599999999999,0.242468,0.757532
181.0,2302747288573481437114058572318921809401333842388506063,24.0,550.0,550.0,0.150198,0.150198,0.0,0.150198,0.849802
181.0,2533946943181812616782556407056335292416812676112585527,24.0,430.0,419.0,0.096334,0.050453,0.126797,0.223131,0.776869
181.0,2487771293557144436196457222451407643840343448896262201,24.0,391.0,391.0,0.031834,0.031834,0.0,0.031834,0.968166
181.0,2345607456560758996293272875237597113634991575593930503,24.0,409.0,398.0,0.043231,0.050573,0.08608199999999999,0.12931299999999998,0.870687
181.0,2451877345078985122707203168343312742955044811033249477,24.0,515.0,487.0,0.038672,0.200466,0.288723,0.327395,0.672605
181.0,2340974696399471038404420962322551749504771560040272007,24.0,512.0,512.0,0.144395,0.144395,0.0,0.144395,0.855605
181.0,2477342015750519040996010692078739219032174672206011307,24.0,595.0,595.0,0.056699,0.056699,0.0,0.056699,0.943301
181.0,2296086844355268411990274677061153842585626962159704019,24.0,405.0,404.0,0.068743,0.025096,0.025096,0.093839,0.906161
181.0,2857327712261479603462914395058626994702465220337337739,24.0,578.0,576.0,0.196795,0.092259,0.092259,0.289054,0.7109460000000001
181.0,1869241629214427269662931336533353684013970622159921317,24.0,523.0,515.0,0.047514,0.081262,0.097887,0.145401,0.854599
181.0,2136463886038630304242691639030926383783507376355925571,24.0,418.0,418.0,0.061784,0.061784,0.0,0.061784,0.938216
181.0,2877127110897588495873508614076070239692397854333669421,24.0,875.0,868.0,0.03163,0.018291,0.058807,0.09043699999999999,0.909563
181.0,2391506213382517426158791151215598942262031718622544827,24.0,488.0,478.0,0.070111,0.034501,0.075233,0.145344,0.854656
181.0,2948841039361971531410668839665611640358315799683010259,24.0,552.0,552.0,0.046168,0.046168,0.0,0.046168,0.953832
182.0,4191292476346020518783656275665657989599723159847851667,24.0,550.0,539.0,0.022949999999999998,0.024005,0.042809,0.065759,0.934241
182.0,4368915889305698991841916329930420223695538711679696073,24.0,405.0,397.0,0.037232,0.020342,0.020342,0.057574,0.942426
182.0,4603173397210774045412589779080265237568427782430487923,24.0,620.0,617.0,0.059661,0.028277,0.028277,0.087938,0.912062
182.0,4412747380103085417736789338590629677444833420942921431,24.0,630.0,630.0,0.05736,0.05736,0.0,0.05736,0.94264
182.0,5274862496484527199284351082466041501734256417850671079,24.0,331.0,331.0,0.120173,0.120173,0.0,0.120173,0.879827
182.0,4800792925814278444401434125143406347751419932688595051,24.0,401.0,391.0,0.071668,0.101249,0.101249,0.172917,0.827083
182.0,3653812005152759308354861844496272098804036966408036451,24.0,520.0,520.0,0.115329,0.115329,0.0,0.115329,0.884671
182.0,4646737653138437262079866979167515682324029521366613887,24.0,617.0,617.0,0.017123,0.017123,0.0,0.017123,0.982877
182.0,5244063665198047536361296769370401123699361439281027921,24.0,389.0,389.0,0.111258,0.111258,0.0,0.111258,0.888742
182.0,5043512217423355819857280369022042682912863299358815427,24.0,580.0,580.0,0.076573,0.076573,0.0,0.076573,0.923427
182.0,5381424364337562423689277556082862960704173067855407963,24.0,411.0,408.0,0.073864,0.133944,0.133944,0.207808,0.792192
182.0,5605622646710231703717995108618170373087268192211651819,24.0,429.0,429.0,0.171202,0.171202,0.0,0.171202,0.828798
182.0,5372876402521245557172885073810823234220306537484862171,24.0,519.0,519.0,0.040287,0.040287,0.0,0.040287,0.959713
182.0,5193787393634226710856637245122360855837884143711668923,24.0,418.0,402.0,0.016571,0.040848,0.186455,0.203026,0.796974
182.0,4901526449801380100603842024908873735304969564340783837,24.0,517.0,517.0,0.103171,0.103171,0.0,0.103171,0.896829
182.0,6116842254080121661991651815972543754648149039661461711,24.0,522.0,522.0,0.192759,0.192759,0.0,0.192759,0.807241
182.0,4848300292233620118117558303318082764588214458439723993,24.0,700.0,691.0,0.13672499999999999,0.14935,0.182537,0.319262,0.6807380000000001
182.0,5455870824923288995533498136798277725990387457579154641,24.0,369.0,369.0,0.171448,0.171448,0.0,0.171448,0.828552
182.0,3785938512649873423258671464276287016184708730225383793,24.0,371.0,371.0,0.088616,0.088616,0.0,0.088616,0.911384
182.0,4491160981645514588938837869554023508980963008773065231,24.0,572.0,572.0,0.11802,0.11802,0.0,0.11802,0.88198
183.0,9166723778901347230936039451531749253767512951187044911,24.0,351.0,351.0,0.264798,0.264798,0.0,0.264798,0.735202
183.0,10455930224123599063565031820487918262028421842464564737,24.0,942.0,940.0,0.029763,0.012568,0.012568,0.042331,0.957669
183.0,7427674099806058459503172382903188275128363209564310927,24.0,359.0,359.0,0.12869,0.12869,0.0,0.12869,0.87131
183.0,10617285421144533269412481609230267820807269357289585027,24.0,513.0,504.0,0.137266,0.094396,0.144563,0.281829,0.718171
183.0,11010471763583359046491348791311818146317648218012267883,24.0,587.0,580.0,0.050002,0.021265,0.051578,0.10158,0.89842
183.0,10332376251302120495254834326196282275734767686242549761,24.0,337.0,337.0,0.159807,0.159807,0.0,0.159807,0.840193
183.0,11749977713551691032971054523891664935137255323436579743,24.0,638.0,638.0,0.048867,0.048867,0.0,0.048867,0.951133
183.0,10038010870002094481651798134300472801725442018653785307,24.0,459.0,459.0,0.049762,0.049762,0.0,0.049762,0.950238
183.0,10982511715433447835689163250582120464921150302579077343,24.0,389.0,386.0,0.073827,0.027961,0.074226,0.148053,0.851947
183.0,8953983959087052116701047035345005923200525137226524679,24.0,548.0,548.0,0.036832,0.036832,0.0,0.036832,0.963168
183.0,8876846022270762570247578740470934525848460110861548643,24.0,716.0,707.0,0.14523,0.029875,0.029875,0.175105,0.8248949999999999
183.0,7272641689296160343480501161670052491504793391277318831,24.0,436.0,436.0,0.383597,0.383597,0.0,0.383597,0.616403
183.0,12244318449419593826201370835952825834440723200097525199,24.0,568.0,568.0,0.025543,0.025543,0.0,0.025543,0.974457
183.0,11599990885992088420849467859622548958581504884697039151,24.0,527.0,504.0,0.023845,0.108546,0.380459,0.404304,0.595696
183.0,7605813317180000005669607627882043830747996242518578099,24.0,586.0,586.0,0.046119,0.046119,0.0,0.046119,0.953881
183.0,12182702859135303445823465643541896884548888148712896953,24.0,367.0,367.0,0.018648,0.018648,0.0,0.018648,0.981352
183.0,9709983608535670096749131929304035374023228870737229987,24.0,501.0,501.0,0.060464,0.060464,0.0,0.060464,0.939536
183.0,10464773632474194098893561476862794550508738502141675107,24.0,591.0,588.0,0.125771,0.068582,0.068582,0.194353,0.805647
183.0,9586059037733377655369346899873870070324449037164235107,24.0,348.0,348.0,0.055583,0.055583,0.0,0.055583,0.944417
183.0,9699446562764165401251791317533912674237385429964214831,24.0,400.0,400.0,0.05681,0.05681,0.0,0.05681,0.94319
184.0,18626849292167387044123969723309390925329349903285206507,24.0,358.0,355.0,0.096921,0.061373,0.061373,0.158294,0.8417060000000001
184.0,18804282751054831530309800753579061511332519271103678431,24.0,547.0,547.0,0.08296100000000001,0.08296100000000001,0.0,0.08296100000000001,0.9170389999999999
184.0,18252028929067861875789984563223162861221576906848127717,24.0,679.0,670.0,0.050365,0.181123,0.513494,0.563859,0.436141
184.0,24181446627067838775417564967666980419690582548365581197,24.0,494.0,494.0,0.032751,0.032751,0.0,0.032751,0.967249
184.0,23005878760564119588403003965951554728473230184759392953,24.0,589.0,589.0,0.099394,0.099394,0.0,0.099394,0.900606
184.0,23936510072986768214421716184424106299398221539866239897,24.0,494.0,480.0,0.057353,0.036079,0.192406,0.249759,0.7502409999999999
184.0,16234034926709714462589794505359125056267838558020716281,24.0,650.0,636.0,0.015047,0.018352,0.09860899999999999,0.113656,0.886344
184.0,23428690111692592128116212619775791367144015582938967239,24.0,463.0,450.0,0.012988,0.013948,0.152389,0.165377,0.834623
184.0,18912759825437398136803515023873579742325104166174841671,24.0,477.0,477.0,0.089608,0.089608,0.0,0.089608,0.910392
184.0,19927044154018425176840956388997557677674288593187597089,24.0,431.0,431.0,0.06919,0.06919,0.0,0.06919,0.93081
184.0,19536799308159701904048108852677303754701680967104128127,24.0,441.0,432.0,0.019582,0.0673,0.183139,0.20272099999999998,0.7972790000000001
184.0,19071823677149723706403511825275713145306081300414131937,24.0,565.0,560.0,0.030751,0.013231,0.013231,0.043982,0.956018
184.0,20612269609108741202241460271673864594887702871452882101,24.0,445.0,445.0,0.039652,0.039652,0.0,0.039652,0.960348
184.0,18920239559229041789878510751170285007946834591953601329,24.0,656.0,656.0,0.079385,0.079385,0.0,0.079385,0.920615
184.0,22611644979880324889689047625329907958432993333469481211,24.0,427.0,412.0,0.06519,0.038874,0.265722,0.330912,0.669088
184.0,22464664451229199112637114050957084764371480284978460343,24.0,396.0,396.0,0.051998,0.051998,0.0,0.051998,0.948002
184.0,20229563940142821382398535762812188204560973744420706551,24.0,538.0,538.0,0.063131,0.063131,0.0,0.063131,0.936869
184.0,14302906747822375527736225805395822106070407268478927343,24.0,445.0,445.0,0.062417,0.062417,0.0,0.062417,0.937583
184.0,22648934796018516144639607669733048190885481628018590453,24.0,476.0,476.0,0.097523,0.097523,0.0,0.097523,0.902477
184.0,15697907949934382447029781871211500370846936672724531567,24.0,440.0,438.0,0.034425,0.063248,0.063248,0.097673,0.902327
185.0,39302817494925418904731805103331681348585472258348444957,25.0,616.0,606.0,0.016758,0.025825,0.061208,0.077966,0.922034
185.0,39163563717688705635413025356219451066821712937228964227,25.0,518.0,506.0,0.018268,0.064925,0.241576,0.259844,0.740156
185.0,43686826810459062412827238710551696728616518667617692019,25.0,584.0,584.0,0.037214,0.037214,0.0,0.037214,0.962786
185.0,44530085274113978279620207534979690950635532686975502813,25.0,352.0,352.0,0.051797,0.051797,0.0,0.051797,0.948203
185.0,43570715964626102904381136448155751424171061828655209841,25.0,479.0,479.0,0.060143,0.060143,0.0,0.060143,0.9398569999999999
185.0,42847627148824300921093636376913601640563740728623558181,25.0,769.0,763.0,0.023769,0.035619,0.138979,0.162748,0.837252
185.0,32083703321789764487338768250718421793945445188847533027,24.0,682.0,682.0,0.155448,0.155448,0.0,0.155448,0.844552
185.0,33014805666036752589259540494640708288963751747621341763,25.0,585.0,570.0,0.065449,0.020942,0.186627,0.25207599999999997,0.747924
185.0,41464335276070540341399584119313180727925975932568415057,25.0,402.0,402.0,0.087386,0.087386,0.0,0.087386,0.912614
185.0,33861582902426483337301296118131448522568614203251711863,25.0,464.0,464.0,0.079698,0.079698,0.0,0.079698,0.920302
185.0,46071639138339644800558097284225066199315293701982806079,25.0,873.0,869.0,0.080748,0.050392,0.050392,0.13114,0.86886
185.0,37936033159136473000212002322269943296231496368568922549,25.0,383.0,383.0,0.115517,0.115517,0.0,0.115517,0.884483
185.0,48350569892826986379872186809679223015058022521047573871,25.0,502.0,502.0,0.125805,0.125805,0.0,0.125805,0.874195
185.0,41198097084082663709570476103319690345818375254249026263,25.0,437.0,437.0,0.061826,0.061826,0.0,0.061826,0.938174
185.0,45101352016751018053319721236302099399595057715497241929,25.0,470.0,466.0,0.01503,0.043215,0.071547,0.086577,0.913423
185.0,42065769993861888778368368385451592776021006938027669583,25.0,898.0,898.0,0.033311,0.033311,0.0,0.033311,0.966689
185.0,41907847300045853777854516119774591215451371041706482459,25.0,653.0,653.0,0.051697,0.051697,0.0,0.051697,0.948303
185.0,48828218167552081470122749610887068068091405463826001571,25.0,420.0,400.0,0.026415,0.096588,0.226524,0.252939,0.747061
185.0,41321776714362126833330727735907708762522999908493584631,25.0,500.0,486.0,0.011970999999999999,0.028948,0.060495,0.072466,0.927534
185.0,45383217518804476499152706989070758316114620859553366943,25.0,340.0,340.0,0.04552,0.04552,0.0,0.04552,0.95448
186.0,91860233843352511299828307727646362358888480420031170413,25.0,647.0,647.0,0.240868,0.240868,0.0,0.240868,0.759132
186.0,80310109483483183267313583353855043236387938949945913511,25.0,362.0,362.0,0.103513,0.103513,0.0,0.103513,0.896487
186.0,80341684383462084364790814145428006802552449749708478169,25.0,648.0,637.0,0.011777,0.018043,0.060849,0.072626,0.927374
186.0,94274586636737974618847930138230885567012445571032348059,25.0,552.0,548.0,0.03977,0.090948,0.090948,0.130718,0.869282
186.0,85286064753422311838018802719562606418460845712040300179,25.0,455.0,455.0,0.042866,0.042866,0.0,0.042866,0.957134
186.0,95824663807095715873047831217240459086791279500036727837,25.0,563.0,559.0,0.043796,0.018112,0.104039,0.147835,0.8521650000000001
186.0,80600641280005619173439191411717632606164953443740925413,25.0,653.0,653.0,0.006849,0.006849,0.0,0.006849,0.993151
186.0,53363439485857552435882838625033101776848292903405327631,25.0,486.0,486.0,0.101732,0.101732,0.0,0.101732,0.898268
186.0,84360977267528679389916660229858829202359730331725108419,25.0,591.0,591.0,0.054163,0.054163,0.0,0.054163,0.945837
186.0,79840201135431317961751024566665709261061070004618876607,25.0,390.0,390.0,0.074122,0.074122,0.0,0.074122,0.925878
186.0,86866046861802039662583542752660385034769683216166980061,25.0,701.0,701.0,0.10681299999999999,0.10681299999999999,0.0,0.10681299999999999,0.893187
186.0,86323619254797487920466332795791126216445907418620989923,25.0,507.0,503.0,0.043277,0.029426,0.029426,0.072703,0.927297
186.0,96229941655765770007029825039522376331365113196946498957,25.0,439.0,424.0,0.066219,0.100426,0.211358,0.27757699999999996,0.722423
186.0,68612351526722038739277226442469049931568086799744053797,25.0,492.0,479.0,0.067546,0.038418,0.11013700000000001,0.177683,0.822317
186.0,68105415306841011876975324285506148265126787018204059721,25.0,684.0,681.0,0.038466,0.026697,0.026697,0.065163,0.934837
186.0,82153452353776642549718572430278706898613500637862573111,25.0,585.0,585.0,0.139849,0.139849,0.0,0.139849,0.860151
186.0,58260742770043455753114412466166256900662844348827175237,25.0,656.0,656.0,0.116759,0.116759,0.0,0.116759,0.8832409999999999
186.0,92398084669964916514251013016603556504210733394779182767,25.0,354.0,350.0,0.074711,0.094474,0.094474,0.169185,0.830815
186.0,85070111672001330371958789558357340118850688442337853217,25.0,406.0,406.0,0.060468,0.060468,0.0,0.060468,0.939532
186.0,77006883355586853676151730714225091231991247740864640619,25.0,409.0,409.0,0.154021,0.154021,0.0,0.154021,0.845979
187.0,185702567469454758545522669141358609758902348939813864093,25.0,539.0,539.0,0.131212,0.131212,0.0,0.131212,0.868788
187.0,179941892859217785606681885687143742888315889414346363689,25.0,1050.0,1050.0,0.098373,0.098373,0.0,0.098373,0.901627
187.0,181526373319561920706249179904543072763946711556143801553,25.0,573.0,565.0,0.0287,0.100791,0.254161,0.28286100000000003,0.717139
187.0,167429568427479950155810682841163388259872915659211758439,25.0,422.0,422.0,0.055362,0.055362,0.0,0.055362,0.944638
187.0,186979504018673334316662054121094588580490052795915527519,25.0,592.0,589.0,0.06367,0.016383,0.032138,0.095808,0.904192
187.0,145169698815553753950995436308896640554249031871232995529,25.0,614.0,610.0,0.077007,0.035284,0.035284,0.112291,0.887709
187.0,189461310023527313299690027067741970827568893636258377063,25.0,776.0,770.0,0.006204,0.008928,0.008928,0.015132,0.984868
187.0,195549547224884539368396804380565596304971046728434683161,25.0,428.0,428.0,0.125739,0.125739,0.0,0.125739,0.874261
187.0,178245846474078559274688392189915797290638577194576694293,25.0,442.0,442.0,0.102662,0.102662,0.0,0.102662,0.897338
187.0,140252436907018775044357018689165543420042260373871440727,25.0,521.0,518.0,0.063983,0.051321,0.051321,0.11530399999999999,0.884696
187.0,192105990641511042361486580149859043063803753731838318981,25.0,824.0,822.0,0.0178,0.048147,0.062795,0.080595,0.919405
187.0,178454889426021172984526500874394848133697897783899319511,25.0,990.0,977.0,0.02249,0.023119,0.061064,0.083554,0.916446
187.0,147793902755095806954444489354226029687835800736294743133,25.0,639.0,639.0,0.072216,0.072216,0.0,0.072216,0.9277839999999999
187.0,181066564675332279473924972484406057203667755771628163519,25.0,421.0,421.0,0.052179,0.052179,0.0,0.052179,0.947821
187.0,168818801318777087057170297997195516793375607488939767557,25.0,444.0,444.0,0.084214,0.084214,0.0,0.084214,0.915786
187.0,163084686989748233415040348211861253938756903626114968719,25.0,416.0,408.0,0.068566,0.141964,0.141964,0.21053,0.78947
187.0,188075731576689556162612507442726713223245640460883288489,25.0,585.0,585.0,0.119336,0.119336,0.0,0.119336,0.880664
187.0,132226185708852638537764772743714220747210366978910886177,25.0,472.0,470.0,0.160821,0.087972,0.087972,0.248793,0.751207
187.0,194698576701919400115040833966319106090888842928840082833,25.0,466.0,466.0,0.075287,0.075287,0.0,0.075287,0.924713
187.0,125253423035716542158322394161648453041038946552062725559,25.0,494.0,494.0,0.016476,0.016476,0.0,0.016476,0.983524
188.0,314224750521702231589078779205748577487125730214151848227,25.0,477.0,477.0,0.088173,0.088173,0.0,0.088173,0.9118269999999999
188.0,214725867801677657763150716044378228025925022271604157093,25.0,377.0,375.0,0.186498,0.098208,0.098208,0.284706,0.715294
188.0,337786569927761505444410838242068306234426938889367376089,25.0,415.0,415.0,0.114215,0.114215,0.0,0.114215,0.885785
188.0,360223106477640603715939086025088234494108141240755800321,25.0,449.0,449.0,0.264126,0.264126,0.0,0.264126,0.7358739999999999
188.0,374124987525817520307508964115960865602386918837898179827,25.0,668.0,648.0,0.054557999999999995,0.041856,0.11832700000000002,0.172885,0.827115
188.0,361989780913006793919620222968747185160737595989089084909,25.0,435.0,426.0,0.046943,0.138319,0.256034,0.302977,0.697023
188.0,317559581118592945343728270732523067627215982144611637637,25.0,399.0,399.0,0.176627,0.176627,0.0,0.176627,0.823373
188.0,379999621526733814982174866558604085395375086537465979591,25.0,408.0,408.0,0.065802,0.065802,0.0,0.065802,0.934198
188.0,366021560344730588643709636731405132352498915207181378779,25.0,441.0,425.0,0.061015,0.042289,0.073527,0.134542,0.8654580000000001
188.0,387944003533460640819952009732254475678414088984486177033,25.0,642.0,642.0,0.083631,0.083631,0.0,0.083631,0.916369
188.0,374845489005902740783352118914562105030081362850475258007,25.0,664.0,664.0,0.080193,0.080193,0.0,0.080193,0.919807
188.0,386515816923087548415772467909907858268131406963172669599,25.0,538.0,538.0,0.085194,0.085194,0.0,0.085194,0.914806
188.0,221106737983069547058303874626625601611876932304469714993,25.0,458.0,458.0,0.044983,0.044983,0.0,0.044983,0.955017
188.0,240210128646608330322236250926839186745574038027417949109,25.0,547.0,536.0,0.038429,0.044443,0.057325,0.095754,0.904246
188.0,318351913440867881282887107239336403432896585513539162139,25.0,458.0,458.0,0.198022,0.198022,0.0,0.198022,0.801978
188.0,378635620380227758123177463104203120047480633879439638329,25.0,488.0,480.0,0.016701,0.064116,0.064116,0.080817,0.919183
188.0,319199732197973078769687558220972231917492453889455575179,25.0,458.0,458.0,0.107168,0.107168,0.0,0.107168,0.892832
188.0,381980473612089531334196860824416470009021634012423067737,25.0,444.0,444.0,0.07561,0.07561,0.0,0.07561,0.92439
188.0,256586033541357135375485125099595006467144223152458416503,25.0,371.0,361.0,0.09469499999999999,0.061563,0.221005,0.3157,0.6843
188.0,353636550421510722509208696720104070107782240230147107101,25.0,514.0,514.0,0.060885,0.060885,0.0,0.060885,0.939115
189.0,408589902288642681578344276763041902416284671692080986377,25.0,403.0,403.0,0.021353,0.021353,0.0,0.021353,0.978647
189.0,646628678273258141372517202145221034603557799378124614201,25.0,539.0,539.0,0.06542,0.06542,0.0,0.06542,0.93458
189.0,592635606571861287284224295593110454631652264655249578353,25.0,514.0,508.0,0.029197,0.01426,0.048265,0.077462,0.922538
189.0,650208432524537748605744087782608274999617116493579199513,25.0,611.0,608.0,0.06813899999999999,0.016643,0.031285,0.09942399999999998,0.900576
189.0,599419609079700662276957964472775050611343385405910300163,25.0,770.0,760.0,0.010928,0.015084,0.023837,0.034765000000000004,0.965235
189.0,591139658903332237066666950704418695507871569867166356959,25.0,508.0,508.0,0.067818,0.067818,0.0,0.067818,0.932182
189.0,759303095841708533868206131077305245572712516145789616107,25.0,419.0,419.0,0.105807,0.105807,0.0,0.105807,0.894193
189.0,723374087894581884780114042666006439305170047096296570421,25.0,396.0,396.0,0.034815,0.034815,0.0,0.034815,0.965185
189.0,642089268364349919722039425710377324200681378773618660631,25.0,537.0,532.0,0.16228399999999998,0.029261,0.029261,0.191545,0.808455
189.0,493458509028245692711455247191997853201057771326056542803,25.0,779.0,779.0,0.185149,0.185149,0.0,0.185149,0.814851
189.0,775267771444101410063934578993845769575953505357992661799,25.0,823.0,808.0,0.015480999999999998,0.009952,0.11013099999999999,0.125612,0.8743879999999999
189.0,525214235994067347101638348805237964788334546789415420243,25.0,657.0,643.0,0.015787,0.03079,0.120193,0.13598,0.86402
189.0,510228484199873332122049098813102378921923672052464278333,25.0,424.0,424.0,0.061926,0.061926,0.0,0.061926,0.938074
189.0,630121824338129668949919059009823882545840337934822277567,25.0,697.0,688.0,0.04167,0.022513,0.158636,0.20030599999999998,0.799694
189.0,755634779781799121353112557954459602771587484582257255551,25.0,408.0,405.0,0.115143,0.07868900000000001,0.11607100000000001,0.231214,0.768786
189.0,612172740703460905652990412541931502012476806243188854431,25.0,623.0,622.0,0.086396,0.019612,0.019612,0.106008,0.893992
189.0,530704707601162495384297467780173501132805319654798984003,25.0,414.0,414.0,0.08043,0.08043,0.0,0.08043,0.91957
189.0,756916004872319657418986856461653189263814971681663763573,25.0,553.0,553.0,0.093384,0.093384,0.0,0.093384,0.906616
189.0,490921607897052107753246264180398217237973784027521089099,25.0,428.0,428.0,0.144149,0.144149,0.0,0.144149,0.855851
189.0,767702133245506513310164240704062695141079949461903447479,25.0,484.0,484.0,0.057523,0.057523,0.0,0.057523,0.942477
190.0,1107697980005560535935691181882881481298971577503883545431,25.0,512.0,512.0,0.206035,0.206035,0.0,0.206035,0.793965
190.0,1447718595714448727207173851527167403200700108585820235931,25.0,405.0,403.0,0.086308,0.015267,0.015267,0.101575,0.898425
190.0,1067595819970828694093593212927706218036137678171084438953,25.0,467.0,465.0,0.021705,0.022587,0.053564,0.075269,0.924731
190.0,1236956916814563958009976698763228455869309463346857145209,25.0,402.0,393.0,0.054344,0.046719,0.046719,0.101063,0.898937
190.0,1303595662239872394152630143462469139534875953977955173719,25.0,955.0,941.0,0.027863,0.015613,0.10379699999999999,0.13166,0.86834
190.0,1436728764183159269584547372484560757421757510937607299719,25.0,427.0,412.0,0.033704,0.029135,0.18025899999999997,0.21396299999999996,0.7860370000000001
190.0,1358738873900145804437909196195927584579190583894624729549,25.0,527.0,510.0,0.079155,0.044542,0.221344,0.300499,0.6995009999999999
190.0,1309414713325066973570726305039978280113478833538624990717,25.0,668.0,668.0,0.012585,0.012585,0.0,0.012585,0.987415
190.0,1119233946195882068749589393936438955574244336504433599743,25.0,548.0,533.0,0.072056,0.0946,0.313076,0.38513200000000003,0.614868
190.0,1391390333131732070825024754648255205953706845753859235761,25.0,871.0,868.0,0.0161,0.016277,0.016277,0.032377,0.967623
190.0,1219405195991088602219964475590713847204090579216876133247,25.0,696.0,687.0,0.073041,0.019136,0.134204,0.20724499999999998,0.792755
190.0,1285952433782265124699401960911465263241667818151785942989,25.0,459.0,459.0,0.095649,0.095649,0.0,0.095649,0.904351
190.0,936281692826227408663886118472398327211075139996831483807,25.0,448.0,439.0,0.14541300000000001,0.039994,0.145765,0.29117800000000005,0.708822
190.0,1495152348884655255748854019985088902044523205603769307549,25.0,498.0,498.0,0.017869,0.017869,0.0,0.017869,0.982131
190.0,1543054376408543181151756345226381442258117792563593031941,25.0,464.0,464.0,0.118603,0.118603,0.0,0.118603,0.881397
190.0,1197900039859831281860297786593556759105357856705065296097,25.0,371.0,371.0,0.085478,0.085478,0.0,0.085478,0.9145220000000001
190.0,1325762643789188253480076014106355323863094856768820242033,25.0,414.0,405.0,0.039548,0.023785,0.048389,0.087937,0.912063
190.0,1549503894836788136271053205345052692884272523599834807513,25.0,515.0,492.0,0.067748,0.035874,0.4572929999999999,0.5250409999999999,0.47495900000000013
190.0,1371820001327266974371651800423316814650750283162857664521,25.0,400.0,391.0,0.024254,0.082406,0.182828,0.207082,0.792918
190.0,1319759631078608755615705806993244756656084597458744780879,25.0,486.0,478.0,0.019602,0.029135,0.047931,0.06753300000000001,0.9324669999999999
191.0,2180877054471620294689724695606846212849552332318992940407,25.0,468.0,468.0,0.053359,0.053359,0.0,0.053359,0.946641
191.0,1606385381360148813307516689773707722363849418834436678389,25.0,425.0,413.0,0.084098,0.068425,0.20393299999999998,0.288031,0.7119690000000001
191.0,2738991831553984659353836548560279154535043688289688027603,25.0,420.0,420.0,0.15263,0.15263,0.0,0.15263,0.84737
191.0,2021640631374636353782008830324840969777513038468864748759,25.0,631.0,631.0,0.03714,0.03714,0.0,0.03714,0.96286
191.0,2105598972222103150968007207241144213000505023620025661667,25.0,425.0,422.0,0.025818,0.025618,0.025618,0.051435999999999996,0.948564
191.0,2954552227750152336095183292848417913001395070298811029879,25.0,585.0,585.0,0.030241,0.030241,0.0,0.030241,0.969759
191.0,2604823021534871940153658516882468145972589783978202484923,25.0,491.0,483.0,0.031798,0.033582,0.125949,0.157747,0.842253
191.0,2697799617327879157081712621189446951709202892838110789249,25.0,1094.0,1094.0,0.109003,0.109003,0.0,0.109003,0.890997
191.0,2749750578464362511041140809468842163052814508247072125809,25.0,688.0,688.0,0.070639,0.070639,0.0,0.070639,0.929361
191.0,2810254725646498720414994000029322939731083303115400227283,25.0,583.0,583.0,0.044499,0.044499,0.0,0.044499,0.955501
191.0,2919723125927389511356972449231841889026550065177689782341,25.0,584.0,584.0,0.013018,0.013018,0.0,0.013018,0.986982
191.0,2384759410471810319375657922573509817577252181814221416381,25.0,527.0,527.0,0.020031,0.020031,0.0,0.020031,0.979969
191.0,2870902859138464144898136609805487079043674281379484515257,25.0,535.0,532.0,0.100551,0.052454,0.052454,0.153005,0.8469949999999999
191.0,2531428612228677358426023750691561085464553004835817283823,25.0,664.0,662.0,0.017417000000000002,0.004466,0.017742,0.035159,0.964841
191.0,2569199376454128229458263634674647272803671413063904093681,25.0,459.0,459.0,0.018382,0.018382,0.0,0.018382,0.981618
191.0,2077139403037075257284520813457747381680630617898050789129,25.0,579.0,572.0,0.015264,0.040817,0.077895,0.093159,0.906841
191.0,2599527300982831600647840629042688948539972657946504879419,25.0,723.0,721.0,0.026387,0.077093,0.077093,0.10347999999999999,0.89652
191.0,2939945259852704861237884063321703407639606324099970984489,25.0,502.0,496.0,0.145128,0.133594,0.133594,0.278722,0.721278
191.0,2806787067261975292631801717103764100516337005958274854877,25.0,861.0,861.0,0.091051,0.091051,0.0,0.091051,0.908949
191.0,3102854422286895681399386946361481173908793767638701190957,25.0,526.0,526.0,0.117793,0.117793,0.0,0.117793,0.882207
192.0,6053136549975215707114861824618604186550967571524618556511,25.0,556.0,556.0,0.123782,0.123782,0.0,0.123782,0.8762179999999999
192.0,5772223899679240100865858833866067485733365743633882768503,25.0,383.0,383.0,0.048684,0.048684,0.0,0.048684,0.951316
192.0,4939008137476552065240184537828644764133517214756158762829,25.0,455.0,455.0,0.047338,0.047338,0.0,0.047338,0.952662
192.0,6212435194276394115763543059243494938563033646586224859629,25.0,544.0,544.0,0.056168,0.056168,0.0,0.056168,0.943832
192.0,3874204338182140753502701838530384426297759523506113427483,25.0,637.0,632.0,0.009066,0.015055,0.054736,0.063802,0.936198
192.0,3347208880492337566130653746802735549578109517894379499733,25.0,771.0,771.0,0.031654,0.031654,0.0,0.031654,0.968346
192.0,4306083721119286908591380042584606571729048503575164227711,25.0,496.0,467.0,0.06403400000000001,0.084473,0.249962,0.313996,0.6860040000000001
192.0,5163763031624406920207830805702663059843081289928205028959,25.0,633.0,615.0,0.015041,0.022841,0.074245,0.089286,0.910714
192.0,6130364660359904866071451106195076205876004972250032444803,25.0,501.0,493.0,0.04117,0.100635,0.100635,0.14180500000000001,0.858195
192.0,6254696907579855069014156880599952401895926775151729298633,25.0,574.0,562.0,0.033544,0.054542,0.170484,0.204028,0.795972
192.0,4873661477686905481674696353544486097679453418713697857441,25.0,1094.0,1082.0,0.07609,0.011913,0.06748,0.14357,0.85643
192.0,5412175546964427994074789034451167835889491793324688758467,25.0,782.0,774.0,0.083209,0.031236,0.031236,0.114445,0.885555
192.0,5910884209390437413999109263981667425861292837036749005609,25.0,552.0,552.0,0.105535,0.105535,0.0,0.105535,0.894465
192.0,4621285287029859947459316813570982113322073918209718266019,25.0,564.0,562.0,0.055048,0.016199,0.016199,0.071247,0.9287529999999999
192.0,5696283951894185144007889520249234417647198158940715431933,25.0,428.0,428.0,0.059184,0.059184,0.0,0.059184,0.940816
192.0,3683958575511235413756595798246241035800834295791075521963,25.0,460.0,460.0,0.042517,0.042517,0.0,0.042517,0.957483
192.0,4468006165118885684913086683109597497945491118316503789123,25.0,1002.0,997.0,0.016905,0.015381,0.015381,0.032286,0.967714
192.0,5488497809815368048793079212529624026388526869419621039691,25.0,550.0,531.0,0.026316,0.050815,0.176663,0.202979,0.797021
192.0,5659542164522658766094858453465847140623734081033257305487,25.0,435.0,435.0,0.084264,0.084264,0.0,0.084264,0.915736
192.0,6149807903410653285967321465976396749348286539647506887699,25.0,615.0,615.0,0.06732,0.06732,0.0,0.06732,0.93268
193.0,9905013207931875527529191960135739218017812814063208578531,25.0,627.0,627.0,0.064822,0.064822,0.0,0.064822,0.935178
193.0,10100483858506872648422975068896319443064533148276380832169,25.0,663.0,663.0,0.089961,0.089961,0.0,0.089961,0.910039
193.0,11663540999446197162723452607497563376895758675776898312369,25.0,496.0,496.0,0.126326,0.126326,0.0,0.126326,0.8736740000000001
193.0,10897749645060145624874358483865606849691424744321528304937,25.0,547.0,547.0,0.050236,0.050236,0.0,0.050236,0.949764
193.0,10565624405515099844116517970763527091130891790570283157137,25.0,473.0,473.0,0.036376,0.036376,0.0,0.036376,0.963624
193.0,12070921450587575263287627747872390786879378063838490617043,25.0,700.0,689.0,0.022734,0.011736,0.011736,0.03447,0.96553
193.0,9664634974777947645604027278555623329607100282762834013441,25.0,500.0,479.0,0.038585,0.042895,0.22957800000000003,0.26816300000000004,0.731837
193.0,12322960193874180073992358693327396906594292112230707610489,25.0,616.0,598.0,0.053366000000000004,0.017665,0.06445000000000001,0.117816,0.882184
193.0,8099708654360452993215966572101668396566826381629301683063,25.0,551.0,551.0,0.145117,0.145117,0.0,0.145117,0.8548830000000001
193.0,11214351833369361189026414622248506634769198922661651441293,25.0,487.0,487.0,0.168475,0.168475,0.0,0.168475,0.831525
193.0,9128073803947130372484141505624445498586637123573747380151,25.0,423.0,423.0,0.061011,0.061011,0.0,0.061011,0.938989
193.0,11312813665303613237304198878301422628970319071234047845347,25.0,701.0,701.0,0.019474,0.019474,0.0,0.019474,0.980526
193.0,11023902979621732752907862575267849055507922142544485438789,25.0,540.0,540.0,0.047612,0.047612,0.0,0.047612,0.952388
193.0,11262927042730954176015822824963334235937052626560568007419,25.0,549.0,549.0,0.068315,0.068315,0.0,0.068315,0.931685
193.0,10857095320997612707420637232964945337144528989105797131153,25.0,822.0,802.0,0.038101,0.043026,0.12901200000000002,0.167113,0.8328869999999999
193.0,10494271519339392909894195833014476236187539413566084429379,25.0,548.0,548.0,0.104452,0.104452,0.0,0.104452,0.895548
193.0,12278064626184964589595523842860542425676931971855436832259,25.0,609.0,609.0,0.042082,0.042082,0.0,0.042082,0.957918
193.0,8482872608322654051369609585269639790901351219221511846733,25.0,473.0,473.0,0.16055,0.16055,0.0,0.16055,0.83945
193.0,7306887098618586073076594877395470343989113832174839245017,25.0,538.0,538.0,0.119786,0.119786,0.0,0.119786,0.880214
193.0,12409265929614063311478379725438459124196359168832063103151,25.0,477.0,477.0,0.088341,0.088341,0.0,0.088341,0.911659
194.0,20683260459467499029277828805303888053838228828420773810227,25.0,658.0,653.0,0.056389,0.074132,0.074132,0.130521,0.869479
194.0,21350469721329597074134362589876985354717072338210358108849,26.0,392.0,391.0,0.075324,0.020812,0.020812,0.096136,0.903864
194.0,18942954816325570836124528681131878336599202626159580306777,25.0,449.0,449.0,0.018295,0.018295,0.0,0.018295,0.981705
194.0,24458941949583565962792372221933150989311549041638920536113,26.0,652.0,649.0,0.075335,0.091823,0.091823,0.167158,0.832842
194.0,21076672769905977070352813226874932564034530295953191284753,25.0,524.0,517.0,0.016215,0.012201,0.012201,0.028416,0.971584
194.0,22249362777783306049117932825890593656249535237757916625729,26.0,407.0,407.0,0.13243,0.13243,0.0,0.13243,0.86757
194.0,23203422452949787679074210878498136594954609999835899906157,26.0,596.0,591.0,0.027645,0.051751,0.051751,0.079396,0.920604
194.0,20868115815896194713106525621357671273079634596135616425361,25.0,601.0,601.0,0.079912,0.079912,0.0,0.079912,0.920088
194.0,23192686299066524320738010687390362447126038875074169556253,26.0,598.0,598.0,0.045213,0.045213,0.0,0.045213,0.954787
194.0,22340054129412896419322214973520037370083718012993281910367,26.0,411.0,409.0,0.059488,0.027602,0.027602,0.08709,0.91291
194.0,23181673086820734631906360554899103585708564817833096064921,26.0,1299.0,1282.0,0.02215,0.04782,0.180624,0.202774,0.797226
194.0,24582599091151675799091021479482934414662039688624223437687,26.0,405.0,405.0,0.086156,0.086156,0.0,0.086156,0.913844
194.0,25065435242975997360701202808292864499688676903327335870541,26.0,486.0,486.0,0.136337,0.136337,0.0,0.136337,0.863663
194.0,18390454080376419958677765335623388001794346466558675435283,25.0,538.0,535.0,0.064715,0.041908,0.041908,0.106623,0.893377
194.0,22922786508061659363842923473806512470282966011733435851431,26.0,1026.0,1026.0,0.073408,0.073408,0.0,0.073408,0.926592
194.0,17061387184720152302891304554226083544383293835520188213651,25.0,452.0,430.0,0.05714999999999999,0.053651,0.26813800000000004,0.325288,0.674712
194.0,18618516616598255372519874377476542080222536021373325270311,25.0,461.0,461.0,0.09515,0.09515,0.0,0.09515,0.90485
194.0,21282237135538130116514856262480953933294724963389201954481,26.0,510.0,510.0,0.061354,0.061354,0.0,0.061354,0.938646
194.0,20522969516655873169000695377445575228468042248954518479057,25.0,532.0,530.0,0.043146,0.070215,0.070215,0.11336099999999999,0.886639
194.0,14989350088210543607482262847185984320363092765497004877451,25.0,632.0,627.0,0.029835,0.046488,0.085922,0.115757,0.884243
195.0,43040604789452163741387408621112136409598757059035661677893,26.0,565.0,550.0,0.065134,0.025327,0.07747099999999998,0.14260499999999998,0.857395
195.0,49088991794939140574010539690236171966040109026993415914269,26.0,431.0,431.0,0.047237,0.047237,0.0,0.047237,0.952763
195.0,48300749567102905436273718192442740995408307546941115427897,26.0,488.0,482.0,0.048378,0.026049,0.026049,0.074427,0.925573
195.0,48906073225085902924815189872988257194974124450370814611651,26.0,413.0,406.0,0.092331,0.042084,0.06311900000000001,0.15545,0.84455
195.0,36863086582293400960306820600939234657564365893479938560799,26.0,702.0,695.0,0.031349,0.050898,0.050898,0.082247,0.917753
195.0,39520094337921324612196662792851626492332520911673811699729,26.0,878.0,861.0,0.012152,0.04456,0.09854000000000002,0.11069200000000001,0.889308
195.0,48712327583936410948919472729136236367597407084610635272833,26.0,459.0,459.0,0.030223,0.030223,0.0,0.030223,0.969777
195.0,40655326120160876332407096732056168721873529846326635963177,26.0,429.0,425.0,0.041275,0.076062,0.076062,0.117337,0.882663
195.0,49535766793358394398954575009134138350900646325935636614543,26.0,578.0,578.0,0.037428,0.037428,0.0,0.037428,0.962572
195.0,41862719142251391308296850055406978004299551713109836123227,26.0,553.0,553.0,0.033419,0.033419,0.0,0.033419,0.966581
195.0,39425775947292327135017849550127493358385136125831647180659,26.0,452.0,447.0,0.046099,0.018102,0.018102,0.06420100000000001,0.935799
195.0,40030915462863037646967083275653053673838289093488559065567,26.0,593.0,588.0,0.050277,0.061815,0.061815,0.112092,0.887908
195.0,40570734708690516020996671408225641495385595046735671957119,26.0,422.0,422.0,0.051652,0.051652,0.0,0.051652,0.948348
195.0,40934085183179492462123851985126002111578252845347853305697,26.0,476.0,476.0,0.07589,0.07589,0.0,0.07589,0.92411
195.0,35128682060529629825193792168573153198841552039371874266881,26.0,441.0,428.0,0.024318,0.031251,0.10552899999999998,0.129847,0.870153
195.0,33386520498533519946398383478624977467807699443830033789513,26.0,557.0,557.0,0.082983,0.082983,0.0,0.082983,0.917017
195.0,40141148770606288794672640695647670636575757821310805897243,26.0,508.0,505.0,0.028775,0.021669,0.032629,0.061404,0.938596
195.0,40490518455055723132909066555944613680023787528271085543291,26.0,555.0,555.0,0.03027,0.03027,0.0,0.03027,0.96973
195.0,47614627301874134935455529116186115164906112363136503150483,26.0,633.0,626.0,0.129702,0.152295,0.152295,0.28199700000000005,0.718003
195.0,34473817038037491202068900808519350419613875057302440357481,26.0,563.0,563.0,0.021048,0.021048,0.0,0.021048,0.978952
196.0,95168415107121660560916881793289203952418490854465168975321,26.0,661.0,661.0,0.103651,0.103651,0.0,0.103651,0.8963490000000001
196.0,90009791547499984548910278716753576073152720702817059055901,26.0,495.0,495.0,0.024105,0.024105,0.0,0.024105,0.975895
196.0,87459073763838296701927301523704259554148918532862184975629,26.0,521.0,521.0,0.070587,0.070587,0.0,0.070587,0.929413
196.0,70309503501777340343079821334567642537559966663221390472973,26.0,455.0,455.0,0.068272,0.068272,0.0,0.068272,0.931728
196.0,95305038515393842196007534454562012255827385548443606952501,26.0,565.0,565.0,0.047036,0.047036,0.0,0.047036,0.952964
196.0,82858880649466251495449216071414702109906561191821038787641,26.0,383.0,383.0,0.045579,0.045579,0.0,0.045579,0.954421
196.0,97083793852684433813008089400054003385653724507596918274297,26.0,649.0,649.0,0.086698,0.086698,0.0,0.086698,0.9133020000000001
196.0,99466774561138218293682307547255032274447325955533021392447,26.0,466.0,466.0,0.092396,0.092396,0.0,0.092396,0.907604
196.0,62333097639089791343889610479116623630492359496474506120427,26.0,804.0,800.0,0.041401,0.022863,0.022863,0.064264,0.935736
196.0,98202769533374705029605057892210661368086364721024686834069,26.0,574.0,572.0,0.028885,0.012875000000000001,0.020795,0.04968,0.95032
196.0,76205915167282914218102341674425274873438928127960827493699,26.0,784.0,784.0,0.020293,0.020293,0.0,0.020293,0.979707
196.0,99735781901275954167800573841902347907225001572434442739617,26.0,685.0,673.0,0.104087,0.088169,0.215337,0.319424,0.6805760000000001
196.0,75523924234554614323219474180414139839611222725124775536109,26.0,456.0,456.0,0.103606,0.103606,0.0,0.103606,0.896394
196.0,98856416133856584127753735193005691636012090201233990732729,26.0,418.0,418.0,0.085373,0.085373,0.0,0.085373,0.914627
196.0,74465721503975476013420915082380026622357493970492148475923,26.0,622.0,600.0,0.027897,0.060358,0.13417900000000002,0.16207600000000003,0.837924
196.0,93695083979722113939155057731935369089046162236564738423191,26.0,531.0,519.0,0.017116,0.032048,0.032048,0.049164,0.950836
196.0,77879392079591903526474505876698267670805166486636028530899,26.0,471.0,471.0,0.179361,0.179361,0.0,0.179361,0.820639
196.0,84229306643800747300264590699152695007580757244203842094811,26.0,543.0,537.0,0.03167,0.023671,0.023671,0.055341,0.944659
196.0,94030668663190317444347187347006250211939496898445186865789,26.0,808.0,808.0,0.060868,0.060868,0.0,0.060868,0.939132
196.0,100248369583162082393739261464041339014101482772776091948201,26.0,428.0,414.0,0.053319,0.133035,0.279755,0.333074,0.666926
197.0,167659105655698882339508182915480992256595774433903924122623,26.0,1512.0,1512.0,0.016827,0.016827,0.0,0.016827,0.983173
197.0,122449747198975822084132001235051055769374123302428745305941,26.0,656.0,652.0,0.005573,0.027903999999999998,0.027903999999999998,0.033477,0.966523
197.0,157771390213784769025733801475620067885551276043484431320057,26.0,498.0,498.0,0.042028,0.042028,0.0,0.042028,0.957972
197.0,195362636325845913268639913567995093493514004135984307800363,26.0,535.0,535.0,0.056922,0.056922,0.0,0.056922,0.943078
197.0,160328182105787324869078655378810538500450812696259544941773,26.0,475.0,475.0,0.064859,0.064859,0.0,0.064859,0.935141
197.0,184970800291752440068635983309521468062368504646083676644033,26.0,628.0,628.0,0.014762,0.014762,0.0,0.014762,0.985238
197.0,164144776080649194883406513297516553025716555924591056615183,26.0,428.0,428.0,0.031668,0.031668,0.0,0.031668,0.968332
197.0,140818764650826975296987375129283355966942621459853255150479,26.0,546.0,546.0,0.026253,0.026253,0.0,0.026253,0.973747
197.0,189022387984517778950705123442972032908094852334290657306231,26.0,426.0,426.0,0.371333,0.371333,0.0,0.371333,0.628667
197.0,172220763612696405396243073018306035394484382521705030045911,26.0,434.0,423.0,0.084141,0.048545,0.17952999999999997,0.263671,0.736329
197.0,154481106607181704446691691500013964555830349483415881254479,26.0,721.0,721.0,0.016943,0.016943,0.0,0.016943,0.983057
197.0,138116520840863501578382275910208792542013786200119809943421,26.0,467.0,467.0,0.049883,0.049883,0.0,0.049883,0.950117
197.0,128167436666847967508432921399395745683533771986744909507099,26.0,464.0,460.0,0.031932,0.055624,0.09047,0.122402,0.877598
197.0,179430245545432323474984038609312519060231752952330260578973,26.0,614.0,614.0,0.020234,0.020234,0.0,0.020234,0.979766
197.0,164907321185035410613697079130730386934791247649211425433501,26.0,622.0,609.0,0.028864,0.017675,0.073707,0.102571,0.897429
197.0,149559974584198894049055200074096371180280008283748787845411,26.0,410.0,410.0,0.311282,0.311282,0.0,0.311282,0.6887179999999999
197.0,141960287108387193832375793429518062558146806429474522246723,26.0,496.0,495.0,0.16469899999999998,0.057101,0.057101,0.2218,0.7782
197.0,117962418323306660486403773161381103053143923297611666689523,26.0,468.0,455.0,0.063063,0.053773,0.122259,0.185322,0.814678
197.0,159003940652452327574248903060253950134870172438916155070369,26.0,665.0,662.0,0.02812,0.071312,0.071312,0.09943199999999999,0.900568
197.0,186310928751907307724815625865601039478473930304908425333493,26.0,796.0,796.0,0.01467,0.01467,0.0,0.01467,0.98533
198.0,358800385741478548379741226608716034844371071935561085305833,26.0,586.0,586.0,0.077132,0.077132,0.0,0.077132,0.922868
198.0,361832547229010809777991703475089455145922714751449984988413,26.0,390.0,390.0,0.088505,0.088505,0.0,0.088505,0.9114949999999999
198.0,366234672716741757435258864069198637471462810470347219616629,26.0,679.0,667.0,0.013329,0.01408,0.01408,0.027409000000000003,0.972591
198.0,381944248262064685581254962871209750407378184907165945167889,26.0,573.0,553.0,0.021667,0.015832,0.14290499999999998,0.16457199999999997,0.8354280000000001
198.0,354687072527494597410093290280585584399421663969934020853223,26.0,573.0,564.0,0.031306,0.15902100000000002,0.48880100000000004,0.5201070000000001,0.4798929999999999
198.0,379245416457437245542302776449664948360818185536921628076539,26.0,397.0,397.0,0.077468,0.077468,0.0,0.077468,0.922532
198.0,276003453857523809899467677088049878845070200584331936691041,26.0,521.0,496.0,0.052709,0.054771,0.158957,0.211666,0.788334
198.0,209990048987204577494427221770767574738889930041728156874193,26.0,582.0,582.0,0.070705,0.070705,0.0,0.070705,0.929295
198.0,256901948110234610129862767369945243180538397102365122358427,26.0,463.0,449.0,0.041364,0.023189,0.023189,0.064553,0.935447
198.0,392896855902880253325160541666344098709384930507930453171681,26.0,458.0,452.0,0.060114,0.07782,0.15926400000000002,0.21937800000000002,0.7806219999999999
198.0,261148592887412956171116968549303549257459540886776423198739,26.0,491.0,483.0,0.03504,0.011642,0.043973,0.079013,0.920987
198.0,380307295207752593087679241538739081357344508076536875023627,26.0,558.0,558.0,0.107252,0.107252,0.0,0.107252,0.892748
198.0,388299617663319746972489463784551990330983404458676571447693,26.0,495.0,495.0,0.014626,0.014626,0.0,0.014626,0.985374
198.0,328573357774619762260295479993442675189590010826879831896677,26.0,516.0,516.0,0.031651,0.031651,0.0,0.031651,0.968349
198.0,345095965742713044505246800463174842475462680793869138019261,26.0,457.0,453.0,0.089988,0.067932,0.067932,0.15792,0.8420799999999999
198.0,292581670931790651470491827458218900376775743841380672403887,26.0,498.0,494.0,0.034981,0.009583,0.019396999999999998,0.054377999999999996,0.945622
198.0,390539114582262272077001713638342490864897532470034331261247,26.0,456.0,456.0,0.08027,0.08027,0.0,0.08027,0.91973
198.0,360504086773559647539204736208829484928785732049355565383643,26.0,386.0,386.0,0.162155,0.162155,0.0,0.162155,0.837845
198.0,235950558879078260282437419803935172239069320587333159451019,26.0,535.0,525.0,0.134744,0.032382,0.13742300000000002,0.27216700000000005,0.727833
198.0,398227691324642613283526129594013507506766970246599454997939,26.0,640.0,639.0,0.06589300000000001,0.019762,0.019762,0.08565500000000001,0.914345
199.0,754357335704061312767906283574368857849729996361323767853021,26.0,543.0,543.0,0.171851,0.171851,0.0,0.171851,0.828149
199.0,740449135866891063702563724186205751814739503564925633250647,26.0,442.0,442.0,0.068573,0.068573,0.0,0.068573,0.931427
199.0,783572025208462059459081331520531102495696274404533915350617,26.0,489.0,489.0,0.081406,0.081406,0.0,0.081406,0.918594
199.0,689619749063096498116944459976173154436509257531702365821471,26.0,572.0,572.0,0.037476,0.037476,0.0,0.037476,0.962524
199.0,792261444591087612509889756571590671010253289767476929883959,26.0,684.0,684.0,0.075236,0.075236,0.0,0.075236,0.924764
199.0,485165244720747932715066275346273892339756962905587028338027,26.0,448.0,444.0,0.089152,0.017338,0.017338,0.10649,0.89351
199.0,701425127964276666799904563003747018572056891360383272760451,26.0,1086.0,1072.0,0.035954,0.025827,0.10585500000000002,0.14180900000000002,0.8581909999999999
199.0,790893896840481035276180066252113476643190200344778153065643,26.0,913.0,913.0,0.006427,0.006427,0.0,0.006427,0.993573
199.0,763536298621525364342165189094083117188952849209780027677679,26.0,583.0,583.0,0.011855,0.011855,0.0,0.011855,0.988145
199.0,613617912594322713495151233564022371433770815044783317065269,26.0,811.0,808.0,0.039789,0.009362,0.009362,0.049151,0.950849
199.0,701969238772333138157522384223588554623546191713496616248319,26.0,461.0,457.0,0.015397,0.034705,0.034705,0.050102,0.949898
199.0,659743727985962787654640554658683537620374805989756454087933,26.0,677.0,668.0,0.026449,0.028169,0.070723,0.097172,0.902828
199.0,690360274208079369250317450856211794224002008122073050016637,26.0,512.0,512.0,0.251383,0.251383,0.0,0.251383,0.748617
199.0,500887070634424955740905032565576942995006631697841024678317,26.0,488.0,488.0,0.078248,0.078248,0.0,0.078248,0.921752
199.0,562515533415072305976115813906881843805019952700501666255663,26.0,474.0,474.0,0.034048,0.034048,0.0,0.034048,0.965952
199.0,687386421009493082281833809951506042909624825066468351426301,26.0,419.0,409.0,0.062146,0.036256,0.036256,0.09840199999999999,0.901598
199.0,627831828857047974697867855909832323916998184071016955354641,26.0,552.0,552.0,0.065091,0.065091,0.0,0.065091,0.934909
199.0,531493718748199409115070187956201803475378862922781030803881,26.0,503.0,493.0,0.030462999999999997,0.050234,0.20041699999999998,0.23087999999999997,0.76912
199.0,764298723870080571982440894112670628624228896767629734930611,26.0,420.0,420.0,0.136902,0.136902,0.0,0.136902,0.863098
199.0,563561550095967293743840793623207928679303836705271230763571,26.0,746.0,746.0,0.012298,0.012298,0.0,0.012298,0.987702
200.0,1295789132477604807715877944458947246775511838525972200835657,26.0,615.0,615.0,0.04279,0.04279,0.0,0.04279,0.95721
200.0,1580265433117145949318612574335473147379586407902007615572209,26.0,548.0,548.0,0.068797,0.068797,0.0,0.068797,0.931203
200.0,1031264165415914398404034296717937295434353057321618942293977,26.0,641.0,641.0,0.032112,0.032112,0.0,0.032112,0.967888
200.0,942274183107708126744367799889859979943002828490182769563693,26.0,704.0,704.0,0.014739,0.014739,0.0,0.014739,0.985261
200.0,1243256742262564810336975229173603901549307573958804818142771,26.0,583.0,576.0,0.003902,0.008368,0.020074,0.023976,0.976024
200.0,1332260463557925975266900697251791362056896106900938778652773,26.0,677.0,677.0,0.070118,0.070118,0.0,0.070118,0.929882
200.0,1534546510819566200886924830244913417667526810936895301477933,26.0,422.0,422.0,0.043492,0.043492,0.0,0.043492,0.956508
200.0,1457315434423192483527568367362496447605043071246754450536801,26.0,575.0,555.0,0.056038000000000004,0.05545,0.232488,0.288526,0.7114739999999999
200.0,1515478547137402687976907484166669091143375006869904371011019,26.0,566.0,561.0,0.039504,0.026401,0.063711,0.103215,0.8967849999999999
200.0,1328401728722624823335450602027897002059084341229046226740677,26.0,490.0,490.0,0.024173,0.024173,0.0,0.024173,0.975827
200.0,1069405338840333297089210313682851116995000495488370707114107,26.0,852.0,852.0,0.169365,0.169365,0.0,0.169365,0.830635
200.0,1577668914616112972976239927299568044527242009386300299995513,26.0,1004.0,995.0,0.038515,0.007681,0.024201,0.062716,0.937284
200.0,924932144930952159695588929751342486737404577556159754527249,26.0,431.0,431.0,0.023127,0.023127,0.0,0.023127,0.976873
200.0,1430455149298665257668430782969274466789353299446322896956953,26.0,446.0,446.0,0.023954,0.023954,0.0,0.023954,0.976046
200.0,1471759896903796862187242593818058236014421372969552658348613,26.0,844.0,844.0,0.033596,0.033596,0.0,0.033596,0.966404
200.0,1024997524686414507856278528573582273997937245288256214142637,26.0,547.0,547.0,0.112185,0.112185,0.0,0.112185,0.887815
200.0,1269662956978065591146754145192337292773571460456699566030607,26.0,523.0,523.0,0.028795,0.028795,0.0,0.028795,0.971205
200.0,1251023694717248924976673861910298094342092199701445949798563,26.0,692.0,688.0,0.027584,0.013689,0.013689,0.041273000000000004,0.958727
200.0,1165094867829338354631660035180329869977597764175158753523867,26.0,540.0,540.0,0.034325,0.034325,0.0,0.034325,0.965675
200.0,1245161625256545119714043746004026254459007086115269518670777,26.0,632.0,632.0,0.031507,0.031507,0.0,0.031507,0.968493
