Bit_length,N,Lattice_dimension,|b_op - t|^2,|vbest - t|^2,P(b_op),P(vbest),P(|vnew - t|^2 < |b_op - t|^2),P(|vnew - t|^2 <= |b_op - t|^2),P(|vnew - t|^2 > |b_op - t|^2)
150,1268771206145175299492684899681878877410684841,21,728,728,0.000101,0.000101,0.0,0.000101,0.999899
150,1403762530472620237905076428332939916844331359,21,310,297,0.000715,0.000117,0.000137,0.000852,0.999148
150,918882917500502786903408324526441238854631741,21,407,397,7.4e-05,0.000138,0.000138,0.000212,0.999788
150,1044411862674117053622929515451672202864979129,21,397,397,8e-05,8e-05,0.0,8e-05,0.99992
150,1199592981228806239321120961178599459097610483,21,601,601,4.6e-05,4.6e-05,0.0,4.6e-05,0.999954
150,912632394066698132144971044037258218777602291,21,384,384,0.001976,0.001976,0.0,0.001976,0.998024
150,1033085278351720441874660444922199074374033881,21,454,454,5.1e-05,5.1e-05,0.0,5.1e-05,0.999949
150,1039667922595230805682141254323399644574814367,21,704,702,0.000608,0.000897,0.000897,0.001505,0.998495
150,1076261801716221769627743498540654753005411033,21,605,584,0.000368,0.000175,0.0024230000000000007,0.0027910000000000005,0.997209
150,868981675879730421007669707059890716656754209,21,391,391,0.000118,0.000118,0.0,0.000118,0.999882
150,1198940008513470371886998720870433706529677289,21,318,309,0.000972,0.000391,0.001918,0.00289,0.99711
150,1001065868810988745766471076060380006588792189,21,391,391,0.000248,0.000248,0.0,0.000248,0.999752
150,1018523197675518130041140861676478171959383813,21,315,315,0.000388,0.000388,0.0,0.000388,0.999612
150,999406335763551690568793874408994581594369181,21,305,305,0.003243,0.003243,0.0,0.003243,0.996757
150,1386649915270975663546803936212330370020386207,21,333,333,0.000199,0.000199,0.0,0.000199,0.999801
150,1252835724482748605844023934169349660374906087,21,379,379,0.000123,0.000123,0.0,0.000123,0.999877
150,1420753685420564064872708676390123998125705549,21,349,349,0.000304,0.000304,0.0,0.000304,0.999696
150,1076920912535396901213842625717381087368331181,21,417,417,0.000175,0.000175,0.0,0.000175,0.999825
150,1124397583306701037985991208303905429810161357,21,352,352,0.000149,0.000149,0.0,0.000149,0.999851
150,1130353955473240791783568532060655958732460941,21,408,408,0.00036,0.00036,0.0,0.00036,0.99964
151,2363319035074246419340419055739401443130238059,21,544,505,0.000154,2.4e-05,0.0015959999999999998,0.0017499999999999998,0.99825
151,2471201957583473321167345886570639941825218311,21,396,396,0.00029,0.00029,0.0,0.00029,0.99971
151,2315715608364087921901708175621836301416617007,21,292,292,6.6e-05,6.6e-05,0.0,6.6e-05,0.999934
151,2763171157217537386323259861099914830334818519,21,613,595,7e-06,2.4e-05,2.4e-05,3.1e-05,0.999969
151,1758775630326182635026447808028302358291781499,21,296,296,0.000474,0.000474,0.0,0.000474,0.999526
151,2188378164211148987192836592303698338909975503,21,332,318,0.00026,0.000198,0.000198,0.00045799999999999997,0.999542
151,1829627983140478483810934234803641664206450619,21,355,355,7.1e-05,7.1e-05,0.0,7.1e-05,0.999929
151,1569735030968914361557174823910579735657956107,21,310,304,0.000407,0.000123,0.000123,0.0005300000000000001,0.99947
151,2843239852874861508784440371081621911410347591,21,581,581,0.000154,0.000154,0.0,0.000154,0.999846
151,2624675574003230296718034974584383454961661761,21,577,577,0.000152,0.000152,0.0,0.000152,0.999848
151,1746328694271824837631752461766830788699201941,21,497,492,2e-05,2.1e-05,5.7e-05,7.7e-05,0.999923
151,2456234120258232727729365675070691784694223131,21,661,651,0.00017099999999999998,2.2e-05,0.000155,0.000326,0.999674
151,2689914182894566195371701173819301836708498979,21,414,397,0.000549,0.000201,0.003983999999999999,0.004532999999999999,0.995467
151,2472879649799491864465871187917726124213054643,21,388,383,7.1e-05,0.000107,0.000107,0.000178,0.999822
151,2641928437820330089399895839369416426912654047,21,603,596,0.001263,0.000378,0.000378,0.001641,0.998359
151,2217024583566038902931835040749210710155293863,21,329,329,0.00098,0.00098,0.0,0.00098,0.99902
151,2795955547593262531562466415054318143278579719,21,418,393,6.1e-05,9e-06,0.000187,0.000248,0.999752
151,2754384674264655946791346511962590129499967297,21,527,527,0.000275,0.000275,0.0,0.000275,0.999725
151,1922698035563121141756137662031262831101446511,21,321,321,0.000153,0.000153,0.0,0.000153,0.999847
151,2578633082003778088940013102956628479805360761,21,526,526,1.1e-05,1.1e-05,0.0,1.1e-05,0.999989
152,3650146379785934850995660671580553841765454981,21,332,327,0.000283,0.000256,0.000625,0.000908,0.999092
152,4447694107941335768274189003948589146948883409,21,397,397,0.001499,0.001499,0.0,0.001499,0.998501
152,5304044781028480773455459789567804501864780699,21,391,379,0.000701,0.000229,0.000229,0.00093,0.99907
152,5225791236691602749703859113684043992716841463,21,404,404,4e-06,4e-06,0.0,4e-06,0.999996
152,5425403301002418901669361546561888615280596761,21,404,374,0.001047,0.000274,0.0023799999999999997,0.0034269999999999995,0.996573
152,5202335230032226630491022567996748864390119873,21,446,446,0.0004,0.0004,0.0,0.0004,0.9996
152,4003774395708740189647636396775460720094087057,21,338,333,0.00017900000000000001,3.1e-05,3.1e-05,0.00021,0.99979
152,5276249290787396224699127825641594167433771223,21,372,372,0.000335,0.000335,0.0,0.000335,0.999665
152,4381176969443188923764265381058182084891594073,21,455,455,0.000452,0.000452,0.0,0.000452,0.999548
152,5541991812747053012003965966406093820220699999,21,301,301,0.000629,0.000629,0.0,0.000629,0.999371
152,5648300508047326241541247933495397085050508533,21,379,379,0.000161,0.000161,0.0,0.000161,0.999839
152,4837654055687374110886315087296888936559582543,21,331,291,0.001027,0.000138,0.002417,0.003444,0.996556
152,3169527753809835033737422227494034075208154897,21,365,365,0.000212,0.000212,0.0,0.000212,0.999788
152,4751384359859390003700613749548751936187354063,21,353,353,0.001248,0.001248,0.0,0.001248,0.998752
152,5115713692797196694227360148049458957592665221,21,314,307,0.000448,0.000249,0.000744,0.001192,0.998808
152,5377906651632174967507002058972880963848446937,21,461,451,0.001688,0.000695,0.000695,0.002383,0.997617
152,4794192939950703723191510856383251915586655239,21,375,375,0.000167,0.000167,0.0,0.000167,0.999833
152,4098436965705153817981088577951066512799793241,21,486,467,0.001176,0.000576,0.000576,0.001752,0.998248
152,4397317578261604652631366972202456990923173239,21,607,602,0.000146,9.3e-05,9.3e-05,0.000239,0.999761
152,5641409895201969238429625932613600677431973529,21,369,358,0.000251,0.000512,0.0007109999999999999,0.000962,0.999038
153,7688734886215973313958737522072259896979469359,21,488,488,0.000884,0.000884,0.0,0.000884,0.999116
153,9965367899123149749669237053467022764500819709,21,364,340,0.000101,4.5e-05,0.00021500000000000002,0.00031600000000000004,0.999684
153,8648715940089396413954292296253489279668879831,21,364,355,0.000298,0.000549,0.0009040000000000001,0.001202,0.998798
153,9992486217185404533285574560152593379868586411,21,312,303,0.000829,0.00046,0.00046,0.001289,0.998711
153,8752395201001776336645971436266201719253038903,21,273,273,0.000282,0.000282,0.0,0.000282,0.999718
153,10307828778112676279744687232183733883997747787,21,304,304,0.000313,0.000313,0.0,0.000313,0.999687
153,8927473020776419491333060829150295244420281503,21,499,462,0.000662,8.1e-05,0.001725,0.0023870000000000002,0.997613
153,7853849523366438727173539795218496833560636149,21,509,489,0.00011,0.000137,0.000504,0.000614,0.999386
153,8674604146514496475964987674111780570888473743,21,283,283,7.2e-05,7.2e-05,0.0,7.2e-05,0.999928
153,8982522494550749295857332138146435777716539013,21,326,326,0.000114,0.000114,0.0,0.000114,0.999886
153,7465338556163117004724110416934405812498881597,21,443,443,0.001324,0.001324,0.0,0.001324,0.998676
153,9002256784614521734062834292945636253381789701,21,482,471,0.000141,0.000396,0.000396,0.0005369999999999999,0.999463
153,9730043924092499024899737640031060516457357727,21,518,518,0.000389,0.000389,0.0,0.000389,0.999611
153,7772785559916630760629013439531712505833223283,21,335,335,0.002602,0.002602,0.0,0.002602,0.997398
153,6331403492532550906969515225158616949065412553,21,348,340,1.2e-05,5.5e-05,5.5e-05,6.7e-05,0.999933
153,9499729964075602707801866275682306216169333647,21,580,580,0.000521,0.000521,0.0,0.000521,0.999479
153,10623137933847890583214243354934109612727566337,21,398,398,0.00045,0.00045,0.0,0.00045,0.99955
153,8298489176359263229418112630907164868713161869,21,425,425,0.000527,0.000527,0.0,0.000527,0.999473
153,10423403876173039960502215978962041272294895987,21,351,351,7.4e-05,7.4e-05,0.0,7.4e-05,0.999926
153,11331438524408402513759859710883003140234689001,21,566,555,1e-05,8.3e-05,0.000199,0.000209,0.999791
154,20144352470088160067192230120293841747066127093,21,398,394,0.000263,3e-05,3e-05,0.000293,0.999707
154,13741129409913179912586613425642421907057677927,21,331,331,0.003865,0.003865,0.0,0.003865,0.996135
154,22555697926472858658256090868373281917048139777,21,484,480,0.000107,1.8e-05,0.00017099999999999998,0.000278,0.999722
154,21622466558921334027105350728738281221011715713,21,470,470,0.000754,0.000754,0.0,0.000754,0.999246
154,22717282832414613486487854671615889194348202509,21,432,432,2.7e-05,2.7e-05,0.0,2.7e-05,0.999973
154,15553662272752172389304818266535674850670048197,21,324,324,0.000321,0.000321,0.0,0.000321,0.999679
154,16287234057599780494928529944429983938735953333,21,356,338,0.003467,0.00033,0.001995,0.005462,0.994538
154,20227306669577710217883266196429106847542507013,21,591,591,0.000157,0.000157,0.0,0.000157,0.999843
154,18361999857484992568400964915559137162309312233,21,359,359,0.000138,0.000138,0.0,0.000138,0.999862
154,17615067981495998635949724796624661825505231481,21,515,475,0.000831,0.000336,0.0059960000000000005,0.006827000000000001,0.993173
154,16965780184675510815549338206501125311473383031,21,416,416,7.4e-05,7.4e-05,0.0,7.4e-05,0.999926
154,17145713058305669983102778787612006911670513347,21,475,452,0.000139,0.000102,0.000102,0.000241,0.999759
154,20285317985568063024579677341972941193428143231,21,300,300,0.000732,0.000732,0.0,0.000732,0.999268
154,19892574816341431255761561129070142233703448899,21,484,484,0.000104,0.000104,0.0,0.000104,0.999896
154,14482484907695104154754286426816369245597742123,21,429,429,0.000167,0.000167,0.0,0.000167,0.999833
154,21308599822779449843544699903616188167691769657,21,446,427,5.1e-05,5.9e-05,5.9e-05,0.00010999999999999999,0.99989
154,19652552707990061015357354059734076466348869901,21,368,368,0.000272,0.000272,0.0,0.000272,0.999728
154,15836062588559999481222001755306755400249974411,21,351,348,0.000148,0.000201,0.000201,0.000349,0.999651
154,17640605793899812190237760431948486244893089589,21,390,390,0.000118,0.000118,0.0,0.000118,0.999882
154,13200322048523091361380223530828151918467232499,21,285,277,0.000148,2.2e-05,2.2e-05,0.00016999999999999999,0.99983
155,31340595875958809044343360964929799034189512361,21,438,436,0.00031,0.000157,0.000157,0.00046699999999999997,0.999533
155,33883679322606457824492978417378120332359598171,21,356,350,0.0014810000000000001,0.000517,0.000517,0.001998,0.998002
155,38431961138800983210425437779183955699273663877,21,536,536,4.3e-05,4.3e-05,0.0,4.3e-05,0.999957
155,44842574992398006827792831817449122409176524571,21,385,377,0.000295,0.000188,0.00039,0.0006850000000000001,0.999315
155,44479412022428483167051033854365771430317272061,21,544,544,0.000766,0.000766,0.0,0.000766,0.999234
155,39653904137769014668557378511260469269135182431,21,326,299,0.000169,8.8e-05,0.00071,0.000879,0.999121
155,36615548944643269126239193831815135044946113087,21,338,329,0.00112,0.000368,0.000368,0.001488,0.998512
155,35728624388846244763032748679732750007278619919,21,328,328,0.000189,0.000189,0.0,0.000189,0.999811
155,39471143362465673450737740007926815837598407923,21,455,439,0.001494,8.3e-05,0.0019949999999999994,0.0034889999999999995,0.996511
155,43620356160753924413764228467447052158522613007,21,452,431,0.000171,0.000197,0.000197,0.000368,0.999632
155,29666396188587728462615862057347321613786496027,21,547,545,0.000315,4.9e-05,4.9e-05,0.000364,0.999636
155,41677893527522320684434778067984642792936350873,21,527,494,0.000112,5.2e-05,0.000573,0.0006850000000000001,0.999315
155,32675536969479286942701324674137910119680337459,21,332,332,0.000921,0.000921,0.0,0.000921,0.999079
155,44919866654372607559021538428305729263662282117,21,528,528,0.000469,0.000469,0.0,0.000469,0.999531
155,36452200589072916411983425394632165549777886227,21,468,468,0.000155,0.000155,0.0,0.000155,0.999845
155,33203524258924130270853246380045741567145994259,21,443,434,0.0015110000000000002,0.000556,0.000556,0.0020670000000000003,0.997933
155,36946503351030864812990481678628454987070959527,21,394,364,0.00036300000000000004,7.9e-05,0.0027240000000000003,0.0030870000000000003,0.996913
155,44458044889519333576801527839740244268692202469,21,636,623,2e-06,8e-06,0.000251,0.00025299999999999997,0.999747
155,36744155090184780124393526442075144163055399837,21,366,366,0.000278,0.000278,0.0,0.000278,0.999722
155,32611265262434541992311659835491097552848382807,21,277,277,9.3e-05,9.3e-05,0.0,9.3e-05,0.999907
156,58842411492108631901824870167723622565249820361,21,541,541,8.1e-05,8.1e-05,0.0,8.1e-05,0.999919
156,58647263901409677188415888297848821138605832667,21,353,338,0.00025,0.001088,0.001088,0.001338,0.998662
156,60691833191625566815713087621249445278906020923,21,443,443,0.000154,0.000154,0.0,0.000154,0.999846
156,83500911560012017920943706628836329963659227611,21,420,420,0.000137,0.000137,0.0,0.000137,0.999863
156,79699952235555146846014724188269022467857700953,21,458,450,0.000194,3.4e-05,3.4e-05,0.000228,0.999772
156,68617923715717279114730426060969764483412652871,21,562,562,3e-06,3e-06,0.0,3e-06,0.999997
156,70292815550175575334435593661308688973972707499,21,329,324,0.00087,0.000371,0.000371,0.001241,0.998759
156,88395906091853951743306426033388820009527178553,21,334,334,0.00035,0.00035,0.0,0.00035,0.99965
156,58490997193338963447736793476829606786651843411,21,361,361,0.000668,0.000668,0.0,0.000668,0.999332
156,88153376653160901709431525294744255033299399513,21,438,438,0.000104,0.000104,0.0,0.000104,0.999896
156,83749952449871415989936799658384575288153567857,21,493,493,0.00015,0.00015,0.0,0.00015,0.99985
156,63215896343305696798861673825073441341593157323,21,286,286,0.000365,0.000365,0.0,0.000365,0.999635
156,68367618624389291832609274122568807692737410747,21,344,344,0.00017,0.00017,0.0,0.00017,0.99983
156,85976042848566498516350067546598036064176697617,21,456,454,0.000364,0.000252,0.000252,0.000616,0.999384
156,77050956204250174763972617362140681574229342091,21,728,728,0.000402,0.000402,0.0,0.000402,0.999598
156,67397778703558464646892241700035691887301648579,21,550,550,8.999999999999999e-05,8.999999999999999e-05,0.0,8.999999999999999e-05,0.99991
156,82158015067987949738815070788850184671973579587,21,403,403,9.4e-05,9.4e-05,0.0,9.4e-05,0.999906
156,55015423047501982644190563451191716439122432951,21,383,382,9.7e-05,0.0001,0.0001,0.00019700000000000002,0.999803
156,85336908532608541436048263259686225667526362047,21,607,607,0.002208,0.002208,0.0,0.002208,0.997792
156,56731211956952175175952662358019177731725234237,21,380,380,7.7e-05,7.7e-05,0.0,7.7e-05,0.999923
157,120282166308024689728299980121863747670916310267,21,434,434,8.2e-05,8.2e-05,0.0,8.2e-05,0.999918
157,120820017068622794622130921127946349513431310843,21,531,507,4.4e-05,5.9999999999999995e-05,0.00025,0.000294,0.999706
157,160354239376266933764514100701359388571858132879,22,426,426,0.000991,0.000991,0.0,0.000991,0.999009
157,178540342865713130388740603822271194677254392441,22,404,400,0.001242,0.000523,0.000523,0.001765,0.998235
157,133758242352280888913921190835052846329897153133,21,484,475,0.000143,0.000428,0.000428,0.000571,0.999429
157,119751792167523699090520105500834166573709024723,21,351,351,0.000447,0.000447,0.0,0.000447,0.999553
157,142866301722166299614859219990227501097218329553,21,429,420,0.000176,3.3e-05,6e-05,0.000236,0.999764
157,159460056477105651797755450704992108220297439993,22,353,353,0.00031,0.00031,0.0,0.00031,0.99969
157,129765827297228317584448178357227745213663923673,21,452,443,7.3e-05,0.00013,0.000212,0.000285,0.999715
157,153041151061952724068377978141007513960278537129,21,515,504,0.000297,0.000346,0.000461,0.000758,0.999242
157,112556148137934308610401610728139436816885032007,21,331,331,0.000233,0.000233,0.0,0.000233,0.999767
157,155016348949192392834761783400231900623445364769,21,555,520,0.000146,0.000139,0.001199,0.001345,0.998655
157,165332485530732496445379876290371501984439220227,22,392,392,9.1e-05,9.1e-05,0.0,9.1e-05,0.999909
157,173008319555191101708826910175525434497734262397,22,287,287,5.5e-05,5.5e-05,0.0,5.5e-05,0.999945
157,143078279358113528954735774091416278002769110083,21,576,544,0.000102,0.000149,0.001034,0.001136,0.998864
157,139537309577365933739952691194841985292959417899,21,283,283,0.000295,0.000295,0.0,0.000295,0.999705
157,150381007425703993922643997626233047809831195563,21,319,304,0.0010990000000000002,0.000144,0.001373,0.0024720000000000002,0.997528
157,125414534553540336555987249708054473022979850233,21,352,352,0.00103,0.00103,0.0,0.00103,0.99897
157,100495160702135079890032717344114075262462068991,21,344,344,0.000793,0.000793,0.0,0.000793,0.999207
157,126081296153973360472994917714723398699218116441,21,780,772,4.4e-05,1.1e-05,5.4e-05,9.8e-05,0.999902
158,244084876567438940415979589793753210761831799169,22,393,390,0.000692,0.000134,0.000134,0.000826,0.999174
158,311889364802148711770367329783808121108240984963,22,427,425,0.001434,0.000749,0.000749,0.002183,0.997817
158,315552892616518612169009766705743992617805242163,22,292,292,0.001008,0.001008,0.0,0.001008,0.998992
158,364568451629159625851465545891850771901219214163,22,374,371,0.001025,0.00039,0.00039,0.001415,0.998585
158,213880798395599609631736184456759089379285659049,22,435,435,0.000282,0.000282,0.0,0.000282,0.999718
158,364596676892949119436289041863521153445811753029,22,520,520,0.000318,0.000318,0.0,0.000318,0.999682
158,215840103126036545942721515629965329944602697057,22,572,561,6.8e-05,7.5e-05,0.00031499999999999996,0.000383,0.999617
158,259043540185824666457272444893607678141566205487,22,346,346,0.00023,0.00023,0.0,0.00023,0.99977
158,311426830077414386887481553693471517445014703609,22,373,367,0.000357,2.8e-05,0.00064,0.000997,0.999003
158,220678872755010770809359894948879428023872635453,22,355,352,0.000123,8.3e-05,8.3e-05,0.00020600000000000002,0.999794
158,324273864736092445034262802970079797120470198979,22,439,439,0.00489,0.00489,0.0,0.00489,0.99511
158,335973439137660892963362517099047189556286786761,22,323,323,0.000106,0.000106,0.0,0.000106,0.999894
158,282449349227109527988465852865060163003324312407,22,324,324,0.000163,0.000163,0.0,0.000163,0.999837
158,208746167169143822300193643710778500356712398063,22,467,462,0.00011099999999999999,8.2e-05,0.000192,0.000303,0.999697
158,334111037801880478290657958251924991420673909189,22,488,488,4.8e-05,4.8e-05,0.0,4.8e-05,0.999952
158,278758463930102758470340608089823158233270489379,22,355,319,0.00071,0.000139,0.000695,0.001405,0.998595
158,334359694784871699894821359716571301393005547539,22,411,399,0.0002,7e-05,0.00023700000000000001,0.000437,0.999563
158,266330340319030988935371369155445034828168547083,22,372,372,3.9e-05,3.9e-05,0.0,3.9e-05,0.999961
158,304296786548695733429639288499877719781617137947,22,580,580,4.4e-05,4.4e-05,0.0,4.4e-05,0.999956
158,363187749995613157299748064319278147359621272623,22,662,662,2.8e-05,2.8e-05,0.0,2.8e-05,0.999972
159,686564447258462630098219799118347627120122126259,22,495,495,5.7e-05,5.7e-05,0.0,5.7e-05,0.999943
159,589551271893462661314759463097397605089591304053,22,483,483,0.000649,0.000649,0.0,0.000649,0.999351
159,631182522272441179585206326884145264567358144641,22,318,300,0.00011,1.1e-05,6.3e-05,0.000173,0.999827
159,436106084503182412560423534629337392438805726397,22,508,508,7.3e-05,7.3e-05,0.0,7.3e-05,0.999927
159,614365874960561724255698902936314085451009978123,22,438,426,4.1e-05,1.4e-05,9.5e-05,0.000136,0.999864
159,652808814800014009591626662453549818193223047839,22,675,675,0.000146,0.000146,0.0,0.000146,0.999854
159,431497693573687811342235449780503037093880478249,22,422,422,0.00024,0.00024,0.0,0.00024,0.99976
159,641417960009003073536715539762385574694132608057,22,318,318,7.8e-05,7.8e-05,0.0,7.8e-05,0.999922
159,556755493522333610334550996104356886728067513937,22,446,446,0.001896,0.001896,0.0,0.001896,0.998104
159,518738300042543123329242792010704876266634471203,22,531,512,0.001747,0.000826,0.000826,0.002573,0.997427
159,622775601463755434010798895296308923399679148479,22,370,367,0.000259,6.5e-05,0.000331,0.00059,0.99941
159,721092743353983610239239300767561842232656810121,22,371,371,0.00029,0.00029,0.0,0.00029,0.99971
159,725700541872878647978311987906512435448724917323,22,360,344,0.000145,6.6e-05,0.000643,0.0007880000000000001,0.999212
159,680792306276738068787445684933623704836521586517,22,402,402,4e-05,4e-05,0.0,4e-05,0.99996
159,609838293034917899422422535971964737888944079431,22,564,554,8.3e-05,0.000133,0.000459,0.000542,0.999458
159,500003566005968344293642166685142120533963613397,22,375,366,0.000152,0.000114,0.0007049999999999999,0.0008569999999999999,0.999143
159,672585552363075626030436013518741587083784197091,22,956,956,6.2e-05,6.2e-05,0.0,6.2e-05,0.999938
159,667853203575891446356676483576275288677930218477,22,369,369,0.000152,0.000152,0.0,0.000152,0.999848
159,452729177399062213984412625994093209513957053659,22,491,490,6e-06,7.2e-05,7.2e-05,7.8e-05,0.999922
159,718517666115847144224280227758502807408113808437,22,604,595,5.4e-05,4.3e-05,4.3e-05,9.7e-05,0.999903
160,1115913240165002032294944939882858364194015937199,22,356,337,4.9e-05,1.8e-05,0.00019700000000000002,0.000246,0.999754
160,1440912770676709848638629792376134253525608074541,22,628,626,2.1e-05,6e-05,6e-05,8.1e-05,0.999919
160,933815358984064483011197510331330335221655664157,22,410,404,1e-05,1.4e-05,0.00019199999999999998,0.00020199999999999998,0.999798
160,969243323728712475535486623630623651719920512731,22,368,368,0.000836,0.000836,0.0,0.000836,0.999164
160,1076466504888089627494905309713319219664710433643,22,374,373,0.000118,3.3e-05,3.3e-05,0.00015099999999999998,0.999849
160,1421116437931458286969196379690998986504855152749,22,564,553,0.000297,0.000368,0.0014449999999999999,0.0017419999999999998,0.998258
160,1172553592352544090305146581654443943982800468347,22,384,384,0.000379,0.000379,0.0,0.000379,0.999621
160,909793617870750937141425081136809004936031725807,22,846,837,0.000222,0.000119,0.000167,0.000389,0.999611
160,1057437110620229076506102833609193814696668318251,22,409,408,0.000506,4.5e-05,4.5e-05,0.0005510000000000001,0.999449
160,1272489506939449407441353102540516266393948251787,22,392,392,0.000133,0.000133,0.0,0.000133,0.999867
160,1080313044916089688695708805273339794814591207951,22,334,334,0.000762,0.000762,0.0,0.000762,0.999238
160,1149353867679185877473020663684612261737991945873,22,322,316,0.001886,0.000764,0.000764,0.00265,0.99735
160,983949157142389589790721652739207946878875195771,22,355,349,6.1e-05,0.000168,0.000168,0.00022899999999999998,0.999771
160,1361143599389480694086689546211220334021828686817,22,405,405,0.002724,0.002724,0.0,0.002724,0.997276
160,1021091838147883904869937336936298707335596006313,22,467,448,0.00023700000000000001,2.3e-05,0.0010659999999999999,0.001303,0.998697
160,1294988162211010208686476509915675738782236322669,22,401,401,0.001792,0.001792,0.0,0.001792,0.998208
160,1122941529731570548110403398235866601161586536011,22,350,350,0.0001,0.0001,0.0,0.0001,0.9999
160,1432805530443255062195929071604085524855630107221,22,361,361,0.000274,0.000274,0.0,0.000274,0.999726
160,1153032896620140114746318270771321999716861546507,22,437,437,0.000152,0.000152,0.0,0.000152,0.999848
160,964310714558373662737593657033125267637818078167,22,374,361,7.9e-05,0.000125,0.000455,0.000534,0.999466
161,2549342994142969438502207735324263431486603124709,22,349,349,0.000634,0.000634,0.0,0.000634,0.999366
161,2681100216348215889829625802961254331665674276717,22,434,433,5.9e-05,1.5e-05,1.5e-05,7.4e-05,0.999926
161,2880298692764464678292391755309173496702002183049,22,454,454,5.3e-05,5.3e-05,0.0,5.3e-05,0.999947
161,1772591985057680454231176923477927954936575167497,22,298,298,0.00023,0.00023,0.0,0.00023,0.99977
161,2083705746610030102470078930728254734269258767559,22,405,405,0.000176,0.000176,0.0,0.000176,0.999824
161,2592051223899969308896255211589583595849607840917,22,531,522,3.7e-05,3.1e-05,9.1e-05,0.000128,0.999872
161,1964444950659050423101133436896095725128026615861,22,320,320,5.2e-05,5.2e-05,0.0,5.2e-05,0.999948
161,2664894503748551145754658751022334263049302504109,22,410,396,0.000218,1.3e-05,5.6e-05,0.000274,0.999726
161,2890667027374661591725712210164725411830649644971,22,453,453,0.000574,0.000574,0.0,0.000574,0.999426
161,2315237919643127678001317504649602348775135239989,22,419,419,0.000538,0.000538,0.0,0.000538,0.999462
161,2263615665739021443959839330064499024174205984757,22,355,353,0.000359,0.000134,0.000134,0.000493,0.999507
161,2715737041694779962072587570440702427479596688267,22,412,399,4.6e-05,7.6e-05,0.00016600000000000002,0.00021200000000000003,0.999788
161,2242913431855633380375884470582819076336280851693,22,563,563,0.000277,0.000277,0.0,0.000277,0.999723
161,2196055705110050413211594819707917380387387874647,22,478,478,0.000347,0.000347,0.0,0.000347,0.999653
161,2386559963764208317133465196705396071874399113177,22,454,454,0.000249,0.000249,0.0,0.000249,0.999751
161,2496018222066887071360307538619052262154796275933,22,460,451,0.000274,0.000141,0.000141,0.000415,0.999585
161,2643999513168057204584957107582487653622472397817,22,473,473,0.000227,0.000227,0.0,0.000227,0.999773
161,2635743115320503461112643487699959884803825828717,22,412,412,0.000437,0.000437,0.0,0.000437,0.999563
161,2825605982926347409937517778879057613012900909681,22,434,433,7.6e-05,0.000105,0.000105,0.000181,0.999819
161,1945681273593238791686785823639092496168175333883,22,455,455,7e-06,7e-06,0.0,7e-06,0.999993
162,5142726192263316119305765044724202366191059020131,22,431,431,0.000313,0.000313,0.0,0.000313,0.999687
162,4356714020119985091707387224305757015484033268083,22,354,354,0.004002,0.004002,0.0,0.004002,0.995998
162,5760088733269586802798761031015562375783053998981,22,411,399,7.7e-05,0.000101,0.000101,0.000178,0.999822
162,5126536210830929842911126218863559555593079772241,22,462,449,0.000322,0.000142,0.000214,0.000536,0.999464
162,4355984306317180250941284630714493550289288293197,22,529,529,4e-06,4e-06,0.0,4e-06,0.999996
162,5372238624316637074604877264416233805336449398107,22,393,381,0.000353,0.000203,0.0007869999999999999,0.00114,0.99886
162,3370953511586955617438834489704567964510236112387,22,366,348,1.6e-05,3.8e-05,7.400000000000001e-05,9e-05,0.99991
162,5654048134438701321190467092520015125597334765619,22,929,919,3.6e-05,4.2e-05,5.6999999999999996e-05,9.3e-05,0.999907
162,5347560175544712010315634817224870510859508906709,22,426,426,0.001701,0.001701,0.0,0.001701,0.998299
162,5736419416140119735836049169364015628764346059723,22,814,797,5.5e-05,5.4e-05,0.00034,0.000395,0.999605
162,4650109252981784028797300655435682334415722439709,22,507,504,0.001443,0.000524,0.000524,0.001967,0.998033
162,4851575313540019468754262146798472592699356416503,22,445,445,0.000187,0.000187,0.0,0.000187,0.999813
162,4620052361353557581946034404083231874642184874639,22,470,462,0.000823,2e-05,2e-05,0.000843,0.999157
162,5522800988337253824728791418632480547260333713827,22,417,417,0.000537,0.000537,0.0,0.000537,0.999463
162,5499586014822265836968576304450001678297022377393,22,658,658,4.9e-05,4.9e-05,0.0,4.9e-05,0.999951
162,3564133393297332356275713734544213713680389996917,22,385,385,0.000153,0.000153,0.0,0.000153,0.999847
162,5515322111725050184603784308918954761722437406837,22,422,413,0.000219,2e-05,2e-05,0.000239,0.999761
162,4485461183490214672847356727639397071039303926699,22,390,390,0.000382,0.000382,0.0,0.000382,0.999618
162,5195480640606091839263058107075820094394110075261,22,379,374,7.6e-05,6e-05,6e-05,0.000136,0.999864
162,5741107958946558148650160180297387601202820663099,22,469,469,0.000241,0.000241,0.0,0.000241,0.999759
163,9747578468936317254902406784741698921811080904511,22,423,408,0.000272,2.6e-05,0.00028399999999999996,0.000556,0.999444
163,10111701947436338618707597112719816959644907307921,22,494,494,6.6e-05,6.6e-05,0.0,6.6e-05,0.999934
163,9500974977324321481710304769960767745184067228853,22,389,383,0.000349,0.000101,0.000101,0.00045000000000000004,0.99955
163,10923265258610933252939304751090963667320491815059,22,370,370,5.5e-05,5.5e-05,0.0,5.5e-05,0.999945
163,6277296598420519157375291811600475171257085054819,22,328,328,0.000137,0.000137,0.0,0.000137,0.999863
163,9231618602773719751425117097585869209969078112883,22,456,449,0.00183,0.000538,0.000928,0.002758,0.997242
163,10035352768951452538707551978057565508665635317309,22,472,465,0.000125,0.000116,0.000116,0.000241,0.999759
163,7654209071367977951897371689264431599631570961337,22,337,337,0.000188,0.000188,0.0,0.000188,0.999812
163,10824194889247063645916265364865318315163275587691,22,393,363,0.000627,0.000589,0.0008500000000000001,0.001477,0.998523
163,7007067855178084077334907729020251703138388423407,22,588,588,1.4e-05,1.4e-05,0.0,1.4e-05,0.999986
163,11563629162960767561469993435982566900206290797341,22,339,339,0.000357,0.000357,0.0,0.000357,0.999643
163,10432647582007091942814866236806348920448169897081,22,412,409,0.000238,0.0001,0.00025,0.00048800000000000004,0.999512
163,11013321740409425001654829975108773198879722323169,22,486,486,0.000117,0.000117,0.0,0.000117,0.999883
163,11388208541060705561819087229232095358667380786273,22,566,566,0.003445,0.003445,0.0,0.003445,0.996555
163,11103735522688372546281614770298463681690271542443,22,512,512,0.000206,0.000206,0.0,0.000206,0.999794
163,8215686036974456744106483973928387713743004968589,22,459,449,0.000292,6.1e-05,6.1e-05,0.000353,0.999647
163,10366420373188722818237768081269384282174284586279,22,524,518,0.000109,0.000174,0.000174,0.000283,0.999717
163,9887493049291697627584648336712714992824228820507,22,384,384,3.5e-05,3.5e-05,0.0,3.5e-05,0.999965
163,11291772697596805962306082330181863662191216703401,22,705,685,0.000138,2.5e-05,0.00034199999999999996,0.00047999999999999996,0.99952
163,8629299483287912574962165393081179705241759373329,22,539,539,0.000328,0.000328,0.0,0.000328,0.999672
164,20210344270042780228524473590981781384374263250651,22,712,674,0.00010400000000000001,3.5e-05,0.0012319999999999998,0.0013359999999999997,0.998664
164,17385754946083473907588211247263282920082635440931,22,449,449,0.000125,0.000125,0.0,0.000125,0.999875
164,15065200337324516365624234372840728893791849883677,22,549,549,0.000953,0.000953,0.0,0.000953,0.999047
164,20001274208685757373389824972298109151192644683421,22,467,444,8.8e-05,3.1e-05,0.000144,0.000232,0.999768
164,23206373050027225840725924288883018652907266761573,22,416,416,0.000434,0.000434,0.0,0.000434,0.999566
164,22025345891505684794425190360346292788092251835117,22,343,343,0.001295,0.001295,0.0,0.001295,0.998705
164,17433500709489283073258616221836367960841092957683,22,417,417,0.00085,0.00085,0.0,0.00085,0.99915
164,20619243792726008996626054260855579390889646661671,22,519,514,0.000402,2.2e-05,0.000257,0.0006590000000000001,0.999341
164,17851954102483708548111820947964979316071559518321,22,520,506,2.3e-05,1e-05,5.4e-05,7.7e-05,0.999923
164,15520227091786292775179646082304899324457570987803,22,414,414,0.000117,0.000117,0.0,0.000117,0.999883
164,21025509716353739955780362583473341923163070100707,22,511,508,1.7e-05,3.8e-05,3.8e-05,5.5e-05,0.999945
164,14498146431977835998639783360838649091026316741701,22,513,513,0.000187,0.000187,0.0,0.000187,0.999813
164,19111791960401045569879778943278968002523890458231,22,326,326,5.4e-05,5.4e-05,0.0,5.4e-05,0.999946
164,16530301572124410378960034538876085010836459672467,22,349,349,0.000122,0.000122,0.0,0.000122,0.999878
164,18221873864190480631751119997397311265906143427919,22,640,640,0.001993,0.001993,0.0,0.001993,0.998007
164,19509002958117864345830026901941875949728480482351,22,679,679,2e-05,2e-05,0.0,2e-05,0.99998
164,22672286378997470934496964350911104497412505665789,22,422,422,0.000287,0.000287,0.0,0.000287,0.999713
164,23046477364042922130498611236049763734841923672321,22,584,571,0.001898,5.8e-05,0.0021119999999999997,0.00401,0.99599
164,17549286263321631100185248104947257910955608889553,22,373,373,0.002292,0.002292,0.0,0.002292,0.997708
164,21059636316678691840527110401614339175235554714931,22,480,480,0.000244,0.000244,0.0,0.000244,0.999756
165,41832933592112304400801943026671467969363831087923,22,360,360,9.6e-05,9.6e-05,0.0,9.6e-05,0.999904
165,35682862411294951100561921127821057964487467339443,22,420,408,0.001258,0.000859,0.000859,0.002117,0.997883
165,42835312913720678185448545784074783359123970744159,22,383,383,0.000342,0.000342,0.0,0.000342,0.999658
165,40881659780738625128558353749592964839279265435171,22,366,364,4.2e-05,5.6e-05,5.6e-05,9.8e-05,0.999902
165,45322494471102900510547891895971824081862698563281,22,360,343,0.000517,0.000363,0.000731,0.001248,0.998752
165,45929128788840959205376511336193947297685265640951,22,950,946,2.7e-05,7e-06,7e-06,3.4e-05,0.999966
165,44489998373490387700600426834275888436763809873019,22,807,807,9e-06,9e-06,0.0,9e-06,0.999991
165,35790092378947652923809024031202004014344249255817,22,484,473,0.000174,0.000236,0.000236,0.00041,0.99959
165,45161106773899709982331683988937842529673051859151,22,517,517,4.6e-05,4.6e-05,0.0,4.6e-05,0.999954
165,41611075822328138418773040753161992670148754649183,22,427,427,2.7e-05,2.7e-05,0.0,2.7e-05,0.999973
165,43893688025396579244143003549941949711112694897597,22,595,595,0.000331,0.000331,0.0,0.000331,0.999669
165,38949108443317524477011125919734633057707138102373,22,460,460,0.00021,0.00021,0.0,0.00021,0.99979
165,44506757530726502698455041633661918108484228681201,22,606,587,0.000135,0.000144,0.0006270000000000001,0.0007620000000000001,0.999238
165,45700176760813962794447132804379570073089321130619,22,452,450,0.000217,6e-05,0.0001,0.000317,0.999683
165,36717319074712975178793976563482551630954666600147,22,518,518,5e-05,5e-05,0.0,5e-05,0.99995
165,40081717737177734357477768258828819203380673838299,22,467,467,0.000632,0.000632,0.0,0.000632,0.999368
165,42668271582757088828333733690941986896240697265291,22,344,344,0.002645,0.002645,0.0,0.002645,0.997355
165,42066162699265700510000155471171171993026790897181,22,335,335,6.7e-05,6.7e-05,0.0,6.7e-05,0.999933
165,43079437256800894081452117481597778557867932256481,22,761,721,8.1e-05,3e-06,0.00039600000000000003,0.00047700000000000005,0.999523
165,39639751732104952918265482468837059446746603506727,22,455,455,0.000346,0.000346,0.0,0.000346,0.999654
166,64455071458380183185819126791305562795840205337607,22,556,556,9.6e-05,9.6e-05,0.0,9.6e-05,0.999904
166,90075771203582122330247262323941154266135655067703,23,584,577,4.8e-05,2.1e-05,2.1e-05,6.9e-05,0.999931
166,72228823129784081606691745887439926673012583025583,22,602,602,0.00012,0.00012,0.0,0.00012,0.99988
166,69837432774442923128016482628855170461287372899371,22,459,431,0.000237,0.000116,0.0009289999999999999,0.001166,0.998834
166,89244922194937743144971782767253188914316795885797,23,520,502,9.4e-05,4.9e-05,4.9e-05,0.000143,0.999857
166,88746453267789363020668583643470490537450658613921,23,430,428,8.4e-05,3.3e-05,3.3e-05,0.000117,0.999883
166,88713786474705850221237608801094392192327303798911,23,433,409,0.000197,8.4e-05,0.00042899999999999997,0.0006259999999999999,0.999374
166,87557406481398096612837568774546924908523956472679,22,501,501,0.00014,0.00014,0.0,0.00014,0.99986
166,83804917377281198336877975468864158449629337119497,22,429,429,0.000912,0.000912,0.0,0.000912,0.999088
166,81569638913156092214718111347132660641468885512997,22,374,374,2.1e-05,2.1e-05,0.0,2.1e-05,0.999979
166,52608719657148563796512530136536674250280158137673,22,587,587,0.001112,0.001112,0.0,0.001112,0.998888
166,89221264190598117801701321295581964396857406691793,23,360,360,0.000247,0.000247,0.0,0.000247,0.999753
166,91421352408629645983856436933886907626516790327531,23,444,439,0.00011300000000000001,0.000313,0.000495,0.000608,0.999392
166,92354408607697290294087669975129842220424154225839,23,359,359,0.000811,0.000811,0.0,0.000811,0.999189
166,90307244958886521065070588400571519599452170426827,23,440,433,0.000326,5.1e-05,5.1e-05,0.000377,0.999623
166,61951676507642868191945772939153670793162317140439,22,659,659,0.00038,0.00038,0.0,0.00038,0.99962
166,57096092534835312898852423687190032724229132615371,22,402,402,3.9e-05,3.9e-05,0.0,3.9e-05,0.999961
166,77734094079183033282661848210260105535011878058221,22,443,426,0.000391,0.00069,0.00134,0.0017310000000000001,0.998269
166,61439716290799937763975920406477923341938046630307,22,538,533,0.000258,7.5e-05,7.5e-05,0.00033299999999999996,0.999667
166,92944946903546196014112302841886638418369209076507,23,333,312,3.2e-05,5.8e-05,0.000146,0.000178,0.999822
167,185191770581306272864194984747884925328034141094049,23,360,355,0.000267,0.000139,0.000139,0.000406,0.999594
167,150753299534321728385042450116986328932503586710791,23,402,402,0.003674,0.003674,0.0,0.003674,0.996326
167,122185038003700368219528064449236784866763422689417,23,384,384,3e-05,3e-05,0.0,3e-05,0.99997
167,178235118269758334366445181520116909697869973267843,23,418,418,1.2e-05,1.2e-05,0.0,1.2e-05,0.999988
167,125101284926137051500851455837556179024574472599693,23,403,399,0.000101,1e-05,7.7e-05,0.000178,0.999822
167,183608279157579728300471834586610846132033916363009,23,435,435,0.000162,0.000162,0.0,0.000162,0.999838
167,123823837425211259366602079641341299640350463304427,23,487,460,0.00035999999999999997,9.9e-05,0.001217,0.0015769999999999998,0.998423
167,182738591737141364288038096817725089299414242881199,23,372,363,6.5e-05,2.7e-05,0.000127,0.000192,0.999808
167,144881986800772159131971678194070421363231610326503,23,488,488,0.00024,0.00024,0.0,0.00024,0.99976
167,169113029671003783909165383403390189332006078766403,23,756,756,0.000165,0.000165,0.0,0.000165,0.999835
167,180203454172404433999728807424822530543427009853893,23,618,613,5.6e-05,0.00013,0.00017299999999999998,0.00022899999999999998,0.999771
167,176740473075257510677017027826065071164478066806109,23,329,329,9.8e-05,9.8e-05,0.0,9.8e-05,0.999902
167,154708744984764752253150630606148953411120836248223,23,517,515,5.4e-05,0.000164,0.000164,0.00021799999999999999,0.999782
167,185822038963156756154989463606402264231845142986571,23,499,499,5.2e-05,5.2e-05,0.0,5.2e-05,0.999948
167,164713641976176077509064527913611509808492198546303,23,429,429,0.000125,0.000125,0.0,0.000125,0.999875
167,174143473517067658771245663523001506669684229251583,23,294,294,0.000132,0.000132,0.0,0.000132,0.999868
167,134875484299471317108685835177615212803568324951771,23,325,325,0.000468,0.000468,0.0,0.000468,0.999532
167,182071589557326943011646537770784052720010679622671,23,457,457,0.000166,0.000166,0.0,0.000166,0.999834
167,107723548795615044892707554332906198918982581905521,23,416,416,0.000229,0.000229,0.0,0.000229,0.999771
167,110235062257219473750266489148464622602430677309023,23,469,461,9.3e-05,3.2e-05,0.000127,0.00021999999999999998,0.99978
168,355867559027045347481742474164268313169270448267103,23,532,532,1.8e-05,1.8e-05,0.0,1.8e-05,0.999982
168,354354498343882825539049178202420048518235057099511,23,382,380,8.6e-05,8.9e-05,8.9e-05,0.000175,0.999825
168,297316862371625606791660530918145246188551598375827,23,462,462,8e-05,8e-05,0.0,8e-05,0.99992
168,251334070780906996792106667358010626199124871015193,23,382,382,5.5e-05,5.5e-05,0.0,5.5e-05,0.999945
168,266089629335928959939990984219310389073099671366189,23,377,377,0.000551,0.000551,0.0,0.000551,0.999449
168,297312478520764466042800805099268401234237086618769,23,498,498,2.4e-05,2.4e-05,0.0,2.4e-05,0.999976
168,252694597694857518298868919901861055603851696256479,23,402,402,3.6e-05,3.6e-05,0.0,3.6e-05,0.999964
168,286391540226265125508001191752822610514127971418977,23,445,445,0.000111,0.000111,0.0,0.000111,0.999889
168,318688943619592236326261968753666579542852488008771,23,516,512,5.6e-05,1.4e-05,1.4e-05,7e-05,0.99993
168,348197322658922333549563681800422289216265150015297,23,516,495,0.000204,7.3e-05,0.000607,0.000811,0.999189
168,368542669960002587168410129566818072485889583789247,23,477,477,3.2e-05,3.2e-05,0.0,3.2e-05,0.999968
168,268548911990920458790785330758705695531710970965877,23,384,384,1.1e-05,1.1e-05,0.0,1.1e-05,0.999989
168,331941207943771650157715950616862772785852585230449,23,394,379,0.000328,0.000335,0.001104,0.001432,0.998568
168,323877960143720182139921715509016936864755738538083,23,395,395,0.000297,0.000297,0.0,0.000297,0.999703
168,363122401231538903702884958200573978698665726858941,23,428,425,0.000176,8.5e-05,8.5e-05,0.000261,0.999739
168,308228420728279829232936597270463065825898054642939,23,374,374,0.000154,0.000154,0.0,0.000154,0.999846
168,283116060916231999061737214282503740357534622019947,23,391,391,0.000255,0.000255,0.0,0.000255,0.999745
168,281428688528495768940994883006958194198779974610219,23,509,508,0.000498,0.00079,0.00079,0.001288,0.998712
168,326678933726286291994787934645555743351568375175913,23,420,411,0.000342,0.000285,0.000285,0.000627,0.999373
168,242229774464479250019542042945875041752252033094853,23,806,785,0.000165,0.000412,0.003112,0.0032770000000000004,0.996723
169,549419723295960540447780008307906211005792776812829,23,484,484,4.2e-05,4.2e-05,0.0,4.2e-05,0.999958
169,664865469281161842324657652489314073194401709162263,23,616,616,6.9e-05,6.9e-05,0.0,6.9e-05,0.999931
169,526275837673483487444634125901789672050479746789367,23,459,452,1.5e-05,9e-06,1.9e-05,3.4e-05,0.999966
169,677970966743848576239473283142953742552801707940111,23,437,437,1.4e-05,1.4e-05,0.0,1.4e-05,0.999986
169,657821691628060301322956147101670288895728662024039,23,429,429,0.000256,0.000256,0.0,0.000256,0.999744
169,715264587022453456200004920592343027582234072699119,23,727,686,7.7e-05,4.1e-05,0.0017620000000000001,0.0018390000000000001,0.998161
169,564263055842251392661877742982498545034787789672701,23,391,385,0.000125,8.5e-05,0.000213,0.000338,0.999662
169,709752893570015397017697204082578787464541589122757,23,360,360,0.000187,0.000187,0.0,0.000187,0.999813
169,655017367008869539322579634764112530246507710350587,23,422,422,0.000677,0.000677,0.0,0.000677,0.999323
169,657292182528951725976013293116638919927942739731969,23,405,371,4.3e-05,3.8e-05,0.0004839999999999999,0.0005269999999999999,0.999473
169,723786901355715251133499133823457447564442130316753,23,894,894,7.6e-05,7.6e-05,0.0,7.6e-05,0.999924
169,523829125978495822418790946811975528394043957096661,23,390,390,7.9e-05,7.9e-05,0.0,7.9e-05,0.999921
169,541477377066573582590059723667831900889584456117101,23,343,343,0.000209,0.000209,0.0,0.000209,0.999791
169,695788992079943252596035093883032289031003550676639,23,463,463,0.000164,0.000164,0.0,0.000164,0.999836
169,694333695686916638920533025197721880230919832136049,23,363,363,0.000198,0.000198,0.0,0.000198,0.999802
169,485822670269234256517166328139449043912746690035101,23,401,394,0.00011,0.000121,0.00021999999999999998,0.00033,0.99967
169,621048212309618498722906441939308335619301463127923,23,452,452,0.000227,0.000227,0.0,0.000227,0.999773
169,471378305746743164537629288149409115192944188760511,23,410,401,2.8e-05,0.000123,0.000154,0.000182,0.999818
169,679166054805478107698598400374518496104565906945673,23,338,338,0.000192,0.000192,0.0,0.000192,0.999808
169,478874915531854708795103201026072431746838752011189,23,478,470,0.001086,0.00049,0.001289,0.002375,0.997625
170,1289318240951187150423696809121408247188110724374959,23,383,383,0.000718,0.000718,0.0,0.000718,0.999282
170,1317598680651458934736004969973115054629720267802427,23,412,411,0.00019,0.000243,0.000243,0.000433,0.999567
170,1387016971391792365767686427962070113773978808021599,23,435,427,2.4e-05,4.6e-05,0.000101,0.000125,0.999875
170,1301605848278604502292287990083848668281772339668443,23,529,525,2.1e-05,7e-06,1.6e-05,3.7e-05,0.999963
170,1454027346176602205583289937091731344133146246553801,23,577,558,0.0012439999999999999,4.4e-05,0.000488,0.0017319999999999998,0.998268
170,967653528079116878085780463103240904324567568232963,23,531,531,5.5e-05,5.5e-05,0.0,5.5e-05,0.999945
170,1261056843454978621289453730316681785701648409889253,23,488,487,0.000175,0.000159,0.000159,0.000334,0.999666
170,837639897222655440981696060794566569158254246200341,23,432,432,3.5e-05,3.5e-05,0.0,3.5e-05,0.999965
170,1380352939133440466587651274847015029204065064236727,23,661,661,0.000203,0.000203,0.0,0.000203,0.999797
170,1470202321847100083182546960194231350823305902723733,23,488,488,0.000241,0.000241,0.0,0.000241,0.999759
170,1395451141662017337518566124235400507157510063162651,23,386,386,3.5e-05,3.5e-05,0.0,3.5e-05,0.999965
170,1443973581327167714924022043427922410334336886476631,23,452,436,0.000132,7.1e-05,0.000492,0.000624,0.999376
170,1248251220039825096428185208030859202496488462447199,23,480,480,0.000351,0.000351,0.0,0.000351,0.999649
170,1485074191992056020325974520634552289818056666197811,23,431,431,0.000139,0.000139,0.0,0.000139,0.999861
170,1254247931868399620218293166952069391063175723231013,23,515,502,0.00088,0.000305,0.0006709999999999999,0.0015509999999999999,0.998449
170,1257669066486116581118684542985264257389351752099207,23,336,336,0.000427,0.000427,0.0,0.000427,0.999573
170,938770475414108901814693140661602364827961258856599,23,363,359,0.00013,0.000108,0.000108,0.00023799999999999998,0.999762
170,1066007335410228423895411628779579916508643551606013,23,442,440,0.001112,2e-06,2e-06,0.001114,0.998886
170,1055641473154584299321451059456907378615225873359927,23,466,466,0.00027,0.00027,0.0,0.00027,0.99973
170,1450909537806030357996742850817171901677376101936973,23,352,349,0.000634,0.000286,0.00047000000000000004,0.001104,0.998896
171,2320628485992640066699844867503781431624090632616007,23,420,409,0.000567,0.000422,0.000422,0.000989,0.999011
171,2687357138509969949945838036658262421119489089392571,23,398,392,1.3e-05,6e-05,6e-05,7.3e-05,0.999927
171,2179890418570410841271805505892530931206234443075251,23,499,499,0.000758,0.000758,0.0,0.000758,0.999242
171,2643553863724729454040982582317963102955115497112137,23,664,659,3.2e-05,2e-05,2.8000000000000003e-05,6e-05,0.99994
171,2460627882183105189199201566900305707431196028435837,23,483,483,0.000142,0.000142,0.0,0.000142,0.999858
171,2339826321982801679364695234505710301355859790744791,23,685,685,5.7e-05,5.7e-05,0.0,5.7e-05,0.999943
171,2758900339445195828507819823171495863952057663997793,23,372,372,0.001316,0.001316,0.0,0.001316,0.998684
171,1842882812388021598690092464110026835556610550203901,23,687,664,1.1e-05,4e-06,3.2999999999999996e-05,4.4e-05,0.999956
171,2527348162893818585716726864029885307488142009814867,23,378,352,5.6999999999999996e-05,2.6e-05,8.199999999999999e-05,0.000139,0.999861
171,2837554568622031909115383188427508045834871248866231,23,390,390,0.001288,0.001288,0.0,0.001288,0.998712
171,1980107624548085725945997103475068875829188531206579,23,895,895,0.000175,0.000175,0.0,0.000175,0.999825
171,2569544928058170304082873120455860591460518083182909,23,515,515,4e-05,4e-05,0.0,4e-05,0.99996
171,2690941433828007792933739463035154894668803736090667,23,360,356,3.3e-05,6.9e-05,6.9e-05,0.000102,0.999898
171,2790043200701068932081541267461948287073389647656629,23,317,317,0.000414,0.000414,0.0,0.000414,0.999586
171,2090916108644774601950745809429826244133327238488009,23,444,425,0.000277,0.000127,0.000127,0.000404,0.999596
171,2565736058589956952109798640055629482853606450052707,23,494,488,7.6e-05,2.3e-05,2.3e-05,9.900000000000001e-05,0.999901
171,2857998842268811336179375833801691573922890863274847,23,686,686,0.000319,0.000319,0.0,0.000319,0.999681
171,2396493466906125285828056384566870470681794130877669,23,441,441,0.000144,0.000144,0.0,0.000144,0.999856
171,2690381636823230507251275613355703537300523990202027,23,567,546,4.7e-05,5.6e-05,0.00036700000000000003,0.00041400000000000003,0.999586
171,2534044398151279155788338071872494168885731333317717,23,517,517,0.000155,0.000155,0.0,0.000155,0.999845
172,4462022261486228276470696903183179974341102550314813,23,589,579,0.000112,3.4e-05,0.000623,0.000735,0.999265
172,4973934130046512061706003746504778764546358353047069,23,483,469,1.7e-05,1.6e-05,6.5e-05,8.199999999999999e-05,0.999918
172,5648094522288795174255363457633460814882962588225833,23,595,573,4.3e-05,1.2e-05,0.00021300000000000003,0.00025600000000000004,0.999744
172,4726592204009198207872992689944913141786425094656837,23,812,812,1.2e-05,1.2e-05,0.0,1.2e-05,0.999988
172,5594622054792930920033030420069168546546514996297059,23,375,375,0.000484,0.000484,0.0,0.000484,0.999516
172,5195538082333779164457732930160988690944352296084861,23,419,402,0.00213,0.000126,0.0016400000000000002,0.00377,0.99623
172,4025284698876107182620642633377455297801856255767501,23,452,452,5.2e-05,5.2e-05,0.0,5.2e-05,0.999948
172,4383786029746298282865883459946099335415639923579151,23,540,527,0.000304,0.000225,0.000225,0.000529,0.999471
172,4240211809755560196715516460800231502364014252588639,23,428,423,0.001465,0.000391,0.000391,0.001856,0.998144
172,5548533853252799042694444930927799861408846535815007,23,419,411,5.1e-05,4.3e-05,0.00010400000000000001,0.000155,0.999845
172,5437902847130435025801669508069442332314935248409143,23,460,451,5.7e-05,8.3e-05,0.000169,0.000226,0.999774
172,4141743792397074660421973109728086317758715931017277,23,427,423,5.5e-05,0.000452,0.000452,0.000507,0.999493
172,4778987191980938572456617933856060465243353739312487,23,499,465,0.00036199999999999996,5.1e-05,0.0010580000000000001,0.00142,0.99858
172,4739381656678028395979571409181320777773237194812847,23,415,399,0.000228,0.000363,0.001362,0.0015899999999999998,0.99841
172,4804326313493129486456115335738865566041096602990667,23,728,728,0.000367,0.000367,0.0,0.000367,0.999633
172,4104752537262135739627532234359506058920546702141581,23,409,409,0.000163,0.000163,0.0,0.000163,0.999837
172,3803744058813253158320678543084926588928670333519661,23,428,428,2.1e-05,2.1e-05,0.0,2.1e-05,0.999979
172,4385465259125919643879994689875257236736934784890611,23,483,478,6.4e-05,0.000103,0.000103,0.000167,0.999833
172,5279890751954713468197389506413223751577777606451787,23,424,424,0.000545,0.000545,0.0,0.000545,0.999455
172,4160916851387881458666582220339040710916709604934989,23,458,458,8.5e-05,8.5e-05,0.0,8.5e-05,0.999915
173,10923792501645012754794107569655030715119609536422907,23,415,415,9.3e-05,9.3e-05,0.0,9.3e-05,0.999907
173,10049473751846112538141515321974984014498020571782187,23,361,361,0.000577,0.000577,0.0,0.000577,0.999423
173,11478453237002096953758919917104639903243507350422841,23,640,640,5e-05,5e-05,0.0,5e-05,0.99995
173,10169455292752448241266658515571649753093170083937973,23,376,376,0.000135,0.000135,0.0,0.000135,0.999865
173,11141435091489660417203162826279290403361648348555217,23,404,404,0.000201,0.000201,0.0,0.000201,0.999799
173,11845946756557169576442319415563300804632186316185761,23,359,359,0.000273,0.000273,0.0,0.000273,0.999727
173,6606020196711476677748380921663035663590800650212861,23,496,496,3.8e-05,3.8e-05,0.0,3.8e-05,0.999962
173,9223304994372936325365139311788951438575340466147653,23,358,358,5.9e-05,5.9e-05,0.0,5.9e-05,0.999941
173,9937936138453613172200974798887957858538887333434453,23,453,449,0.000157,0.000121,0.000121,0.000278,0.999722
173,11559606582085509839598371324267429245568074606311239,23,375,372,0.000118,0.000188,0.000188,0.00030599999999999996,0.999694
173,8567518689055579897923237570331424934191919130124683,23,408,392,7.1e-05,1.6e-05,4.1e-05,0.00011200000000000001,0.999888
173,7757833041287954123219330741833398980401403365844671,23,521,514,6.8e-05,5.8e-05,0.000212,0.00028,0.99972
173,9316049178944443793561813909420289680048038873209887,23,711,711,0.000428,0.000428,0.0,0.000428,0.999572
173,9928833671075698004690547493411708722996168864524191,23,442,442,0.001007,0.001007,0.0,0.001007,0.998993
173,8082599286688078272326597296230019194455017969460353,23,403,397,0.000138,0.000156,0.000156,0.000294,0.999706
173,11722980560595969629675859144256076147885119391535181,23,573,573,0.000199,0.000199,0.0,0.000199,0.999801
173,9593608908661975634163739787876317382759712663032617,23,807,807,1.8e-05,1.8e-05,0.0,1.8e-05,0.999982
173,7514341258039837561785554369913705517231217351886269,23,514,501,6.8e-05,0.000135,0.000135,0.000203,0.999797
173,10788110854762710095666872487306279223201853493970649,23,448,441,0.000169,0.000103,0.000103,0.000272,0.999728
173,10830515307409583755599110009630409242843757129551833,23,435,416,0.0007019999999999999,0.000585,0.000815,0.001517,0.998483
174,22104611793997230117343176470598753099597657699857767,23,364,364,6.2e-05,6.2e-05,0.0,6.2e-05,0.999938
174,18763942404536135019296013058405167365237739426352961,23,382,382,0.001383,0.001383,0.0,0.001383,0.998617
174,14688504101174039979833028914301622192512344235844163,23,530,530,5e-05,5e-05,0.0,5e-05,0.99995
174,16722058225437982034822488549751786303201587785473951,23,460,460,0.000208,0.000208,0.0,0.000208,0.999792
174,21509336382097775444053571500023183533792843315954141,23,668,668,2e-05,2e-05,0.0,2e-05,0.99998
174,22850977655225044606098189565776865301144522899108753,23,373,373,0.001488,0.001488,0.0,0.001488,0.998512
174,17279223071662642072680635911044372251032271203557523,23,391,391,1.6e-05,1.6e-05,0.0,1.6e-05,0.999984
174,22947441514018658653094720368483897068968757283032113,23,369,362,2.9e-05,4.1e-05,4.9e-05,7.8e-05,0.999922
174,18341314976728685056786009125261875389901729222197411,23,524,500,2.5e-05,6.3e-05,0.00012,0.000145,0.999855
174,21198313883423610607647845217061584129219727405462807,23,699,693,0.000122,3.5e-05,9.099999999999999e-05,0.00021299999999999997,0.999787
174,12839400785843164820295834351653620428577969094536553,23,545,513,0.00017,9.6e-05,0.00034300000000000004,0.000513,0.999487
174,23322450000830661268788758752052782250935597472051533,23,357,342,3e-05,0.000127,0.000127,0.000157,0.999843
174,16333148817978325754024309091523862744059567919963111,23,543,543,9.9e-05,9.9e-05,0.0,9.9e-05,0.999901
174,14462970911237542989272454421381604521266425359311389,23,536,536,0.000254,0.000254,0.0,0.000254,0.999746
174,18949560281665792004413178756295887592891979934348561,23,364,364,1.1e-05,1.1e-05,0.0,1.1e-05,0.999989
174,21408407116291656012109167833580671913503017751545967,23,495,495,0.000147,0.000147,0.0,0.000147,0.999853
174,22631651939782172827484157664433587783833485119069961,23,456,456,2.9e-05,2.9e-05,0.0,2.9e-05,0.999971
174,21837034941512546186024799051115680122246295015518093,23,436,436,1.9e-05,1.9e-05,0.0,1.9e-05,0.999981
174,23437804484573336991839150008388329128133779513222523,23,705,705,2.5e-05,2.5e-05,0.0,2.5e-05,0.999975
174,21670228153893009427879223165719671325428625794224927,23,378,378,0.000144,0.000144,0.0,0.000144,0.999856
175,40488067071432624121676494427962676744307992814206389,23,495,495,3.8e-05,3.8e-05,0.0,3.8e-05,0.999962
175,47880832610030432571309186253738451904700554037260907,23,391,391,0.000158,0.000158,0.0,0.000158,0.999842
175,45878748309865752441663931039655772029562012040164497,23,421,418,0.000152,6.9e-05,6.9e-05,0.000221,0.999779
175,44519607957401945468255440685812779498238330725202451,23,714,714,2.2e-05,2.2e-05,0.0,2.2e-05,0.999978
175,38437122674547888080483896869357910936491022366930391,23,566,558,0.000176,8.6e-05,0.00012200000000000001,0.000298,0.999702
175,47064113916853618606448841022057749802258231599045617,23,378,374,0.000734,0.000526,0.000526,0.0012599999999999998,0.99874
175,38418920847258974395155918878755125806886124993281449,23,530,530,2.1e-05,2.1e-05,0.0,2.1e-05,0.999979
175,29860959886171008880417800461459339604720394693120859,23,525,491,4.1e-05,1.5e-05,0.000574,0.000615,0.999385
175,47523346294694090590598436816448664799865583071536947,23,397,397,0.000183,0.000183,0.0,0.000183,0.999817
175,40430147177650634814659419575820969943704601075586779,23,488,488,1.5e-05,1.5e-05,0.0,1.5e-05,0.999985
175,30673381581036186694644718658867052922438672540632679,23,377,360,4e-06,0.000111,0.000111,0.000115,0.999885
175,46321511197924674401868707445937064255819847549207181,23,566,552,2.8e-05,5e-06,1.6000000000000003e-05,4.4e-05,0.999956
175,40793108447338904457818158698839208728924655609269741,23,496,480,9.9e-05,6.4e-05,6.4e-05,0.000163,0.999837
175,47563799216222959471208717042267403920241999763230907,23,392,392,8.1e-05,8.1e-05,0.0,8.1e-05,0.999919
175,44747799795754951639143084884684883018614820083166937,23,423,406,0.000138,4.6e-05,0.00012200000000000001,0.00026000000000000003,0.99974
175,46867320328474189488708379756417548186877640469492347,23,448,448,0.00011,0.00011,0.0,0.00011,0.99989
175,46542356956969036203230698142264416107162071627147053,23,396,396,0.000372,0.000372,0.0,0.000372,0.999628
175,45701878003472651488780363802977956628041054016481659,23,495,495,9.2e-05,9.2e-05,0.0,9.2e-05,0.999908
175,25458726975309530242094669164823103336392162094875803,23,423,423,0.000254,0.000254,0.0,0.000254,0.999746
175,39959523049873920871877996128842998488581987804339877,23,420,420,3.1e-05,3.1e-05,0.0,3.1e-05,0.999969
176,87990886338847859195592642389102593039937487082558279,24,489,489,4.4999999999999996e-05,4.4999999999999996e-05,0.0,4.4999999999999996e-05,0.999955
176,92564124955148991262968874807483374435803628161108999,24,934,925,2.6e-05,4.3e-05,6.6e-05,9.2e-05,0.999908
176,94129007589456961191977269147297543003266132666549953,24,395,395,7.9e-05,7.9e-05,0.0,7.9e-05,0.999921
176,93819484016161644344551753829300322151041926203410181,24,435,435,1.4e-05,1.4e-05,0.0,1.4e-05,0.999986
176,73157616268457907406971375723178615684280166706710493,24,398,398,0.000921,0.000921,0.0,0.000921,0.999079
176,61542774938750705714463225629776244056185970967253653,24,496,486,4.5e-05,5.2e-05,5.2e-05,9.7e-05,0.999903
176,71800771048867515580859417044203063847762338647077403,24,390,390,0.000359,0.000359,0.0,0.000359,0.999641
176,77258340421405866522724393177859419720883968347782627,24,536,524,0.000116,3.4e-05,0.000267,0.000383,0.999617
176,89837078281524964039898044063254336032471057480771579,24,709,698,0.000525,9.1e-05,0.0009140000000000001,0.0014390000000000002,0.998561
176,67631371474217585591492093931057414532556760623695867,24,387,387,0.000315,0.000315,0.0,0.000315,0.999685
176,89832926575159265651841476273066740015357110318540347,24,639,610,5e-06,8e-06,8.899999999999998e-05,9.399999999999998e-05,0.999906
176,67118204137332948793553589627698826319196161548428537,24,400,382,0.000111,6.3e-05,0.000153,0.000264,0.999736
176,87774156256777768160436756789989062372701963996758741,24,553,549,4.7e-05,4.4e-05,4.4e-05,9.099999999999999e-05,0.999909
176,70572719969624332011199901351228566052874877227465031,24,467,467,4.8e-05,4.8e-05,0.0,4.8e-05,0.999952
176,86250046064114433343982710398437258754379418231496971,24,405,405,2.9e-05,2.9e-05,0.0,2.9e-05,0.999971
176,87134348646583113354803029928666774546954085244353883,24,368,358,0.000412,5.1e-05,5.1e-05,0.000463,0.999537
176,71901633824806274691548687743309648812921855456127637,24,391,391,9.2e-05,9.2e-05,0.0,9.2e-05,0.999908
176,90150270285363435056040734184802693760325360863282387,24,527,509,1.1e-05,1.4e-05,5.4e-05,6.5e-05,0.999935
176,94046017590480304561168089303295538090394575865219973,24,523,506,0.000276,9e-05,0.00017900000000000001,0.000455,0.999545
176,64190892782173257959767693618630438907905705925983597,24,432,432,8.2e-05,8.2e-05,0.0,8.2e-05,0.999918
177,119125070369688751792163725903852573808324382853761851,24,514,514,0.000102,0.000102,0.0,0.000102,0.999898
177,182726819299327515165849812245648871121491177942129611,24,527,511,4.4e-05,6.4e-05,7.6e-05,0.00012,0.99988
177,188893960779618570376876195763394634184667143767990939,24,479,479,5.4e-05,5.4e-05,0.0,5.4e-05,0.999946
177,177226234109374423417710011618572758541886871555971773,24,509,509,0.000729,0.000729,0.0,0.000729,0.999271
177,170417219917741538865104682908758540815889415996081587,24,501,478,8e-06,5.8e-05,7.3e-05,8.1e-05,0.999919
177,184456472780322533717507274449727396706948277959651997,24,726,726,8.9e-05,8.9e-05,0.0,8.9e-05,0.999911
177,172591822599216441031826476355149233765150072380634947,24,451,451,0.000166,0.000166,0.0,0.000166,0.999834
177,160262516696147396603234199689194202325829336961400089,24,439,424,9.4e-05,0.000111,0.000253,0.00034700000000000003,0.999653
177,189488332491885140927092409494182632690603024073949519,24,476,457,8.5e-05,2e-05,0.000205,0.00029,0.99971
177,158860589548227817116386228914199311016251079037823631,24,427,426,0.000423,0.000149,0.000149,0.000572,0.999428
177,131023867650554721773986626498755865101732014114852169,24,538,522,0.000255,0.000338,0.0008910000000000001,0.001146,0.998854
177,185419546061793924107275707453523293583979540373323441,24,435,427,0.000375,0.000269,0.0008159999999999999,0.0011909999999999998,0.998809
177,130739606859025377984032427604557137652684751978400777,24,513,508,0.00012,0.000212,0.000212,0.000332,0.999668
177,148738595022486208740372312134935505218833565972371451,24,439,439,0.000393,0.000393,0.0,0.000393,0.999607
177,167245458534901805246177899856773690854765016929409441,24,602,588,1e-05,1e-06,0.000177,0.000187,0.999813
177,167743233925335463625480222303950384908571933339861327,24,429,429,4.9e-05,4.9e-05,0.0,4.9e-05,0.999951
177,127846725145209783213161083219697857237418143943954471,24,572,572,0.0001,0.0001,0.0,0.0001,0.9999
177,175371321030994867998753692974243811078511522480617843,24,432,432,3e-05,3e-05,0.0,3e-05,0.99997
177,116000582161408742104082789047643826044722595827305757,24,517,508,4e-05,1.5e-05,2.2e-05,6.2e-05,0.999938
177,170372630777230523245695634046185057408362313049454403,24,634,627,2.6e-05,1.2e-05,1.7e-05,4.3e-05,0.999957
178,326370916554170909248800565447441227366364752100439299,24,363,363,3.8e-05,3.8e-05,0.0,3.8e-05,0.999962
178,351133543531254740082619452808507153835828169762359977,24,363,363,3.2e-05,3.2e-05,0.0,3.2e-05,0.999968
178,336454357966569634923263904170681101591018051550982463,24,507,507,0.000688,0.000688,0.0,0.000688,0.999312
178,287084766998192650266030523003134421022082997050134521,24,478,478,2.6e-05,2.6e-05,0.0,2.6e-05,0.999974
178,352927538094715815006260624760445835128691040320016481,24,436,436,0.000211,0.000211,0.0,0.000211,0.999789
178,338358782479052619339175922612376094187822886673941721,24,584,584,2.4e-05,2.4e-05,0.0,2.4e-05,0.999976
178,350983244504690877302934108411058885737259142622352279,24,404,404,2.5e-05,2.5e-05,0.0,2.5e-05,0.999975
178,362113241669248116131584645381866273037844314273508653,24,848,837,1.2e-05,3e-06,6.7e-05,7.9e-05,0.999921
178,354699753705738888969549737288396049484417614825528751,24,539,539,0.00028,0.00028,0.0,0.00028,0.99972
178,331690661156431736210765004245137972208022366664402553,24,1003,1000,0.000112,7.6e-05,7.6e-05,0.00018800000000000002,0.999812
178,332675546545853496255458413537230392333963633325833083,24,397,397,9e-06,9e-06,0.0,9e-06,0.999991
178,313703344571742936697405437124510360823965169983069999,24,975,967,1e-05,3e-06,3e-06,1.3000000000000001e-05,0.999987
178,380254134293999860410999253285210970240457628198742663,24,456,456,6.7e-05,6.7e-05,0.0,6.7e-05,0.999933
178,360641711799225046890015181472030377655985832139240759,24,615,615,8e-05,8e-05,0.0,8e-05,0.99992
178,263917085618902017901372402907639485241329433989841083,24,528,528,0.000461,0.000461,0.0,0.000461,0.999539
178,266288106436622503269927529785703488384905659026805291,24,519,474,5.2e-05,1.2e-05,6.7e-05,0.00011899999999999999,0.999881
178,344304805683409519331394242367711732435948148819916561,24,514,514,0.000285,0.000285,0.0,0.000285,0.999715
178,341709744235492519708940578050014342971004111389339661,24,349,349,0.000379,0.000379,0.0,0.000379,0.999621
178,310967967663884862956076583774857977926596023977520621,24,718,718,0.000277,0.000277,0.0,0.000277,0.999723
178,327279608257895351469611029322246368521417106545791761,24,737,717,0.000158,7.2e-05,0.000172,0.00033,0.99967
179,558936428874945996924383768356203135254350439671785479,24,379,379,0.003112,0.003112,0.0,0.003112,0.996888
179,674926639517348090731177770827913991101246148882287283,24,1000,992,2e-06,6e-06,6e-06,8e-06,0.999992
179,520778796933569712475497803976339448328715986002072523,24,580,575,2.6e-05,2.3e-05,2.3e-05,4.9e-05,0.999951
179,748335037461936801408133793949275373189490397012798993,24,583,583,0.000205,0.000205,0.0,0.000205,0.999795
179,750121838409245984074572114070043722336783466522324083,24,521,521,0.000119,0.000119,0.0,0.000119,0.999881
179,652699193242756150846355283234498871767984936149202997,24,366,366,9e-05,9e-05,0.0,9e-05,0.99991
179,701012462554551393326136469593585664907414625879938377,24,574,556,7.3e-05,0.000585,0.000585,0.0006580000000000001,0.999342
179,651811943098199803843122079676572375058573432081265941,24,338,338,6.1e-05,6.1e-05,0.0,6.1e-05,0.999939
179,551025100698026169975841797211316492193395216233257361,24,703,697,5.9e-05,1.4e-05,1.4e-05,7.3e-05,0.999927
179,568232849243253819024806302642399573345242309126608059,24,478,459,0.000924,0.000793,0.002062,0.002986,0.997014
179,639820098139219068308973252189078237340004822241496393,24,355,355,2.4e-05,2.4e-05,0.0,2.4e-05,0.999976
179,761792849352011360883518708616350161974544759945523083,24,445,445,2.3e-05,2.3e-05,0.0,2.3e-05,0.999977
179,628942419048318189765862150028221450462352308232102681,24,384,384,5.9e-05,5.9e-05,0.0,5.9e-05,0.999941
179,566889538234990454641052189675936791837860452121325949,24,481,481,0.000221,0.000221,0.0,0.000221,0.999779
179,716452162573779008868293903020235512769764173696217249,24,657,637,0.000125,3.9e-05,0.000137,0.00026199999999999997,0.999738
179,621413530195004739611180163225538908969413935549872629,24,930,924,4.2e-05,0.000189,0.00022600000000000002,0.000268,0.999732
179,645609036446719663018922094515491080262538063860555597,24,428,380,0.000178,3.8e-05,0.0008800000000000001,0.0010580000000000001,0.998942
179,555489032258653592242576233173121867113539610787783833,24,418,418,0.000259,0.000259,0.0,0.000259,0.999741
179,535750173793033032362966709603096420101001099801784643,24,550,550,3e-05,3e-05,0.0,3e-05,0.99997
179,456506540313436296309522192769161449949543126587051023,24,424,424,0.000361,0.000361,0.0,0.000361,0.999639
180,1358996782341013393471064892946133021632416224066738371,24,781,757,8.5e-05,1e-05,0.00039400000000000004,0.00047900000000000004,0.999521
180,1147190830767755812327995081041386320310165753132541849,24,648,648,5.1e-05,5.1e-05,0.0,5.1e-05,0.999949
180,1403925300691032372140940928473865553985310895500181911,24,464,464,0.0002,0.0002,0.0,0.0002,0.9998
180,1495775451737959760457511687274350579183536185139242641,24,434,434,1.3e-05,1.3e-05,0.0,1.3e-05,0.999987
180,1110739563446777289531838627303749633950291508344598743,24,503,503,6.5e-05,6.5e-05,0.0,6.5e-05,0.999935
180,1194024369143971552927889417542591741693717575625673111,24,507,483,3.1e-05,2.4e-05,0.000147,0.000178,0.999822
180,1260166637346508034925373413900190230508510171798948477,24,759,759,4.3e-05,4.3e-05,0.0,4.3e-05,0.999957
180,1455316476136829091460607052510092178765985268783561317,24,513,513,1.1e-05,1.1e-05,0.0,1.1e-05,0.999989
180,1309093992710635640836698146159549405123972272927404881,24,496,496,2.5e-05,2.5e-05,0.0,2.5e-05,0.999975
180,1390894799146412153168495467213932724874405876411579611,24,474,474,0.005953,0.005953,0.0,0.005953,0.994047
180,1520134781616046526108129582711299483597548910524846853,24,479,459,0.000103,3.7e-05,0.000368,0.000471,0.999529
180,1505439219343167470373459269572451082957623944381924673,24,436,436,8.4e-05,8.4e-05,0.0,8.4e-05,0.999916
180,1057025848491395991324830754425862907965800790964989169,24,403,403,0.000271,0.000271,0.0,0.000271,0.999729
180,1022335052507123413464678276586097658581994406812064513,24,433,433,0.000218,0.000218,0.0,0.000218,0.999782
180,986820806071662897465598796288744366007908716888546481,24,788,788,2.9e-05,2.9e-05,0.0,2.9e-05,0.999971
180,1524644692974396926561992448558626212968367576768526879,24,427,417,0.00053,0.000509,0.001272,0.0018019999999999998,0.998198
180,1314131625546751137305337304108371769311553500059572603,24,429,429,8.4e-05,8.4e-05,0.0,8.4e-05,0.999916
180,1159287238259464432648787656029088912397674342457115643,24,446,446,9.2e-05,9.2e-05,0.0,9.2e-05,0.999908
180,1475197377405499619513187533655878473208974647166678079,24,436,427,0.000127,3.4e-05,0.000169,0.000296,0.999704
180,1092513974848862293580063101113260203144966532297855803,24,591,585,0.000101,0.000112,0.000112,0.000213,0.999787
181,2146755962617820701939724558369889009769651618593397373,24,498,498,0.000201,0.000201,0.0,0.000201,0.999799
181,2072316348390379785942053767435731590279096222618626363,24,505,503,1e-05,9e-06,9e-06,1.9e-05,0.999981
181,2877046995656031836501313697137912148919872998967745519,24,568,561,0.00015,4.4e-05,4.4e-05,0.000194,0.999806
181,2880369969123252961817754651476818952571924308651017163,24,482,482,3.9e-05,3.9e-05,0.0,3.9e-05,0.999961
181,2861708897811122498028015229576663189712718130603358513,24,585,580,0.000177,2.8e-05,2.8e-05,0.000205,0.999795
181,2806788267767978306991980520946809467457007629229500787,24,679,679,0.000224,0.000224,0.0,0.000224,0.999776
181,2302747288573481437114058572318921809401333842388506063,24,568,568,2.2e-05,2.2e-05,0.0,2.2e-05,0.999978
181,2533946943181812616782556407056335292416812676112585527,24,436,433,0.000114,0.000236,0.000236,0.00035,0.99965
181,2487771293557144436196457222451407643840343448896262201,24,427,418,0.000325,0.000167,0.0006230000000000001,0.0009480000000000001,0.999052
181,2345607456560758996293272875237597113634991575593930503,24,426,408,2.4e-05,3.8e-05,3.8e-05,6.2e-05,0.999938
181,2451877345078985122707203168343312742955044811033249477,24,515,515,4.3e-05,4.3e-05,0.0,4.3e-05,0.999957
181,2340974696399471038404420962322551749504771560040272007,24,536,536,6.8e-05,6.8e-05,0.0,6.8e-05,0.999932
181,2477342015750519040996010692078739219032174672206011307,24,580,580,0.000209,0.000209,0.0,0.000209,0.999791
181,2296086844355268411990274677061153842585626962159704019,24,428,428,0.00055,0.00055,0.0,0.00055,0.99945
181,2857327712261479603462914395058626994702465220337337739,24,597,571,7e-06,1.1e-05,5.3e-05,6e-05,0.99994
181,1869241629214427269662931336533353684013970622159921317,24,527,526,4.4e-05,7.2e-05,7.2e-05,0.000116,0.999884
181,2136463886038630304242691639030926383783507376355925571,24,424,424,2e-05,2e-05,0.0,2e-05,0.99998
181,2877127110897588495873508614076070239692397854333669421,24,886,868,5e-06,4e-06,1.1e-05,1.6e-05,0.999984
181,2391506213382517426158791151215598942262031718622544827,24,538,495,0.000624,7e-05,0.00036399999999999996,0.000988,0.999012
181,2948841039361971531410668839665611640358315799683010259,24,559,559,1e-06,1e-06,0.0,1e-06,0.999999
182,4191292476346020518783656275665657989599723159847851667,24,581,560,9.3e-05,0.000203,0.000431,0.000524,0.999476
182,4368915889305698991841916329930420223695538711679696073,24,425,404,0.00014,0.000142,0.000361,0.0005009999999999999,0.999499
182,4603173397210774045412589779080265237568427782430487923,24,624,624,3.7e-05,3.7e-05,0.0,3.7e-05,0.999963
182,4412747380103085417736789338590629677444833420942921431,24,640,640,3.4e-05,3.4e-05,0.0,3.4e-05,0.999966
182,5274862496484527199284351082466041501734256417850671079,24,353,353,0.001132,0.001132,0.0,0.001132,0.998868
182,4800792925814278444401434125143406347751419932688595051,24,418,407,1.7e-05,5.9e-05,0.000134,0.000151,0.999849
182,3653812005152759308354861844496272098804036966408036451,24,539,531,9.5e-05,0.000234,0.000234,0.000329,0.999671
182,4646737653138437262079866979167515682324029521366613887,24,632,632,0.000147,0.000147,0.0,0.000147,0.999853
182,5244063665198047536361296769370401123699361439281027921,24,406,403,3.4e-05,0.000232,0.000232,0.000266,0.999734
182,5043512217423355819857280369022042682912863299358815427,24,588,588,6e-06,6e-06,0.0,6e-06,0.999994
182,5381424364337562423689277556082862960704173067855407963,24,416,413,0.00143,0.00045,0.00045,0.0018800000000000002,0.99812
182,5605622646710231703717995108618170373087268192211651819,24,486,451,1.4000000000000001e-05,1.7e-05,0.0004380000000000001,0.0004520000000000001,0.999548
182,5372876402521245557172885073810823234220306537484862171,24,555,530,0.00017999999999999998,6.8e-05,0.0004870000000000001,0.0006670000000000001,0.999333
182,5193787393634226710856637245122360855837884143711668923,24,430,426,3.1e-05,0.000148,0.00016999999999999999,0.00020099999999999998,0.999799
182,4901526449801380100603842024908873735304969564340783837,24,576,546,0.000277,2e-05,0.0008340000000000001,0.001111,0.998889
182,6116842254080121661991651815972543754648149039661461711,24,552,543,0.000387,1.1e-05,8.2e-05,0.00046899999999999996,0.999531
182,4848300292233620118117558303318082764588214458439723993,24,716,703,1.5e-05,3.8e-05,8e-05,9.5e-05,0.999905
182,5455870824923288995533498136798277725990387457579154641,24,392,392,0.000178,0.000178,0.0,0.000178,0.999822
182,3785938512649873423258671464276287016184708730225383793,24,424,412,0.000169,0.000251,0.000723,0.000892,0.999108
182,4491160981645514588938837869554023508980963008773065231,24,596,596,2.2e-05,2.2e-05,0.0,2.2e-05,0.999978
183,9166723778901347230936039451531749253767512951187044911,24,358,358,0.000185,0.000185,0.0,0.000185,0.999815
183,10455930224123599063565031820487918262028421842464564737,24,976,976,0.000812,0.000812,0.0,0.000812,0.999188
183,7427674099806058459503172382903188275128363209564310927,24,365,365,0.000764,0.000764,0.0,0.000764,0.999236
183,10617285421144533269412481609230267820807269357289585027,24,495,495,6e-05,6e-05,0.0,6e-05,0.99994
183,11010471763583359046491348791311818146317648218012267883,24,592,591,3e-05,0.000102,0.000102,0.000132,0.999868
183,10332376251302120495254834326196282275734767686242549761,24,391,371,0.00031800000000000003,9.4e-05,0.0007449999999999999,0.001063,0.998937
183,11749977713551691032971054523891664935137255323436579743,24,635,635,0.000172,0.000172,0.0,0.000172,0.999828
183,10038010870002094481651798134300472801725442018653785307,24,522,486,0.000108,3.8e-05,0.0006919999999999999,0.0007999999999999999,0.9992
183,10982511715433447835689163250582120464921150302579077343,24,407,407,1.1e-05,1.1e-05,0.0,1.1e-05,0.999989
183,8953983959087052116701047035345005923200525137226524679,24,574,543,0.000191,3.7e-05,0.00022600000000000002,0.00041700000000000005,0.999583
183,8876846022270762570247578740470934525848460110861548643,24,716,706,1.7e-05,1e-05,1e-05,2.7e-05,0.999973
183,7272641689296160343480501161670052491504793391277318831,24,468,468,4.7e-05,4.7e-05,0.0,4.7e-05,0.999953
183,12244318449419593826201370835952825834440723200097525199,24,587,585,0.000117,4.9e-05,4.9e-05,0.000166,0.999834
183,11599990885992088420849467859622548958581504884697039151,24,534,523,3.4e-05,3e-05,0.000232,0.000266,0.999734
183,7605813317180000005669607627882043830747996242518578099,24,601,601,0.00027,0.00027,0.0,0.00027,0.99973
183,12182702859135303445823465643541896884548888148712896953,24,386,386,3.8e-05,3.8e-05,0.0,3.8e-05,0.999962
183,9709983608535670096749131929304035374023228870737229987,24,528,516,0.000233,0.00037,0.00037,0.000603,0.999397
183,10464773632474194098893561476862794550508738502141675107,24,606,606,3e-05,3e-05,0.0,3e-05,0.99997
183,9586059037733377655369346899873870070324449037164235107,24,359,359,0.000204,0.000204,0.0,0.000204,0.999796
183,9699446562764165401251791317533912674237385429964214831,24,440,433,0.000113,3.1e-05,7.7e-05,0.00019,0.99981
184,18626849292167387044123969723309390925329349903285206507,24,405,383,0.000566,0.000348,0.001543,0.002109,0.997891
184,18804282751054831530309800753579061511332519271103678431,24,554,554,2.3e-05,2.3e-05,0.0,2.3e-05,0.999977
184,18252028929067861875789984563223162861221576906848127717,24,664,664,7e-06,7e-06,0.0,7e-06,0.999993
184,24181446627067838775417564967666980419690582548365581197,24,507,507,0.000243,0.000243,0.0,0.000243,0.999757
184,23005878760564119588403003965951554728473230184759392953,24,637,605,3.7e-05,1.4e-05,0.00027000000000000006,0.00030700000000000004,0.999693
184,23936510072986768214421716184424106299398221539866239897,24,504,500,0.000202,4.1e-05,4.1e-05,0.000243,0.999757
184,16234034926709714462589794505359125056267838558020716281,24,674,664,2e-06,1.4e-05,1.4e-05,1.6e-05,0.999984
184,23428690111692592128116212619775791367144015582938967239,24,463,456,0.000185,0.000155,0.000247,0.000432,0.999568
184,18912759825437398136803515023873579742325104166174841671,24,487,487,2e-05,2e-05,0.0,2e-05,0.99998
184,19927044154018425176840956388997557677674288593187597089,24,444,444,2.5e-05,2.5e-05,0.0,2.5e-05,0.999975
184,19536799308159701904048108852677303754701680967104128127,24,467,451,6.4e-05,8.7e-05,0.000178,0.00024199999999999997,0.999758
184,19071823677149723706403511825275713145306081300414131937,24,611,608,4.7e-05,1.8e-05,1.8e-05,6.5e-05,0.999935
184,20612269609108741202241460271673864594887702871452882101,24,472,461,5e-05,4.7e-05,0.000118,0.000168,0.999832
184,18920239559229041789878510751170285007946834591953601329,24,707,689,0.000143,2.5e-05,0.000515,0.0006580000000000001,0.999342
184,22611644979880324889689047625329907958432993333469481211,24,423,423,0.00018999999999999998,0.00018999999999999998,0.0,0.00018999999999999998,0.99981
184,22464664451229199112637114050957084764371480284978460343,24,438,427,8.1e-05,3.3e-05,5.1000000000000006e-05,0.000132,0.999868
184,20229563940142821382398535762812188204560973744420706551,24,554,554,1.4e-05,1.4e-05,0.0,1.4e-05,0.999986
184,14302906747822375527736225805395822106070407268478927343,24,463,463,1.7e-05,1.7e-05,0.0,1.7e-05,0.999983
184,22648934796018516144639607669733048190885481628018590453,24,502,495,0.000137,6.2e-05,6.2e-05,0.000199,0.999801
184,15697907949934382447029781871211500370846936672724531567,24,482,463,7.8e-05,6.5e-05,0.000377,0.000455,0.999545
185,39302817494925418904731805103331681348585472258348444957,25,627,624,0.000275,0.000597,0.000597,0.0008719999999999999,0.999128
185,39163563717688705635413025356219451066821712937228964227,25,522,519,0.00023799999999999998,6.8e-05,0.000146,0.000384,0.999616
185,43686826810459062412827238710551696728616518667617692019,25,620,600,0.00011,1.5e-05,0.00033,0.00044,0.99956
185,44530085274113978279620207534979690950635532686975502813,25,358,358,0.000325,0.000325,0.0,0.000325,0.999675
185,43570715964626102904381136448155751424171061828655209841,25,511,503,5.1e-05,6.3e-05,6.3e-05,0.000114,0.999886
185,42847627148824300921093636376913601640563740728623558181,25,766,764,4.6e-05,3.8e-05,3.8e-05,8.400000000000001e-05,0.999916
185,32083703321789764487338768250718421793945445188847533027,24,724,709,8e-05,1e-05,2.8000000000000003e-05,0.00010800000000000001,0.999892
185,33014805666036752589259540494640708288963751747621341763,25,580,580,6.6e-05,6.6e-05,0.0,6.6e-05,0.999934
185,41464335276070540341399584119313180727925975932568415057,25,443,411,3.8e-05,2.2e-05,0.000195,0.000233,0.999767
185,33861582902426483337301296118131448522568614203251711863,25,482,476,3e-06,1.6e-05,2.3e-05,2.6000000000000002e-05,0.999974
185,46071639138339644800558097284225066199315293701982806079,25,869,869,2.2e-05,2.2e-05,0.0,2.2e-05,0.999978
185,37936033159136473000212002322269943296231496368568922549,25,391,391,3e-06,3e-06,0.0,3e-06,0.999997
185,48350569892826986379872186809679223015058022521047573871,25,531,531,0.000294,0.000294,0.0,0.000294,0.999706
185,41198097084082663709570476103319690345818375254249026263,25,455,455,5.2e-05,5.2e-05,0.0,5.2e-05,0.999948
185,45101352016751018053319721236302099399595057715497241929,25,497,471,2.2e-05,1e-05,7.2e-05,9.400000000000001e-05,0.999906
185,42065769993861888778368368385451592776021006938027669583,25,914,914,3.8e-05,3.8e-05,0.0,3.8e-05,0.999962
185,41907847300045853777854516119774591215451371041706482459,25,656,656,8.3e-05,8.3e-05,0.0,8.3e-05,0.999917
185,48828218167552081470122749610887068068091405463826001571,25,429,429,0.000405,0.000405,0.0,0.000405,0.999595
185,41321776714362126833330727735907708762522999908493584631,25,507,500,2.7e-05,1.3e-05,1.3e-05,3.9999999999999996e-05,0.99996
185,45383217518804476499152706989070758316114620859553366943,25,365,365,0.000243,0.000243,0.0,0.000243,0.999757
186,91860233843352511299828307727646362358888480420031170413,25,666,666,3.8e-05,3.8e-05,0.0,3.8e-05,0.999962
186,80310109483483183267313583353855043236387938949945913511,25,366,366,0.000459,0.000459,0.0,0.000459,0.999541
186,80341684383462084364790814145428006802552449749708478169,25,644,644,5.9e-05,5.9e-05,0.0,5.9e-05,0.999941
186,94274586636737974618847930138230885567012445571032348059,25,563,562,8e-05,0.000101,0.000101,0.000181,0.999819
186,85286064753422311838018802719562606418460845712040300179,25,456,456,6.8e-05,6.8e-05,0.0,6.8e-05,0.999932
186,95824663807095715873047831217240459086791279500036727837,25,557,557,1.7e-05,1.7e-05,0.0,1.7e-05,0.999983
186,80600641280005619173439191411717632606164953443740925413,25,666,666,5e-06,5e-06,0.0,5e-06,0.999995
186,53363439485857552435882838625033101776848292903405327631,25,486,486,1e-05,1e-05,0.0,1e-05,0.99999
186,84360977267528679389916660229858829202359730331725108419,25,608,578,0.000258,5.6e-05,5.6e-05,0.000314,0.999686
186,79840201135431317961751024566665709261061070004618876607,25,415,399,2.4e-05,0.000117,0.000117,0.000141,0.999859
186,86866046861802039662583542752660385034769683216166980061,25,705,705,0.000127,0.000127,0.0,0.000127,0.999873
186,86323619254797487920466332795791126216445907418620989923,25,549,527,0.000198,3.3e-05,0.000397,0.000595,0.999405
186,96229941655765770007029825039522376331365113196946498957,25,456,456,5.1e-05,5.1e-05,0.0,5.1e-05,0.999949
186,68612351526722038739277226442469049931568086799744053797,25,516,483,9.999999999999999e-05,3.5e-05,0.000272,0.000372,0.999628
186,68105415306841011876975324285506148265126787018204059721,25,698,698,0.000124,0.000124,0.0,0.000124,0.999876
186,82153452353776642549718572430278706898613500637862573111,25,591,591,9e-05,9e-05,0.0,9e-05,0.99991
186,58260742770043455753114412466166256900662844348827175237,25,675,669,3.7e-05,6e-05,6e-05,9.7e-05,0.999903
186,92398084669964916514251013016603556504210733394779182767,25,387,362,2.2e-05,0.000119,0.000561,0.000583,0.999417
186,85070111672001330371958789558357340118850688442337853217,25,418,418,6.4e-05,6.4e-05,0.0,6.4e-05,0.999936
186,77006883355586853676151730714225091231991247740864640619,25,452,452,0.000529,0.000529,0.0,0.000529,0.999471
187,185702567469454758545522669141358609758902348939813864093,25,552,552,3e-05,3e-05,0.0,3e-05,0.99997
187,179941892859217785606681885687143742888315889414346363689,25,1050,1050,3e-06,3e-06,0.0,3e-06,0.999997
187,181526373319561920706249179904543072763946711556143801553,25,556,556,0.000101,0.000101,0.0,0.000101,0.999899
187,167429568427479950155810682841163388259872915659211758439,25,440,428,1.7e-05,1.4e-05,1.4e-05,3.1e-05,0.999969
187,186979504018673334316662054121094588580490052795915527519,25,598,594,4.8e-05,8e-06,8e-06,5.6e-05,0.999944
187,145169698815553753950995436308896640554249031871232995529,25,616,616,1.1e-05,1.1e-05,0.0,1.1e-05,0.999989
187,189461310023527313299690027067741970827568893636258377063,25,791,791,2.6e-05,2.6e-05,0.0,2.6e-05,0.999974
187,195549547224884539368396804380565596304971046728434683161,25,445,439,0.000132,4.7e-05,4.7e-05,0.00017900000000000001,0.999821
187,178245846474078559274688392189915797290638577194576694293,25,467,467,0.000112,0.000112,0.0,0.000112,0.999888
187,140252436907018775044357018689165543420042260373871440727,25,544,532,1.5e-05,1e-06,2.5000000000000005e-05,4e-05,0.99996
187,192105990641511042361486580149859043063803753731838318981,25,861,825,5.6e-05,6.2e-05,0.000581,0.000637,0.999363
187,178454889426021172984526500874394848133697897783899319511,25,1017,996,0.000665,0.00012,0.000202,0.000867,0.999133
187,147793902755095806954444489354226029687835800736294743133,25,654,654,0.000129,0.000129,0.0,0.000129,0.999871
187,181066564675332279473924972484406057203667755771628163519,25,433,427,1.8e-05,5e-06,5e-06,2.3e-05,0.999977
187,168818801318777087057170297997195516793375607488939767557,25,507,472,0.00040699999999999997,0.00012,0.0007859999999999999,0.0011929999999999998,0.998807
187,163084686989748233415040348211861253938756903626114968719,25,430,430,3.4e-05,3.4e-05,0.0,3.4e-05,0.999966
187,188075731576689556162612507442726713223245640460883288489,25,608,600,3.2e-05,1.3e-05,0.000127,0.000159,0.999841
187,132226185708852638537764772743714220747210366978910886177,25,497,492,1.1e-05,3.8e-05,4.7000000000000004e-05,5.8e-05,0.999942
187,194698576701919400115040833966319106090888842928840082833,25,487,487,7e-06,7e-06,0.0,7e-06,0.999993
187,125253423035716542158322394161648453041038946552062725559,25,507,507,1.4e-05,1.4e-05,0.0,1.4e-05,0.999986
188,314224750521702231589078779205748577487125730214151848227,25,477,477,0.000226,0.000226,0.0,0.000226,0.999774
188,214725867801677657763150716044378228025925022271604157093,25,381,381,8e-06,8e-06,0.0,8e-06,0.999992
188,337786569927761505444410838242068306234426938889367376089,25,438,438,0.000205,0.000205,0.0,0.000205,0.999795
188,360223106477640603715939086025088234494108141240755800321,25,461,461,3.9e-05,3.9e-05,0.0,3.9e-05,0.999961
188,374124987525817520307508964115960865602386918837898179827,25,671,671,0.000884,0.000884,0.0,0.000884,0.999116
188,361989780913006793919620222968747185160737595989089084909,25,463,454,2.7000000000000002e-05,8e-06,0.000159,0.000186,0.999814
188,317559581118592945343728270732523067627215982144611637637,25,424,409,0.000172,0.000191,0.00026700000000000004,0.00043900000000000005,0.999561
188,379999621526733814982174866558604085395375086537465979591,25,411,411,1e-06,1e-06,0.0,1e-06,0.999999
188,366021560344730588643709636731405132352498915207181378779,25,433,433,4.3e-05,4.3e-05,0.0,4.3e-05,0.999957
188,387944003533460640819952009732254475678414088984486177033,25,657,657,7e-06,7e-06,0.0,7e-06,0.999993
188,374845489005902740783352118914562105030081362850475258007,25,684,681,1e-05,1.4e-05,1.4e-05,2.4e-05,0.999976
188,386515816923087548415772467909907858268131406963172669599,25,549,548,6e-05,2.2e-05,2.2e-05,8.2e-05,0.999918
188,221106737983069547058303874626625601611876932304469714993,25,470,470,1.7e-05,1.7e-05,0.0,1.7e-05,0.999983
188,240210128646608330322236250926839186745574038027417949109,25,557,555,0.000108,8e-06,8e-06,0.000116,0.999884
188,318351913440867881282887107239336403432896585513539162139,25,495,473,0.00040099999999999994,1e-05,0.000135,0.0005359999999999999,0.999464
188,378635620380227758123177463104203120047480633879439638329,25,474,474,3.4e-05,3.4e-05,0.0,3.4e-05,0.999966
188,319199732197973078769687558220972231917492453889455575179,25,475,475,3.5e-05,3.5e-05,0.0,3.5e-05,0.999965
188,381980473612089531334196860824416470009021634012423067737,25,457,457,7.9e-05,7.9e-05,0.0,7.9e-05,0.999921
188,256586033541357135375485125099595006467144223152458416503,25,378,378,0.0001,0.0001,0.0,0.0001,0.9999
188,353636550421510722509208696720104070107782240230147107101,25,526,526,7.6e-05,7.6e-05,0.0,7.6e-05,0.999924
189,408589902288642681578344276763041902416284671692080986377,25,440,407,1.6e-05,0.000134,0.001116,0.001132,0.998868
189,646628678273258141372517202145221034603557799378124614201,25,559,559,2.9e-05,2.9e-05,0.0,2.9e-05,0.999971
189,592635606571861287284224295593110454631652264655249578353,25,530,528,4.3e-05,2.2e-05,2.2e-05,6.500000000000001e-05,0.999935
189,650208432524537748605744087782608274999617116493579199513,25,627,618,3.3e-05,2.3e-05,4.3e-05,7.6e-05,0.999924
189,599419609079700662276957964472775050611343385405910300163,25,797,783,2.5000000000000005e-05,7e-06,4.4000000000000006e-05,6.900000000000001e-05,0.999931
189,591139658903332237066666950704418695507871569867166356959,25,517,517,0.000113,0.000113,0.0,0.000113,0.999887
189,759303095841708533868206131077305245572712516145789616107,25,440,440,0.000118,0.000118,0.0,0.000118,0.999882
189,723374087894581884780114042666006439305170047096296570421,25,441,420,4.6e-05,5.4e-05,0.000197,0.000243,0.999757
189,642089268364349919722039425710377324200681378773618660631,25,544,544,2.2e-05,2.2e-05,0.0,2.2e-05,0.999978
189,493458509028245692711455247191997853201057771326056542803,25,816,801,0.001562,0.000196,0.000196,0.001758,0.998242
189,775267771444101410063934578993845769575953505357992661799,25,822,822,1.7e-05,1.7e-05,0.0,1.7e-05,0.999983
189,525214235994067347101638348805237964788334546789415420243,25,655,648,1.7e-05,1.9e-05,1.9e-05,3.6e-05,0.999964
189,510228484199873332122049098813102378921923672052464278333,25,443,443,0.000212,0.000212,0.0,0.000212,0.999788
189,630121824338129668949919059009823882545840337934822277567,25,715,699,0.000399,2.5e-05,0.000261,0.00066,0.99934
189,755634779781799121353112557954459602771587484582257255551,25,411,411,5e-06,5e-06,0.0,5e-06,0.999995
189,612172740703460905652990412541931502012476806243188854431,25,635,629,1.2e-05,3.3e-05,8.5e-05,9.7e-05,0.999903
189,530704707601162495384297467780173501132805319654798984003,25,458,433,3e-05,7e-06,8.9e-05,0.00011899999999999999,0.999881
189,756916004872319657418986856461653189263814971681663763573,25,577,572,0.000357,4.8e-05,4.8e-05,0.000405,0.999595
189,490921607897052107753246264180398217237973784027521089099,25,450,445,2.1e-05,0.00011,0.00019500000000000002,0.00021600000000000002,0.999784
189,767702133245506513310164240704062695141079949461903447479,25,508,499,8.3e-05,4.5e-05,0.00010200000000000001,0.000185,0.999815
190,1107697980005560535935691181882881481298971577503883545431,25,513,511,0.000121,0.000116,0.000116,0.00023700000000000001,0.999763
190,1447718595714448727207173851527167403200700108585820235931,25,401,401,0.000646,0.000646,0.0,0.000646,0.999354
190,1067595819970828694093593212927706218036137678171084438953,25,506,479,0.00026000000000000003,2.3e-05,0.000394,0.0006540000000000001,0.999346
190,1236956916814563958009976698763228455869309463346857145209,25,444,424,8.6e-05,5.7e-05,0.0010869999999999996,0.0011729999999999996,0.998827
190,1303595662239872394152630143462469139534875953977955173719,25,959,953,6.6e-05,2.8e-05,7e-05,0.000136,0.999864
190,1436728764183159269584547372484560757421757510937607299719,25,426,426,7.2e-05,7.2e-05,0.0,7.2e-05,0.999928
190,1358738873900145804437909196195927584579190583894624729549,25,522,518,0.000423,0.000174,0.000174,0.000597,0.999403
190,1309414713325066973570726305039978280113478833538624990717,25,689,689,1.4e-05,1.4e-05,0.0,1.4e-05,0.999986
190,1119233946195882068749589393936438955574244336504433599743,25,534,534,0.000108,0.000108,0.0,0.000108,0.999892
190,1391390333131732070825024754648255205953706845753859235761,25,876,876,1.4e-05,1.4e-05,0.0,1.4e-05,0.999986
190,1219405195991088602219964475590713847204090579216876133247,25,688,688,7.3e-05,7.3e-05,0.0,7.3e-05,0.999927
190,1285952433782265124699401960911465263241667818151785942989,25,502,469,0.000136,3.9e-05,0.00034399999999999996,0.00047999999999999996,0.99952
190,936281692826227408663886118472398327211075139996831483807,25,467,460,2.3e-05,1e-05,1e-05,3.3e-05,0.999967
190,1495152348884655255748854019985088902044523205603769307549,25,506,506,3.8e-05,3.8e-05,0.0,3.8e-05,0.999962
190,1543054376408543181151756345226381442258117792563593031941,25,481,481,0.00012,0.00012,0.0,0.00012,0.99988
190,1197900039859831281860297786593556759105357856705065296097,25,369,369,9.4e-05,9.4e-05,0.0,9.4e-05,0.999906
190,1325762643789188253480076014106355323863094856768820242033,25,414,414,0.000399,0.000399,0.0,0.000399,0.999601
190,1549503894836788136271053205345052692884272523599834807513,25,515,513,5.3e-05,0.000107,0.000107,0.00015999999999999999,0.99984
190,1371820001327266974371651800423316814650750283162857664521,25,384,384,0.000408,0.000408,0.0,0.000408,0.999592
190,1319759631078608755615705806993244756656084597458744780879,25,521,500,1.4e-05,6e-06,4.9000000000000005e-05,6.3e-05,0.999937
191,2180877054471620294689724695606846212849552332318992940407,25,497,497,5.3e-05,5.3e-05,0.0,5.3e-05,0.999947
191,1606385381360148813307516689773707722363849418834436678389,25,418,418,2.6e-05,2.6e-05,0.0,2.6e-05,0.999974
191,2738991831553984659353836548560279154535043688289688027603,25,465,458,6.4e-05,6.3e-05,0.000147,0.00021099999999999998,0.999789
191,2021640631374636353782008830324840969777513038468864748759,25,652,648,1.2e-05,1.7e-05,1.7e-05,2.9e-05,0.999971
191,2105598972222103150968007207241144213000505023620025661667,25,422,422,8e-06,8e-06,0.0,8e-06,0.999992
191,2954552227750152336095183292848417913001395070298811029879,25,615,609,8.3e-05,9e-06,9e-06,9.2e-05,0.999908
191,2604823021534871940153658516882468145972589783978202484923,25,499,499,0.000101,0.000101,0.0,0.000101,0.999899
191,2697799617327879157081712621189446951709202892838110789249,25,1093,1093,0.000183,0.000183,0.0,0.000183,0.999817
191,2749750578464362511041140809468842163052814508247072125809,25,709,711,0.0,7e-06,0.0,0.0,1.0
191,2810254725646498720414994000029322939731083303115400227283,25,624,595,0.00010599999999999999,4.1e-05,0.00044,0.000546,0.999454
191,2919723125927389511356972449231841889026550065177689782341,25,632,606,0.000174,1.2e-05,0.000203,0.000377,0.999623
191,2384759410471810319375657922573509817577252181814221416381,25,543,543,9.5e-05,9.5e-05,0.0,9.5e-05,0.999905
191,2870902859138464144898136609805487079043674281379484515257,25,565,564,5.1e-05,1.7e-05,1.7e-05,6.8e-05,0.999932
191,2531428612228677358426023750691561085464553004835817283823,25,685,685,8.8e-05,8.8e-05,0.0,8.8e-05,0.999912
191,2569199376454128229458263634674647272803671413063904093681,25,483,469,1.9999999999999998e-05,2.1e-05,3.1e-05,5.1e-05,0.999949
191,2077139403037075257284520813457747381680630617898050789129,25,582,582,0.000354,0.000354,0.0,0.000354,0.999646
191,2599527300982831600647840629042688948539972657946504879419,25,743,739,4.7e-05,3.9e-05,3.9e-05,8.6e-05,0.999914
191,2939945259852704861237884063321703407639606324099970984489,25,520,520,3.3e-05,3.3e-05,0.0,3.3e-05,0.999967
191,2806787067261975292631801717103764100516337005958274854877,25,907,904,0.000215,2e-05,0.000236,0.000451,0.999549
191,3102854422286895681399386946361481173908793767638701190957,25,535,535,8.7e-05,8.7e-05,0.0,8.7e-05,0.999913
192,6053136549975215707114861824618604186550967571524618556511,25,587,574,5.4e-05,0.000144,0.000186,0.00023999999999999998,0.99976
192,5772223899679240100865858833866067485733365743633882768503,25,429,417,5.7e-05,9e-05,0.00039799999999999997,0.000455,0.999545
192,4939008137476552065240184537828644764133517214756158762829,25,496,490,8.2e-05,0.000154,0.000396,0.00047799999999999996,0.999522
192,6212435194276394115763543059243494938563033646586224859629,25,574,559,0.000154,3.2e-05,0.00022299999999999997,0.00037699999999999995,0.999623
192,3874204338182140753502701838530384426297759523506113427483,25,628,628,0.000104,0.000104,0.0,0.000104,0.999896
192,3347208880492337566130653746802735549578109517894379499733,25,785,784,0.000139,7e-06,7e-06,0.000146,0.999854
192,4306083721119286908591380042584606571729048503575164227711,25,507,496,0.000125,0.000115,0.000341,0.000466,0.999534
192,5163763031624406920207830805702663059843081289928205028959,25,626,626,4.5e-05,4.5e-05,0.0,4.5e-05,0.999955
192,6130364660359904866071451106195076205876004972250032444803,25,494,494,4.9e-05,4.9e-05,0.0,4.9e-05,0.999951
192,6254696907579855069014156880599952401895926775151729298633,25,580,580,0.000126,0.000126,0.0,0.000126,0.999874
192,4873661477686905481674696353544486097679453418713697857441,25,1093,1093,2.4e-05,2.4e-05,0.0,2.4e-05,0.999976
192,5412175546964427994074789034451167835889491793324688758467,25,799,789,6e-06,6e-06,9e-06,1.5e-05,0.999985
192,5910884209390437413999109263981667425861292837036749005609,25,578,576,3e-05,1.9e-05,1.9e-05,4.9e-05,0.999951
192,4621285287029859947459316813570982113322073918209718266019,25,559,559,4.2e-05,4.2e-05,0.0,4.2e-05,0.999958
192,5696283951894185144007889520249234417647198158940715431933,25,440,440,0.000141,0.000141,0.0,0.000141,0.999859
192,3683958575511235413756595798246241035800834295791075521963,25,463,463,4.7e-05,4.7e-05,0.0,4.7e-05,0.999953
192,4468006165118885684913086683109597497945491118316503789123,25,1043,1002,3.6e-05,7e-06,0.00016399999999999995,0.00019999999999999996,0.9998
192,5488497809815368048793079212529624026388526869419621039691,25,562,550,3.6e-05,5.5e-05,0.000273,0.00030900000000000003,0.999691
192,5659542164522658766094858453465847140623734081033257305487,25,457,457,0.000137,0.000137,0.0,0.000137,0.999863
192,6149807903410653285967321465976396749348286539647506887699,25,638,635,0.000195,8.7e-05,8.7e-05,0.000282,0.999718
193,9905013207931875527529191960135739218017812814063208578531,25,663,629,0.00023099999999999998,5.5e-05,0.0009699999999999997,0.0012009999999999998,0.998799
193,10100483858506872648422975068896319443064533148276380832169,25,694,674,5.9e-05,4.2e-05,0.00015599999999999997,0.00021499999999999997,0.999785
193,11663540999446197162723452607497563376895758675776898312369,25,546,534,0.000264,0.000233,0.000273,0.000537,0.999463
193,10897749645060145624874358483865606849691424744321528304937,25,565,562,5.6e-05,1.5e-05,2.9e-05,8.5e-05,0.999915
193,10565624405515099844116517970763527091130891790570283157137,25,488,488,0.000616,0.000616,0.0,0.000616,0.999384
193,12070921450587575263287627747872390786879378063838490617043,25,697,697,1.3e-05,1.3e-05,0.0,1.3e-05,0.999987
193,9664634974777947645604027278555623329607100282762834013441,25,509,509,0.000203,0.000203,0.0,0.000203,0.999797
193,12322960193874180073992358693327396906594292112230707610489,25,648,614,7.6e-05,1.7e-05,0.000736,0.000812,0.999188
193,8099708654360452993215966572101668396566826381629301683063,25,608,570,0.0008559999999999999,0.000169,0.001359,0.002215,0.997785
193,11214351833369361189026414622248506634769198922661651441293,25,527,527,0.000102,0.000102,0.0,0.000102,0.999898
193,9128073803947130372484141505624445498586637123573747380151,25,441,441,4.2e-05,4.2e-05,0.0,4.2e-05,0.999958
193,11312813665303613237304198878301422628970319071234047845347,25,719,700,2.6e-05,5e-06,1.5e-05,4.1e-05,0.999959
193,11023902979621732752907862575267849055507922142544485438789,25,571,562,4e-06,2.1e-05,4.3e-05,4.7000000000000004e-05,0.999953
193,11262927042730954176015822824963334235937052626560568007419,25,567,567,5.2e-05,5.2e-05,0.0,5.2e-05,0.999948
193,10857095320997612707420637232964945337144528989105797131153,25,816,816,1e-06,1e-06,0.0,1e-06,0.999999
193,10494271519339392909894195833014476236187539413566084429379,25,584,584,4.5e-05,4.5e-05,0.0,4.5e-05,0.999955
193,12278064626184964589595523842860542425676931971855436832259,25,610,610,2e-05,2e-05,0.0,2e-05,0.99998
193,8482872608322654051369609585269639790901351219221511846733,25,497,497,0.000124,0.000124,0.0,0.000124,0.999876
193,7306887098618586073076594877395470343989113832174839245017,25,574,555,6.3e-05,1.2e-05,1.2e-05,7.500000000000001e-05,0.999925
193,12409265929614063311478379725438459124196359168832063103151,25,479,478,3.3e-05,8.7e-05,8.7e-05,0.00012,0.99988
194,20683260459467499029277828805303888053838228828420773810227,25,676,674,2.7e-05,6.2e-05,6.2e-05,8.9e-05,0.999911
194,21350469721329597074134362589876985354717072338210358108849,26,398,398,3.9e-05,3.9e-05,0.0,3.9e-05,0.999961
194,18942954816325570836124528681131878336599202626159580306777,25,469,463,1.4e-05,2.2e-05,3.6e-05,5e-05,0.99995
194,24458941949583565962792372221933150989311549041638920536113,26,689,675,5.9e-05,6.5e-05,0.000275,0.000334,0.999666
194,21076672769905977070352813226874932564034530295953191284753,25,535,535,4e-06,4e-06,0.0,4e-06,0.999996
194,22249362777783306049117932825890593656249535237757916625729,26,442,418,1.7e-05,2.4e-05,4.4e-05,6.1e-05,0.999939
194,23203422452949787679074210878498136594954609999835899906157,26,610,603,5.4e-05,1.6e-05,2.9999999999999997e-05,8.4e-05,0.999916
194,20868115815896194713106525621357671273079634596135616425361,25,625,619,1.1e-05,6e-05,8.7e-05,9.8e-05,0.999902
194,23192686299066524320738010687390362447126038875074169556253,26,613,605,0.000101,6.3e-05,0.000342,0.00044300000000000003,0.999557
194,22340054129412896419322214973520037370083718012993281910367,26,418,418,2.4e-05,2.4e-05,0.0,2.4e-05,0.999976
194,23181673086820734631906360554899103585708564817833096064921,26,1289,1289,4.4e-05,4.4e-05,0.0,4.4e-05,0.999956
194,24582599091151675799091021479482934414662039688624223437687,26,426,426,1e-06,1e-06,0.0,1e-06,0.999999
194,25065435242975997360701202808292864499688676903327335870541,26,495,495,2e-05,2e-05,0.0,2e-05,0.99998
194,18390454080376419958677765335623388001794346466558675435283,25,548,544,0.000142,2.9e-05,2.9e-05,0.000171,0.999829
194,22922786508061659363842923473806512470282966011733435851431,26,1073,1042,3e-06,1e-06,2.1000000000000002e-05,2.4e-05,0.999976
194,17061387184720152302891304554226083544383293835520188213651,25,467,443,0.000614,3.8e-05,0.0013050000000000002,0.0019190000000000001,0.998081
194,18618516616598255372519874377476542080222536021373325270311,25,464,464,0.000224,0.000224,0.0,0.000224,0.999776
194,21282237135538130116514856262480953933294724963389201954481,26,554,551,1.5e-05,1.9e-05,1.9e-05,3.4e-05,0.999966
194,20522969516655873169000695377445575228468042248954518479057,25,565,536,2.8e-05,3e-06,0.00019,0.000218,0.999782
194,14989350088210543607482262847185984320363092765497004877451,25,647,639,2.6e-05,1.7e-05,1.7e-05,4.3e-05,0.999957
195,43040604789452163741387408621112136409598757059035661677893,26,584,578,0.000157,3.7e-05,0.000118,0.00027499999999999996,0.999725
195,49088991794939140574010539690236171966040109026993415914269,26,445,442,0.000115,0.00017,0.00017,0.000285,0.999715
195,48300749567102905436273718192442740995408307546941115427897,26,494,482,5.8e-05,3.7e-05,3.7e-05,9.5e-05,0.999905
195,48906073225085902924815189872988257194974124450370814611651,26,421,421,0.00010400000000000001,0.00010400000000000001,0.0,0.00010400000000000001,0.999896
195,36863086582293400960306820600939234657564365893479938560799,26,734,706,8e-06,1.2e-05,9.8e-05,0.000106,0.999894
195,39520094337921324612196662792851626492332520911673811699729,26,885,885,4e-06,4e-06,0.0,4e-06,0.999996
195,48712327583936410948919472729136236367597407084610635272833,26,458,458,8e-06,8e-06,0.0,8e-06,0.999992
195,40655326120160876332407096732056168721873529846326635963177,26,449,435,7e-06,2e-05,4e-05,4.7000000000000004e-05,0.999953
195,49535766793358394398954575009134138350900646325935636614543,26,585,573,0.000147,1.8e-05,4.7000000000000004e-05,0.000194,0.999806
195,41862719142251391308296850055406978004299551713109836123227,26,582,576,1.7e-05,7e-06,7e-06,2.4e-05,0.999976
195,39425775947292327135017849550127493358385136125831647180659,26,469,456,4e-06,6.7e-05,6.7e-05,7.1e-05,0.999929
195,40030915462863037646967083275653053673838289093488559065567,26,612,598,8.5e-05,6.2e-05,6.2e-05,0.000147,0.999853
195,40570734708690516020996671408225641495385595046735671957119,26,459,459,2.6e-05,2.6e-05,0.0,2.6e-05,0.999974
195,40934085183179492462123851985126002111578252845347853305697,26,486,486,0.001798,0.001798,0.0,0.001798,0.998202
195,35128682060529629825193792168573153198841552039371874266881,26,455,446,1.3e-05,6e-06,6e-06,1.9e-05,0.999981
195,33386520498533519946398383478624977467807699443830033789513,26,580,580,0.000161,0.000161,0.0,0.000161,0.999839
195,40141148770606288794672640695647670636575757821310805897243,26,516,516,0.00015,0.00015,0.0,0.00015,0.99985
195,40490518455055723132909066555944613680023787528271085543291,26,564,564,0.000176,0.000176,0.0,0.000176,0.999824
195,47614627301874134935455529116186115164906112363136503150483,26,654,654,4.2e-05,4.2e-05,0.0,4.2e-05,0.999958
195,34473817038037491202068900808519350419613875057302440357481,26,602,602,3e-06,3e-06,0.0,3e-06,0.999997
196,95168415107121660560916881793289203952418490854465168975321,26,685,685,8e-06,8e-06,0.0,8e-06,0.999992
196,90009791547499984548910278716753576073152720702817059055901,26,511,498,0.001019,0.000535,0.000535,0.0015539999999999998,0.998446
196,87459073763838296701927301523704259554148918532862184975629,26,551,551,6.3e-05,6.3e-05,0.0,6.3e-05,0.999937
196,70309503501777340343079821334567642537559966663221390472973,26,501,477,0.000179,0.000608,0.0010960000000000002,0.001275,0.998725
196,95305038515393842196007534454562012255827385548443606952501,26,605,597,2e-05,1e-05,0.000188,0.000208,0.999792
196,82858880649466251495449216071414702109906561191821038787641,26,397,397,0.000148,0.000148,0.0,0.000148,0.999852
196,97083793852684433813008089400054003385653724507596918274297,26,684,663,7.000000000000001e-06,2e-06,8.2e-05,8.9e-05,0.999911
196,99466774561138218293682307547255032274447325955533021392447,26,486,486,0.00013,0.00013,0.0,0.00013,0.99987
196,62333097639089791343889610479116623630492359496474506120427,26,844,829,9.999999999999999e-06,2.4e-05,8.4e-05,9.4e-05,0.999906
196,98202769533374705029605057892210661368086364721024686834069,26,593,593,2.3e-05,2.3e-05,0.0,2.3e-05,0.999977
196,76205915167282914218102341674425274873438928127960827493699,26,787,784,8.8e-05,1.1e-05,1.1e-05,9.9e-05,0.999901
196,99735781901275954167800573841902347907225001572434442739617,26,680,680,2.8e-05,2.8e-05,0.0,2.8e-05,0.999972
196,75523924234554614323219474180414139839611222725124775536109,26,469,469,0.000172,0.000172,0.0,0.000172,0.999828
196,98856416133856584127753735193005691636012090201233990732729,26,443,428,1.2e-05,3.1e-05,4.8e-05,6e-05,0.99994
196,74465721503975476013420915082380026622357493970492148475923,26,621,621,5e-05,5e-05,0.0,5e-05,0.99995
196,93695083979722113939155057731935369089046162236564738423191,26,541,537,5e-06,2.5e-05,2.5e-05,3e-05,0.99997
196,77879392079591903526474505876698267670805166486636028530899,26,494,472,2.7e-05,1e-05,1e-05,3.7e-05,0.999963
196,84229306643800747300264590699152695007580757244203842094811,26,552,552,0.000213,0.000213,0.0,0.000213,0.999787
196,94030668663190317444347187347006250211939496898445186865789,26,840,817,1e-05,8e-06,3.1e-05,4.1e-05,0.999959
196,100248369583162082393739261464041339014101482772776091948201,26,438,431,6e-06,2.1e-05,3.4e-05,3.9999999999999996e-05,0.99996
197,167659105655698882339508182915480992256595774433903924122623,26,1544,1541,4e-06,2e-06,4e-06,8e-06,0.999992
197,122449747198975822084132001235051055769374123302428745305941,26,652,652,1.8e-05,1.8e-05,0.0,1.8e-05,0.999982
197,157771390213784769025733801475620067885551276043484431320057,26,522,522,7.7e-05,7.7e-05,0.0,7.7e-05,0.999923
197,195362636325845913268639913567995093493514004135984307800363,26,573,551,0.0007509999999999999,5.1e-05,0.0011630000000000002,0.0019140000000000001,0.998086
197,160328182105787324869078655378810538500450812696259544941773,26,496,496,0.000221,0.000221,0.0,0.000221,0.999779
197,184970800291752440068635983309521468062368504646083676644033,26,648,648,2.3e-05,2.3e-05,0.0,2.3e-05,0.999977
197,164144776080649194883406513297516553025716555924591056615183,26,435,431,6.5e-05,3e-05,3.1e-05,9.6e-05,0.999904
197,140818764650826975296987375129283355966942621459853255150479,26,564,564,3.7e-05,3.7e-05,0.0,3.7e-05,0.999963
197,189022387984517778950705123442972032908094852334290657306231,26,449,449,0.000173,0.000173,0.0,0.000173,0.999827
197,172220763612696405396243073018306035394484382521705030045911,26,445,438,8e-06,3e-06,9.999999999999999e-06,1.7999999999999997e-05,0.999982
197,154481106607181704446691691500013964555830349483415881254479,26,744,743,9e-06,2.7e-05,2.7e-05,3.6e-05,0.999964
197,138116520840863501578382275910208792542013786200119809943421,26,465,465,6.7e-05,6.7e-05,0.0,6.7e-05,0.999933
197,128167436666847967508432921399395745683533771986744909507099,26,467,467,4.5e-05,4.5e-05,0.0,4.5e-05,0.999955
197,179430245545432323474984038609312519060231752952330260578973,26,644,644,1.9e-05,1.9e-05,0.0,1.9e-05,0.999981
197,164907321185035410613697079130730386934791247649211425433501,26,643,616,1.5e-05,1.7e-05,0.000167,0.000182,0.999818
197,149559974584198894049055200074096371180280008283748787845411,26,446,432,0.000445,0.00016,0.00016,0.000605,0.999395
197,141960287108387193832375793429518062558146806429474522246723,26,506,506,0.000104,0.000104,0.0,0.000104,0.999896
197,117962418323306660486403773161381103053143923297611666689523,26,462,462,9.4e-05,9.4e-05,0.0,9.4e-05,0.999906
197,159003940652452327574248903060253950134870172438916155070369,26,723,688,4e-05,1.6e-05,0.0006449999999999998,0.0006849999999999998,0.999315
197,186310928751907307724815625865601039478473930304908425333493,26,812,812,6e-05,6e-05,0.0,6e-05,0.99994
198,358800385741478548379741226608716034844371071935561085305833,26,623,617,0.000112,2.8e-05,2.8e-05,0.00014,0.99986
198,361832547229010809777991703475089455145922714751449984988413,26,419,415,7.1e-05,2.2e-05,2.2e-05,9.300000000000001e-05,0.999907
198,366234672716741757435258864069198637471462810470347219616629,26,688,679,1.8e-05,4e-06,4.9999999999999996e-06,2.3e-05,0.999977
198,381944248262064685581254962871209750407378184907165945167889,26,559,559,7e-06,7e-06,0.0,7e-06,0.999993
198,354687072527494597410093290280585584399421663969934020853223,26,598,598,0.000226,0.000226,0.0,0.000226,0.999774
198,379245416457437245542302776449664948360818185536921628076539,26,432,432,0.000124,0.000124,0.0,0.000124,0.999876
198,276003453857523809899467677088049878845070200584331936691041,26,534,534,5.8e-05,5.8e-05,0.0,5.8e-05,0.999942
198,209990048987204577494427221770767574738889930041728156874193,26,577,577,0.000202,0.000202,0.0,0.000202,0.999798
198,256901948110234610129862767369945243180538397102365122358427,26,484,483,9.3e-05,9.2e-05,9.2e-05,0.000185,0.999815
198,392896855902880253325160541666344098709384930507930453171681,26,468,468,2.6e-05,2.6e-05,0.0,2.6e-05,0.999974
198,261148592887412956171116968549303549257459540886776423198739,26,509,508,5e-06,2e-05,2e-05,2.5e-05,0.999975
198,380307295207752593087679241538739081357344508076536875023627,26,597,574,3.7e-05,3.4e-05,6.3e-05,9.999999999999999e-05,0.9999
198,388299617663319746972489463784551990330983404458676571447693,26,517,496,1.3e-05,1.8e-05,6.6e-05,7.900000000000001e-05,0.999921
198,328573357774619762260295479993442675189590010826879831896677,26,534,519,2.6e-05,2.9e-05,4.6e-05,7.2e-05,0.999928
198,345095965742713044505246800463174842475462680793869138019261,26,453,453,1e-05,1e-05,0.0,1e-05,0.99999
198,292581670931790651470491827458218900376775743841380672403887,26,503,503,1.4e-05,1.4e-05,0.0,1.4e-05,0.999986
198,390539114582262272077001713638342490864897532470034331261247,26,491,473,0.000158,0.000169,0.000169,0.000327,0.999673
198,360504086773559647539204736208829484928785732049355565383643,26,395,395,1.3e-05,1.3e-05,0.0,1.3e-05,0.999987
198,235950558879078260282437419803935172239069320587333159451019,26,530,530,1.8e-05,1.8e-05,0.0,1.8e-05,0.999982
198,398227691324642613283526129594013507506766970246599454997939,26,659,643,0.000475,6.9e-05,0.000237,0.000712,0.999288
199,754357335704061312767906283574368857849729996361323767853021,26,540,540,4.6e-05,4.6e-05,0.0,4.6e-05,0.999954
199,740449135866891063702563724186205751814739503564925633250647,26,478,453,3.6e-05,3.3e-05,5.9000000000000004e-05,9.5e-05,0.999905
199,783572025208462059459081331520531102495696274404533915350617,26,510,493,5e-05,5e-06,2.5e-05,7.500000000000001e-05,0.999925
199,689619749063096498116944459976173154436509257531702365821471,26,624,613,9.999999999999999e-05,3.6e-05,0.00010099999999999999,0.00020099999999999998,0.999799
199,792261444591087612509889756571590671010253289767476929883959,26,692,692,2e-05,2e-05,0.0,2e-05,0.99998
199,485165244720747932715066275346273892339756962905587028338027,26,452,452,0.000243,0.000243,0.0,0.000243,0.999757
199,701425127964276666799904563003747018572056891360383272760451,26,1119,1102,1.7e-05,4.4e-05,4.4e-05,6.1e-05,0.999939
199,790893896840481035276180066252113476643190200344778153065643,26,924,924,0.000101,0.000101,0.0,0.000101,0.999899
199,763536298621525364342165189094083117188952849209780027677679,26,601,593,0.000195,2.3e-05,0.000128,0.000323,0.999677
199,613617912594322713495151233564022371433770815044783317065269,26,827,827,6.8e-05,6.8e-05,0.0,6.8e-05,0.999932
199,701969238772333138157522384223588554623546191713496616248319,26,475,475,8.3e-05,8.3e-05,0.0,8.3e-05,0.999917
199,659743727985962787654640554658683537620374805989756454087933,26,679,685,0.0,7.3e-05,0.0,0.0,1.0
199,690360274208079369250317450856211794224002008122073050016637,26,522,522,6.9e-05,6.9e-05,0.0,6.9e-05,0.999931
199,500887070634424955740905032565576942995006631697841024678317,26,521,521,4.3e-05,4.3e-05,0.0,4.3e-05,0.999957
199,562515533415072305976115813906881843805019952700501666255663,26,510,509,4.9e-05,4.9e-05,4.9e-05,9.8e-05,0.999902
199,687386421009493082281833809951506042909624825066468351426301,26,451,437,0.000114,8.5e-05,9.6e-05,0.00021,0.99979
199,627831828857047974697867855909832323916998184071016955354641,26,557,557,0.000194,0.000194,0.0,0.000194,0.999806
199,531493718748199409115070187956201803475378862922781030803881,26,499,499,1.9e-05,1.9e-05,0.0,1.9e-05,0.999981
199,764298723870080571982440894112670628624228896767629734930611,26,441,425,3.4e-05,3.1e-05,3.1e-05,6.500000000000001e-05,0.999935
199,563561550095967293743840793623207928679303836705271230763571,26,769,762,4.2e-05,2.4e-05,4.399999999999999e-05,8.599999999999999e-05,0.999914
200,1295789132477604807715877944458947246775511838525972200835657,26,631,631,4.8e-05,4.8e-05,0.0,4.8e-05,0.999952
200,1580265433117145949318612574335473147379586407902007615572209,26,560,553,0.0,1.7e-05,1.7e-05,1.7e-05,0.999983
200,1031264165415914398404034296717937295434353057321618942293977,26,686,662,8.6e-05,3.7e-05,0.00012,0.00020600000000000002,0.999794
200,942274183107708126744367799889859979943002828490182769563693,26,743,715,9.900000000000001e-05,0.00012,0.0018610000000000005,0.0019600000000000004,0.99804
200,1243256742262564810336975229173603901549307573958804818142771,26,585,568,8.8e-05,2.4e-05,7.500000000000001e-05,0.000163,0.999837
200,1332260463557925975266900697251791362056896106900938778652773,26,696,696,2.2e-05,2.2e-05,0.0,2.2e-05,0.999978
200,1534546510819566200886924830244913417667526810936895301477933,26,457,452,0.000334,2e-05,5.7e-05,0.00039099999999999996,0.999609
200,1457315434423192483527568367362496447605043071246754450536801,26,567,567,0.00041,0.00041,0.0,0.00041,0.99959
200,1515478547137402687976907484166669091143375006869904371011019,26,580,580,5.5e-05,5.5e-05,0.0,5.5e-05,0.999945
200,1328401728722624823335450602027897002059084341229046226740677,26,501,500,2.5e-05,3e-05,3e-05,5.5e-05,0.999945
200,1069405338840333297089210313682851116995000495488370707114107,26,868,865,1.5e-05,3e-06,3e-06,1.8e-05,0.999982
200,1577668914616112972976239927299568044527242009386300299995513,26,993,993,7.4e-05,7.4e-05,0.0,7.4e-05,0.999926
200,924932144930952159695588929751342486737404577556159754527249,26,444,435,7.2e-05,0.000115,0.000115,0.000187,0.999813
200,1430455149298665257668430782969274466789353299446322896956953,26,484,475,1.6e-05,3e-06,1.4e-05,2.9999999999999997e-05,0.99997
200,1471759896903796862187242593818058236014421372969552658348613,26,837,837,0.000374,0.000374,0.0,0.000374,0.999626
200,1024997524686414507856278528573582273997937245288256214142637,26,547,547,3.3e-05,3.3e-05,0.0,3.3e-05,0.999967
200,1269662956978065591146754145192337292773571460456699566030607,26,531,531,1.9e-05,1.9e-05,0.0,1.9e-05,0.999981
200,1251023694717248924976673861910298094342092199701445949798563,26,706,706,2e-06,2e-06,0.0,2e-06,0.999998
200,1165094867829338354631660035180329869977597764175158753523867,26,548,548,0.000338,0.000338,0.0,0.000338,0.999662
200,1245161625256545119714043746004026254459007086115269518670777,26,662,661,3e-05,6.4e-05,6.4e-05,9.4e-05,0.999906
