Bit_length,N,Lattice_dimension,|b_op - t|^2,|vbest - t|^2,P(b_op),P(vbest),P(|vnew - t|^2 < |b_op - t|^2),P(|vnew - t|^2 <= |b_op - t|^2),P(|vnew - t|^2 > |b_op - t|^2)
150,1268771206145175299492684899681878877410684841,21,728,728,0.106951,0.106951,0.0,0.106951,0.893049
150,1403762530472620237905076428332939916844331359,21,310,297,0.099244,0.095197,0.135269,0.234513,0.765487
150,918882917500502786903408324526441238854631741,21,407,397,0.059965,0.045744,0.045744,0.105709,0.894291
150,1044411862674117053622929515451672202864979129,21,397,397,0.071415,0.071415,0.0,0.071415,0.928585
150,1199592981228806239321120961178599459097610483,21,601,601,0.010583,0.010583,0.0,0.010583,0.989417
150,912632394066698132144971044037258218777602291,21,384,384,0.088728,0.088728,0.0,0.088728,0.911272
150,1033085278351720441874660444922199074374033881,21,454,454,0.022747,0.022747,0.0,0.022747,0.977253
150,1039667922595230805682141254323399644574814367,21,704,702,0.075991,0.265777,0.265777,0.34176799999999996,0.658232
150,1076261801716221769627743498540654753005411033,21,605,584,0.018517,0.022742,0.32442399999999993,0.34294099999999994,0.6570590000000001
150,868981675879730421007669707059890716656754209,21,391,391,0.068834,0.068834,0.0,0.068834,0.9311659999999999
150,1198940008513470371886998720870433706529677289,21,318,309,0.064077,0.064713,0.326888,0.390965,0.609035
150,1001065868810988745766471076060380006588792189,21,391,391,0.053012,0.053012,0.0,0.053012,0.946988
150,1018523197675518130041140861676478171959383813,21,315,315,0.304162,0.304162,0.0,0.304162,0.695838
150,999406335763551690568793874408994581594369181,21,305,305,0.283582,0.283582,0.0,0.283582,0.716418
150,1386649915270975663546803936212330370020386207,21,333,333,0.060502,0.060502,0.0,0.060502,0.9394979999999999
150,1252835724482748605844023934169349660374906087,21,379,379,0.167869,0.167869,0.0,0.167869,0.832131
150,1420753685420564064872708676390123998125705549,21,349,349,0.203766,0.203766,0.0,0.203766,0.796234
150,1076920912535396901213842625717381087368331181,21,417,417,0.050544,0.050544,0.0,0.050544,0.949456
150,1124397583306701037985991208303905429810161357,21,352,352,0.099001,0.099001,0.0,0.099001,0.900999
150,1130353955473240791783568532060655958732460941,21,408,408,0.138372,0.138372,0.0,0.138372,0.8616280000000001
151,2363319035074246419340419055739401443130238059,21,544,505,0.043326,0.004249,0.26210599999999995,0.3054319999999999,0.6945680000000001
151,2471201957583473321167345886570639941825218311,21,396,396,0.036822,0.036822,0.0,0.036822,0.963178
151,2315715608364087921901708175621836301416617007,21,292,292,0.036301,0.036301,0.0,0.036301,0.963699
151,2763171157217537386323259861099914830334818519,21,613,595,0.030203,0.016096,0.016096,0.046299,0.953701
151,1758775630326182635026447808028302358291781499,21,296,296,0.0704,0.0704,0.0,0.0704,0.9296
151,2188378164211148987192836592303698338909975503,21,332,318,0.081423,0.046864,0.046864,0.12828699999999998,0.871713
151,1829627983140478483810934234803641664206450619,21,355,355,0.060892,0.060892,0.0,0.060892,0.939108
151,1569735030968914361557174823910579735657956107,21,310,304,0.31404,0.103266,0.103266,0.41730599999999995,0.582694
151,2843239852874861508784440371081621911410347591,21,581,581,0.043824,0.043824,0.0,0.043824,0.956176
151,2624675574003230296718034974584383454961661761,21,577,577,0.033023,0.033023,0.0,0.033023,0.966977
151,1746328694271824837631752461766830788699201941,21,497,492,0.021409,0.01918,0.027006,0.048415,0.951585
151,2456234120258232727729365675070691784694223131,21,661,651,0.04030600000000001,0.044989,0.06578,0.10608600000000001,0.893914
151,2689914182894566195371701173819301836708498979,21,414,397,0.056717000000000004,0.014351,0.231747,0.288464,0.711536
151,2472879649799491864465871187917726124213054643,21,388,383,0.021581,0.02304,0.02304,0.044621,0.955379
151,2641928437820330089399895839369416426912654047,21,603,596,0.084553,0.057785,0.057785,0.14233800000000002,0.8576619999999999
151,2217024583566038902931835040749210710155293863,21,329,329,0.109183,0.109183,0.0,0.109183,0.890817
151,2795955547593262531562466415054318143278579719,21,418,393,0.025135,0.030352,0.16737899999999997,0.19251399999999996,0.807486
151,2754384674264655946791346511962590129499967297,21,527,527,0.034496,0.034496,0.0,0.034496,0.965504
151,1922698035563121141756137662031262831101446511,21,321,321,0.008706,0.008706,0.0,0.008706,0.991294
151,2578633082003778088940013102956628479805360761,21,526,526,0.042435,0.042435,0.0,0.042435,0.957565
152,3650146379785934850995660671580553841765454981,21,332,327,0.044591,0.068778,0.13364900000000002,0.17824,0.82176
152,4447694107941335768274189003948589146948883409,21,397,397,0.249991,0.249991,0.0,0.249991,0.750009
152,5304044781028480773455459789567804501864780699,21,391,379,0.151474,0.016912,0.016912,0.168386,0.831614
152,5225791236691602749703859113684043992716841463,21,404,404,0.133865,0.133865,0.0,0.133865,0.866135
152,5425403301002418901669361546561888615280596761,21,404,374,0.048108,0.020535,0.197106,0.245214,0.754786
152,5202335230032226630491022567996748864390119873,21,446,446,0.209791,0.209791,0.0,0.209791,0.7902089999999999
152,4003774395708740189647636396775460720094087057,21,338,333,0.02343,0.004123,0.004123,0.027553,0.972447
152,5276249290787396224699127825641594167433771223,21,372,372,0.058436,0.058436,0.0,0.058436,0.941564
152,4381176969443188923764265381058182084891594073,21,455,455,0.094686,0.094686,0.0,0.094686,0.905314
152,5541991812747053012003965966406093820220699999,21,301,301,0.418486,0.418486,0.0,0.418486,0.581514
152,5648300508047326241541247933495397085050508533,21,379,379,0.16536,0.16536,0.0,0.16536,0.83464
152,4837654055687374110886315087296888936559582543,21,331,291,0.08646,0.03377,0.23273,0.31919,0.68081
152,3169527753809835033737422227494034075208154897,21,365,365,0.026814,0.026814,0.0,0.026814,0.973186
152,4751384359859390003700613749548751936187354063,21,353,353,0.152123,0.152123,0.0,0.152123,0.847877
152,5115713692797196694227360148049458957592665221,21,314,307,0.092335,0.052527,0.29694,0.389275,0.610725
152,5377906651632174967507002058972880963848446937,21,461,451,0.059315,0.01349,0.01349,0.072805,0.927195
152,4794192939950703723191510856383251915586655239,21,375,375,0.227843,0.227843,0.0,0.227843,0.772157
152,4098436965705153817981088577951066512799793241,21,486,467,0.183573,0.239158,0.239158,0.42273099999999997,0.577269
152,4397317578261604652631366972202456990923173239,21,607,602,0.033171,0.017244,0.017244,0.050415,0.949585
152,5641409895201969238429625932613600677431973529,21,369,358,0.105315,0.163705,0.28784,0.393155,0.6068450000000001
153,7688734886215973313958737522072259896979469359,21,488,488,0.084962,0.084962,0.0,0.084962,0.915038
153,9965367899123149749669237053467022764500819709,21,364,340,0.008417,0.013244,0.060925,0.069342,0.930658
153,8648715940089396413954292296253489279668879831,21,364,355,0.09063,0.140328,0.169475,0.260105,0.739895
153,9992486217185404533285574560152593379868586411,21,312,303,0.160656,0.047619,0.047619,0.208275,0.791725
153,8752395201001776336645971436266201719253038903,21,273,273,0.056587,0.056587,0.0,0.056587,0.9434130000000001
153,10307828778112676279744687232183733883997747787,21,304,304,0.135623,0.135623,0.0,0.135623,0.864377
153,8927473020776419491333060829150295244420281503,21,499,462,0.052772999999999994,0.003937,0.22377900000000003,0.276552,0.723448
153,7853849523366438727173539795218496833560636149,21,509,489,0.12207299999999999,0.020757,0.18354699999999996,0.30561999999999995,0.69438
153,8674604146514496475964987674111780570888473743,21,283,283,0.059379,0.059379,0.0,0.059379,0.940621
153,8982522494550749295857332138146435777716539013,21,326,326,0.081146,0.081146,0.0,0.081146,0.9188540000000001
153,7465338556163117004724110416934405812498881597,21,443,443,0.163073,0.163073,0.0,0.163073,0.836927
153,9002256784614521734062834292945636253381789701,21,482,471,0.080897,0.070792,0.070792,0.151689,0.848311
153,9730043924092499024899737640031060516457357727,21,518,518,0.239552,0.239552,0.0,0.239552,0.760448
153,7772785559916630760629013439531712505833223283,21,335,335,0.25951,0.25951,0.0,0.25951,0.74049
153,6331403492532550906969515225158616949065412553,21,348,340,0.045339,0.080628,0.080628,0.125967,0.8740330000000001
153,9499729964075602707801866275682306216169333647,21,580,580,0.080795,0.080795,0.0,0.080795,0.919205
153,10623137933847890583214243354934109612727566337,21,398,398,0.065396,0.065396,0.0,0.065396,0.934604
153,8298489176359263229418112630907164868713161869,21,425,425,0.141244,0.141244,0.0,0.141244,0.858756
153,10423403876173039960502215978962041272294895987,21,351,351,0.038107,0.038107,0.0,0.038107,0.961893
153,11331438524408402513759859710883003140234689001,21,566,555,0.004217,0.030598,0.09778500000000001,0.10200200000000001,0.897998
154,20144352470088160067192230120293841747066127093,21,398,394,0.038516,0.009752,0.009752,0.048268000000000005,0.951732
154,13741129409913179912586613425642421907057677927,21,331,331,0.532943,0.532943,0.0,0.532943,0.46705700000000006
154,22555697926472858658256090868373281917048139777,21,484,480,0.012595,0.002868,0.041354,0.053949000000000004,0.946051
154,21622466558921334027105350728738281221011715713,21,470,470,0.073045,0.073045,0.0,0.073045,0.926955
154,22717282832414613486487854671615889194348202509,21,432,432,0.109773,0.109773,0.0,0.109773,0.890227
154,15553662272752172389304818266535674850670048197,21,324,324,0.035629,0.035629,0.0,0.035629,0.964371
154,16287234057599780494928529944429983938735953333,21,356,338,0.056604,0.007573,0.042617,0.099221,0.900779
154,20227306669577710217883266196429106847542507013,21,591,591,0.0225,0.0225,0.0,0.0225,0.9775
154,18361999857484992568400964915559137162309312233,21,359,359,0.031399,0.031399,0.0,0.031399,0.968601
154,17615067981495998635949724796624661825505231481,21,515,475,0.070865,0.050061,0.5511830000000001,0.622048,0.37795199999999995
154,16965780184675510815549338206501125311473383031,21,416,416,0.003182,0.003182,0.0,0.003182,0.996818
154,17145713058305669983102778787612006911670513347,21,475,452,0.183312,0.03318,0.03318,0.21649200000000002,0.783508
154,20285317985568063024579677341972941193428143231,21,300,300,0.166968,0.166968,0.0,0.166968,0.833032
154,19892574816341431255761561129070142233703448899,21,484,484,0.145085,0.145085,0.0,0.145085,0.854915
154,14482484907695104154754286426816369245597742123,21,429,429,0.039857,0.039857,0.0,0.039857,0.960143
154,21308599822779449843544699903616188167691769657,21,446,427,0.046003,0.042176,0.042176,0.08817900000000001,0.911821
154,19652552707990061015357354059734076466348869901,21,368,368,0.025622,0.025622,0.0,0.025622,0.974378
154,15836062588559999481222001755306755400249974411,21,351,348,0.110607,0.090255,0.090255,0.20086199999999999,0.799138
154,17640605793899812190237760431948486244893089589,21,390,390,0.03469,0.03469,0.0,0.03469,0.96531
154,13200322048523091361380223530828151918467232499,21,285,277,0.013497,0.010627,0.010627,0.024124,0.975876
155,31340595875958809044343360964929799034189512361,21,438,436,0.170435,0.035981,0.035981,0.206416,0.7935840000000001
155,33883679322606457824492978417378120332359598171,21,356,350,0.171797,0.027662,0.027662,0.199459,0.800541
155,38431961138800983210425437779183955699273663877,21,536,536,0.112886,0.112886,0.0,0.112886,0.887114
155,44842574992398006827792831817449122409176524571,21,385,377,0.014231,0.00525,0.011936,0.026167000000000003,0.973833
155,44479412022428483167051033854365771430317272061,21,544,544,0.020808,0.020808,0.0,0.020808,0.979192
155,39653904137769014668557378511260469269135182431,21,326,299,0.034787,0.024359,0.221047,0.255834,0.744166
155,36615548944643269126239193831815135044946113087,21,338,329,0.184566,0.124478,0.124478,0.309044,0.690956
155,35728624388846244763032748679732750007278619919,21,328,328,0.070781,0.070781,0.0,0.070781,0.929219
155,39471143362465673450737740007926815837598407923,21,455,439,0.036701,0.003102,0.045387,0.082088,0.9179120000000001
155,43620356160753924413764228467447052158522613007,21,452,431,0.069195,0.061828,0.061828,0.131023,0.868977
155,29666396188587728462615862057347321613786496027,21,547,545,0.115994,0.00713,0.00713,0.123124,0.876876
155,41677893527522320684434778067984642792936350873,21,527,494,0.02414,0.029246,0.165177,0.18931699999999999,0.810683
155,32675536969479286942701324674137910119680337459,21,332,332,0.27684,0.27684,0.0,0.27684,0.72316
155,44919866654372607559021538428305729263662282117,21,528,528,0.371725,0.371725,0.0,0.371725,0.6282749999999999
155,36452200589072916411983425394632165549777886227,21,468,468,0.133598,0.133598,0.0,0.133598,0.866402
155,33203524258924130270853246380045741567145994259,21,443,434,0.21582400000000002,0.068625,0.068625,0.284449,0.715551
155,36946503351030864812990481678628454987070959527,21,394,364,0.037356,0.01949,0.32369200000000004,0.36104800000000004,0.638952
155,44458044889519333576801527839740244268692202469,21,636,623,0.030879,0.014272,0.10259700000000001,0.133476,0.866524
155,36744155090184780124393526442075144163055399837,21,366,366,0.043735,0.043735,0.0,0.043735,0.956265
155,32611265262434541992311659835491097552848382807,21,277,277,0.033741,0.033741,0.0,0.033741,0.966259
156,58842411492108631901824870167723622565249820361,21,541,541,0.048434,0.048434,0.0,0.048434,0.951566
156,58647263901409677188415888297848821138605832667,21,353,338,0.039815,0.269273,0.269273,0.309088,0.690912
156,60691833191625566815713087621249445278906020923,21,443,443,0.086533,0.086533,0.0,0.086533,0.913467
156,83500911560012017920943706628836329963659227611,21,420,420,0.050572,0.050572,0.0,0.050572,0.949428
156,79699952235555146846014724188269022467857700953,21,458,450,0.028649,0.014327,0.014327,0.042976,0.957024
156,68617923715717279114730426060969764483412652871,21,562,562,0.069406,0.069406,0.0,0.069406,0.930594
156,70292815550175575334435593661308688973972707499,21,329,324,0.057887,0.124426,0.124426,0.182313,0.817687
156,88395906091853951743306426033388820009527178553,21,334,334,0.209133,0.209133,0.0,0.209133,0.790867
156,58490997193338963447736793476829606786651843411,21,361,361,0.095493,0.095493,0.0,0.095493,0.904507
156,88153376653160901709431525294744255033299399513,21,438,438,0.069673,0.069673,0.0,0.069673,0.930327
156,83749952449871415989936799658384575288153567857,21,493,493,0.080003,0.080003,0.0,0.080003,0.919997
156,63215896343305696798861673825073441341593157323,21,286,286,0.041139,0.041139,0.0,0.041139,0.958861
156,68367618624389291832609274122568807692737410747,21,344,344,0.034813,0.034813,0.0,0.034813,0.965187
156,85976042848566498516350067546598036064176697617,21,456,454,0.019,0.023961,0.023961,0.042961,0.957039
156,77050956204250174763972617362140681574229342091,21,728,728,0.191545,0.191545,0.0,0.191545,0.808455
156,67397778703558464646892241700035691887301648579,21,550,550,0.073329,0.073329,0.0,0.073329,0.926671
156,82158015067987949738815070788850184671973579587,21,403,403,0.051768,0.051768,0.0,0.051768,0.948232
156,55015423047501982644190563451191716439122432951,21,383,382,0.02133,0.015473,0.015473,0.036803,0.963197
156,85336908532608541436048263259686225667526362047,21,607,607,0.148754,0.148754,0.0,0.148754,0.851246
156,56731211956952175175952662358019177731725234237,21,380,380,0.031357,0.031357,0.0,0.031357,0.968643
157,120282166308024689728299980121863747670916310267,21,434,434,0.072635,0.072635,0.0,0.072635,0.927365
157,120820017068622794622130921127946349513431310843,21,531,507,0.032691,0.03887,0.152475,0.185166,0.8148340000000001
157,160354239376266933764514100701359388571858132879,22,426,426,0.100168,0.100168,0.0,0.100168,0.899832
157,178540342865713130388740603822271194677254392441,22,404,400,0.048217,0.021646,0.021646,0.06986300000000001,0.930137
157,133758242352280888913921190835052846329897153133,21,484,475,0.036872,0.055756,0.055756,0.092628,0.907372
157,119751792167523699090520105500834166573709024723,21,351,351,0.200451,0.200451,0.0,0.200451,0.7995490000000001
157,142866301722166299614859219990227501097218329553,21,429,420,0.043708,0.009667,0.030619,0.074327,0.925673
157,159460056477105651797755450704992108220297439993,22,353,353,0.052398,0.052398,0.0,0.052398,0.947602
157,129765827297228317584448178357227745213663923673,21,452,443,0.019207,0.01875,0.035977999999999996,0.055185,0.944815
157,153041151061952724068377978141007513960278537129,21,515,504,0.063487,0.075696,0.08731199999999999,0.150799,0.849201
157,112556148137934308610401610728139436816885032007,21,331,331,0.116387,0.116387,0.0,0.116387,0.883613
157,155016348949192392834761783400231900623445364769,21,555,520,0.014276,0.063751,0.334332,0.34860800000000003,0.651392
157,165332485530732496445379876290371501984439220227,22,392,392,0.023663,0.023663,0.0,0.023663,0.976337
157,173008319555191101708826910175525434497734262397,22,287,287,0.014991,0.014991,0.0,0.014991,0.985009
157,143078279358113528954735774091416278002769110083,21,576,544,0.013267,0.012911,0.123689,0.136956,0.863044
157,139537309577365933739952691194841985292959417899,21,283,283,0.054428,0.054428,0.0,0.054428,0.945572
157,150381007425703993922643997626233047809831195563,21,319,304,0.054610000000000006,0.009232,0.049788,0.104398,0.895602
157,125414534553540336555987249708054473022979850233,21,352,352,0.209771,0.209771,0.0,0.209771,0.790229
157,100495160702135079890032717344114075262462068991,21,344,344,0.315272,0.315272,0.0,0.315272,0.684728
157,126081296153973360472994917714723398699218116441,21,780,772,0.025460000000000003,0.010028,0.04895,0.07441,0.92559
158,244084876567438940415979589793753210761831799169,22,393,390,0.170682,0.074759,0.074759,0.24544100000000002,0.754559
158,311889364802148711770367329783808121108240984963,22,427,425,0.118831,0.036282,0.036282,0.155113,0.8448869999999999
158,315552892616518612169009766705743992617805242163,22,292,292,0.29496,0.29496,0.0,0.29496,0.70504
158,364568451629159625851465545891850771901219214163,22,374,371,0.146856,0.05205,0.05205,0.19890599999999997,0.801094
158,213880798395599609631736184456759089379285659049,22,435,435,0.027913,0.027913,0.0,0.027913,0.972087
158,364596676892949119436289041863521153445811753029,22,520,520,0.049939,0.049939,0.0,0.049939,0.950061
158,215840103126036545942721515629965329944602697057,22,572,561,0.027074,0.028039,0.132663,0.15973700000000002,0.840263
158,259043540185824666457272444893607678141566205487,22,346,346,0.060202,0.060202,0.0,0.060202,0.939798
158,311426830077414386887481553693471517445014703609,22,373,367,0.055304,0.010419,0.07573099999999999,0.13103499999999998,0.868965
158,220678872755010770809359894948879428023872635453,22,355,352,0.048638,0.048262,0.048262,0.0969,0.9031
158,324273864736092445034262802970079797120470198979,22,439,439,0.176609,0.176609,0.0,0.176609,0.823391
158,335973439137660892963362517099047189556286786761,22,323,323,0.025404,0.025404,0.0,0.025404,0.974596
158,282449349227109527988465852865060163003324312407,22,324,324,0.1263,0.1263,0.0,0.1263,0.8737
158,208746167169143822300193643710778500356712398063,22,467,462,0.046355,0.0139,0.029414999999999997,0.07577,0.92423
158,334111037801880478290657958251924991420673909189,22,488,488,0.047157,0.047157,0.0,0.047157,0.952843
158,278758463930102758470340608089823158233270489379,22,355,319,0.13322,0.02267,0.152902,0.286122,0.713878
158,334359694784871699894821359716571301393005547539,22,411,399,0.181972,0.045908,0.118766,0.300738,0.699262
158,266330340319030988935371369155445034828168547083,22,372,372,0.018009,0.018009,0.0,0.018009,0.981991
158,304296786548695733429639288499877719781617137947,22,580,580,0.201322,0.201322,0.0,0.201322,0.798678
158,363187749995613157299748064319278147359621272623,22,662,662,0.0332,0.0332,0.0,0.0332,0.9668
159,686564447258462630098219799118347627120122126259,22,495,495,0.041317,0.041317,0.0,0.041317,0.958683
159,589551271893462661314759463097397605089591304053,22,483,483,0.074219,0.074219,0.0,0.074219,0.925781
159,631182522272441179585206326884145264567358144641,22,318,300,0.062327,0.0884,0.13878500000000002,0.201112,0.798888
159,436106084503182412560423534629337392438805726397,22,508,508,0.023911,0.023911,0.0,0.023911,0.976089
159,614365874960561724255698902936314085451009978123,22,438,426,0.061068,0.034372,0.142652,0.20372,0.79628
159,652808814800014009591626662453549818193223047839,22,675,675,0.098346,0.098346,0.0,0.098346,0.901654
159,431497693573687811342235449780503037093880478249,22,422,422,0.089871,0.089871,0.0,0.089871,0.910129
159,641417960009003073536715539762385574694132608057,22,318,318,0.024305,0.024305,0.0,0.024305,0.975695
159,556755493522333610334550996104356886728067513937,22,446,446,0.160189,0.160189,0.0,0.160189,0.839811
159,518738300042543123329242792010704876266634471203,22,531,512,0.054111,0.073403,0.073403,0.127514,0.872486
159,622775601463755434010798895296308923399679148479,22,370,367,0.011709,0.00462,0.0337,0.045409000000000005,0.954591
159,721092743353983610239239300767561842232656810121,22,371,371,0.106422,0.106422,0.0,0.106422,0.893578
159,725700541872878647978311987906512435448724917323,22,360,344,0.097413,0.017183,0.310038,0.407451,0.592549
159,680792306276738068787445684933623704836521586517,22,402,402,0.079124,0.079124,0.0,0.079124,0.920876
159,609838293034917899422422535971964737888944079431,22,564,554,0.017902,0.056151,0.150834,0.168736,0.831264
159,500003566005968344293642166685142120533963613397,22,375,366,0.036643,0.071886,0.330975,0.367618,0.632382
159,672585552363075626030436013518741587083784197091,22,956,956,0.059948,0.059948,0.0,0.059948,0.940052
159,667853203575891446356676483576275288677930218477,22,369,369,0.034379,0.034379,0.0,0.034379,0.965621
159,452729177399062213984412625994093209513957053659,22,491,490,0.016646,0.039214,0.039214,0.05586,0.94414
159,718517666115847144224280227758502807408113808437,22,604,595,0.01599,0.01157,0.01157,0.02756,0.97244
160,1115913240165002032294944939882858364194015937199,22,356,337,0.019835,0.023991,0.13315,0.15298499999999998,0.8470150000000001
160,1440912770676709848638629792376134253525608074541,22,628,626,0.014813,0.059791,0.059791,0.074604,0.925396
160,933815358984064483011197510331330335221655664157,22,410,404,0.083399,0.043342,0.196664,0.280063,0.719937
160,969243323728712475535486623630623651719920512731,22,368,368,0.451664,0.451664,0.0,0.451664,0.5483359999999999
160,1076466504888089627494905309713319219664710433643,22,374,373,0.113591,0.137106,0.137106,0.250697,0.749303
160,1421116437931458286969196379690998986504855152749,22,564,553,0.02479,0.017758,0.061821,0.086611,0.913389
160,1172553592352544090305146581654443943982800468347,22,384,384,0.114401,0.114401,0.0,0.114401,0.885599
160,909793617870750937141425081136809004936031725807,22,846,837,0.079572,0.04149,0.05388,0.13345200000000002,0.866548
160,1057437110620229076506102833609193814696668318251,22,409,408,0.129238,0.02339,0.02339,0.15262799999999999,0.847372
160,1272489506939449407441353102540516266393948251787,22,392,392,0.052619,0.052619,0.0,0.052619,0.947381
160,1080313044916089688695708805273339794814591207951,22,334,334,0.070086,0.070086,0.0,0.070086,0.929914
160,1149353867679185877473020663684612261737991945873,22,322,316,0.072734,0.068474,0.068474,0.141208,0.858792
160,983949157142389589790721652739207946878875195771,22,355,349,0.073779,0.079961,0.079961,0.15374,0.84626
160,1361143599389480694086689546211220334021828686817,22,405,405,0.240106,0.240106,0.0,0.240106,0.759894
160,1021091838147883904869937336936298707335596006313,22,467,448,0.032752,0.005032,0.19907400000000003,0.23182600000000003,0.7681739999999999
160,1294988162211010208686476509915675738782236322669,22,401,401,0.31443,0.31443,0.0,0.31443,0.68557
160,1122941529731570548110403398235866601161586536011,22,350,350,0.094318,0.094318,0.0,0.094318,0.905682
160,1432805530443255062195929071604085524855630107221,22,361,361,0.072616,0.072616,0.0,0.072616,0.927384
160,1153032896620140114746318270771321999716861546507,22,437,437,0.112975,0.112975,0.0,0.112975,0.887025
160,964310714558373662737593657033125267637818078167,22,374,361,0.027567,0.051434,0.128441,0.156008,0.843992
161,2549342994142969438502207735324263431486603124709,22,349,349,0.070595,0.070595,0.0,0.070595,0.929405
161,2681100216348215889829625802961254331665674276717,22,434,433,0.021474,0.003817,0.003817,0.025291,0.974709
161,2880298692764464678292391755309173496702002183049,22,454,454,0.028624,0.028624,0.0,0.028624,0.971376
161,1772591985057680454231176923477927954936575167497,22,298,298,0.213497,0.213497,0.0,0.213497,0.786503
161,2083705746610030102470078930728254734269258767559,22,405,405,0.116107,0.116107,0.0,0.116107,0.883893
161,2592051223899969308896255211589583595849607840917,22,531,522,0.044632,0.018262,0.13916,0.183792,0.816208
161,1964444950659050423101133436896095725128026615861,22,320,320,0.013321,0.013321,0.0,0.013321,0.986679
161,2664894503748551145754658751022334263049302504109,22,410,396,0.097986,0.046063,0.062418,0.160404,0.839596
161,2890667027374661591725712210164725411830649644971,22,453,453,0.078607,0.078607,0.0,0.078607,0.921393
161,2315237919643127678001317504649602348775135239989,22,419,419,0.136511,0.136511,0.0,0.136511,0.863489
161,2263615665739021443959839330064499024174205984757,22,355,353,0.281776,0.091994,0.091994,0.37377000000000005,0.62623
161,2715737041694779962072587570440702427479596688267,22,412,399,0.040083,0.072213,0.11455,0.154633,0.845367
161,2242913431855633380375884470582819076336280851693,22,563,563,0.039484,0.039484,0.0,0.039484,0.960516
161,2196055705110050413211594819707917380387387874647,22,478,478,0.080779,0.080779,0.0,0.080779,0.919221
161,2386559963764208317133465196705396071874399113177,22,454,454,0.083224,0.083224,0.0,0.083224,0.916776
161,2496018222066887071360307538619052262154796275933,22,460,451,0.040159,0.085287,0.085287,0.125446,0.874554
161,2643999513168057204584957107582487653622472397817,22,473,473,0.02009,0.02009,0.0,0.02009,0.97991
161,2635743115320503461112643487699959884803825828717,22,412,412,0.193326,0.193326,0.0,0.193326,0.806674
161,2825605982926347409937517778879057613012900909681,22,434,433,0.008713,0.007856,0.007856,0.016569,0.9834309999999999
161,1945681273593238791686785823639092496168175333883,22,455,455,0.04034,0.04034,0.0,0.04034,0.95966
162,5142726192263316119305765044724202366191059020131,22,431,431,0.10971399999999999,0.10971399999999999,0.0,0.10971399999999999,0.890286
162,4356714020119985091707387224305757015484033268083,22,354,354,0.241749,0.241749,0.0,0.241749,0.758251
162,5760088733269586802798761031015562375783053998981,22,411,399,0.177334,0.086689,0.086689,0.264023,0.735977
162,5126536210830929842911126218863559555593079772241,22,462,449,0.034114,0.012169,0.01766,0.051774,0.948226
162,4355984306317180250941284630714493550289288293197,22,529,529,0.096477,0.096477,0.0,0.096477,0.903523
162,5372238624316637074604877264416233805336449398107,22,393,381,0.024909,0.02499,0.100843,0.125752,0.874248
162,3370953511586955617438834489704567964510236112387,22,366,348,0.021803,0.098159,0.16947299999999998,0.19127599999999997,0.808724
162,5654048134438701321190467092520015125597334765619,22,929,919,0.020024,0.012784,0.016774,0.036798,0.963202
162,5347560175544712010315634817224870510859508906709,22,426,426,0.163872,0.163872,0.0,0.163872,0.836128
162,5736419416140119735836049169364015628764346059723,22,814,797,0.014333,0.010486,0.042221999999999996,0.056554999999999994,0.943445
162,4650109252981784028797300655435682334415722439709,22,507,504,0.109635,0.018332,0.018332,0.127967,0.8720330000000001
162,4851575313540019468754262146798472592699356416503,22,445,445,0.059276,0.059276,0.0,0.059276,0.940724
162,4620052361353557581946034404083231874642184874639,22,470,462,0.277678,0.015596,0.015596,0.293274,0.706726
162,5522800988337253824728791418632480547260333713827,22,417,417,0.109685,0.109685,0.0,0.109685,0.890315
162,5499586014822265836968576304450001678297022377393,22,658,658,0.045604,0.045604,0.0,0.045604,0.954396
162,3564133393297332356275713734544213713680389996917,22,385,385,0.045711,0.045711,0.0,0.045711,0.9542889999999999
162,5515322111725050184603784308918954761722437406837,22,422,413,0.096529,0.011683,0.011683,0.108212,0.891788
162,4485461183490214672847356727639397071039303926699,22,390,390,0.057505,0.057505,0.0,0.057505,0.942495
162,5195480640606091839263058107075820094394110075261,22,379,374,0.069681,0.040051,0.040051,0.10973200000000001,0.890268
162,5741107958946558148650160180297387601202820663099,22,469,469,0.077335,0.077335,0.0,0.077335,0.922665
163,9747578468936317254902406784741698921811080904511,22,423,408,0.07320499999999999,0.024477,0.09582999999999998,0.169035,0.830965
163,10111701947436338618707597112719816959644907307921,22,494,494,0.093185,0.093185,0.0,0.093185,0.906815
163,9500974977324321481710304769960767745184067228853,22,389,383,0.052978,0.05149,0.05149,0.104468,0.895532
163,10923265258610933252939304751090963667320491815059,22,370,370,0.087461,0.087461,0.0,0.087461,0.912539
163,6277296598420519157375291811600475171257085054819,22,328,328,0.108403,0.108403,0.0,0.108403,0.891597
163,9231618602773719751425117097585869209969078112883,22,456,449,0.072287,0.041988,0.062816,0.135103,0.864897
163,10035352768951452538707551978057565508665635317309,22,472,465,0.024777,0.064475,0.064475,0.089252,0.910748
163,7654209071367977951897371689264431599631570961337,22,337,337,0.049232,0.049232,0.0,0.049232,0.9507680000000001
163,10824194889247063645916265364865318315163275587691,22,393,363,0.050229,0.058442,0.079638,0.129867,0.870133
163,7007067855178084077334907729020251703138388423407,22,588,588,0.047881,0.047881,0.0,0.047881,0.952119
163,11563629162960767561469993435982566900206290797341,22,339,339,0.250338,0.250338,0.0,0.250338,0.749662
163,10432647582007091942814866236806348920448169897081,22,412,409,0.070872,0.055668,0.202714,0.273586,0.726414
163,11013321740409425001654829975108773198879722323169,22,486,486,0.152651,0.152651,0.0,0.152651,0.847349
163,11388208541060705561819087229232095358667380786273,22,566,566,0.176782,0.176782,0.0,0.176782,0.823218
163,11103735522688372546281614770298463681690271542443,22,512,512,0.14545,0.14545,0.0,0.14545,0.85455
163,8215686036974456744106483973928387713743004968589,22,459,449,0.114956,0.014145,0.014145,0.129101,0.870899
163,10366420373188722818237768081269384282174284586279,22,524,518,0.022755,0.056877,0.056877,0.079632,0.920368
163,9887493049291697627584648336712714992824228820507,22,384,384,0.105135,0.105135,0.0,0.105135,0.894865
163,11291772697596805962306082330181863662191216703401,22,705,685,0.013818,0.005034,0.048284,0.062102000000000004,0.937898
163,8629299483287912574962165393081179705241759373329,22,539,539,0.194745,0.194745,0.0,0.194745,0.805255
164,20210344270042780228524473590981781384374263250651,22,712,674,0.011030000000000002,0.004411,0.10515999999999998,0.11618999999999997,0.88381
164,17385754946083473907588211247263282920082635440931,22,449,449,0.043709,0.043709,0.0,0.043709,0.956291
164,15065200337324516365624234372840728893791849883677,22,549,549,0.113335,0.113335,0.0,0.113335,0.886665
164,20001274208685757373389824972298109151192644683421,22,467,444,0.062804,0.063778,0.178238,0.241042,0.758958
164,23206373050027225840725924288883018652907266761573,22,416,416,0.060597,0.060597,0.0,0.060597,0.939403
164,22025345891505684794425190360346292788092251835117,22,343,343,0.151465,0.151465,0.0,0.151465,0.848535
164,17433500709489283073258616221836367960841092957683,22,417,417,0.124783,0.124783,0.0,0.124783,0.875217
164,20619243792726008996626054260855579390889646661671,22,519,514,0.029335999999999997,0.004804,0.064427,0.093763,0.906237
164,17851954102483708548111820947964979316071559518321,22,520,506,0.023927,0.020181,0.093916,0.117843,0.882157
164,15520227091786292775179646082304899324457570987803,22,414,414,0.124251,0.124251,0.0,0.124251,0.875749
164,21025509716353739955780362583473341923163070100707,22,511,508,0.092586,0.050967,0.050967,0.143553,0.856447
164,14498146431977835998639783360838649091026316741701,22,513,513,0.072495,0.072495,0.0,0.072495,0.927505
164,19111791960401045569879778943278968002523890458231,22,326,326,0.031405,0.031405,0.0,0.031405,0.968595
164,16530301572124410378960034538876085010836459672467,22,349,349,0.014474,0.014474,0.0,0.014474,0.985526
164,18221873864190480631751119997397311265906143427919,22,640,640,0.19251,0.19251,0.0,0.19251,0.80749
164,19509002958117864345830026901941875949728480482351,22,679,679,0.04388,0.04388,0.0,0.04388,0.95612
164,22672286378997470934496964350911104497412505665789,22,422,422,0.086132,0.086132,0.0,0.086132,0.913868
164,23046477364042922130498611236049763734841923672321,22,584,571,0.010749,0.008432,0.22148199999999998,0.232231,0.767769
164,17549286263321631100185248104947257910955608889553,22,373,373,0.259203,0.259203,0.0,0.259203,0.7407969999999999
164,21059636316678691840527110401614339175235554714931,22,480,480,0.112797,0.112797,0.0,0.112797,0.887203
165,41832933592112304400801943026671467969363831087923,22,360,360,0.030528,0.030528,0.0,0.030528,0.969472
165,35682862411294951100561921127821057964487467339443,22,420,408,0.21883,0.197101,0.197101,0.415931,0.584069
165,42835312913720678185448545784074783359123970744159,22,383,383,0.154635,0.154635,0.0,0.154635,0.845365
165,40881659780738625128558353749592964839279265435171,22,366,364,0.031471,0.071349,0.071349,0.10282,0.89718
165,45322494471102900510547891895971824081862698563281,22,360,343,0.028431,0.00976,0.047663,0.076094,0.923906
165,45929128788840959205376511336193947297685265640951,22,950,946,0.028246,0.005796,0.005796,0.034042,0.965958
165,44489998373490387700600426834275888436763809873019,22,807,807,0.019429,0.019429,0.0,0.019429,0.980571
165,35790092378947652923809024031202004014344249255817,22,484,473,0.070238,0.014448,0.014448,0.084686,0.915314
165,45161106773899709982331683988937842529673051859151,22,517,517,0.06439,0.06439,0.0,0.06439,0.93561
165,41611075822328138418773040753161992670148754649183,22,427,427,0.025129,0.025129,0.0,0.025129,0.974871
165,43893688025396579244143003549941949711112694897597,22,595,595,0.064914,0.064914,0.0,0.064914,0.935086
165,38949108443317524477011125919734633057707138102373,22,460,460,0.023097,0.023097,0.0,0.023097,0.976903
165,44506757530726502698455041633661918108484228681201,22,606,587,0.023752,0.021106,0.10364300000000001,0.127395,0.872605
165,45700176760813962794447132804379570073089321130619,22,452,450,0.104361,0.008579,0.015368,0.119729,0.880271
165,36717319074712975178793976563482551630954666600147,22,518,518,0.029812,0.029812,0.0,0.029812,0.970188
165,40081717737177734357477768258828819203380673838299,22,467,467,0.056912,0.056912,0.0,0.056912,0.943088
165,42668271582757088828333733690941986896240697265291,22,344,344,0.390346,0.390346,0.0,0.390346,0.6096539999999999
165,42066162699265700510000155471171171993026790897181,22,335,335,0.077587,0.077587,0.0,0.077587,0.922413
165,43079437256800894081452117481597778557867932256481,22,761,721,0.026628000000000002,0.023215,0.150967,0.177595,0.822405
165,39639751732104952918265482468837059446746603506727,22,455,455,0.029581,0.029581,0.0,0.029581,0.970419
166,64455071458380183185819126791305562795840205337607,22,556,556,0.010887,0.010887,0.0,0.010887,0.989113
166,90075771203582122330247262323941154266135655067703,23,584,577,0.127158,0.054503,0.054503,0.181661,0.818339
166,72228823129784081606691745887439926673012583025583,22,602,602,0.060029,0.060029,0.0,0.060029,0.939971
166,69837432774442923128016482628855170461287372899371,22,459,431,0.059636,0.04905,0.265402,0.32503800000000005,0.674962
166,89244922194937743144971782767253188914316795885797,23,520,502,0.044418,0.036369,0.036369,0.080787,0.9192130000000001
166,88746453267789363020668583643470490537450658613921,23,430,428,0.079878,0.058903,0.058903,0.138781,0.861219
166,88713786474705850221237608801094392192327303798911,23,433,409,0.02676,0.010315,0.06809,0.09484999999999999,0.90515
166,87557406481398096612837568774546924908523956472679,22,501,501,0.209363,0.209363,0.0,0.209363,0.790637
166,83804917377281198336877975468864158449629337119497,22,429,429,0.141399,0.141399,0.0,0.141399,0.858601
166,81569638913156092214718111347132660641468885512997,22,374,374,0.061441,0.061441,0.0,0.061441,0.938559
166,52608719657148563796512530136536674250280158137673,22,587,587,0.1795,0.1795,0.0,0.1795,0.8205
166,89221264190598117801701321295581964396857406691793,23,360,360,0.248459,0.248459,0.0,0.248459,0.751541
166,91421352408629645983856436933886907626516790327531,23,444,439,0.016686,0.180586,0.25757399999999997,0.27425999999999995,0.72574
166,92354408607697290294087669975129842220424154225839,23,359,359,0.021817,0.021817,0.0,0.021817,0.978183
166,90307244958886521065070588400571519599452170426827,23,440,433,0.205146,0.020322,0.020322,0.225468,0.774532
166,61951676507642868191945772939153670793162317140439,22,659,659,0.061521,0.061521,0.0,0.061521,0.938479
166,57096092534835312898852423687190032724229132615371,22,402,402,0.031826,0.031826,0.0,0.031826,0.968174
166,77734094079183033282661848210260105535011878058221,22,443,426,0.055309,0.308624,0.35362999999999994,0.40893899999999994,0.5910610000000001
166,61439716290799937763975920406477923341938046630307,22,538,533,0.158576,0.009103,0.009103,0.167679,0.832321
166,92944946903546196014112302841886638418369209076507,23,333,312,0.027928,0.083432,0.148455,0.176383,0.823617
167,185191770581306272864194984747884925328034141094049,23,360,355,0.026315,0.01423,0.01423,0.040545,0.959455
167,150753299534321728385042450116986328932503586710791,23,402,402,0.160234,0.160234,0.0,0.160234,0.839766
167,122185038003700368219528064449236784866763422689417,23,384,384,0.010566,0.010566,0.0,0.010566,0.989434
167,178235118269758334366445181520116909697869973267843,23,418,418,0.020777,0.020777,0.0,0.020777,0.979223
167,125101284926137051500851455837556179024574472599693,23,403,399,0.046152,0.025878,0.097023,0.143175,0.856825
167,183608279157579728300471834586610846132033916363009,23,435,435,0.164745,0.164745,0.0,0.164745,0.835255
167,123823837425211259366602079641341299640350463304427,23,487,460,0.026307999999999998,0.008257,0.13667500000000002,0.16298300000000002,0.837017
167,182738591737141364288038096817725089299414242881199,23,372,363,0.024112,0.01399,0.084282,0.10839399999999999,0.891606
167,144881986800772159131971678194070421363231610326503,23,488,488,0.219778,0.219778,0.0,0.219778,0.780222
167,169113029671003783909165383403390189332006078766403,23,756,756,0.106516,0.106516,0.0,0.106516,0.893484
167,180203454172404433999728807424822530543427009853893,23,618,613,0.064178,0.028885,0.047328999999999996,0.111507,0.888493
167,176740473075257510677017027826065071164478066806109,23,329,329,0.040765,0.040765,0.0,0.040765,0.959235
167,154708744984764752253150630606148953411120836248223,23,517,515,0.037222,0.071647,0.071647,0.108869,0.891131
167,185822038963156756154989463606402264231845142986571,23,499,499,0.017955,0.017955,0.0,0.017955,0.9820450000000001
167,164713641976176077509064527913611509808492198546303,23,429,429,0.033555,0.033555,0.0,0.033555,0.966445
167,174143473517067658771245663523001506669684229251583,23,294,294,0.096142,0.096142,0.0,0.096142,0.903858
167,134875484299471317108685835177615212803568324951771,23,325,325,0.106357,0.106357,0.0,0.106357,0.893643
167,182071589557326943011646537770784052720010679622671,23,457,457,0.120892,0.120892,0.0,0.120892,0.879108
167,107723548795615044892707554332906198918982581905521,23,416,416,0.031148,0.031148,0.0,0.031148,0.968852
167,110235062257219473750266489148464622602430677309023,23,469,461,0.058857,0.010381,0.038405,0.097262,0.902738
168,355867559027045347481742474164268313169270448267103,23,532,532,0.021468,0.021468,0.0,0.021468,0.978532
168,354354498343882825539049178202420048518235057099511,23,382,380,0.097242,0.023945,0.023945,0.12118699999999999,0.8788130000000001
168,297316862371625606791660530918145246188551598375827,23,462,462,0.07082,0.07082,0.0,0.07082,0.92918
168,251334070780906996792106667358010626199124871015193,23,382,382,0.089276,0.089276,0.0,0.089276,0.910724
168,266089629335928959939990984219310389073099671366189,23,377,377,0.107912,0.107912,0.0,0.107912,0.892088
168,297312478520764466042800805099268401234237086618769,23,498,498,0.032908,0.032908,0.0,0.032908,0.967092
168,252694597694857518298868919901861055603851696256479,23,402,402,0.014228,0.014228,0.0,0.014228,0.985772
168,286391540226265125508001191752822610514127971418977,23,445,445,0.081978,0.081978,0.0,0.081978,0.918022
168,318688943619592236326261968753666579542852488008771,23,516,512,0.100333,0.021754,0.021754,0.122087,0.8779129999999999
168,348197322658922333549563681800422289216265150015297,23,516,495,0.035157,0.019409,0.14972200000000002,0.18487900000000002,0.815121
168,368542669960002587168410129566818072485889583789247,23,477,477,0.036416,0.036416,0.0,0.036416,0.963584
168,268548911990920458790785330758705695531710970965877,23,384,384,0.057913,0.057913,0.0,0.057913,0.942087
168,331941207943771650157715950616862772785852585230449,23,394,379,0.068626,0.088194,0.230566,0.299192,0.700808
168,323877960143720182139921715509016936864755738538083,23,395,395,0.009659,0.009659,0.0,0.009659,0.990341
168,363122401231538903702884958200573978698665726858941,23,428,425,0.187367,0.033777,0.033777,0.221144,0.778856
168,308228420728279829232936597270463065825898054642939,23,374,374,0.189823,0.189823,0.0,0.189823,0.810177
168,283116060916231999061737214282503740357534622019947,23,391,391,0.079784,0.079784,0.0,0.079784,0.920216
168,281428688528495768940994883006958194198779974610219,23,509,508,0.070913,0.078528,0.078528,0.149441,0.8505590000000001
168,326678933726286291994787934645555743351568375175913,23,420,411,0.06728,0.074769,0.074769,0.142049,0.857951
168,242229774464479250019542042945875041752252033094853,23,806,785,0.0032510000000000004,0.015052,0.11194299999999999,0.11519399999999999,0.884806
169,549419723295960540447780008307906211005792776812829,23,484,484,0.02937,0.02937,0.0,0.02937,0.97063
169,664865469281161842324657652489314073194401709162263,23,616,616,0.058805,0.058805,0.0,0.058805,0.941195
169,526275837673483487444634125901789672050479746789367,23,459,452,0.006104,0.031453,0.046172000000000005,0.052276,0.947724
169,677970966743848576239473283142953742552801707940111,23,437,437,0.03594,0.03594,0.0,0.03594,0.96406
169,657821691628060301322956147101670288895728662024039,23,429,429,0.217907,0.217907,0.0,0.217907,0.782093
169,715264587022453456200004920592343027582234072699119,23,727,686,0.007632,0.01768,0.30137599999999987,0.30900799999999984,0.6909920000000002
169,564263055842251392661877742982498545034787789672701,23,391,385,0.024438,0.031916,0.069558,0.093996,0.906004
169,709752893570015397017697204082578787464541589122757,23,360,360,0.041982,0.041982,0.0,0.041982,0.958018
169,655017367008869539322579634764112530246507710350587,23,422,422,0.265917,0.265917,0.0,0.265917,0.734083
169,657292182528951725976013293116638919927942739731969,23,405,371,0.018031,0.007815,0.16220199999999996,0.18023299999999995,0.819767
169,723786901355715251133499133823457447564442130316753,23,894,894,0.059749,0.059749,0.0,0.059749,0.940251
169,523829125978495822418790946811975528394043957096661,23,390,390,0.184343,0.184343,0.0,0.184343,0.815657
169,541477377066573582590059723667831900889584456117101,23,343,343,0.193047,0.193047,0.0,0.193047,0.806953
169,695788992079943252596035093883032289031003550676639,23,463,463,0.027666,0.027666,0.0,0.027666,0.972334
169,694333695686916638920533025197721880230919832136049,23,363,363,0.108677,0.108677,0.0,0.108677,0.891323
169,485822670269234256517166328139449043912746690035101,23,401,394,0.025266,0.031988,0.0632,0.088466,0.911534
169,621048212309618498722906441939308335619301463127923,23,452,452,0.06246,0.06246,0.0,0.06246,0.93754
169,471378305746743164537629288149409115192944188760511,23,410,401,0.019092,0.029685,0.040292999999999995,0.05938499999999999,0.940615
169,679166054805478107698598400374518496104565906945673,23,338,338,0.122543,0.122543,0.0,0.122543,0.877457
169,478874915531854708795103201026072431746838752011189,23,478,470,0.049538,0.012799,0.038402,0.08793999999999999,0.91206
170,1289318240951187150423696809121408247188110724374959,23,383,383,0.17338,0.17338,0.0,0.17338,0.82662
170,1317598680651458934736004969973115054629720267802427,23,412,411,0.111536,0.091117,0.091117,0.202653,0.797347
170,1387016971391792365767686427962070113773978808021599,23,435,427,0.012442,0.029045,0.058759000000000006,0.071201,0.928799
170,1301605848278604502292287990083848668281772339668443,23,529,525,0.005948,0.009821,0.01817,0.024118,0.975882
170,1454027346176602205583289937091731344133146246553801,23,577,558,0.22920300000000002,0.039891,0.13927,0.36847300000000005,0.631527
170,967653528079116878085780463103240904324567568232963,23,531,531,0.124204,0.124204,0.0,0.124204,0.875796
170,1261056843454978621289453730316681785701648409889253,23,488,487,0.059579,0.076612,0.076612,0.136191,0.863809
170,837639897222655440981696060794566569158254246200341,23,432,432,0.003827,0.003827,0.0,0.003827,0.996173
170,1380352939133440466587651274847015029204065064236727,23,661,661,0.194281,0.194281,0.0,0.194281,0.805719
170,1470202321847100083182546960194231350823305902723733,23,488,488,0.132888,0.132888,0.0,0.132888,0.867112
170,1395451141662017337518566124235400507157510063162651,23,386,386,0.042917,0.042917,0.0,0.042917,0.957083
170,1443973581327167714924022043427922410334336886476631,23,452,436,0.039294,0.010424,0.09895,0.138244,0.861756
170,1248251220039825096428185208030859202496488462447199,23,480,480,0.129493,0.129493,0.0,0.129493,0.870507
170,1485074191992056020325974520634552289818056666197811,23,431,431,0.034595,0.034595,0.0,0.034595,0.965405
170,1254247931868399620218293166952069391063175723231013,23,515,502,0.150188,0.074257,0.18539,0.335578,0.6644220000000001
170,1257669066486116581118684542985264257389351752099207,23,336,336,0.189236,0.189236,0.0,0.189236,0.810764
170,938770475414108901814693140661602364827961258856599,23,363,359,0.054899,0.087136,0.087136,0.14203500000000002,0.857965
170,1066007335410228423895411628779579916508643551606013,23,442,440,0.128855,0.046596,0.046596,0.175451,0.824549
170,1055641473154584299321451059456907378615225873359927,23,466,466,0.156246,0.156246,0.0,0.156246,0.843754
170,1450909537806030357996742850817171901677376101936973,23,352,349,0.0985,0.044426,0.083529,0.182029,0.817971
171,2320628485992640066699844867503781431624090632616007,23,420,409,0.1318,0.089487,0.089487,0.221287,0.778713
171,2687357138509969949945838036658262421119489089392571,23,398,392,0.002183,0.006449,0.006449,0.008632,0.991368
171,2179890418570410841271805505892530931206234443075251,23,499,499,0.113449,0.113449,0.0,0.113449,0.886551
171,2643553863724729454040982582317963102955115497112137,23,664,659,0.05601,0.021662,0.032980999999999996,0.08899099999999999,0.911009
171,2460627882183105189199201566900305707431196028435837,23,483,483,0.030322,0.030322,0.0,0.030322,0.969678
171,2339826321982801679364695234505710301355859790744791,23,685,685,0.014532,0.014532,0.0,0.014532,0.985468
171,2758900339445195828507819823171495863952057663997793,23,372,372,0.184236,0.184236,0.0,0.184236,0.8157639999999999
171,1842882812388021598690092464110026835556610550203901,23,687,664,0.017942,0.038817,0.100869,0.118811,0.881189
171,2527348162893818585716726864029885307488142009814867,23,378,352,0.039223,0.01919,0.048012,0.08723500000000001,0.912765
171,2837554568622031909115383188427508045834871248866231,23,390,390,0.255335,0.255335,0.0,0.255335,0.744665
171,1980107624548085725945997103475068875829188531206579,23,895,895,0.1845,0.1845,0.0,0.1845,0.8155
171,2569544928058170304082873120455860591460518083182909,23,515,515,0.058004,0.058004,0.0,0.058004,0.941996
171,2690941433828007792933739463035154894668803736090667,23,360,356,0.068498,0.130411,0.130411,0.198909,0.801091
171,2790043200701068932081541267461948287073389647656629,23,317,317,0.123358,0.123358,0.0,0.123358,0.876642
171,2090916108644774601950745809429826244133327238488009,23,444,425,0.07532,0.115413,0.115413,0.19073299999999999,0.809267
171,2565736058589956952109798640055629482853606450052707,23,494,488,0.093459,0.047278,0.047278,0.140737,0.859263
171,2857998842268811336179375833801691573922890863274847,23,686,686,0.082268,0.082268,0.0,0.082268,0.917732
171,2396493466906125285828056384566870470681794130877669,23,441,441,0.053226,0.053226,0.0,0.053226,0.946774
171,2690381636823230507251275613355703537300523990202027,23,567,546,0.053132,0.039038,0.16928100000000001,0.22241300000000003,0.777587
171,2534044398151279155788338071872494168885731333317717,23,517,517,0.06654,0.06654,0.0,0.06654,0.93346
172,4462022261486228276470696903183179974341102550314813,23,589,579,0.052893,0.024233,0.15831299999999998,0.21120599999999998,0.788794
172,4973934130046512061706003746504778764546358353047069,23,483,469,0.047144,0.01917,0.092471,0.139615,0.860385
172,5648094522288795174255363457633460814882962588225833,23,595,573,0.012319,0.010887,0.13649399999999998,0.14881299999999997,0.851187
172,4726592204009198207872992689944913141786425094656837,23,812,812,0.092839,0.092839,0.0,0.092839,0.907161
172,5594622054792930920033030420069168546546514996297059,23,375,375,0.063268,0.063268,0.0,0.063268,0.936732
172,5195538082333779164457732930160988690944352296084861,23,419,402,0.144699,0.030502,0.22749399999999997,0.372193,0.627807
172,4025284698876107182620642633377455297801856255767501,23,452,452,0.03613,0.03613,0.0,0.03613,0.96387
172,4383786029746298282865883459946099335415639923579151,23,540,527,0.09868299999999999,0.093594,0.093594,0.19227699999999998,0.807723
172,4240211809755560196715516460800231502364014252588639,23,428,423,0.126762,0.056965,0.056965,0.18372700000000003,0.816273
172,5548533853252799042694444930927799861408846535815007,23,419,411,0.057475,0.024606,0.073508,0.13098300000000002,0.8690169999999999
172,5437902847130435025801669508069442332314935248409143,23,460,451,0.042305,0.038991,0.057881,0.100186,0.899814
172,4141743792397074660421973109728086317758715931017277,23,427,423,0.022537,0.151698,0.151698,0.174235,0.825765
172,4778987191980938572456617933856060465243353739312487,23,499,465,0.027323,0.011294,0.12942700000000001,0.15675,0.84325
172,4739381656678028395979571409181320777773237194812847,23,415,399,0.021783,0.082629,0.22599799999999998,0.24778099999999997,0.752219
172,4804326313493129486456115335738865566041096602990667,23,728,728,0.052376,0.052376,0.0,0.052376,0.947624
172,4104752537262135739627532234359506058920546702141581,23,409,409,0.115863,0.115863,0.0,0.115863,0.884137
172,3803744058813253158320678543084926588928670333519661,23,428,428,0.118254,0.118254,0.0,0.118254,0.881746
172,4385465259125919643879994689875257236736934784890611,23,483,478,0.007067,0.015384,0.015384,0.022451,0.977549
172,5279890751954713468197389506413223751577777606451787,23,424,424,0.230175,0.230175,0.0,0.230175,0.769825
172,4160916851387881458666582220339040710916709604934989,23,458,458,0.031893,0.031893,0.0,0.031893,0.968107
173,10923792501645012754794107569655030715119609536422907,23,415,415,0.040022,0.040022,0.0,0.040022,0.959978
173,10049473751846112538141515321974984014498020571782187,23,361,361,0.170882,0.170882,0.0,0.170882,0.829118
173,11478453237002096953758919917104639903243507350422841,23,640,640,0.05373,0.05373,0.0,0.05373,0.94627
173,10169455292752448241266658515571649753093170083937973,23,376,376,0.047903,0.047903,0.0,0.047903,0.952097
173,11141435091489660417203162826279290403361648348555217,23,404,404,0.087952,0.087952,0.0,0.087952,0.912048
173,11845946756557169576442319415563300804632186316185761,23,359,359,0.126245,0.126245,0.0,0.126245,0.8737550000000001
173,6606020196711476677748380921663035663590800650212861,23,496,496,0.0433,0.0433,0.0,0.0433,0.9567
173,9223304994372936325365139311788951438575340466147653,23,358,358,0.041237,0.041237,0.0,0.041237,0.958763
173,9937936138453613172200974798887957858538887333434453,23,453,449,0.008584,0.005303,0.005303,0.013887,0.986113
173,11559606582085509839598371324267429245568074606311239,23,375,372,0.070444,0.037,0.037,0.10744400000000001,0.892556
173,8567518689055579897923237570331424934191919130124683,23,408,392,0.103952,0.011167,0.033937,0.137889,0.862111
173,7757833041287954123219330741833398980401403365844671,23,521,514,0.022857000000000002,0.015906,0.039756,0.062613,0.937387
173,9316049178944443793561813909420289680048038873209887,23,711,711,0.132172,0.132172,0.0,0.132172,0.867828
173,9928833671075698004690547493411708722996168864524191,23,442,442,0.128282,0.128282,0.0,0.128282,0.871718
173,8082599286688078272326597296230019194455017969460353,23,403,397,0.03761,0.024975,0.024975,0.062585,0.937415
173,11722980560595969629675859144256076147885119391535181,23,573,573,0.072985,0.072985,0.0,0.072985,0.927015
173,9593608908661975634163739787876317382759712663032617,23,807,807,0.019135,0.019135,0.0,0.019135,0.980865
173,7514341258039837561785554369913705517231217351886269,23,514,501,0.077477,0.080749,0.080749,0.158226,0.841774
173,10788110854762710095666872487306279223201853493970649,23,448,441,0.020352,0.018168,0.018168,0.03852,0.96148
173,10830515307409583755599110009630409242843757129551833,23,435,416,0.140317,0.102628,0.132009,0.27232599999999996,0.727674
174,22104611793997230117343176470598753099597657699857767,23,364,364,0.151178,0.151178,0.0,0.151178,0.848822
174,18763942404536135019296013058405167365237739426352961,23,382,382,0.2247,0.2247,0.0,0.2247,0.7753
174,14688504101174039979833028914301622192512344235844163,23,530,530,0.068818,0.068818,0.0,0.068818,0.931182
174,16722058225437982034822488549751786303201587785473951,23,460,460,0.170494,0.170494,0.0,0.170494,0.829506
174,21509336382097775444053571500023183533792843315954141,23,668,668,0.048059,0.048059,0.0,0.048059,0.951941
174,22850977655225044606098189565776865301144522899108753,23,373,373,0.256472,0.256472,0.0,0.256472,0.743528
174,17279223071662642072680635911044372251032271203557523,23,391,391,0.037348,0.037348,0.0,0.037348,0.962652
174,22947441514018658653094720368483897068968757283032113,23,369,362,0.018957,0.010677,0.020219,0.039176,0.960824
174,18341314976728685056786009125261875389901729222197411,23,524,500,0.015349,0.052519,0.089326,0.104675,0.895325
174,21198313883423610607647845217061584129219727405462807,23,699,693,0.162217,0.004694,0.17497200000000002,0.337189,0.662811
174,12839400785843164820295834351653620428577969094536553,23,545,513,0.103342,0.028024,0.068397,0.171739,0.828261
174,23322450000830661268788758752052782250935597472051533,23,357,342,0.02501,0.015617,0.015617,0.040627,0.959373
174,16333148817978325754024309091523862744059567919963111,23,543,543,0.174673,0.174673,0.0,0.174673,0.825327
174,14462970911237542989272454421381604521266425359311389,23,536,536,0.062005,0.062005,0.0,0.062005,0.937995
174,18949560281665792004413178756295887592891979934348561,23,364,364,0.049622,0.049622,0.0,0.049622,0.950378
174,21408407116291656012109167833580671913503017751545967,23,495,495,0.02662,0.02662,0.0,0.02662,0.97338
174,22631651939782172827484157664433587783833485119069961,23,456,456,0.053721,0.053721,0.0,0.053721,0.946279
174,21837034941512546186024799051115680122246295015518093,23,436,436,0.02223,0.02223,0.0,0.02223,0.97777
174,23437804484573336991839150008388329128133779513222523,23,705,705,0.034344,0.034344,0.0,0.034344,0.965656
174,21670228153893009427879223165719671325428625794224927,23,378,378,0.268222,0.268222,0.0,0.268222,0.731778
175,40488067071432624121676494427962676744307992814206389,23,495,495,0.058048,0.058048,0.0,0.058048,0.941952
175,47880832610030432571309186253738451904700554037260907,23,391,391,0.217352,0.217352,0.0,0.217352,0.782648
175,45878748309865752441663931039655772029562012040164497,23,421,418,0.076792,0.046207,0.046207,0.122999,0.877001
175,44519607957401945468255440685812779498238330725202451,23,714,714,0.025939,0.025939,0.0,0.025939,0.974061
175,38437122674547888080483896869357910936491022366930391,23,566,558,0.050863,0.052996,0.069129,0.11999199999999999,0.880008
175,47064113916853618606448841022057749802258231599045617,23,378,374,0.100722,0.135052,0.135052,0.235774,0.764226
175,38418920847258974395155918878755125806886124993281449,23,530,530,0.051104,0.051104,0.0,0.051104,0.948896
175,29860959886171008880417800461459339604720394693120859,23,525,491,0.009044,0.038388,0.25110499999999997,0.26014899999999996,0.739851
175,47523346294694090590598436816448664799865583071536947,23,397,397,0.030574,0.030574,0.0,0.030574,0.969426
175,40430147177650634814659419575820969943704601075586779,23,488,488,0.053653,0.053653,0.0,0.053653,0.946347
175,30673381581036186694644718658867052922438672540632679,23,377,360,0.012809,0.024837,0.024837,0.037646,0.962354
175,46321511197924674401868707445937064255819847549207181,23,566,552,0.061411,0.014896,0.039269,0.10067999999999999,0.89932
175,40793108447338904457818158698839208728924655609269741,23,496,480,0.059833,0.074089,0.074089,0.13392199999999999,0.866078
175,47563799216222959471208717042267403920241999763230907,23,392,392,0.094875,0.094875,0.0,0.094875,0.905125
175,44747799795754951639143084884684883018614820083166937,23,423,406,0.022431,0.012082,0.033349000000000004,0.05578,0.94422
175,46867320328474189488708379756417548186877640469492347,23,448,448,0.137564,0.137564,0.0,0.137564,0.862436
175,46542356956969036203230698142264416107162071627147053,23,396,396,0.047414,0.047414,0.0,0.047414,0.952586
175,45701878003472651488780363802977956628041054016481659,23,495,495,0.154398,0.154398,0.0,0.154398,0.845602
175,25458726975309530242094669164823103336392162094875803,23,423,423,0.135047,0.135047,0.0,0.135047,0.864953
175,39959523049873920871877996128842998488581987804339877,23,420,420,0.010763,0.010763,0.0,0.010763,0.989237
176,87990886338847859195592642389102593039937487082558279,24,489,489,0.044279,0.044279,0.0,0.044279,0.955721
176,92564124955148991262968874807483374435803628161108999,24,934,925,0.02113,0.020313,0.025602,0.046731999999999996,0.953268
176,94129007589456961191977269147297543003266132666549953,24,395,395,0.096008,0.096008,0.0,0.096008,0.903992
176,93819484016161644344551753829300322151041926203410181,24,435,435,0.0121,0.0121,0.0,0.0121,0.9879
176,73157616268457907406971375723178615684280166706710493,24,398,398,0.265392,0.265392,0.0,0.265392,0.7346079999999999
176,61542774938750705714463225629776244056185970967253653,24,496,486,0.033962,0.072702,0.072702,0.10666400000000001,0.893336
176,71800771048867515580859417044203063847762338647077403,24,390,390,0.210818,0.210818,0.0,0.210818,0.789182
176,77258340421405866522724393177859419720883968347782627,24,536,524,0.016784,0.011518,0.070161,0.086945,0.913055
176,89837078281524964039898044063254336032471057480771579,24,709,698,0.017620999999999998,0.004239,0.042989000000000006,0.060610000000000004,0.93939
176,67631371474217585591492093931057414532556760623695867,24,387,387,0.039168,0.039168,0.0,0.039168,0.960832
176,89832926575159265651841476273066740015357110318540347,24,639,610,0.030364,0.008576,0.13395400000000002,0.16431800000000002,0.835682
176,67118204137332948793553589627698826319196161548428537,24,400,382,0.055341,0.053532,0.10308500000000001,0.158426,0.841574
176,87774156256777768160436756789989062372701963996758741,24,553,549,0.091357,0.05193,0.05193,0.143287,0.8567130000000001
176,70572719969624332011199901351228566052874877227465031,24,467,467,0.008059,0.008059,0.0,0.008059,0.991941
176,86250046064114433343982710398437258754379418231496971,24,405,405,0.069627,0.069627,0.0,0.069627,0.930373
176,87134348646583113354803029928666774546954085244353883,24,368,358,0.0589,0.015924,0.015924,0.074824,0.925176
176,71901633824806274691548687743309648812921855456127637,24,391,391,0.104139,0.104139,0.0,0.104139,0.895861
176,90150270285363435056040734184802693760325360863282387,24,527,509,0.014403,0.024039,0.049931,0.064334,0.935666
176,94046017590480304561168089303295538090394575865219973,24,523,506,0.050653,0.026867,0.043127,0.09378,0.90622
176,64190892782173257959767693618630438907905705925983597,24,432,432,0.079088,0.079088,0.0,0.079088,0.920912
177,119125070369688751792163725903852573808324382853761851,24,514,514,0.050709,0.050709,0.0,0.050709,0.949291
177,182726819299327515165849812245648871121491177942129611,24,527,511,0.03987,0.035211,0.045072,0.084942,0.915058
177,188893960779618570376876195763394634184667143767990939,24,479,479,0.047749,0.047749,0.0,0.047749,0.952251
177,177226234109374423417710011618572758541886871555971773,24,509,509,0.168371,0.168371,0.0,0.168371,0.831629
177,170417219917741538865104682908758540815889415996081587,24,501,478,0.017432,0.056982,0.076375,0.093807,0.906193
177,184456472780322533717507274449727396706948277959651997,24,726,726,0.04461,0.04461,0.0,0.04461,0.95539
177,172591822599216441031826476355149233765150072380634947,24,451,451,0.046527,0.046527,0.0,0.046527,0.953473
177,160262516696147396603234199689194202325829336961400089,24,439,424,0.018637,0.053402,0.072472,0.091109,0.908891
177,189488332491885140927092409494182632690603024073949519,24,476,457,0.039036,0.005823,0.100017,0.13905299999999998,0.860947
177,158860589548227817116386228914199311016251079037823631,24,427,426,0.053422,0.030541,0.030541,0.083963,0.916037
177,131023867650554721773986626498755865101732014114852169,24,538,522,0.065037,0.066352,0.17247400000000002,0.23751100000000003,0.762489
177,185419546061793924107275707453523293583979540373323441,24,435,427,0.034821,0.103381,0.291171,0.325992,0.6740079999999999
177,130739606859025377984032427604557137652684751978400777,24,513,508,0.052518,0.104048,0.104048,0.156566,0.843434
177,148738595022486208740372312134935505218833565972371451,24,439,439,0.145808,0.145808,0.0,0.145808,0.8541920000000001
177,167245458534901805246177899856773690854765016929409441,24,602,588,0.020245,0.012869,0.138289,0.158534,0.841466
177,167743233925335463625480222303950384908571933339861327,24,429,429,0.049482,0.049482,0.0,0.049482,0.950518
177,127846725145209783213161083219697857237418143943954471,24,572,572,0.0661,0.0661,0.0,0.0661,0.9339
177,175371321030994867998753692974243811078511522480617843,24,432,432,0.124285,0.124285,0.0,0.124285,0.875715
177,116000582161408742104082789047643826044722595827305757,24,517,508,0.025747,0.012567,0.06174,0.08748700000000001,0.912513
177,170372630777230523245695634046185057408362313049454403,24,634,627,0.006768,0.007222,0.011465,0.018233,0.9817670000000001
178,326370916554170909248800565447441227366364752100439299,24,363,363,0.07048,0.07048,0.0,0.07048,0.92952
178,351133543531254740082619452808507153835828169762359977,24,363,363,0.01251,0.01251,0.0,0.01251,0.98749
178,336454357966569634923263904170681101591018051550982463,24,507,507,0.250472,0.250472,0.0,0.250472,0.749528
178,287084766998192650266030523003134421022082997050134521,24,478,478,0.01716,0.01716,0.0,0.01716,0.98284
178,352927538094715815006260624760445835128691040320016481,24,436,436,0.072537,0.072537,0.0,0.072537,0.927463
178,338358782479052619339175922612376094187822886673941721,24,584,584,0.007904,0.007904,0.0,0.007904,0.992096
178,350983244504690877302934108411058885737259142622352279,24,404,404,0.03941,0.03941,0.0,0.03941,0.96059
178,362113241669248116131584645381866273037844314273508653,24,848,837,0.006368,0.002354,0.022324000000000004,0.028692000000000002,0.971308
178,354699753705738888969549737288396049484417614825528751,24,539,539,0.061572,0.061572,0.0,0.061572,0.938428
178,331690661156431736210765004245137972208022366664402553,24,1003,1000,0.014901,0.026729,0.026729,0.04163,0.9583699999999999
178,332675546545853496255458413537230392333963633325833083,24,397,397,0.014402,0.014402,0.0,0.014402,0.985598
178,313703344571742936697405437124510360823965169983069999,24,975,967,0.034534,0.024321,0.024321,0.058855000000000005,0.941145
178,380254134293999860410999253285210970240457628198742663,24,456,456,0.039485,0.039485,0.0,0.039485,0.960515
178,360641711799225046890015181472030377655985832139240759,24,615,615,0.154209,0.154209,0.0,0.154209,0.845791
178,263917085618902017901372402907639485241329433989841083,24,528,528,0.096231,0.096231,0.0,0.096231,0.903769
178,266288106436622503269927529785703488384905659026805291,24,519,474,0.04914,0.047881,0.11150099999999999,0.16064099999999998,0.839359
178,344304805683409519331394242367711732435948148819916561,24,514,514,0.111929,0.111929,0.0,0.111929,0.888071
178,341709744235492519708940578050014342971004111389339661,24,349,349,0.276772,0.276772,0.0,0.276772,0.723228
178,310967967663884862956076583774857977926596023977520621,24,718,718,0.176521,0.176521,0.0,0.176521,0.823479
178,327279608257895351469611029322246368521417106545791761,24,737,717,0.022287,0.009597,0.02593,0.048217,0.951783
179,558936428874945996924383768356203135254350439671785479,24,379,379,0.337754,0.337754,0.0,0.337754,0.662246
179,674926639517348090731177770827913991101246148882287283,24,1000,992,0.063264,0.024393,0.024393,0.087657,0.912343
179,520778796933569712475497803976339448328715986002072523,24,580,575,0.027347,0.031638,0.031638,0.058984999999999996,0.941015
179,748335037461936801408133793949275373189490397012798993,24,583,583,0.20876,0.20876,0.0,0.20876,0.7912399999999999
179,750121838409245984074572114070043722336783466522324083,24,521,521,0.07504,0.07504,0.0,0.07504,0.92496
179,652699193242756150846355283234498871767984936149202997,24,366,366,0.08428,0.08428,0.0,0.08428,0.91572
179,701012462554551393326136469593585664907414625879938377,24,574,556,0.024481,0.199354,0.199354,0.223835,0.776165
179,651811943098199803843122079676572375058573432081265941,24,338,338,0.039458,0.039458,0.0,0.039458,0.960542
179,551025100698026169975841797211316492193395216233257361,24,703,697,0.06287,0.015149,0.015149,0.07801899999999999,0.921981
179,568232849243253819024806302642399573345242309126608059,24,478,459,0.084952,0.105076,0.191929,0.276881,0.7231190000000001
179,639820098139219068308973252189078237340004822241496393,24,355,355,0.168221,0.168221,0.0,0.168221,0.831779
179,761792849352011360883518708616350161974544759945523083,24,445,445,0.052774,0.052774,0.0,0.052774,0.947226
179,628942419048318189765862150028221450462352308232102681,24,384,384,0.068569,0.068569,0.0,0.068569,0.931431
179,566889538234990454641052189675936791837860452121325949,24,481,481,0.031256,0.031256,0.0,0.031256,0.968744
179,716452162573779008868293903020235512769764173696217249,24,657,637,0.035221,0.032522,0.06569,0.100911,0.899089
179,621413530195004739611180163225538908969413935549872629,24,930,924,0.019752,0.018721,0.025094,0.044846,0.9551540000000001
179,645609036446719663018922094515491080262538063860555597,24,428,380,0.0474,0.06092,0.216893,0.264293,0.735707
179,555489032258653592242576233173121867113539610787783833,24,418,418,0.157359,0.157359,0.0,0.157359,0.842641
179,535750173793033032362966709603096420101001099801784643,24,550,550,0.023255,0.023255,0.0,0.023255,0.976745
179,456506540313436296309522192769161449949543126587051023,24,424,424,0.085634,0.085634,0.0,0.085634,0.914366
180,1358996782341013393471064892946133021632416224066738371,24,781,757,0.010688,0.009373,0.06511499999999999,0.075803,0.924197
180,1147190830767755812327995081041386320310165753132541849,24,648,648,0.026709,0.026709,0.0,0.026709,0.973291
180,1403925300691032372140940928473865553985310895500181911,24,464,464,0.123559,0.123559,0.0,0.123559,0.876441
180,1495775451737959760457511687274350579183536185139242641,24,434,434,0.035869,0.035869,0.0,0.035869,0.964131
180,1110739563446777289531838627303749633950291508344598743,24,503,503,0.040261,0.040261,0.0,0.040261,0.959739
180,1194024369143971552927889417542591741693717575625673111,24,507,483,0.04485,0.038667,0.162146,0.206996,0.793004
180,1260166637346508034925373413900190230508510171798948477,24,759,759,0.037713,0.037713,0.0,0.037713,0.962287
180,1455316476136829091460607052510092178765985268783561317,24,513,513,0.06962,0.06962,0.0,0.06962,0.93038
180,1309093992710635640836698146159549405123972272927404881,24,496,496,0.034278,0.034278,0.0,0.034278,0.965722
180,1390894799146412153168495467213932724874405876411579611,24,474,474,0.516106,0.516106,0.0,0.516106,0.48389400000000005
180,1520134781616046526108129582711299483597548910524846853,24,479,459,0.048169,0.049108,0.26725600000000005,0.31542500000000007,0.6845749999999999
180,1505439219343167470373459269572451082957623944381924673,24,436,436,0.181527,0.181527,0.0,0.181527,0.818473
180,1057025848491395991324830754425862907965800790964989169,24,403,403,0.303219,0.303219,0.0,0.303219,0.696781
180,1022335052507123413464678276586097658581994406812064513,24,433,433,0.06015,0.06015,0.0,0.06015,0.93985
180,986820806071662897465598796288744366007908716888546481,24,788,788,0.071181,0.071181,0.0,0.071181,0.9288190000000001
180,1524644692974396926561992448558626212968367576768526879,24,427,417,0.101466,0.046977,0.135421,0.23688700000000001,0.7631129999999999
180,1314131625546751137305337304108371769311553500059572603,24,429,429,0.030586,0.030586,0.0,0.030586,0.969414
180,1159287238259464432648787656029088912397674342457115643,24,446,446,0.031627,0.031627,0.0,0.031627,0.968373
180,1475197377405499619513187533655878473208974647166678079,24,436,427,0.016076,0.003325,0.038003,0.054079,0.945921
180,1092513974848862293580063101113260203144966532297855803,24,591,585,0.029801,0.011309,0.011309,0.04111,0.95889
181,2146755962617820701939724558369889009769651618593397373,24,498,498,0.055388,0.055388,0.0,0.055388,0.944612
181,2072316348390379785942053767435731590279096222618626363,24,505,503,0.047583,0.006363,0.006363,0.053946,0.946054
181,2877046995656031836501313697137912148919872998967745519,24,568,561,0.009832,0.004788,0.004788,0.014620000000000001,0.98538
181,2880369969123252961817754651476818952571924308651017163,24,482,482,0.031524,0.031524,0.0,0.031524,0.968476
181,2861708897811122498028015229576663189712718130603358513,24,585,580,0.076154,0.045322,0.045322,0.121476,0.878524
181,2806788267767978306991980520946809467457007629229500787,24,679,679,0.029249,0.029249,0.0,0.029249,0.970751
181,2302747288573481437114058572318921809401333842388506063,24,568,568,0.029565,0.029565,0.0,0.029565,0.970435
181,2533946943181812616782556407056335292416812676112585527,24,436,433,0.019463,0.125709,0.125709,0.145172,0.854828
181,2487771293557144436196457222451407643840343448896262201,24,427,418,0.101211,0.012555,0.153855,0.255066,0.744934
181,2345607456560758996293272875237597113634991575593930503,24,426,408,0.091184,0.031318,0.031318,0.122502,0.877498
181,2451877345078985122707203168343312742955044811033249477,24,515,515,0.02793,0.02793,0.0,0.02793,0.97207
181,2340974696399471038404420962322551749504771560040272007,24,536,536,0.085634,0.085634,0.0,0.085634,0.914366
181,2477342015750519040996010692078739219032174672206011307,24,580,580,0.086011,0.086011,0.0,0.086011,0.9139889999999999
181,2296086844355268411990274677061153842585626962159704019,24,428,428,0.128301,0.128301,0.0,0.128301,0.871699
181,2857327712261479603462914395058626994702465220337337739,24,597,571,0.007927,0.035182,0.1066,0.114527,0.885473
181,1869241629214427269662931336533353684013970622159921317,24,527,526,0.061186,0.05588,0.05588,0.117066,0.882934
181,2136463886038630304242691639030926383783507376355925571,24,424,424,0.072902,0.072902,0.0,0.072902,0.927098
181,2877127110897588495873508614076070239692397854333669421,24,886,868,0.01769,0.016727,0.053606999999999995,0.071297,0.9287030000000001
181,2391506213382517426158791151215598942262031718622544827,24,538,495,0.064329,0.024315,0.078493,0.142822,0.857178
181,2948841039361971531410668839665611640358315799683010259,24,559,559,0.043574,0.043574,0.0,0.043574,0.956426
182,4191292476346020518783656275665657989599723159847851667,24,581,560,0.017705,0.086427,0.167734,0.185439,0.814561
182,4368915889305698991841916329930420223695538711679696073,24,425,404,0.049547,0.032597,0.069053,0.11860000000000001,0.8814
182,4603173397210774045412589779080265237568427782430487923,24,624,624,0.050761,0.050761,0.0,0.050761,0.9492389999999999
182,4412747380103085417736789338590629677444833420942921431,24,640,640,0.041333,0.041333,0.0,0.041333,0.958667
182,5274862496484527199284351082466041501734256417850671079,24,353,353,0.135228,0.135228,0.0,0.135228,0.864772
182,4800792925814278444401434125143406347751419932688595051,24,418,407,0.020398,0.022399,0.036774,0.057172,0.942828
182,3653812005152759308354861844496272098804036966408036451,24,539,531,0.037569,0.088879,0.088879,0.126448,0.873552
182,4646737653138437262079866979167515682324029521366613887,24,632,632,0.068249,0.068249,0.0,0.068249,0.931751
182,5244063665198047536361296769370401123699361439281027921,24,406,403,0.020167,0.177496,0.177496,0.19766299999999998,0.8023370000000001
182,5043512217423355819857280369022042682912863299358815427,24,588,588,0.075132,0.075132,0.0,0.075132,0.924868
182,5381424364337562423689277556082862960704173067855407963,24,416,413,0.130655,0.040119,0.040119,0.17077399999999998,0.829226
182,5605622646710231703717995108618170373087268192211651819,24,486,451,0.005677,0.032418,0.23792,0.24359699999999998,0.756403
182,5372876402521245557172885073810823234220306537484862171,24,555,530,0.016623000000000002,0.018946,0.17173299999999997,0.18835599999999997,0.811644
182,5193787393634226710856637245122360855837884143711668923,24,430,426,0.021182,0.090354,0.097362,0.11854400000000001,0.881456
182,4901526449801380100603842024908873735304969564340783837,24,576,546,0.11701099999999999,0.002343,0.21781200000000003,0.33482300000000004,0.6651769999999999
182,6116842254080121661991651815972543754648149039661461711,24,552,543,0.15326800000000002,0.042971,0.059925000000000006,0.21319300000000002,0.786807
182,4848300292233620118117558303318082764588214458439723993,24,716,703,0.015617,0.019965,0.074831,0.090448,0.909552
182,5455870824923288995533498136798277725990387457579154641,24,392,392,0.009557,0.009557,0.0,0.009557,0.990443
182,3785938512649873423258671464276287016184708730225383793,24,424,412,0.06087,0.144918,0.20865699999999998,0.26952699999999996,0.730473
182,4491160981645514588938837869554023508980963008773065231,24,596,596,0.017242,0.017242,0.0,0.017242,0.982758
183,9166723778901347230936039451531749253767512951187044911,24,358,358,0.153908,0.153908,0.0,0.153908,0.8460920000000001
183,10455930224123599063565031820487918262028421842464564737,24,976,976,0.065864,0.065864,0.0,0.065864,0.934136
183,7427674099806058459503172382903188275128363209564310927,24,365,365,0.119457,0.119457,0.0,0.119457,0.880543
183,10617285421144533269412481609230267820807269357289585027,24,495,495,0.032893,0.032893,0.0,0.032893,0.967107
183,11010471763583359046491348791311818146317648218012267883,24,592,591,0.007284,0.021534,0.021534,0.028818,0.971182
183,10332376251302120495254834326196282275734767686242549761,24,391,371,0.032431,0.011939,0.261034,0.293465,0.706535
183,11749977713551691032971054523891664935137255323436579743,24,635,635,0.114406,0.114406,0.0,0.114406,0.885594
183,10038010870002094481651798134300472801725442018653785307,24,522,486,0.021308,0.035816,0.28284800000000004,0.30415600000000004,0.6958439999999999
183,10982511715433447835689163250582120464921150302579077343,24,407,407,0.066616,0.066616,0.0,0.066616,0.933384
183,8953983959087052116701047035345005923200525137226524679,24,574,543,0.04939,0.052459,0.129244,0.17863400000000001,0.821366
183,8876846022270762570247578740470934525848460110861548643,24,716,706,0.136245,0.073053,0.073053,0.209298,0.790702
183,7272641689296160343480501161670052491504793391277318831,24,468,468,0.098726,0.098726,0.0,0.098726,0.901274
183,12244318449419593826201370835952825834440723200097525199,24,587,585,0.037035,0.023558,0.023558,0.060592999999999994,0.939407
183,11599990885992088420849467859622548958581504884697039151,24,534,523,0.003056,0.019712,0.063762,0.066818,0.933182
183,7605813317180000005669607627882043830747996242518578099,24,601,601,0.039715,0.039715,0.0,0.039715,0.960285
183,12182702859135303445823465643541896884548888148712896953,24,386,386,0.024531,0.024531,0.0,0.024531,0.975469
183,9709983608535670096749131929304035374023228870737229987,24,528,516,0.01216,0.076277,0.076277,0.088437,0.911563
183,10464773632474194098893561476862794550508738502141675107,24,606,606,0.012111,0.012111,0.0,0.012111,0.987889
183,9586059037733377655369346899873870070324449037164235107,24,359,359,0.074932,0.074932,0.0,0.074932,0.925068
183,9699446562764165401251791317533912674237385429964214831,24,440,433,0.052607,0.015816,0.044961,0.097568,0.902432
184,18626849292167387044123969723309390925329349903285206507,24,405,383,0.017097,0.039298,0.116473,0.13357,0.86643
184,18804282751054831530309800753579061511332519271103678431,24,554,554,0.046532,0.046532,0.0,0.046532,0.953468
184,18252028929067861875789984563223162861221576906848127717,24,664,664,0.010609,0.010609,0.0,0.010609,0.989391
184,24181446627067838775417564967666980419690582548365581197,24,507,507,0.026513,0.026513,0.0,0.026513,0.973487
184,23005878760564119588403003965951554728473230184759392953,24,637,605,0.032059,0.002337,0.099815,0.131874,0.868126
184,23936510072986768214421716184424106299398221539866239897,24,504,500,0.068102,0.020484,0.020484,0.088586,0.911414
184,16234034926709714462589794505359125056267838558020716281,24,674,664,0.014944,0.030331,0.030331,0.045275,0.954725
184,23428690111692592128116212619775791367144015582938967239,24,463,456,0.123703,0.103722,0.134019,0.257722,0.742278
184,18912759825437398136803515023873579742325104166174841671,24,487,487,0.03953,0.03953,0.0,0.03953,0.96047
184,19927044154018425176840956388997557677674288593187597089,24,444,444,0.013781,0.013781,0.0,0.013781,0.986219
184,19536799308159701904048108852677303754701680967104128127,24,467,451,0.029101,0.042495,0.066749,0.09585,0.90415
184,19071823677149723706403511825275713145306081300414131937,24,611,608,0.006261,0.01036,0.01036,0.016621,0.983379
184,20612269609108741202241460271673864594887702871452882101,24,472,461,0.034269,0.0265,0.070165,0.104434,0.895566
184,18920239559229041789878510751170285007946834591953601329,24,707,689,0.045491,0.004786,0.10420600000000001,0.149697,0.850303
184,22611644979880324889689047625329907958432993333469481211,24,423,423,0.038725,0.038725,0.0,0.038725,0.961275
184,22464664451229199112637114050957084764371480284978460343,24,438,427,0.011246,0.013858,0.018539,0.029785,0.970215
184,20229563940142821382398535762812188204560973744420706551,24,554,554,0.030928,0.030928,0.0,0.030928,0.969072
184,14302906747822375527736225805395822106070407268478927343,24,463,463,0.024444,0.024444,0.0,0.024444,0.975556
184,22648934796018516144639607669733048190885481628018590453,24,502,495,0.024346,0.015663,0.015663,0.040009,0.959991
184,15697907949934382447029781871211500370846936672724531567,24,482,463,0.019902,0.027579,0.14294599999999996,0.16284799999999997,0.837152
185,39302817494925418904731805103331681348585472258348444957,25,627,624,0.055005,0.082157,0.082157,0.137162,0.862838
185,39163563717688705635413025356219451066821712937228964227,25,522,519,0.03084,0.007581,0.011584,0.042424,0.957576
185,43686826810459062412827238710551696728616518667617692019,25,620,600,0.00943,0.004112,0.06010499999999999,0.06953499999999999,0.930465
185,44530085274113978279620207534979690950635532686975502813,25,358,358,0.230552,0.230552,0.0,0.230552,0.769448
185,43570715964626102904381136448155751424171061828655209841,25,511,503,0.028377,0.079773,0.079773,0.10815,0.89185
185,42847627148824300921093636376913601640563740728623558181,25,766,764,0.012416,0.007911,0.007911,0.020326999999999998,0.979673
185,32083703321789764487338768250718421793945445188847533027,24,724,709,0.079729,0.043192,0.068761,0.14849,0.85151
185,33014805666036752589259540494640708288963751747621341763,25,580,580,0.021496,0.021496,0.0,0.021496,0.978504
185,41464335276070540341399584119313180727925975932568415057,25,443,411,0.016642999999999998,0.008836,0.080591,0.09723399999999999,0.902766
185,33861582902426483337301296118131448522568614203251711863,25,482,476,0.038791,0.065686,0.121698,0.160489,0.839511
185,46071639138339644800558097284225066199315293701982806079,25,869,869,0.021181,0.021181,0.0,0.021181,0.978819
185,37936033159136473000212002322269943296231496368568922549,25,391,391,0.028756,0.028756,0.0,0.028756,0.971244
185,48350569892826986379872186809679223015058022521047573871,25,531,531,0.121975,0.121975,0.0,0.121975,0.878025
185,41198097084082663709570476103319690345818375254249026263,25,455,455,0.022595,0.022595,0.0,0.022595,0.977405
185,45101352016751018053319721236302099399595057715497241929,25,497,471,0.023988000000000002,0.013006,0.046515,0.07050300000000001,0.929497
185,42065769993861888778368368385451592776021006938027669583,25,914,914,0.044252,0.044252,0.0,0.044252,0.955748
185,41907847300045853777854516119774591215451371041706482459,25,656,656,0.047612,0.047612,0.0,0.047612,0.952388
185,48828218167552081470122749610887068068091405463826001571,25,429,429,0.071851,0.071851,0.0,0.071851,0.928149
185,41321776714362126833330727735907708762522999908493584631,25,507,500,0.053008,0.008009,0.008009,0.061017,0.938983
185,45383217518804476499152706989070758316114620859553366943,25,365,365,0.090118,0.090118,0.0,0.090118,0.909882
186,91860233843352511299828307727646362358888480420031170413,25,666,666,0.10255,0.10255,0.0,0.10255,0.89745
186,80310109483483183267313583353855043236387938949945913511,25,366,366,0.115371,0.115371,0.0,0.115371,0.884629
186,80341684383462084364790814145428006802552449749708478169,25,644,644,0.009982,0.009982,0.0,0.009982,0.990018
186,94274586636737974618847930138230885567012445571032348059,25,563,562,0.02104,0.042095,0.042095,0.063135,0.9368650000000001
186,85286064753422311838018802719562606418460845712040300179,25,456,456,0.163308,0.163308,0.0,0.163308,0.836692
186,95824663807095715873047831217240459086791279500036727837,25,557,557,0.039628,0.039628,0.0,0.039628,0.960372
186,80600641280005619173439191411717632606164953443740925413,25,666,666,0.009063,0.009063,0.0,0.009063,0.990937
186,53363439485857552435882838625033101776848292903405327631,25,486,486,0.027711,0.027711,0.0,0.027711,0.972289
186,84360977267528679389916660229858829202359730331725108419,25,608,578,0.045294,0.053967,0.053967,0.099261,0.900739
186,79840201135431317961751024566665709261061070004618876607,25,415,399,0.027895,0.075514,0.075514,0.103409,0.896591
186,86866046861802039662583542752660385034769683216166980061,25,705,705,0.032783,0.032783,0.0,0.032783,0.967217
186,86323619254797487920466332795791126216445907418620989923,25,549,527,0.021201,0.002186,0.038611,0.059812000000000004,0.940188
186,96229941655765770007029825039522376331365113196946498957,25,456,456,0.022503,0.022503,0.0,0.022503,0.977497
186,68612351526722038739277226442469049931568086799744053797,25,516,483,0.037557,0.032839,0.184609,0.222166,0.777834
186,68105415306841011876975324285506148265126787018204059721,25,698,698,0.038815,0.038815,0.0,0.038815,0.961185
186,82153452353776642549718572430278706898613500637862573111,25,591,591,0.085816,0.085816,0.0,0.085816,0.914184
186,58260742770043455753114412466166256900662844348827175237,25,675,669,0.015135,0.023225,0.023225,0.03836,0.96164
186,92398084669964916514251013016603556504210733394779182767,25,387,362,0.005834,0.090019,0.32496200000000003,0.33079600000000003,0.6692039999999999
186,85070111672001330371958789558357340118850688442337853217,25,418,418,0.044223,0.044223,0.0,0.044223,0.955777
186,77006883355586853676151730714225091231991247740864640619,25,452,452,0.073818,0.073818,0.0,0.073818,0.9261820000000001
187,185702567469454758545522669141358609758902348939813864093,25,552,552,0.063589,0.063589,0.0,0.063589,0.936411
187,179941892859217785606681885687143742888315889414346363689,25,1050,1050,0.013253,0.013253,0.0,0.013253,0.986747
187,181526373319561920706249179904543072763946711556143801553,25,556,556,0.139231,0.139231,0.0,0.139231,0.860769
187,167429568427479950155810682841163388259872915659211758439,25,440,428,0.017544,0.029968,0.029968,0.047512,0.952488
187,186979504018673334316662054121094588580490052795915527519,25,598,594,0.064488,0.015038,0.015038,0.079526,0.920474
187,145169698815553753950995436308896640554249031871232995529,25,616,616,0.021901,0.021901,0.0,0.021901,0.978099
187,189461310023527313299690027067741970827568893636258377063,25,791,791,0.006033,0.006033,0.0,0.006033,0.993967
187,195549547224884539368396804380565596304971046728434683161,25,445,439,0.048796,0.025453,0.025453,0.074249,0.925751
187,178245846474078559274688392189915797290638577194576694293,25,467,467,0.083926,0.083926,0.0,0.083926,0.916074
187,140252436907018775044357018689165543420042260373871440727,25,544,532,0.01262,0.027288,0.10278699999999999,0.11540699999999998,0.884593
187,192105990641511042361486580149859043063803753731838318981,25,861,825,0.043601,0.015331,0.168731,0.212332,0.787668
187,178454889426021172984526500874394848133697897783899319511,25,1017,996,0.160686,0.024357,0.039413000000000004,0.200099,0.799901
187,147793902755095806954444489354226029687835800736294743133,25,654,654,0.094386,0.094386,0.0,0.094386,0.905614
187,181066564675332279473924972484406057203667755771628163519,25,433,427,0.040533,0.03038,0.03038,0.070913,0.929087
187,168818801318777087057170297997195516793375607488939767557,25,507,472,0.03614200000000001,0.009702,0.06497400000000002,0.10111600000000003,0.898884
187,163084686989748233415040348211861253938756903626114968719,25,430,430,0.015119,0.015119,0.0,0.015119,0.984881
187,188075731576689556162612507442726713223245640460883288489,25,608,600,0.032684,0.029819,0.08555,0.118234,0.881766
187,132226185708852638537764772743714220747210366978910886177,25,497,492,0.006768,0.035033,0.044676,0.051444000000000004,0.948556
187,194698576701919400115040833966319106090888842928840082833,25,487,487,0.022707,0.022707,0.0,0.022707,0.977293
187,125253423035716542158322394161648453041038946552062725559,25,507,507,0.019481,0.019481,0.0,0.019481,0.980519
188,314224750521702231589078779205748577487125730214151848227,25,477,477,0.111661,0.111661,0.0,0.111661,0.888339
188,214725867801677657763150716044378228025925022271604157093,25,381,381,0.021657,0.021657,0.0,0.021657,0.978343
188,337786569927761505444410838242068306234426938889367376089,25,438,438,0.197008,0.197008,0.0,0.197008,0.802992
188,360223106477640603715939086025088234494108141240755800321,25,461,461,0.01418,0.01418,0.0,0.01418,0.98582
188,374124987525817520307508964115960865602386918837898179827,25,671,671,0.137446,0.137446,0.0,0.137446,0.862554
188,361989780913006793919620222968747185160737595989089084909,25,463,454,0.013357,0.004203,0.059571,0.07292799999999999,0.927072
188,317559581118592945343728270732523067627215982144611637637,25,424,409,0.034874,0.055318,0.074818,0.109692,0.890308
188,379999621526733814982174866558604085395375086537465979591,25,411,411,0.011417,0.011417,0.0,0.011417,0.988583
188,366021560344730588643709636731405132352498915207181378779,25,433,433,0.198853,0.198853,0.0,0.198853,0.801147
188,387944003533460640819952009732254475678414088984486177033,25,657,657,0.013402,0.013402,0.0,0.013402,0.986598
188,374845489005902740783352118914562105030081362850475258007,25,684,681,0.013566,0.040737,0.040737,0.054303000000000004,0.945697
188,386515816923087548415772467909907858268131406963172669599,25,549,548,0.13955,0.018168,0.018168,0.157718,0.842282
188,221106737983069547058303874626625601611876932304469714993,25,470,470,0.071493,0.071493,0.0,0.071493,0.928507
188,240210128646608330322236250926839186745574038027417949109,25,557,555,0.077537,0.005513,0.005513,0.08305,0.91695
188,318351913440867881282887107239336403432896585513539162139,25,495,473,0.033245000000000004,0.011842,0.032473,0.065718,0.9342820000000001
188,378635620380227758123177463104203120047480633879439638329,25,474,474,0.050828,0.050828,0.0,0.050828,0.949172
188,319199732197973078769687558220972231917492453889455575179,25,475,475,0.1106,0.1106,0.0,0.1106,0.8894
188,381980473612089531334196860824416470009021634012423067737,25,457,457,0.027754,0.027754,0.0,0.027754,0.9722459999999999
188,256586033541357135375485125099595006467144223152458416503,25,378,378,0.135258,0.135258,0.0,0.135258,0.864742
188,353636550421510722509208696720104070107782240230147107101,25,526,526,0.052979,0.052979,0.0,0.052979,0.947021
189,408589902288642681578344276763041902416284671692080986377,25,440,407,0.005964,0.029179,0.135229,0.14119299999999999,0.858807
189,646628678273258141372517202145221034603557799378124614201,25,559,559,0.003137,0.003137,0.0,0.003137,0.996863
189,592635606571861287284224295593110454631652264655249578353,25,530,528,0.010703,0.006217,0.006217,0.01692,0.98308
189,650208432524537748605744087782608274999617116493579199513,25,627,618,0.019465999999999997,0.016818,0.026205,0.045670999999999996,0.954329
189,599419609079700662276957964472775050611343385405910300163,25,797,783,0.012389,0.007334,0.05413799999999999,0.06652699999999999,0.933473
189,591139658903332237066666950704418695507871569867166356959,25,517,517,0.02356,0.02356,0.0,0.02356,0.97644
189,759303095841708533868206131077305245572712516145789616107,25,440,440,0.090308,0.090308,0.0,0.090308,0.909692
189,723374087894581884780114042666006439305170047096296570421,25,441,420,0.006438,0.028747,0.052151,0.058589,0.941411
189,642089268364349919722039425710377324200681378773618660631,25,544,544,0.013325,0.013325,0.0,0.013325,0.986675
189,493458509028245692711455247191997853201057771326056542803,25,816,801,0.097546,0.025354,0.025354,0.1229,0.8771
189,775267771444101410063934578993845769575953505357992661799,25,822,822,0.098408,0.098408,0.0,0.098408,0.901592
189,525214235994067347101638348805237964788334546789415420243,25,655,648,0.006191,0.005315,0.005315,0.011506,0.988494
189,510228484199873332122049098813102378921923672052464278333,25,443,443,0.070004,0.070004,0.0,0.070004,0.929996
189,630121824338129668949919059009823882545840337934822277567,25,715,699,0.068243,0.009229,0.06451,0.132753,0.867247
189,755634779781799121353112557954459602771587484582257255551,25,411,411,0.009483,0.009483,0.0,0.009483,0.990517
189,612172740703460905652990412541931502012476806243188854431,25,635,629,0.018772,0.00712,0.062537,0.08130899999999999,0.918691
189,530704707601162495384297467780173501132805319654798984003,25,458,433,0.029074,0.009647,0.043965000000000004,0.073039,0.926961
189,756916004872319657418986856461653189263814971681663763573,25,577,572,0.133013,0.038499,0.038499,0.171512,0.828488
189,490921607897052107753246264180398217237973784027521089099,25,450,445,0.012294,0.039234,0.07378799999999999,0.08608199999999999,0.913918
189,767702133245506513310164240704062695141079949461903447479,25,508,499,0.03305,0.00495,0.02538,0.05843,0.94157
190,1107697980005560535935691181882881481298971577503883545431,25,513,511,0.048088,0.020543,0.020543,0.068631,0.931369
190,1447718595714448727207173851527167403200700108585820235931,25,401,401,0.136701,0.136701,0.0,0.136701,0.863299
190,1067595819970828694093593212927706218036137678171084438953,25,506,479,0.034054,0.033812,0.176238,0.210292,0.789708
190,1236956916814563958009976698763228455869309463346857145209,25,444,424,0.012841,0.013297,0.17296699999999998,0.18580799999999997,0.814192
190,1303595662239872394152630143462469139534875953977955173719,25,959,953,0.044292,0.018065,0.046295,0.090587,0.909413
190,1436728764183159269584547372484560757421757510937607299719,25,426,426,0.100705,0.100705,0.0,0.100705,0.899295
190,1358738873900145804437909196195927584579190583894624729549,25,522,518,0.070893,0.016789,0.016789,0.087682,0.912318
190,1309414713325066973570726305039978280113478833538624990717,25,689,689,0.007408,0.007408,0.0,0.007408,0.992592
190,1119233946195882068749589393936438955574244336504433599743,25,534,534,0.150497,0.150497,0.0,0.150497,0.849503
190,1391390333131732070825024754648255205953706845753859235761,25,876,876,0.058423,0.058423,0.0,0.058423,0.941577
190,1219405195991088602219964475590713847204090579216876133247,25,688,688,0.022034,0.022034,0.0,0.022034,0.977966
190,1285952433782265124699401960911465263241667818151785942989,25,502,469,0.07351,0.025329,0.19943999999999998,0.27294999999999997,0.72705
190,936281692826227408663886118472398327211075139996831483807,25,467,460,0.105085,0.013011,0.013011,0.11809599999999999,0.881904
190,1495152348884655255748854019985088902044523205603769307549,25,506,506,0.077298,0.077298,0.0,0.077298,0.922702
190,1543054376408543181151756345226381442258117792563593031941,25,481,481,0.041079,0.041079,0.0,0.041079,0.958921
190,1197900039859831281860297786593556759105357856705065296097,25,369,369,0.239418,0.239418,0.0,0.239418,0.760582
190,1325762643789188253480076014106355323863094856768820242033,25,414,414,0.214936,0.214936,0.0,0.214936,0.785064
190,1549503894836788136271053205345052692884272523599834807513,25,515,513,0.047492,0.077961,0.077961,0.125453,0.874547
190,1371820001327266974371651800423316814650750283162857664521,25,384,384,0.107884,0.107884,0.0,0.107884,0.892116
190,1319759631078608755615705806993244756656084597458744780879,25,521,500,0.036917,0.019485,0.09762699999999999,0.134544,0.865456
191,2180877054471620294689724695606846212849552332318992940407,25,497,497,0.08285100000000001,0.08285100000000001,0.0,0.08285100000000001,0.917149
191,1606385381360148813307516689773707722363849418834436678389,25,418,418,0.037787,0.037787,0.0,0.037787,0.962213
191,2738991831553984659353836548560279154535043688289688027603,25,465,458,0.015278,0.014726,0.020567,0.035845,0.964155
191,2021640631374636353782008830324840969777513038468864748759,25,652,648,0.019052,0.022648,0.022648,0.0417,0.9583
191,2105598972222103150968007207241144213000505023620025661667,25,422,422,0.048162,0.048162,0.0,0.048162,0.951838
191,2954552227750152336095183292848417913001395070298811029879,25,615,609,0.042975,0.00219,0.00219,0.045165,0.954835
191,2604823021534871940153658516882468145972589783978202484923,25,499,499,0.061608,0.061608,0.0,0.061608,0.938392
191,2697799617327879157081712621189446951709202892838110789249,25,1093,1093,0.072399,0.072399,0.0,0.072399,0.927601
191,2749750578464362511041140809468842163052814508247072125809,25,709,702,0.004935,0.029805,0.029805,0.03474,0.96526
191,2810254725646498720414994000029322939731083303115400227283,25,624,595,0.019057,0.015543,0.09391000000000001,0.11296700000000001,0.887033
191,2919723125927389511356972449231841889026550065177689782341,25,632,606,0.07958,0.024412,0.17427499999999999,0.253855,0.7461450000000001
191,2384759410471810319375657922573509817577252181814221416381,25,543,543,0.103383,0.103383,0.0,0.103383,0.896617
191,2870902859138464144898136609805487079043674281379484515257,25,565,564,0.030143,0.009826,0.009826,0.039969,0.960031
191,2531428612228677358426023750691561085464553004835817283823,25,685,685,0.032907,0.032907,0.0,0.032907,0.967093
191,2569199376454128229458263634674647272803671413063904093681,25,483,469,0.027171,0.021747,0.038783,0.065954,0.934046
191,2077139403037075257284520813457747381680630617898050789129,25,582,582,0.02944,0.02944,0.0,0.02944,0.97056
191,2599527300982831600647840629042688948539972657946504879419,25,743,739,0.021217,0.006658,0.006658,0.027875,0.972125
191,2939945259852704861237884063321703407639606324099970984489,25,520,520,0.154753,0.154753,0.0,0.154753,0.845247
191,2806787067261975292631801717103764100516337005958274854877,25,907,904,0.031977,0.00671,0.03798,0.06995699999999999,0.930043
191,3102854422286895681399386946361481173908793767638701190957,25,535,535,0.11041,0.11041,0.0,0.11041,0.88959
192,6053136549975215707114861824618604186550967571524618556511,25,587,574,0.061052,0.098903,0.145012,0.206064,0.793936
192,5772223899679240100865858833866067485733365743633882768503,25,429,417,0.017906,0.071087,0.194058,0.211964,0.788036
192,4939008137476552065240184537828644764133517214756158762829,25,496,490,0.025504,0.041402,0.092474,0.117978,0.882022
192,6212435194276394115763543059243494938563033646586224859629,25,574,559,0.030442999999999998,0.03262,0.07728700000000001,0.10773,0.89227
192,3874204338182140753502701838530384426297759523506113427483,25,628,628,0.056033,0.056033,0.0,0.056033,0.943967
192,3347208880492337566130653746802735549578109517894379499733,25,785,784,0.08382,0.012311,0.012311,0.09613100000000001,0.903869
192,4306083721119286908591380042584606571729048503575164227711,25,507,496,0.021639000000000002,0.030847,0.087765,0.109404,0.8905959999999999
192,5163763031624406920207830805702663059843081289928205028959,25,626,626,0.044903,0.044903,0.0,0.044903,0.955097
192,6130364660359904866071451106195076205876004972250032444803,25,494,494,0.010205,0.010205,0.0,0.010205,0.989795
192,6254696907579855069014156880599952401895926775151729298633,25,580,580,0.032411999999999996,0.032411999999999996,0.0,0.032411999999999996,0.967588
192,4873661477686905481674696353544486097679453418713697857441,25,1093,1093,0.072534,0.072534,0.0,0.072534,0.927466
192,5412175546964427994074789034451167835889491793324688758467,25,799,789,0.014716,0.021745,0.030004000000000003,0.04472,0.95528
192,5910884209390437413999109263981667425861292837036749005609,25,578,576,0.042424,0.031412,0.031412,0.07383600000000001,0.926164
192,4621285287029859947459316813570982113322073918209718266019,25,559,559,0.134112,0.134112,0.0,0.134112,0.865888
192,5696283951894185144007889520249234417647198158940715431933,25,440,440,0.024915,0.024915,0.0,0.024915,0.975085
192,3683958575511235413756595798246241035800834295791075521963,25,463,463,0.060625,0.060625,0.0,0.060625,0.939375
192,4468006165118885684913086683109597497945491118316503789123,25,1043,1002,0.033622,0.017928,0.214117,0.247739,0.7522610000000001
192,5488497809815368048793079212529624026388526869419621039691,25,562,550,0.02321,0.009591,0.17910099999999998,0.202311,0.797689
192,5659542164522658766094858453465847140623734081033257305487,25,457,457,0.022151,0.022151,0.0,0.022151,0.977849
192,6149807903410653285967321465976396749348286539647506887699,25,638,635,0.054529,0.041701,0.041701,0.09623000000000001,0.90377
193,9905013207931875527529191960135739218017812814063208578531,25,663,629,0.041066,0.021325,0.15449999999999997,0.19556599999999996,0.8044340000000001
193,10100483858506872648422975068896319443064533148276380832169,25,694,674,0.028801,0.028779,0.11270599999999999,0.141507,0.858493
193,11663540999446197162723452607497563376895758675776898312369,25,546,534,0.05188,0.125837,0.149869,0.201749,0.798251
193,10897749645060145624874358483865606849691424744321528304937,25,565,562,0.031954,0.00524,0.010297,0.042251000000000004,0.957749
193,10565624405515099844116517970763527091130891790570283157137,25,488,488,0.130707,0.130707,0.0,0.130707,0.869293
193,12070921450587575263287627747872390786879378063838490617043,25,697,697,0.04731,0.04731,0.0,0.04731,0.95269
193,9664634974777947645604027278555623329607100282762834013441,25,509,509,0.026544,0.026544,0.0,0.026544,0.973456
193,12322960193874180073992358693327396906594292112230707610489,25,648,614,0.0052759999999999994,0.003918,0.07970400000000001,0.08498000000000001,0.91502
193,8099708654360452993215966572101668396566826381629301683063,25,608,570,0.071464,0.040692,0.23572699999999996,0.307191,0.692809
193,11214351833369361189026414622248506634769198922661651441293,25,527,527,0.049458,0.049458,0.0,0.049458,0.950542
193,9128073803947130372484141505624445498586637123573747380151,25,441,441,0.039904,0.039904,0.0,0.039904,0.960096
193,11312813665303613237304198878301422628970319071234047845347,25,719,700,0.009417,0.004669,0.010137000000000002,0.019554000000000002,0.980446
193,11023902979621732752907862575267849055507922142544485438789,25,571,562,0.004296,0.009758,0.026736,0.031032,0.968968
193,11262927042730954176015822824963334235937052626560568007419,25,567,567,0.016041,0.016041,0.0,0.016041,0.983959
193,10857095320997612707420637232964945337144528989105797131153,25,816,816,0.043498,0.043498,0.0,0.043498,0.956502
193,10494271519339392909894195833014476236187539413566084429379,25,584,584,0.021165,0.021165,0.0,0.021165,0.978835
193,12278064626184964589595523842860542425676931971855436832259,25,610,610,0.024165,0.024165,0.0,0.024165,0.975835
193,8482872608322654051369609585269639790901351219221511846733,25,497,497,0.040126,0.040126,0.0,0.040126,0.959874
193,7306887098618586073076594877395470343989113832174839245017,25,574,555,0.034937,0.021356,0.021356,0.056293,0.943707
193,12409265929614063311478379725438459124196359168832063103151,25,479,478,0.135823,0.130127,0.130127,0.26595,0.73405
194,20683260459467499029277828805303888053838228828420773810227,25,676,674,0.007911,0.013661,0.013661,0.021572,0.978428
194,21350469721329597074134362589876985354717072338210358108849,26,398,398,0.107149,0.107149,0.0,0.107149,0.8928510000000001
194,18942954816325570836124528681131878336599202626159580306777,25,469,463,0.030339,0.045039,0.081413,0.111752,0.888248
194,24458941949583565962792372221933150989311549041638920536113,26,689,675,0.035761,0.011215,0.10058,0.136341,0.863659
194,21076672769905977070352813226874932564034530295953191284753,25,535,535,0.018077,0.018077,0.0,0.018077,0.981923
194,22249362777783306049117932825890593656249535237757916625729,26,442,418,0.052381,0.033799,0.053684,0.10606499999999999,0.893935
194,23203422452949787679074210878498136594954609999835899906157,26,610,603,0.040323,0.030557,0.044062000000000004,0.084385,0.915615
194,20868115815896194713106525621357671273079634596135616425361,25,625,619,0.025224,0.053591,0.089703,0.114927,0.885073
194,23192686299066524320738010687390362447126038875074169556253,26,613,605,0.016289,0.00818,0.050655,0.066944,0.933056
194,22340054129412896419322214973520037370083718012993281910367,26,418,418,0.009507,0.009507,0.0,0.009507,0.990493
194,23181673086820734631906360554899103585708564817833096064921,26,1289,1289,0.050977,0.050977,0.0,0.050977,0.949023
194,24582599091151675799091021479482934414662039688624223437687,26,426,426,0.013134,0.013134,0.0,0.013134,0.986866
194,25065435242975997360701202808292864499688676903327335870541,26,495,495,0.0238,0.0238,0.0,0.0238,0.9762
194,18390454080376419958677765335623388001794346466558675435283,25,548,544,0.037336,0.013877,0.013877,0.051213,0.948787
194,22922786508061659363842923473806512470282966011733435851431,26,1073,1042,0.001079,0.002171,0.007456999999999999,0.008535999999999998,0.991464
194,17061387184720152302891304554226083544383293835520188213651,25,467,443,0.135559,0.009223,0.18917899999999999,0.32473799999999997,0.675262
194,18618516616598255372519874377476542080222536021373325270311,25,464,464,0.281465,0.281465,0.0,0.281465,0.7185349999999999
194,21282237135538130116514856262480953933294724963389201954481,26,554,551,0.022271,0.028552,0.028552,0.050823,0.949177
194,20522969516655873169000695377445575228468042248954518479057,25,565,536,0.01235,0.005161,0.07327299999999999,0.08562299999999999,0.914377
194,14989350088210543607482262847185984320363092765497004877451,25,647,639,0.009943,0.009629,0.009629,0.019572,0.980428
195,43040604789452163741387408621112136409598757059035661677893,26,584,578,0.085096,0.025521,0.04776,0.132856,0.867144
195,49088991794939140574010539690236171966040109026993415914269,26,445,442,0.154034,0.092648,0.092648,0.246682,0.7533179999999999
195,48300749567102905436273718192442740995408307546941115427897,26,494,482,0.074398,0.089309,0.089309,0.163707,0.836293
195,48906073225085902924815189872988257194974124450370814611651,26,421,421,0.086039,0.086039,0.0,0.086039,0.913961
195,36863086582293400960306820600939234657564365893479938560799,26,734,706,0.0046110000000000005,0.019732,0.065451,0.070062,0.929938
195,39520094337921324612196662792851626492332520911673811699729,26,885,885,0.012953,0.012953,0.0,0.012953,0.987047
195,48712327583936410948919472729136236367597407084610635272833,26,458,458,0.010743,0.010743,0.0,0.010743,0.989257
195,40655326120160876332407096732056168721873529846326635963177,26,449,435,0.034859,0.025263,0.082408,0.117267,0.882733
195,49535766793358394398954575009134138350900646325935636614543,26,585,573,0.144191,0.06103,0.10779,0.251981,0.748019
195,41862719142251391308296850055406978004299551713109836123227,26,582,576,0.034616,0.013473,0.013473,0.048089,0.951911
195,39425775947292327135017849550127493358385136125831647180659,26,469,456,0.025861,0.101617,0.101617,0.127478,0.872522
195,40030915462863037646967083275653053673838289093488559065567,26,612,598,0.041709,0.069804,0.069804,0.111513,0.888487
195,40570734708690516020996671408225641495385595046735671957119,26,459,459,0.07525,0.07525,0.0,0.07525,0.92475
195,40934085183179492462123851985126002111578252845347853305697,26,486,486,0.220033,0.220033,0.0,0.220033,0.779967
195,35128682060529629825193792168573153198841552039371874266881,26,455,446,0.017024,0.011759,0.011759,0.028783000000000003,0.971217
195,33386520498533519946398383478624977467807699443830033789513,26,580,580,0.054644,0.054644,0.0,0.054644,0.945356
195,40141148770606288794672640695647670636575757821310805897243,26,516,516,0.040854,0.040854,0.0,0.040854,0.959146
195,40490518455055723132909066555944613680023787528271085543291,26,564,564,0.077571,0.077571,0.0,0.077571,0.9224289999999999
195,47614627301874134935455529116186115164906112363136503150483,26,654,654,0.057754,0.057754,0.0,0.057754,0.942246
195,34473817038037491202068900808519350419613875057302440357481,26,602,602,0.0053349999999999995,0.0053349999999999995,0.0,0.0053349999999999995,0.994665
196,95168415107121660560916881793289203952418490854465168975321,26,685,685,0.013283,0.013283,0.0,0.013283,0.986717
196,90009791547499984548910278716753576073152720702817059055901,26,511,498,0.073825,0.047023,0.047023,0.12084800000000001,0.8791519999999999
196,87459073763838296701927301523704259554148918532862184975629,26,551,551,0.049476,0.049476,0.0,0.049476,0.950524
196,70309503501777340343079821334567642537559966663221390472973,26,501,477,0.011974,0.05816,0.13951500000000003,0.15148900000000004,0.848511
196,95305038515393842196007534454562012255827385548443606952501,26,605,597,0.005059,0.006971,0.045533000000000004,0.050592000000000005,0.949408
196,82858880649466251495449216071414702109906561191821038787641,26,397,397,0.045917,0.045917,0.0,0.045917,0.954083
196,97083793852684433813008089400054003385653724507596918274297,26,684,663,0.004051,0.015728,0.056669,0.060719999999999996,0.93928
196,99466774561138218293682307547255032274447325955533021392447,26,486,486,0.047839,0.047839,0.0,0.047839,0.952161
196,62333097639089791343889610479116623630492359496474506120427,26,844,829,0.013146000000000001,0.004909,0.07493300000000001,0.08807900000000002,0.911921
196,98202769533374705029605057892210661368086364721024686834069,26,593,593,0.023408,0.023408,0.0,0.023408,0.976592
196,76205915167282914218102341674425274873438928127960827493699,26,787,784,0.128674,0.047416,0.047416,0.17609000000000002,0.8239099999999999
196,99735781901275954167800573841902347907225001572434442739617,26,680,680,0.063071,0.063071,0.0,0.063071,0.936929
196,75523924234554614323219474180414139839611222725124775536109,26,469,469,0.056253,0.056253,0.0,0.056253,0.943747
196,98856416133856584127753735193005691636012090201233990732729,26,443,428,0.032585,0.068452,0.13142700000000002,0.16401200000000002,0.835988
196,74465721503975476013420915082380026622357493970492148475923,26,621,621,0.077942,0.077942,0.0,0.077942,0.922058
196,93695083979722113939155057731935369089046162236564738423191,26,541,537,0.019194,0.036311,0.036311,0.055505,0.944495
196,77879392079591903526474505876698267670805166486636028530899,26,494,472,0.047654,0.018131,0.018131,0.06578500000000001,0.934215
196,84229306643800747300264590699152695007580757244203842094811,26,552,552,0.087652,0.087652,0.0,0.087652,0.912348
196,94030668663190317444347187347006250211939496898445186865789,26,840,817,0.007191,0.015266,0.034443,0.041634000000000004,0.958366
196,100248369583162082393739261464041339014101482772776091948201,26,438,431,0.028788,0.03778,0.066616,0.09540399999999999,0.904596
197,167659105655698882339508182915480992256595774433903924122623,26,1544,1534,0.03414,0.007852,0.058835,0.092975,0.907025
197,122449747198975822084132001235051055769374123302428745305941,26,652,652,0.025242,0.025242,0.0,0.025242,0.974758
197,157771390213784769025733801475620067885551276043484431320057,26,522,522,0.077958,0.077958,0.0,0.077958,0.922042
197,195362636325845913268639913567995093493514004135984307800363,26,573,551,0.10205,0.003862,0.22211,0.32416,0.67584
197,160328182105787324869078655378810538500450812696259544941773,26,496,496,0.192191,0.192191,0.0,0.192191,0.807809
197,184970800291752440068635983309521468062368504646083676644033,26,648,648,0.019160999999999997,0.019160999999999997,0.0,0.019160999999999997,0.980839
197,164144776080649194883406513297516553025716555924591056615183,26,435,431,0.033335000000000004,0.018136,0.025904999999999997,0.05924,0.94076
197,140818764650826975296987375129283355966942621459853255150479,26,564,564,0.030716,0.030716,0.0,0.030716,0.969284
197,189022387984517778950705123442972032908094852334290657306231,26,449,449,0.071735,0.071735,0.0,0.071735,0.928265
197,172220763612696405396243073018306035394484382521705030045911,26,445,438,0.017139,0.009484,0.035089999999999996,0.052229,0.947771
197,154481106607181704446691691500013964555830349483415881254479,26,744,743,0.02214,0.04236,0.04236,0.0645,0.9355
197,138116520840863501578382275910208792542013786200119809943421,26,465,465,0.036076,0.036076,0.0,0.036076,0.963924
197,128167436666847967508432921399395745683533771986744909507099,26,467,467,0.073913,0.073913,0.0,0.073913,0.926087
197,179430245545432323474984038609312519060231752952330260578973,26,644,644,0.006437,0.006437,0.0,0.006437,0.993563
197,164907321185035410613697079130730386934791247649211425433501,26,643,616,0.004382,0.004515,0.05287199999999999,0.057253999999999985,0.942746
197,149559974584198894049055200074096371180280008283748787845411,26,446,432,0.19016699999999997,0.058935,0.058935,0.249102,0.7508980000000001
197,141960287108387193832375793429518062558146806429474522246723,26,506,506,0.049267,0.049267,0.0,0.049267,0.950733
197,117962418323306660486403773161381103053143923297611666689523,26,462,462,0.013076,0.013076,0.0,0.013076,0.986924
197,159003940652452327574248903060253950134870172438916155070369,26,723,688,0.036392,0.007037,0.4089990000000001,0.4453910000000001,0.5546089999999999
197,186310928751907307724815625865601039478473930304908425333493,26,812,812,0.026976,0.026976,0.0,0.026976,0.973024
198,358800385741478548379741226608716034844371071935561085305833,26,623,617,0.041338,0.036148,0.036148,0.077486,0.9225140000000001
198,361832547229010809777991703475089455145922714751449984988413,26,419,415,0.118848,0.047603,0.047603,0.166451,0.833549
198,366234672716741757435258864069198637471462810470347219616629,26,688,679,0.015363,0.012706,0.017947,0.03331,0.96669
198,381944248262064685581254962871209750407378184907165945167889,26,559,559,0.02097,0.02097,0.0,0.02097,0.97903
198,354687072527494597410093290280585584399421663969934020853223,26,598,598,0.098778,0.098778,0.0,0.098778,0.901222
198,379245416457437245542302776449664948360818185536921628076539,26,432,432,0.053581,0.053581,0.0,0.053581,0.946419
198,276003453857523809899467677088049878845070200584331936691041,26,534,534,0.03717,0.03717,0.0,0.03717,0.96283
198,209990048987204577494427221770767574738889930041728156874193,26,577,577,0.064328,0.064328,0.0,0.064328,0.9356720000000001
198,256901948110234610129862767369945243180538397102365122358427,26,484,483,0.037423,0.111403,0.111403,0.148826,0.851174
198,392896855902880253325160541666344098709384930507930453171681,26,468,468,0.016682,0.016682,0.0,0.016682,0.983318
198,261148592887412956171116968549303549257459540886776423198739,26,509,508,0.006118,0.016509,0.016509,0.022627,0.977373
198,380307295207752593087679241538739081357344508076536875023627,26,597,574,0.103977,0.149866,0.22991,0.333887,0.666113
198,388299617663319746972489463784551990330983404458676571447693,26,517,496,0.016834,0.01014,0.067989,0.084823,0.915177
198,328573357774619762260295479993442675189590010826879831896677,26,534,519,0.008445,0.026134,0.032303,0.040748,0.959252
198,345095965742713044505246800463174842475462680793869138019261,26,453,453,0.067073,0.067073,0.0,0.067073,0.9329270000000001
198,292581670931790651470491827458218900376775743841380672403887,26,503,503,0.027837,0.027837,0.0,0.027837,0.972163
198,390539114582262272077001713638342490864897532470034331261247,26,491,473,0.090749,0.115502,0.115502,0.206251,0.793749
198,360504086773559647539204736208829484928785732049355565383643,26,395,395,0.02279,0.02279,0.0,0.02279,0.97721
198,235950558879078260282437419803935172239069320587333159451019,26,530,530,0.018188,0.018188,0.0,0.018188,0.981812
198,398227691324642613283526129594013507506766970246599454997939,26,659,643,0.039631,0.010831,0.019775,0.059406,0.940594
199,754357335704061312767906283574368857849729996361323767853021,26,540,540,0.163842,0.163842,0.0,0.163842,0.836158
199,740449135866891063702563724186205751814739503564925633250647,26,478,453,0.03989,0.025289,0.056147999999999997,0.096038,0.903962
199,783572025208462059459081331520531102495696274404533915350617,26,510,493,0.069766,0.038054,0.104133,0.173899,0.826101
199,689619749063096498116944459976173154436509257531702365821471,26,624,613,0.044905,0.027354,0.036994,0.081899,0.9181010000000001
199,792261444591087612509889756571590671010253289767476929883959,26,692,692,0.084661,0.084661,0.0,0.084661,0.915339
199,485165244720747932715066275346273892339756962905587028338027,26,452,452,0.117273,0.117273,0.0,0.117273,0.882727
199,701425127964276666799904563003747018572056891360383272760451,26,1119,1102,0.01683,0.084998,0.084998,0.101828,0.898172
199,790893896840481035276180066252113476643190200344778153065643,26,924,924,0.095295,0.095295,0.0,0.095295,0.904705
199,763536298621525364342165189094083117188952849209780027677679,26,601,593,0.102164,0.029337,0.071142,0.17330600000000002,0.826694
199,613617912594322713495151233564022371433770815044783317065269,26,827,827,0.027893,0.027893,0.0,0.027893,0.972107
199,701969238772333138157522384223588554623546191713496616248319,26,475,475,0.090642,0.090642,0.0,0.090642,0.909358
199,659743727985962787654640554658683537620374805989756454087933,26,679,679,0.017337,0.017337,0.0,0.017337,0.982663
199,690360274208079369250317450856211794224002008122073050016637,26,522,522,0.083733,0.083733,0.0,0.083733,0.9162669999999999
199,500887070634424955740905032565576942995006631697841024678317,26,521,521,0.023933,0.023933,0.0,0.023933,0.976067
199,562515533415072305976115813906881843805019952700501666255663,26,510,509,0.014855,0.010251,0.010251,0.025106,0.974894
199,687386421009493082281833809951506042909624825066468351426301,26,451,437,0.112305,0.019849,0.02575,0.138055,0.861945
199,627831828857047974697867855909832323916998184071016955354641,26,557,557,0.148199,0.148199,0.0,0.148199,0.851801
199,531493718748199409115070187956201803475378862922781030803881,26,499,499,0.053505,0.053505,0.0,0.053505,0.946495
199,764298723870080571982440894112670628624228896767629734930611,26,441,425,0.056578,0.056686,0.056686,0.113264,0.886736
199,563561550095967293743840793623207928679303836705271230763571,26,769,762,0.035453,0.020778,0.040055,0.07550799999999999,0.924492
200,1295789132477604807715877944458947246775511838525972200835657,26,631,631,0.070445,0.070445,0.0,0.070445,0.929555
200,1580265433117145949318612574335473147379586407902007615572209,26,560,553,0.009284,0.028111,0.028111,0.037395,0.962605
200,1031264165415914398404034296717937295434353057321618942293977,26,686,662,0.028374,0.029066,0.128331,0.156705,0.843295
200,942274183107708126744367799889859979943002828490182769563693,26,743,715,0.007863,0.041373,0.29356099999999996,0.30142399999999997,0.6985760000000001
200,1243256742262564810336975229173603901549307573958804818142771,26,585,568,0.040549,0.015939,0.029986,0.070535,0.929465
200,1332260463557925975266900697251791362056896106900938778652773,26,696,696,0.010119,0.010119,0.0,0.010119,0.989881
200,1534546510819566200886924830244913417667526810936895301477933,26,457,452,0.134545,0.009566,0.037587999999999996,0.17213299999999998,0.827867
200,1457315434423192483527568367362496447605043071246754450536801,26,567,567,0.078839,0.078839,0.0,0.078839,0.921161
200,1515478547137402687976907484166669091143375006869904371011019,26,580,580,0.054618,0.054618,0.0,0.054618,0.945382
200,1328401728722624823335450602027897002059084341229046226740677,26,501,500,0.009188,0.006802,0.006802,0.01599,0.98401
200,1069405338840333297089210313682851116995000495488370707114107,26,868,865,0.040232,0.008058,0.008058,0.04829,0.9517100000000001
200,1577668914616112972976239927299568044527242009386300299995513,26,993,993,0.06821,0.06821,0.0,0.06821,0.93179
200,924932144930952159695588929751342486737404577556159754527249,26,444,435,0.039858,0.042098,0.042098,0.081956,0.918044
200,1430455149298665257668430782969274466789353299446322896956953,26,484,475,0.008329,0.003959,0.015966,0.024295,0.975705
200,1471759896903796862187242593818058236014421372969552658348613,26,837,837,0.348566,0.348566,0.0,0.348566,0.6514340000000001
200,1024997524686414507856278528573582273997937245288256214142637,26,547,547,0.034349,0.034349,0.0,0.034349,0.965651
200,1269662956978065591146754145192337292773571460456699566030607,26,531,531,0.047674,0.047674,0.0,0.047674,0.952326
200,1251023694717248924976673861910298094342092199701445949798563,26,706,706,0.013873,0.013873,0.0,0.013873,0.986127
200,1165094867829338354631660035180329869977597764175158753523867,26,548,548,0.243249,0.243249,0.0,0.243249,0.756751
200,1245161625256545119714043746004026254459007086115269518670777,26,662,661,0.009492,0.038889,0.038889,0.048381,0.951619
