Bit_length,N,Lattice_dimension,|b_op - t|^2,|vbest - t|^2,P(b_op),P(vbest),P(|vnew - t|^2 < |b_op - t|^2),P(|vnew - t|^2 <= |b_op - t|^2),P(|vnew - t|^2 > |b_op - t|^2)
150,1268771206145175299492684899681878877410684841,21,728,728,0.060317,0.060317,0.0,0.060317,0.939683
150,1403762530472620237905076428332939916844331359,21,310,297,0.062991,0.082815,0.130358,0.193349,0.806651
150,918882917500502786903408324526441238854631741,21,407,397,0.031368,0.02962,0.02962,0.060988,0.939012
150,1044411862674117053622929515451672202864979129,21,397,397,0.053697,0.053697,0.0,0.053697,0.946303
150,1199592981228806239321120961178599459097610483,21,601,601,0.010061,0.010061,0.0,0.010061,0.989939
150,912632394066698132144971044037258218777602291,21,384,384,0.082204,0.082204,0.0,0.082204,0.9177960000000001
150,1033085278351720441874660444922199074374033881,21,454,454,0.02388,0.02388,0.0,0.02388,0.97612
150,1039667922595230805682141254323399644574814367,21,704,702,0.064239,0.157525,0.157525,0.22176400000000002,0.7782359999999999
150,1076261801716221769627743498540654753005411033,21,605,584,0.015628,0.020956,0.19564900000000002,0.21127700000000002,0.788723
150,868981675879730421007669707059890716656754209,21,391,391,0.051624,0.051624,0.0,0.051624,0.948376
150,1198940008513470371886998720870433706529677289,21,318,309,0.040863,0.069363,0.260785,0.30164799999999997,0.6983520000000001
150,1001065868810988745766471076060380006588792189,21,391,391,0.045653,0.045653,0.0,0.045653,0.9543470000000001
150,1018523197675518130041140861676478171959383813,21,315,315,0.239509,0.239509,0.0,0.239509,0.760491
150,999406335763551690568793874408994581594369181,21,305,305,0.181563,0.181563,0.0,0.181563,0.818437
150,1386649915270975663546803936212330370020386207,21,333,333,0.045385,0.045385,0.0,0.045385,0.954615
150,1252835724482748605844023934169349660374906087,21,379,379,0.1546,0.1546,0.0,0.1546,0.8454
150,1420753685420564064872708676390123998125705549,21,349,349,0.17719,0.17719,0.0,0.17719,0.82281
150,1076920912535396901213842625717381087368331181,21,417,417,0.049285,0.049285,0.0,0.049285,0.950715
150,1124397583306701037985991208303905429810161357,21,352,352,0.07873,0.07873,0.0,0.07873,0.92127
150,1130353955473240791783568532060655958732460941,21,408,408,0.100198,0.100198,0.0,0.100198,0.899802
151,2363319035074246419340419055739401443130238059,21,544,505,0.020713000000000002,0.008215,0.21978499999999998,0.240498,0.759502
151,2471201957583473321167345886570639941825218311,21,396,396,0.029541,0.029541,0.0,0.029541,0.970459
151,2315715608364087921901708175621836301416617007,21,292,292,0.036263,0.036263,0.0,0.036263,0.963737
151,2763171157217537386323259861099914830334818519,21,613,595,0.031627,0.022309,0.022309,0.053936,0.946064
151,1758775630326182635026447808028302358291781499,21,296,296,0.054091,0.054091,0.0,0.054091,0.945909
151,2188378164211148987192836592303698338909975503,21,332,318,0.059417,0.041897,0.041897,0.10131399999999999,0.898686
151,1829627983140478483810934234803641664206450619,21,355,355,0.065553,0.065553,0.0,0.065553,0.934447
151,1569735030968914361557174823910579735657956107,21,310,304,0.199611,0.104945,0.104945,0.304556,0.695444
151,2843239852874861508784440371081621911410347591,21,581,581,0.042298,0.042298,0.0,0.042298,0.957702
151,2624675574003230296718034974584383454961661761,21,577,577,0.027795,0.027795,0.0,0.027795,0.972205
151,1746328694271824837631752461766830788699201941,21,497,492,0.02078,0.02397,0.034856,0.055636,0.944364
151,2456234120258232727729365675070691784694223131,21,661,651,0.042006,0.036247,0.063025,0.105031,0.894969
151,2689914182894566195371701173819301836708498979,21,414,397,0.051601999999999995,0.016432,0.15821500000000002,0.20981700000000003,0.790183
151,2472879649799491864465871187917726124213054643,21,388,383,0.015211,0.016154,0.016154,0.031365000000000004,0.968635
151,2641928437820330089399895839369416426912654047,21,603,596,0.049772,0.052455,0.052455,0.102227,0.897773
151,2217024583566038902931835040749210710155293863,21,329,329,0.06507,0.06507,0.0,0.06507,0.93493
151,2795955547593262531562466415054318143278579719,21,418,393,0.015697,0.024744,0.172737,0.188434,0.811566
151,2754384674264655946791346511962590129499967297,21,527,527,0.019913,0.019913,0.0,0.019913,0.980087
151,1922698035563121141756137662031262831101446511,21,321,321,0.012648,0.012648,0.0,0.012648,0.987352
151,2578633082003778088940013102956628479805360761,21,526,526,0.045386,0.045386,0.0,0.045386,0.954614
152,3650146379785934850995660671580553841765454981,21,332,327,0.036063,0.077982,0.13877899999999999,0.174842,0.8251580000000001
152,4447694107941335768274189003948589146948883409,21,397,397,0.151369,0.151369,0.0,0.151369,0.848631
152,5304044781028480773455459789567804501864780699,21,391,379,0.080987,0.022804,0.022804,0.10379100000000001,0.896209
152,5225791236691602749703859113684043992716841463,21,404,404,0.116907,0.116907,0.0,0.116907,0.883093
152,5425403301002418901669361546561888615280596761,21,404,374,0.04767,0.025795,0.162372,0.21004199999999998,0.789958
152,5202335230032226630491022567996748864390119873,21,446,446,0.118049,0.118049,0.0,0.118049,0.881951
152,4003774395708740189647636396775460720094087057,21,338,333,0.019883,0.005865,0.005865,0.025748,0.974252
152,5276249290787396224699127825641594167433771223,21,372,372,0.098597,0.098597,0.0,0.098597,0.901403
152,4381176969443188923764265381058182084891594073,21,455,455,0.078734,0.078734,0.0,0.078734,0.921266
152,5541991812747053012003965966406093820220699999,21,301,301,0.31831,0.31831,0.0,0.31831,0.68169
152,5648300508047326241541247933495397085050508533,21,379,379,0.119321,0.119321,0.0,0.119321,0.880679
152,4837654055687374110886315087296888936559582543,21,331,291,0.077625,0.054496,0.23568999999999998,0.313315,0.686685
152,3169527753809835033737422227494034075208154897,21,365,365,0.017289,0.017289,0.0,0.017289,0.982711
152,4751384359859390003700613749548751936187354063,21,353,353,0.13874,0.13874,0.0,0.13874,0.86126
152,5115713692797196694227360148049458957592665221,21,314,307,0.057424,0.050095,0.215912,0.273336,0.726664
152,5377906651632174967507002058972880963848446937,21,461,451,0.035568,0.013065,0.013065,0.048633,0.951367
152,4794192939950703723191510856383251915586655239,21,375,375,0.144585,0.144585,0.0,0.144585,0.855415
152,4098436965705153817981088577951066512799793241,21,486,467,0.117689,0.195574,0.195574,0.313263,0.6867369999999999
152,4397317578261604652631366972202456990923173239,21,607,602,0.024293,0.016309,0.016309,0.040602,0.959398
152,5641409895201969238429625932613600677431973529,21,369,358,0.090038,0.098717,0.216676,0.30671400000000004,0.693286
153,7688734886215973313958737522072259896979469359,21,488,488,0.047404,0.047404,0.0,0.047404,0.952596
153,9965367899123149749669237053467022764500819709,21,364,340,0.007143,0.01743,0.05782600000000001,0.06496900000000001,0.935031
153,8648715940089396413954292296253489279668879831,21,364,355,0.085714,0.076686,0.11746900000000002,0.203183,0.796817
153,9992486217185404533285574560152593379868586411,21,312,303,0.093527,0.041177,0.041177,0.134704,0.8652960000000001
153,8752395201001776336645971436266201719253038903,21,273,273,0.051309,0.051309,0.0,0.051309,0.948691
153,10307828778112676279744687232183733883997747787,21,304,304,0.099067,0.099067,0.0,0.099067,0.900933
153,8927473020776419491333060829150295244420281503,21,499,462,0.036941,0.005913,0.19704400000000005,0.23398500000000005,0.7660149999999999
153,7853849523366438727173539795218496833560636149,21,509,489,0.072721,0.019838,0.17889,0.251611,0.748389
153,8674604146514496475964987674111780570888473743,21,283,283,0.058331,0.058331,0.0,0.058331,0.941669
153,8982522494550749295857332138146435777716539013,21,326,326,0.070614,0.070614,0.0,0.070614,0.929386
153,7465338556163117004724110416934405812498881597,21,443,443,0.110727,0.110727,0.0,0.110727,0.889273
153,9002256784614521734062834292945636253381789701,21,482,471,0.057914,0.045515,0.045515,0.103429,0.896571
153,9730043924092499024899737640031060516457357727,21,518,518,0.156396,0.156396,0.0,0.156396,0.843604
153,7772785559916630760629013439531712505833223283,21,335,335,0.13681,0.13681,0.0,0.13681,0.86319
153,6331403492532550906969515225158616949065412553,21,348,340,0.047927,0.044222,0.044222,0.092149,0.907851
153,9499729964075602707801866275682306216169333647,21,580,580,0.057419,0.057419,0.0,0.057419,0.942581
153,10623137933847890583214243354934109612727566337,21,398,398,0.055995,0.055995,0.0,0.055995,0.944005
153,8298489176359263229418112630907164868713161869,21,425,425,0.096687,0.096687,0.0,0.096687,0.903313
153,10423403876173039960502215978962041272294895987,21,351,351,0.04649,0.04649,0.0,0.04649,0.95351
153,11331438524408402513759859710883003140234689001,21,566,555,0.008965,0.030325,0.100611,0.109576,0.890424
154,20144352470088160067192230120293841747066127093,21,398,394,0.022214,0.010023,0.010023,0.032237,0.967763
154,13741129409913179912586613425642421907057677927,21,331,331,0.311805,0.311805,0.0,0.311805,0.688195
154,22555697926472858658256090868373281917048139777,21,484,480,0.015729,0.004656,0.034442,0.050171,0.949829
154,21622466558921334027105350728738281221011715713,21,470,470,0.061412999999999995,0.061412999999999995,0.0,0.061412999999999995,0.9385870000000001
154,22717282832414613486487854671615889194348202509,21,432,432,0.092963,0.092963,0.0,0.092963,0.907037
154,15553662272752172389304818266535674850670048197,21,324,324,0.030256,0.030256,0.0,0.030256,0.969744
154,16287234057599780494928529944429983938735953333,21,356,338,0.029999,0.010675,0.039976000000000005,0.06997500000000001,0.930025
154,20227306669577710217883266196429106847542507013,21,591,591,0.023847,0.023847,0.0,0.023847,0.976153
154,18361999857484992568400964915559137162309312233,21,359,359,0.030243,0.030243,0.0,0.030243,0.969757
154,17615067981495998635949724796624661825505231481,21,515,475,0.041097999999999996,0.037085,0.5097230000000001,0.5508210000000001,0.4491789999999999
154,16965780184675510815549338206501125311473383031,21,416,416,0.007076,0.007076,0.0,0.007076,0.992924
154,17145713058305669983102778787612006911670513347,21,475,452,0.122697,0.052169,0.052169,0.174866,0.825134
154,20285317985568063024579677341972941193428143231,21,300,300,0.136547,0.136547,0.0,0.136547,0.863453
154,19892574816341431255761561129070142233703448899,21,484,484,0.113845,0.113845,0.0,0.113845,0.886155
154,14482484907695104154754286426816369245597742123,21,429,429,0.048193,0.048193,0.0,0.048193,0.951807
154,21308599822779449843544699903616188167691769657,21,446,427,0.055097999999999994,0.039287,0.039287,0.094385,0.9056150000000001
154,19652552707990061015357354059734076466348869901,21,368,368,0.026596,0.026596,0.0,0.026596,0.973404
154,15836062588559999481222001755306755400249974411,21,351,348,0.08961,0.067518,0.067518,0.157128,0.8428720000000001
154,17640605793899812190237760431948486244893089589,21,390,390,0.025361,0.025361,0.0,0.025361,0.974639
154,13200322048523091361380223530828151918467232499,21,285,277,0.019238,0.01847,0.01847,0.037708000000000005,0.962292
155,31340595875958809044343360964929799034189512361,21,438,436,0.161167,0.048371,0.048371,0.209538,0.790462
155,33883679322606457824492978417378120332359598171,21,356,350,0.137618,0.029232,0.029232,0.16685,0.8331500000000001
155,38431961138800983210425437779183955699273663877,21,536,536,0.076022,0.076022,0.0,0.076022,0.923978
155,44842574992398006827792831817449122409176524571,21,385,377,0.011016,0.005647,0.012275000000000001,0.023291,0.976709
155,44479412022428483167051033854365771430317272061,21,544,544,0.017416,0.017416,0.0,0.017416,0.982584
155,39653904137769014668557378511260469269135182431,21,326,299,0.040234,0.039724,0.166714,0.206948,0.793052
155,36615548944643269126239193831815135044946113087,21,338,329,0.125659,0.110952,0.110952,0.236611,0.763389
155,35728624388846244763032748679732750007278619919,21,328,328,0.0456,0.0456,0.0,0.0456,0.9544
155,39471143362465673450737740007926815837598407923,21,455,439,0.032605,0.004717,0.048454,0.08105899999999999,0.918941
155,43620356160753924413764228467447052158522613007,21,452,431,0.055674,0.075528,0.075528,0.13120199999999999,0.868798
155,29666396188587728462615862057347321613786496027,21,547,545,0.062284,0.015163,0.015163,0.077447,0.922553
155,41677893527522320684434778067984642792936350873,21,527,494,0.017222,0.026792,0.13241799999999998,0.14964,0.85036
155,32675536969479286942701324674137910119680337459,21,332,332,0.203999,0.203999,0.0,0.203999,0.796001
155,44919866654372607559021538428305729263662282117,21,528,528,0.22548,0.22548,0.0,0.22548,0.77452
155,36452200589072916411983425394632165549777886227,21,468,468,0.086873,0.086873,0.0,0.086873,0.913127
155,33203524258924130270853246380045741567145994259,21,443,434,0.151499,0.064841,0.064841,0.21633999999999998,0.78366
155,36946503351030864812990481678628454987070959527,21,394,364,0.035134,0.02652,0.27329699999999996,0.30843099999999996,0.6915690000000001
155,44458044889519333576801527839740244268692202469,21,636,623,0.021224,0.021692,0.096321,0.11754500000000001,0.882455
155,36744155090184780124393526442075144163055399837,21,366,366,0.027729,0.027729,0.0,0.027729,0.972271
155,32611265262434541992311659835491097552848382807,21,277,277,0.03944,0.03944,0.0,0.03944,0.96056
156,58842411492108631901824870167723622565249820361,21,541,541,0.059211,0.059211,0.0,0.059211,0.940789
156,58647263901409677188415888297848821138605832667,21,353,338,0.043937,0.172289,0.172289,0.216226,0.783774
156,60691833191625566815713087621249445278906020923,21,443,443,0.06711,0.06711,0.0,0.06711,0.93289
156,83500911560012017920943706628836329963659227611,21,420,420,0.034381,0.034381,0.0,0.034381,0.965619
156,79699952235555146846014724188269022467857700953,21,458,450,0.022219,0.017932,0.017932,0.040151,0.959849
156,68617923715717279114730426060969764483412652871,21,562,562,0.064884,0.064884,0.0,0.064884,0.9351160000000001
156,70292815550175575334435593661308688973972707499,21,329,324,0.041442,0.094172,0.094172,0.135614,0.864386
156,88395906091853951743306426033388820009527178553,21,334,334,0.145384,0.145384,0.0,0.145384,0.854616
156,58490997193338963447736793476829606786651843411,21,361,361,0.053199,0.053199,0.0,0.053199,0.946801
156,88153376653160901709431525294744255033299399513,21,438,438,0.046983,0.046983,0.0,0.046983,0.953017
156,83749952449871415989936799658384575288153567857,21,493,493,0.072327,0.072327,0.0,0.072327,0.927673
156,63215896343305696798861673825073441341593157323,21,286,286,0.02156,0.02156,0.0,0.02156,0.97844
156,68367618624389291832609274122568807692737410747,21,344,344,0.026449,0.026449,0.0,0.026449,0.973551
156,85976042848566498516350067546598036064176697617,21,456,454,0.0194,0.024832,0.024832,0.044232,0.955768
156,77050956204250174763972617362140681574229342091,21,728,728,0.118759,0.118759,0.0,0.118759,0.8812409999999999
156,67397778703558464646892241700035691887301648579,21,550,550,0.053744,0.053744,0.0,0.053744,0.946256
156,82158015067987949738815070788850184671973579587,21,403,403,0.060046,0.060046,0.0,0.060046,0.939954
156,55015423047501982644190563451191716439122432951,21,383,382,0.014733,0.012402,0.012402,0.027135,0.972865
156,85336908532608541436048263259686225667526362047,21,607,607,0.083426,0.083426,0.0,0.083426,0.916574
156,56731211956952175175952662358019177731725234237,21,380,380,0.02327,0.02327,0.0,0.02327,0.97673
157,120282166308024689728299980121863747670916310267,21,434,434,0.050458,0.050458,0.0,0.050458,0.949542
157,120820017068622794622130921127946349513431310843,21,531,507,0.021725,0.047614000000000004,0.17000700000000002,0.191732,0.808268
157,160354239376266933764514100701359388571858132879,22,426,426,0.068147,0.068147,0.0,0.068147,0.931853
157,178540342865713130388740603822271194677254392441,22,404,400,0.031508,0.01838,0.01838,0.049888,0.950112
157,133758242352280888913921190835052846329897153133,21,484,475,0.028114,0.03741,0.03741,0.065524,0.934476
157,119751792167523699090520105500834166573709024723,21,351,351,0.17581,0.17581,0.0,0.17581,0.82419
157,142866301722166299614859219990227501097218329553,21,429,420,0.021603,0.011325,0.037627999999999995,0.05923099999999999,0.940769
157,159460056477105651797755450704992108220297439993,22,353,353,0.062678,0.062678,0.0,0.062678,0.937322
157,129765827297228317584448178357227745213663923673,21,452,443,0.01905,0.023073,0.045227,0.064277,0.935723
157,153041151061952724068377978141007513960278537129,21,515,504,0.070546,0.082597,0.116618,0.187164,0.812836
157,112556148137934308610401610728139436816885032007,21,331,331,0.077894,0.077894,0.0,0.077894,0.922106
157,155016348949192392834761783400231900623445364769,21,555,520,0.019877,0.043503,0.3132690000000001,0.33314600000000005,0.666854
157,165332485530732496445379876290371501984439220227,22,392,392,0.018797,0.018797,0.0,0.018797,0.981203
157,173008319555191101708826910175525434497734262397,22,287,287,0.018499,0.018499,0.0,0.018499,0.981501
157,143078279358113528954735774091416278002769110083,21,576,544,0.010824,0.014258,0.087613,0.098437,0.901563
157,139537309577365933739952691194841985292959417899,21,283,283,0.04983,0.04983,0.0,0.04983,0.95017
157,150381007425703993922643997626233047809831195563,21,319,304,0.056338,0.023214,0.074528,0.13086599999999998,0.8691340000000001
157,125414534553540336555987249708054473022979850233,21,352,352,0.119609,0.119609,0.0,0.119609,0.880391
157,100495160702135079890032717344114075262462068991,21,344,344,0.21704099999999998,0.21704099999999998,0.0,0.21704099999999998,0.782959
157,126081296153973360472994917714723398699218116441,21,780,772,0.01973,0.012556,0.050377,0.070107,0.929893
158,244084876567438940415979589793753210761831799169,22,393,390,0.101857,0.081391,0.081391,0.18324800000000002,0.8167519999999999
158,311889364802148711770367329783808121108240984963,22,427,425,0.067996,0.028961,0.028961,0.096957,0.903043
158,315552892616518612169009766705743992617805242163,22,292,292,0.220001,0.220001,0.0,0.220001,0.779999
158,364568451629159625851465545891850771901219214163,22,374,371,0.097175,0.058484,0.058484,0.155659,0.844341
158,213880798395599609631736184456759089379285659049,22,435,435,0.024743,0.024743,0.0,0.024743,0.975257
158,364596676892949119436289041863521153445811753029,22,520,520,0.039877,0.039877,0.0,0.039877,0.960123
158,215840103126036545942721515629965329944602697057,22,572,561,0.020612,0.023601,0.101934,0.12254599999999999,0.877454
158,259043540185824666457272444893607678141566205487,22,346,346,0.051642,0.051642,0.0,0.051642,0.948358
158,311426830077414386887481553693471517445014703609,22,373,367,0.038921,0.018932,0.07533500000000001,0.11425600000000001,0.885744
158,220678872755010770809359894948879428023872635453,22,355,352,0.037488,0.032636,0.032636,0.07012399999999999,0.929876
158,324273864736092445034262802970079797120470198979,22,439,439,0.101429,0.101429,0.0,0.101429,0.898571
158,335973439137660892963362517099047189556286786761,22,323,323,0.03949,0.03949,0.0,0.03949,0.96051
158,282449349227109527988465852865060163003324312407,22,324,324,0.128457,0.128457,0.0,0.128457,0.871543
158,208746167169143822300193643710778500356712398063,22,467,462,0.040912,0.014294,0.027232,0.068144,0.931856
158,334111037801880478290657958251924991420673909189,22,488,488,0.044398,0.044398,0.0,0.044398,0.955602
158,278758463930102758470340608089823158233270489379,22,355,319,0.066043,0.031272,0.161989,0.228032,0.771968
158,334359694784871699894821359716571301393005547539,22,411,399,0.12014,0.03283,0.08843799999999999,0.20857799999999999,0.7914220000000001
158,266330340319030988935371369155445034828168547083,22,372,372,0.017186,0.017186,0.0,0.017186,0.982814
158,304296786548695733429639288499877719781617137947,22,580,580,0.143697,0.143697,0.0,0.143697,0.856303
158,363187749995613157299748064319278147359621272623,22,662,662,0.030787,0.030787,0.0,0.030787,0.969213
159,686564447258462630098219799118347627120122126259,22,495,495,0.032987,0.032987,0.0,0.032987,0.967013
159,589551271893462661314759463097397605089591304053,22,483,483,0.058433,0.058433,0.0,0.058433,0.941567
159,631182522272441179585206326884145264567358144641,22,318,300,0.050438,0.075357,0.14114300000000002,0.191581,0.808419
159,436106084503182412560423534629337392438805726397,22,508,508,0.024552,0.024552,0.0,0.024552,0.975448
159,614365874960561724255698902936314085451009978123,22,438,426,0.055533,0.030182,0.118151,0.173684,0.826316
159,652808814800014009591626662453549818193223047839,22,675,675,0.072779,0.072779,0.0,0.072779,0.927221
159,431497693573687811342235449780503037093880478249,22,422,422,0.071122,0.071122,0.0,0.071122,0.928878
159,641417960009003073536715539762385574694132608057,22,318,318,0.026123,0.026123,0.0,0.026123,0.973877
159,556755493522333610334550996104356886728067513937,22,446,446,0.083981,0.083981,0.0,0.083981,0.916019
159,518738300042543123329242792010704876266634471203,22,531,512,0.029524,0.052543,0.052543,0.082067,0.917933
159,622775601463755434010798895296308923399679148479,22,370,367,0.01551,0.007526,0.031683,0.047193,0.952807
159,721092743353983610239239300767561842232656810121,22,371,371,0.0825,0.0825,0.0,0.0825,0.9175
159,725700541872878647978311987906512435448724917323,22,360,344,0.057595,0.021341,0.25506900000000005,0.31266400000000005,0.687336
159,680792306276738068787445684933623704836521586517,22,402,402,0.04969,0.04969,0.0,0.04969,0.95031
159,609838293034917899422422535971964737888944079431,22,564,554,0.020113,0.033936,0.10136400000000001,0.121477,0.8785229999999999
159,500003566005968344293642166685142120533963613397,22,375,366,0.037059,0.074869,0.266238,0.303297,0.6967030000000001
159,672585552363075626030436013518741587083784197091,22,956,956,0.036619,0.036619,0.0,0.036619,0.963381
159,667853203575891446356676483576275288677930218477,22,369,369,0.030156,0.030156,0.0,0.030156,0.969844
159,452729177399062213984412625994093209513957053659,22,491,490,0.013789,0.023187,0.023187,0.036975999999999995,0.963024
159,718517666115847144224280227758502807408113808437,22,604,595,0.021121,0.016979,0.016979,0.0381,0.9619
160,1115913240165002032294944939882858364194015937199,22,356,337,0.019467,0.027845,0.09793000000000002,0.11739700000000002,0.882603
160,1440912770676709848638629792376134253525608074541,22,628,626,0.02053,0.039333,0.039333,0.059863,0.940137
160,933815358984064483011197510331330335221655664157,22,410,404,0.087004,0.047529,0.13506400000000002,0.22206800000000002,0.777932
160,969243323728712475535486623630623651719920512731,22,368,368,0.323366,0.323366,0.0,0.323366,0.676634
160,1076466504888089627494905309713319219664710433643,22,374,373,0.108657,0.113854,0.113854,0.22251100000000001,0.777489
160,1421116437931458286969196379690998986504855152749,22,564,553,0.022514,0.01805,0.053661,0.07617499999999999,0.923825
160,1172553592352544090305146581654443943982800468347,22,384,384,0.088621,0.088621,0.0,0.088621,0.9113789999999999
160,909793617870750937141425081136809004936031725807,22,846,837,0.043148,0.036616,0.05495,0.09809799999999999,0.901902
160,1057437110620229076506102833609193814696668318251,22,409,408,0.096068,0.030941,0.030941,0.127009,0.872991
160,1272489506939449407441353102540516266393948251787,22,392,392,0.03316,0.03316,0.0,0.03316,0.96684
160,1080313044916089688695708805273339794814591207951,22,334,334,0.048317,0.048317,0.0,0.048317,0.9516830000000001
160,1149353867679185877473020663684612261737991945873,22,322,316,0.044683,0.0487,0.0487,0.093383,0.906617
160,983949157142389589790721652739207946878875195771,22,355,349,0.060147,0.058352,0.058352,0.118499,0.881501
160,1361143599389480694086689546211220334021828686817,22,405,405,0.135754,0.135754,0.0,0.135754,0.864246
160,1021091838147883904869937336936298707335596006313,22,467,448,0.052469,0.015261,0.22540100000000002,0.27787,0.7221299999999999
160,1294988162211010208686476509915675738782236322669,22,401,401,0.165523,0.165523,0.0,0.165523,0.834477
160,1122941529731570548110403398235866601161586536011,22,350,350,0.092007,0.092007,0.0,0.092007,0.907993
160,1432805530443255062195929071604085524855630107221,22,361,361,0.052241,0.052241,0.0,0.052241,0.947759
160,1153032896620140114746318270771321999716861546507,22,437,437,0.092473,0.092473,0.0,0.092473,0.907527
160,964310714558373662737593657033125267637818078167,22,374,361,0.025361,0.049438,0.08693100000000001,0.112292,0.8877079999999999
161,2549342994142969438502207735324263431486603124709,22,349,349,0.052039,0.052039,0.0,0.052039,0.947961
161,2681100216348215889829625802961254331665674276717,22,434,433,0.02069,0.004555,0.004555,0.025245,0.974755
161,2880298692764464678292391755309173496702002183049,22,454,454,0.024571,0.024571,0.0,0.024571,0.975429
161,1772591985057680454231176923477927954936575167497,22,298,298,0.179292,0.179292,0.0,0.179292,0.820708
161,2083705746610030102470078930728254734269258767559,22,405,405,0.098097,0.098097,0.0,0.098097,0.901903
161,2592051223899969308896255211589583595849607840917,22,531,522,0.029493,0.027698,0.096253,0.125746,0.874254
161,1964444950659050423101133436896095725128026615861,22,320,320,0.024267,0.024267,0.0,0.024267,0.975733
161,2664894503748551145754658751022334263049302504109,22,410,396,0.043392,0.053561,0.069197,0.112589,0.887411
161,2890667027374661591725712210164725411830649644971,22,453,453,0.0525,0.0525,0.0,0.0525,0.9475
161,2315237919643127678001317504649602348775135239989,22,419,419,0.083051,0.083051,0.0,0.083051,0.916949
161,2263615665739021443959839330064499024174205984757,22,355,353,0.166004,0.083677,0.083677,0.24968100000000001,0.750319
161,2715737041694779962072587570440702427479596688267,22,412,399,0.026661,0.047398,0.079294,0.10595500000000001,0.894045
161,2242913431855633380375884470582819076336280851693,22,563,563,0.026086,0.026086,0.0,0.026086,0.973914
161,2196055705110050413211594819707917380387387874647,22,478,478,0.061662,0.061662,0.0,0.061662,0.938338
161,2386559963764208317133465196705396071874399113177,22,454,454,0.050447,0.050447,0.0,0.050447,0.949553
161,2496018222066887071360307538619052262154796275933,22,460,451,0.027129,0.061969,0.061969,0.08909800000000001,0.910902
161,2643999513168057204584957107582487653622472397817,22,473,473,0.018486,0.018486,0.0,0.018486,0.981514
161,2635743115320503461112643487699959884803825828717,22,412,412,0.09944499999999999,0.09944499999999999,0.0,0.09944499999999999,0.900555
161,2825605982926347409937517778879057613012900909681,22,434,433,0.006717,0.006518,0.006518,0.013235,0.986765
161,1945681273593238791686785823639092496168175333883,22,455,455,0.038399,0.038399,0.0,0.038399,0.961601
162,5142726192263316119305765044724202366191059020131,22,431,431,0.069856,0.069856,0.0,0.069856,0.930144
162,4356714020119985091707387224305757015484033268083,22,354,354,0.144176,0.144176,0.0,0.144176,0.855824
162,5760088733269586802798761031015562375783053998981,22,411,399,0.140357,0.07591,0.07591,0.21626700000000001,0.783733
162,5126536210830929842911126218863559555593079772241,22,462,449,0.020978,0.011353,0.017824,0.038802,0.961198
162,4355984306317180250941284630714493550289288293197,22,529,529,0.066989,0.066989,0.0,0.066989,0.933011
162,5372238624316637074604877264416233805336449398107,22,393,381,0.021317,0.023295,0.081102,0.102419,0.897581
162,3370953511586955617438834489704567964510236112387,22,366,348,0.029475,0.085895,0.160049,0.189524,0.810476
162,5654048134438701321190467092520015125597334765619,22,929,919,0.013894,0.011235,0.015739,0.029633,0.970367
162,5347560175544712010315634817224870510859508906709,22,426,426,0.117193,0.117193,0.0,0.117193,0.882807
162,5736419416140119735836049169364015628764346059723,22,814,797,0.012902,0.010774,0.048523,0.061424999999999993,0.938575
162,4650109252981784028797300655435682334415722439709,22,507,504,0.05689,0.016687,0.016687,0.073577,0.926423
162,4851575313540019468754262146798472592699356416503,22,445,445,0.041415,0.041415,0.0,0.041415,0.958585
162,4620052361353557581946034404083231874642184874639,22,470,462,0.172762,0.026562,0.026562,0.199324,0.8006759999999999
162,5522800988337253824728791418632480547260333713827,22,417,417,0.10554,0.10554,0.0,0.10554,0.89446
162,5499586014822265836968576304450001678297022377393,22,658,658,0.031346,0.031346,0.0,0.031346,0.968654
162,3564133393297332356275713734544213713680389996917,22,385,385,0.032572,0.032572,0.0,0.032572,0.967428
162,5515322111725050184603784308918954761722437406837,22,422,413,0.047103,0.01294,0.01294,0.060043,0.939957
162,4485461183490214672847356727639397071039303926699,22,390,390,0.051593,0.051593,0.0,0.051593,0.948407
162,5195480640606091839263058107075820094394110075261,22,379,374,0.049077,0.033986,0.033986,0.083063,0.916937
162,5741107958946558148650160180297387601202820663099,22,469,469,0.089276,0.089276,0.0,0.089276,0.910724
163,9747578468936317254902406784741698921811080904511,22,423,408,0.08161,0.033649,0.13101000000000002,0.21262000000000003,0.78738
163,10111701947436338618707597112719816959644907307921,22,494,494,0.083381,0.083381,0.0,0.083381,0.916619
163,9500974977324321481710304769960767745184067228853,22,389,383,0.039326,0.047632,0.047632,0.08695800000000001,0.913042
163,10923265258610933252939304751090963667320491815059,22,370,370,0.062643,0.062643,0.0,0.062643,0.937357
163,6277296598420519157375291811600475171257085054819,22,328,328,0.079502,0.079502,0.0,0.079502,0.920498
163,9231618602773719751425117097585869209969078112883,22,456,449,0.052382,0.049598,0.08051,0.132892,0.867108
163,10035352768951452538707551978057565508665635317309,22,472,465,0.024087,0.053196,0.053196,0.077283,0.922717
163,7654209071367977951897371689264431599631570961337,22,337,337,0.036155,0.036155,0.0,0.036155,0.963845
163,10824194889247063645916265364865318315163275587691,22,393,363,0.034062,0.049044,0.069534,0.103596,0.896404
163,7007067855178084077334907729020251703138388423407,22,588,588,0.050515,0.050515,0.0,0.050515,0.949485
163,11563629162960767561469993435982566900206290797341,22,339,339,0.174817,0.174817,0.0,0.174817,0.825183
163,10432647582007091942814866236806348920448169897081,22,412,409,0.045612,0.050885,0.182425,0.228037,0.771963
163,11013321740409425001654829975108773198879722323169,22,486,486,0.092532,0.092532,0.0,0.092532,0.9074679999999999
163,11388208541060705561819087229232095358667380786273,22,566,566,0.108713,0.108713,0.0,0.108713,0.8912869999999999
163,11103735522688372546281614770298463681690271542443,22,512,512,0.101938,0.101938,0.0,0.101938,0.898062
163,8215686036974456744106483973928387713743004968589,22,459,449,0.078739,0.025885,0.025885,0.104624,0.895376
163,10366420373188722818237768081269384282174284586279,22,524,518,0.024596,0.043588,0.043588,0.068184,0.931816
163,9887493049291697627584648336712714992824228820507,22,384,384,0.095177,0.095177,0.0,0.095177,0.904823
163,11291772697596805962306082330181863662191216703401,22,705,685,0.010275,0.005711,0.04259,0.052865,0.947135
163,8629299483287912574962165393081179705241759373329,22,539,539,0.126784,0.126784,0.0,0.126784,0.873216
164,20210344270042780228524473590981781384374263250651,22,712,674,0.008219,0.005934,0.101205,0.10942400000000001,0.890576
164,17385754946083473907588211247263282920082635440931,22,449,449,0.044504,0.044504,0.0,0.044504,0.955496
164,15065200337324516365624234372840728893791849883677,22,549,549,0.054609,0.054609,0.0,0.054609,0.945391
164,20001274208685757373389824972298109151192644683421,22,467,444,0.034149,0.052871,0.14754499999999998,0.18169399999999997,0.818306
164,23206373050027225840725924288883018652907266761573,22,416,416,0.032676,0.032676,0.0,0.032676,0.967324
164,22025345891505684794425190360346292788092251835117,22,343,343,0.099438,0.099438,0.0,0.099438,0.900562
164,17433500709489283073258616221836367960841092957683,22,417,417,0.087055,0.087055,0.0,0.087055,0.912945
164,20619243792726008996626054260855579390889646661671,22,519,514,0.037630000000000004,0.012133,0.056865,0.094495,0.905505
164,17851954102483708548111820947964979316071559518321,22,520,506,0.017207,0.025075,0.095557,0.112764,0.887236
164,15520227091786292775179646082304899324457570987803,22,414,414,0.088408,0.088408,0.0,0.088408,0.911592
164,21025509716353739955780362583473341923163070100707,22,511,508,0.070013,0.040278,0.040278,0.110291,0.889709
164,14498146431977835998639783360838649091026316741701,22,513,513,0.046335,0.046335,0.0,0.046335,0.953665
164,19111791960401045569879778943278968002523890458231,22,326,326,0.025205,0.025205,0.0,0.025205,0.974795
164,16530301572124410378960034538876085010836459672467,22,349,349,0.016976,0.016976,0.0,0.016976,0.983024
164,18221873864190480631751119997397311265906143427919,22,640,640,0.082194,0.082194,0.0,0.082194,0.917806
164,19509002958117864345830026901941875949728480482351,22,679,679,0.034145,0.034145,0.0,0.034145,0.965855
164,22672286378997470934496964350911104497412505665789,22,422,422,0.04844,0.04844,0.0,0.04844,0.95156
164,23046477364042922130498611236049763734841923672321,22,584,571,0.011492,0.017374,0.198874,0.210366,0.789634
164,17549286263321631100185248104947257910955608889553,22,373,373,0.15807,0.15807,0.0,0.15807,0.8419300000000001
164,21059636316678691840527110401614339175235554714931,22,480,480,0.082674,0.082674,0.0,0.082674,0.917326
165,41832933592112304400801943026671467969363831087923,22,360,360,0.023125,0.023125,0.0,0.023125,0.976875
165,35682862411294951100561921127821057964487467339443,22,420,408,0.142287,0.201834,0.201834,0.344121,0.655879
165,42835312913720678185448545784074783359123970744159,22,383,383,0.128742,0.128742,0.0,0.128742,0.871258
165,40881659780738625128558353749592964839279265435171,22,366,364,0.029927,0.04636,0.04636,0.076287,0.923713
165,45322494471102900510547891895971824081862698563281,22,360,343,0.019408,0.009061,0.034339999999999996,0.053748,0.946252
165,45929128788840959205376511336193947297685265640951,22,950,946,0.019476,0.006058,0.006058,0.025534,0.974466
165,44489998373490387700600426834275888436763809873019,22,807,807,0.015359,0.015359,0.0,0.015359,0.984641
165,35790092378947652923809024031202004014344249255817,22,484,473,0.054913,0.017057,0.017057,0.07196999999999999,0.92803
165,45161106773899709982331683988937842529673051859151,22,517,517,0.049118,0.049118,0.0,0.049118,0.950882
165,41611075822328138418773040753161992670148754649183,22,427,427,0.022067,0.022067,0.0,0.022067,0.977933
165,43893688025396579244143003549941949711112694897597,22,595,595,0.040988,0.040988,0.0,0.040988,0.959012
165,38949108443317524477011125919734633057707138102373,22,460,460,0.018608,0.018608,0.0,0.018608,0.981392
165,44506757530726502698455041633661918108484228681201,22,606,587,0.023198,0.014602,0.071795,0.094993,0.905007
165,45700176760813962794447132804379570073089321130619,22,452,450,0.061742,0.013202,0.024534,0.08627599999999999,0.913724
165,36717319074712975178793976563482551630954666600147,22,518,518,0.042738,0.042738,0.0,0.042738,0.9572620000000001
165,40081717737177734357477768258828819203380673838299,22,467,467,0.033001,0.033001,0.0,0.033001,0.9669989999999999
165,42668271582757088828333733690941986896240697265291,22,344,344,0.273056,0.273056,0.0,0.273056,0.726944
165,42066162699265700510000155471171171993026790897181,22,335,335,0.078157,0.078157,0.0,0.078157,0.921843
165,43079437256800894081452117481597778557867932256481,22,761,721,0.027153,0.023673,0.13385899999999998,0.161012,0.8389880000000001
165,39639751732104952918265482468837059446746603506727,22,455,455,0.026269,0.026269,0.0,0.026269,0.973731
166,64455071458380183185819126791305562795840205337607,22,556,556,0.010613,0.010613,0.0,0.010613,0.989387
166,90075771203582122330247262323941154266135655067703,23,584,577,0.087505,0.038252,0.038252,0.125757,0.874243
166,72228823129784081606691745887439926673012583025583,22,602,602,0.084507,0.084507,0.0,0.084507,0.915493
166,69837432774442923128016482628855170461287372899371,22,459,431,0.046543,0.04711,0.238728,0.285271,0.714729
166,89244922194937743144971782767253188914316795885797,23,520,502,0.035418,0.036233,0.036233,0.07165099999999999,0.928349
166,88746453267789363020668583643470490537450658613921,23,430,428,0.049676,0.037786,0.037786,0.087462,0.912538
166,88713786474705850221237608801094392192327303798911,23,433,409,0.017946,0.008375,0.058033,0.075979,0.924021
166,87557406481398096612837568774546924908523956472679,22,501,501,0.127157,0.127157,0.0,0.127157,0.872843
166,83804917377281198336877975468864158449629337119497,22,429,429,0.095608,0.095608,0.0,0.095608,0.904392
166,81569638913156092214718111347132660641468885512997,22,374,374,0.078422,0.078422,0.0,0.078422,0.921578
166,52608719657148563796512530136536674250280158137673,22,587,587,0.109544,0.109544,0.0,0.109544,0.890456
166,89221264190598117801701321295581964396857406691793,23,360,360,0.186852,0.186852,0.0,0.186852,0.813148
166,91421352408629645983856436933886907626516790327531,23,444,439,0.026709000000000004,0.112739,0.180903,0.20761200000000002,0.792388
166,92354408607697290294087669975129842220424154225839,23,359,359,0.017073,0.017073,0.0,0.017073,0.982927
166,90307244958886521065070588400571519599452170426827,23,440,433,0.132519,0.033616,0.033616,0.166135,0.833865
166,61951676507642868191945772939153670793162317140439,22,659,659,0.030594,0.030594,0.0,0.030594,0.969406
166,57096092534835312898852423687190032724229132615371,22,402,402,0.025345,0.025345,0.0,0.025345,0.974655
166,77734094079183033282661848210260105535011878058221,22,443,426,0.060914,0.203417,0.25687499999999996,0.317789,0.682211
166,61439716290799937763975920406477923341938046630307,22,538,533,0.136457,0.013202,0.013202,0.149659,0.850341
166,92944946903546196014112302841886638418369209076507,23,333,312,0.033075,0.072712,0.140783,0.17385799999999998,0.826142
167,185191770581306272864194984747884925328034141094049,23,360,355,0.015624,0.009858,0.009858,0.025482,0.974518
167,150753299534321728385042450116986328932503586710791,23,402,402,0.08813,0.08813,0.0,0.08813,0.91187
167,122185038003700368219528064449236784866763422689417,23,384,384,0.009441,0.009441,0.0,0.009441,0.990559
167,178235118269758334366445181520116909697869973267843,23,418,418,0.021276,0.021276,0.0,0.021276,0.978724
167,125101284926137051500851455837556179024574472599693,23,403,399,0.026069,0.024402,0.07346,0.09952899999999999,0.900471
167,183608279157579728300471834586610846132033916363009,23,435,435,0.110668,0.110668,0.0,0.110668,0.889332
167,123823837425211259366602079641341299640350463304427,23,487,460,0.018655,0.00733,0.10088200000000001,0.11953700000000002,0.880463
167,182738591737141364288038096817725089299414242881199,23,372,363,0.0194,0.015355,0.072032,0.091432,0.908568
167,144881986800772159131971678194070421363231610326503,23,488,488,0.122146,0.122146,0.0,0.122146,0.877854
167,169113029671003783909165383403390189332006078766403,23,756,756,0.068089,0.068089,0.0,0.068089,0.931911
167,180203454172404433999728807424822530543427009853893,23,618,613,0.048565,0.023085,0.043218000000000006,0.091783,0.908217
167,176740473075257510677017027826065071164478066806109,23,329,329,0.038479,0.038479,0.0,0.038479,0.961521
167,154708744984764752253150630606148953411120836248223,23,517,515,0.02851,0.037599,0.037599,0.066109,0.933891
167,185822038963156756154989463606402264231845142986571,23,499,499,0.015971,0.015971,0.0,0.015971,0.984029
167,164713641976176077509064527913611509808492198546303,23,429,429,0.027148,0.027148,0.0,0.027148,0.972852
167,174143473517067658771245663523001506669684229251583,23,294,294,0.074108,0.074108,0.0,0.074108,0.925892
167,134875484299471317108685835177615212803568324951771,23,325,325,0.062392,0.062392,0.0,0.062392,0.937608
167,182071589557326943011646537770784052720010679622671,23,457,457,0.080745,0.080745,0.0,0.080745,0.919255
167,107723548795615044892707554332906198918982581905521,23,416,416,0.022886,0.022886,0.0,0.022886,0.977114
167,110235062257219473750266489148464622602430677309023,23,469,461,0.051449,0.017062,0.043318999999999996,0.09476799999999999,0.905232
168,355867559027045347481742474164268313169270448267103,23,532,532,0.016638,0.016638,0.0,0.016638,0.983362
168,354354498343882825539049178202420048518235057099511,23,382,380,0.077779,0.024901,0.024901,0.10268,0.89732
168,297316862371625606791660530918145246188551598375827,23,462,462,0.049119,0.049119,0.0,0.049119,0.950881
168,251334070780906996792106667358010626199124871015193,23,382,382,0.062637,0.062637,0.0,0.062637,0.937363
168,266089629335928959939990984219310389073099671366189,23,377,377,0.068657,0.068657,0.0,0.068657,0.931343
168,297312478520764466042800805099268401234237086618769,23,498,498,0.025854,0.025854,0.0,0.025854,0.974146
168,252694597694857518298868919901861055603851696256479,23,402,402,0.019873,0.019873,0.0,0.019873,0.980127
168,286391540226265125508001191752822610514127971418977,23,445,445,0.058157,0.058157,0.0,0.058157,0.941843
168,318688943619592236326261968753666579542852488008771,23,516,512,0.06655,0.032834,0.032834,0.099384,0.900616
168,348197322658922333549563681800422289216265150015297,23,516,495,0.028797,0.019713,0.09850699999999998,0.12730399999999997,0.872696
168,368542669960002587168410129566818072485889583789247,23,477,477,0.051234,0.051234,0.0,0.051234,0.948766
168,268548911990920458790785330758705695531710970965877,23,384,384,0.050928,0.050928,0.0,0.050928,0.949072
168,331941207943771650157715950616862772785852585230449,23,394,379,0.050652,0.058118,0.19154899999999997,0.24220099999999997,0.757799
168,323877960143720182139921715509016936864755738538083,23,395,395,0.010219,0.010219,0.0,0.010219,0.989781
168,363122401231538903702884958200573978698665726858941,23,428,425,0.122963,0.030914,0.030914,0.153877,0.846123
168,308228420728279829232936597270463065825898054642939,23,374,374,0.137881,0.137881,0.0,0.137881,0.862119
168,283116060916231999061737214282503740357534622019947,23,391,391,0.06534999999999999,0.06534999999999999,0.0,0.06534999999999999,0.93465
168,281428688528495768940994883006958194198779974610219,23,509,508,0.05545,0.04283,0.04283,0.09828,0.90172
168,326678933726286291994787934645555743351568375175913,23,420,411,0.085361,0.09508,0.09508,0.18044100000000002,0.8195589999999999
168,242229774464479250019542042945875041752252033094853,23,806,785,0.0037940000000000005,0.010889,0.06917099999999998,0.07296499999999999,0.927035
169,549419723295960540447780008307906211005792776812829,23,484,484,0.031213,0.031213,0.0,0.031213,0.968787
169,664865469281161842324657652489314073194401709162263,23,616,616,0.042155,0.042155,0.0,0.042155,0.9578450000000001
169,526275837673483487444634125901789672050479746789367,23,459,452,0.009996,0.029423,0.046699000000000004,0.056695,0.943305
169,677970966743848576239473283142953742552801707940111,23,437,437,0.039103,0.039103,0.0,0.039103,0.960897
169,657821691628060301322956147101670288895728662024039,23,429,429,0.132055,0.132055,0.0,0.132055,0.867945
169,715264587022453456200004920592343027582234072699119,23,727,686,0.007038,0.017828,0.252763,0.259801,0.740199
169,564263055842251392661877742982498545034787789672701,23,391,385,0.023721,0.031941,0.07689099999999999,0.10061199999999998,0.8993880000000001
169,709752893570015397017697204082578787464541589122757,23,360,360,0.028499,0.028499,0.0,0.028499,0.971501
169,655017367008869539322579634764112530246507710350587,23,422,422,0.138482,0.138482,0.0,0.138482,0.861518
169,657292182528951725976013293116638919927942739731969,23,405,371,0.019950000000000002,0.011815,0.167286,0.18723599999999999,0.812764
169,723786901355715251133499133823457447564442130316753,23,894,894,0.036196,0.036196,0.0,0.036196,0.963804
169,523829125978495822418790946811975528394043957096661,23,390,390,0.158187,0.158187,0.0,0.158187,0.841813
169,541477377066573582590059723667831900889584456117101,23,343,343,0.153848,0.153848,0.0,0.153848,0.846152
169,695788992079943252596035093883032289031003550676639,23,463,463,0.022961,0.022961,0.0,0.022961,0.977039
169,694333695686916638920533025197721880230919832136049,23,363,363,0.067834,0.067834,0.0,0.067834,0.932166
169,485822670269234256517166328139449043912746690035101,23,401,394,0.026045,0.029415,0.056625,0.08267,0.91733
169,621048212309618498722906441939308335619301463127923,23,452,452,0.040204,0.040204,0.0,0.040204,0.959796
169,471378305746743164537629288149409115192944188760511,23,410,401,0.021066,0.027277,0.040684,0.06175,0.93825
169,679166054805478107698598400374518496104565906945673,23,338,338,0.103804,0.103804,0.0,0.103804,0.896196
169,478874915531854708795103201026072431746838752011189,23,478,470,0.044671,0.020317,0.049921,0.09459200000000001,0.905408
170,1289318240951187150423696809121408247188110724374959,23,383,383,0.0964,0.0964,0.0,0.0964,0.9036
170,1317598680651458934736004969973115054629720267802427,23,412,411,0.079089,0.075791,0.075791,0.15488000000000002,0.84512
170,1387016971391792365767686427962070113773978808021599,23,435,427,0.01187,0.021877,0.039944,0.051814,0.948186
170,1301605848278604502292287990083848668281772339668443,23,529,525,0.006717,0.011099,0.020779,0.027496,0.972504
170,1454027346176602205583289937091731344133146246553801,23,577,558,0.147896,0.054811,0.175767,0.32366300000000003,0.676337
170,967653528079116878085780463103240904324567568232963,23,531,531,0.070703,0.070703,0.0,0.070703,0.929297
170,1261056843454978621289453730316681785701648409889253,23,488,487,0.040029,0.0471,0.0471,0.08712900000000001,0.912871
170,837639897222655440981696060794566569158254246200341,23,432,432,0.00459,0.00459,0.0,0.00459,0.99541
170,1380352939133440466587651274847015029204065064236727,23,661,661,0.106194,0.106194,0.0,0.106194,0.893806
170,1470202321847100083182546960194231350823305902723733,23,488,488,0.09525900000000001,0.09525900000000001,0.0,0.09525900000000001,0.904741
170,1395451141662017337518566124235400507157510063162651,23,386,386,0.034146,0.034146,0.0,0.034146,0.965854
170,1443973581327167714924022043427922410334336886476631,23,452,436,0.028414,0.011921,0.07969,0.10810399999999999,0.891896
170,1248251220039825096428185208030859202496488462447199,23,480,480,0.064014,0.064014,0.0,0.064014,0.935986
170,1485074191992056020325974520634552289818056666197811,23,431,431,0.028231,0.028231,0.0,0.028231,0.971769
170,1254247931868399620218293166952069391063175723231013,23,515,502,0.074493,0.067569,0.14983600000000002,0.22432900000000003,0.775671
170,1257669066486116581118684542985264257389351752099207,23,336,336,0.132301,0.132301,0.0,0.132301,0.867699
170,938770475414108901814693140661602364827961258856599,23,363,359,0.049339,0.072491,0.072491,0.12183,0.87817
170,1066007335410228423895411628779579916508643551606013,23,442,440,0.067674,0.046347,0.046347,0.114021,0.885979
170,1055641473154584299321451059456907378615225873359927,23,466,466,0.116756,0.116756,0.0,0.116756,0.883244
170,1450909537806030357996742850817171901677376101936973,23,352,349,0.069748,0.028429,0.07266399999999999,0.14241199999999998,0.857588
171,2320628485992640066699844867503781431624090632616007,23,420,409,0.074495,0.063798,0.063798,0.138293,0.861707
171,2687357138509969949945838036658262421119489089392571,23,398,392,0.003326,0.006098,0.006098,0.009424,0.990576
171,2179890418570410841271805505892530931206234443075251,23,499,499,0.066933,0.066933,0.0,0.066933,0.933067
171,2643553863724729454040982582317963102955115497112137,23,664,659,0.038601,0.014528,0.023052,0.061653,0.938347
171,2460627882183105189199201566900305707431196028435837,23,483,483,0.034433,0.034433,0.0,0.034433,0.965567
171,2339826321982801679364695234505710301355859790744791,23,685,685,0.012037,0.012037,0.0,0.012037,0.987963
171,2758900339445195828507819823171495863952057663997793,23,372,372,0.084374,0.084374,0.0,0.084374,0.915626
171,1842882812388021598690092464110026835556610550203901,23,687,664,0.014381,0.029942,0.082378,0.09675900000000001,0.903241
171,2527348162893818585716726864029885307488142009814867,23,378,352,0.02616,0.016709,0.042642,0.068802,0.931198
171,2837554568622031909115383188427508045834871248866231,23,390,390,0.198319,0.198319,0.0,0.198319,0.801681
171,1980107624548085725945997103475068875829188531206579,23,895,895,0.112444,0.112444,0.0,0.112444,0.887556
171,2569544928058170304082873120455860591460518083182909,23,515,515,0.037328,0.037328,0.0,0.037328,0.962672
171,2690941433828007792933739463035154894668803736090667,23,360,356,0.053469,0.074833,0.074833,0.128302,0.871698
171,2790043200701068932081541267461948287073389647656629,23,317,317,0.077349,0.077349,0.0,0.077349,0.922651
171,2090916108644774601950745809429826244133327238488009,23,444,425,0.048558,0.084319,0.084319,0.132877,0.867123
171,2565736058589956952109798640055629482853606450052707,23,494,488,0.061524,0.045196,0.045196,0.10672000000000001,0.89328
171,2857998842268811336179375833801691573922890863274847,23,686,686,0.041088,0.041088,0.0,0.041088,0.958912
171,2396493466906125285828056384566870470681794130877669,23,441,441,0.047295000000000004,0.047295000000000004,0.0,0.047295000000000004,0.952705
171,2690381636823230507251275613355703537300523990202027,23,567,546,0.050373,0.024914,0.12605099999999997,0.17642399999999997,0.8235760000000001
171,2534044398151279155788338071872494168885731333317717,23,517,517,0.035529,0.035529,0.0,0.035529,0.964471
172,4462022261486228276470696903183179974341102550314813,23,589,579,0.041149,0.031656,0.110525,0.151674,0.848326
172,4973934130046512061706003746504778764546358353047069,23,483,469,0.041643,0.020449,0.087868,0.129511,0.8704890000000001
172,5648094522288795174255363457633460814882962588225833,23,595,573,0.010272,0.012782,0.11625800000000001,0.12653,0.87347
172,4726592204009198207872992689944913141786425094656837,23,812,812,0.066854,0.066854,0.0,0.066854,0.933146
172,5594622054792930920033030420069168546546514996297059,23,375,375,0.045329,0.045329,0.0,0.045329,0.954671
172,5195538082333779164457732930160988690944352296084861,23,419,402,0.056895,0.035572,0.23689200000000002,0.293787,0.706213
172,4025284698876107182620642633377455297801856255767501,23,452,452,0.033612,0.033612,0.0,0.033612,0.966388
172,4383786029746298282865883459946099335415639923579151,23,540,527,0.073824,0.060456,0.060456,0.13428,0.86572
172,4240211809755560196715516460800231502364014252588639,23,428,423,0.065789,0.056225,0.056225,0.122014,0.877986
172,5548533853252799042694444930927799861408846535815007,23,419,411,0.036766,0.024952,0.060417,0.09718299999999999,0.902817
172,5437902847130435025801669508069442332314935248409143,23,460,451,0.045389,0.046616,0.072108,0.117497,0.882503
172,4141743792397074660421973109728086317758715931017277,23,427,423,0.021185,0.082052,0.082052,0.103237,0.896763
172,4778987191980938572456617933856060465243353739312487,23,499,465,0.018822,0.011493,0.119569,0.138391,0.8616090000000001
172,4739381656678028395979571409181320777773237194812847,23,415,399,0.02856,0.088779,0.251235,0.27979499999999996,0.720205
172,4804326313493129486456115335738865566041096602990667,23,728,728,0.039474,0.039474,0.0,0.039474,0.960526
172,4104752537262135739627532234359506058920546702141581,23,409,409,0.086729,0.086729,0.0,0.086729,0.9132709999999999
172,3803744058813253158320678543084926588928670333519661,23,428,428,0.08849,0.08849,0.0,0.08849,0.91151
172,4385465259125919643879994689875257236736934784890611,23,483,478,0.006434,0.014835000000000001,0.014835000000000001,0.021269,0.978731
172,5279890751954713468197389506413223751577777606451787,23,424,424,0.197581,0.197581,0.0,0.197581,0.802419
172,4160916851387881458666582220339040710916709604934989,23,458,458,0.027791,0.027791,0.0,0.027791,0.972209
173,10923792501645012754794107569655030715119609536422907,23,415,415,0.029977,0.029977,0.0,0.029977,0.970023
173,10049473751846112538141515321974984014498020571782187,23,361,361,0.12829,0.12829,0.0,0.12829,0.87171
173,11478453237002096953758919917104639903243507350422841,23,640,640,0.026897,0.026897,0.0,0.026897,0.973103
173,10169455292752448241266658515571649753093170083937973,23,376,376,0.030126,0.030126,0.0,0.030126,0.969874
173,11141435091489660417203162826279290403361648348555217,23,404,404,0.057469,0.057469,0.0,0.057469,0.942531
173,11845946756557169576442319415563300804632186316185761,23,359,359,0.066382,0.066382,0.0,0.066382,0.9336180000000001
173,6606020196711476677748380921663035663590800650212861,23,496,496,0.041852,0.041852,0.0,0.041852,0.958148
173,9223304994372936325365139311788951438575340466147653,23,358,358,0.036654,0.036654,0.0,0.036654,0.963346
173,9937936138453613172200974798887957858538887333434453,23,453,449,0.005677,0.003816,0.003816,0.009493,0.990507
173,11559606582085509839598371324267429245568074606311239,23,375,372,0.057046,0.030616,0.030616,0.087662,0.912338
173,8567518689055579897923237570331424934191919130124683,23,408,392,0.0556,0.016568,0.047814999999999996,0.10341499999999999,0.896585
173,7757833041287954123219330741833398980401403365844671,23,521,514,0.02824,0.020833,0.045392,0.073632,0.926368
173,9316049178944443793561813909420289680048038873209887,23,711,711,0.078667,0.078667,0.0,0.078667,0.921333
173,9928833671075698004690547493411708722996168864524191,23,442,442,0.110222,0.110222,0.0,0.110222,0.889778
173,8082599286688078272326597296230019194455017969460353,23,403,397,0.025701,0.01875,0.01875,0.044451000000000004,0.955549
173,11722980560595969629675859144256076147885119391535181,23,573,573,0.06697,0.06697,0.0,0.06697,0.93303
173,9593608908661975634163739787876317382759712663032617,23,807,807,0.01538,0.01538,0.0,0.01538,0.98462
173,7514341258039837561785554369913705517231217351886269,23,514,501,0.055633,0.056519,0.056519,0.112152,0.887848
173,10788110854762710095666872487306279223201853493970649,23,448,441,0.014811,0.014522,0.014522,0.029332999999999998,0.970667
173,10830515307409583755599110009630409242843757129551833,23,435,416,0.09517500000000001,0.076748,0.125861,0.221036,0.778964
174,22104611793997230117343176470598753099597657699857767,23,364,364,0.105225,0.105225,0.0,0.105225,0.894775
174,18763942404536135019296013058405167365237739426352961,23,382,382,0.137864,0.137864,0.0,0.137864,0.862136
174,14688504101174039979833028914301622192512344235844163,23,530,530,0.04487,0.04487,0.0,0.04487,0.95513
174,16722058225437982034822488549751786303201587785473951,23,460,460,0.124704,0.124704,0.0,0.124704,0.875296
174,21509336382097775444053571500023183533792843315954141,23,668,668,0.034245,0.034245,0.0,0.034245,0.965755
174,22850977655225044606098189565776865301144522899108753,23,373,373,0.13318,0.13318,0.0,0.13318,0.86682
174,17279223071662642072680635911044372251032271203557523,23,391,391,0.03196,0.03196,0.0,0.03196,0.96804
174,22947441514018658653094720368483897068968757283032113,23,369,362,0.015055,0.00825,0.017266,0.032321,0.967679
174,18341314976728685056786009125261875389901729222197411,23,524,500,0.019707,0.048028,0.082564,0.102271,0.897729
174,21198313883423610607647845217061584129219727405462807,23,699,693,0.114958,0.008439,0.125006,0.239964,0.7600359999999999
174,12839400785843164820295834351653620428577969094536553,23,545,513,0.06991800000000001,0.027771,0.06755000000000001,0.13746800000000003,0.862532
174,23322450000830661268788758752052782250935597472051533,23,357,342,0.036406,0.020093,0.020093,0.056499,0.943501
174,16333148817978325754024309091523862744059567919963111,23,543,543,0.126007,0.126007,0.0,0.126007,0.873993
174,14462970911237542989272454421381604521266425359311389,23,536,536,0.037007,0.037007,0.0,0.037007,0.962993
174,18949560281665792004413178756295887592891979934348561,23,364,364,0.056461,0.056461,0.0,0.056461,0.943539
174,21408407116291656012109167833580671913503017751545967,23,495,495,0.022484,0.022484,0.0,0.022484,0.977516
174,22631651939782172827484157664433587783833485119069961,23,456,456,0.05001,0.05001,0.0,0.05001,0.94999
174,21837034941512546186024799051115680122246295015518093,23,436,436,0.017287,0.017287,0.0,0.017287,0.982713
174,23437804484573336991839150008388329128133779513222523,23,705,705,0.022397,0.022397,0.0,0.022397,0.977603
174,21670228153893009427879223165719671325428625794224927,23,378,378,0.157358,0.157358,0.0,0.157358,0.842642
175,40488067071432624121676494427962676744307992814206389,23,495,495,0.064625,0.064625,0.0,0.064625,0.935375
175,47880832610030432571309186253738451904700554037260907,23,391,391,0.19464900000000002,0.19464900000000002,0.0,0.19464900000000002,0.8053509999999999
175,45878748309865752441663931039655772029562012040164497,23,421,418,0.050193,0.042698,0.042698,0.092891,0.9071089999999999
175,44519607957401945468255440685812779498238330725202451,23,714,714,0.024683,0.024683,0.0,0.024683,0.975317
175,38437122674547888080483896869357910936491022366930391,23,566,558,0.035839,0.039297,0.053746999999999996,0.089586,0.9104140000000001
175,47064113916853618606448841022057749802258231599045617,23,378,374,0.095178,0.112783,0.112783,0.207961,0.7920389999999999
175,38418920847258974395155918878755125806886124993281449,23,530,530,0.037676,0.037676,0.0,0.037676,0.962324
175,29860959886171008880417800461459339604720394693120859,23,525,491,0.007666,0.026055,0.24284399999999998,0.25050999999999995,0.74949
175,47523346294694090590598436816448664799865583071536947,23,397,397,0.025876,0.025876,0.0,0.025876,0.974124
175,40430147177650634814659419575820969943704601075586779,23,488,488,0.051042,0.051042,0.0,0.051042,0.948958
175,30673381581036186694644718658867052922438672540632679,23,377,360,0.012909,0.024756,0.024756,0.037665000000000004,0.9623349999999999
175,46321511197924674401868707445937064255819847549207181,23,566,552,0.03306,0.012494,0.035085,0.068145,0.931855
175,40793108447338904457818158698839208728924655609269741,23,496,480,0.031333,0.049872,0.049872,0.081205,0.918795
175,47563799216222959471208717042267403920241999763230907,23,392,392,0.08057,0.08057,0.0,0.08057,0.91943
175,44747799795754951639143084884684883018614820083166937,23,423,406,0.016876,0.015714,0.041603,0.058479,0.941521
175,46867320328474189488708379756417548186877640469492347,23,448,448,0.129078,0.129078,0.0,0.129078,0.870922
175,46542356956969036203230698142264416107162071627147053,23,396,396,0.027399,0.027399,0.0,0.027399,0.972601
175,45701878003472651488780363802977956628041054016481659,23,495,495,0.111764,0.111764,0.0,0.111764,0.888236
175,25458726975309530242094669164823103336392162094875803,23,423,423,0.080672,0.080672,0.0,0.080672,0.919328
175,39959523049873920871877996128842998488581987804339877,23,420,420,0.008841,0.008841,0.0,0.008841,0.991159
176,87990886338847859195592642389102593039937487082558279,24,489,489,0.054878,0.054878,0.0,0.054878,0.945122
176,92564124955148991262968874807483374435803628161108999,24,934,925,0.017995,0.019112,0.026592,0.044587,0.955413
176,94129007589456961191977269147297543003266132666549953,24,395,395,0.101443,0.101443,0.0,0.101443,0.898557
176,93819484016161644344551753829300322151041926203410181,24,435,435,0.016183,0.016183,0.0,0.016183,0.983817
176,73157616268457907406971375723178615684280166706710493,24,398,398,0.139055,0.139055,0.0,0.139055,0.860945
176,61542774938750705714463225629776244056185970967253653,24,496,486,0.023271,0.039603,0.039603,0.062874,0.937126
176,71800771048867515580859417044203063847762338647077403,24,390,390,0.1558,0.1558,0.0,0.1558,0.8442000000000001
176,77258340421405866522724393177859419720883968347782627,24,536,524,0.012266,0.012197,0.065792,0.078058,0.921942
176,89837078281524964039898044063254336032471057480771579,24,709,698,0.011755999999999999,0.003706,0.028359000000000002,0.040115,0.959885
176,67631371474217585591492093931057414532556760623695867,24,387,387,0.023637,0.023637,0.0,0.023637,0.976363
176,89832926575159265651841476273066740015357110318540347,24,639,610,0.01719,0.011994,0.12246000000000001,0.13965000000000002,0.86035
176,67118204137332948793553589627698826319196161548428537,24,400,382,0.034815,0.041722,0.09095299999999999,0.125768,0.874232
176,87774156256777768160436756789989062372701963996758741,24,553,549,0.080637,0.053216,0.053216,0.133853,0.866147
176,70572719969624332011199901351228566052874877227465031,24,467,467,0.010554,0.010554,0.0,0.010554,0.989446
176,86250046064114433343982710398437258754379418231496971,24,405,405,0.049776,0.049776,0.0,0.049776,0.950224
176,87134348646583113354803029928666774546954085244353883,24,368,358,0.034358,0.023432,0.023432,0.05779,0.94221
176,71901633824806274691548687743309648812921855456127637,24,391,391,0.079774,0.079774,0.0,0.079774,0.920226
176,90150270285363435056040734184802693760325360863282387,24,527,509,0.01732,0.024021,0.06272,0.08004,0.91996
176,94046017590480304561168089303295538090394575865219973,24,523,506,0.028709,0.027533,0.043453,0.072162,0.9278379999999999
176,64190892782173257959767693618630438907905705925983597,24,432,432,0.054622,0.054622,0.0,0.054622,0.945378
177,119125070369688751792163725903852573808324382853761851,24,514,514,0.038794,0.038794,0.0,0.038794,0.961206
177,182726819299327515165849812245648871121491177942129611,24,527,511,0.02769,0.024841,0.039057999999999995,0.066748,0.933252
177,188893960779618570376876195763394634184667143767990939,24,479,479,0.043097,0.043097,0.0,0.043097,0.956903
177,177226234109374423417710011618572758541886871555971773,24,509,509,0.112309,0.112309,0.0,0.112309,0.887691
177,170417219917741538865104682908758540815889415996081587,24,501,478,0.016395,0.048622,0.071765,0.08815999999999999,0.91184
177,184456472780322533717507274449727396706948277959651997,24,726,726,0.030507,0.030507,0.0,0.030507,0.969493
177,172591822599216441031826476355149233765150072380634947,24,451,451,0.02329,0.02329,0.0,0.02329,0.97671
177,160262516696147396603234199689194202325829336961400089,24,439,424,0.018586,0.045652,0.063261,0.081847,0.918153
177,189488332491885140927092409494182632690603024073949519,24,476,457,0.030153,0.010446,0.083052,0.113205,0.886795
177,158860589548227817116386228914199311016251079037823631,24,427,426,0.041825,0.025792,0.025792,0.067617,0.932383
177,131023867650554721773986626498755865101732014114852169,24,538,522,0.042059,0.050892,0.12245500000000001,0.164514,0.835486
177,185419546061793924107275707453523293583979540373323441,24,435,427,0.040466,0.094808,0.259483,0.299949,0.700051
177,130739606859025377984032427604557137652684751978400777,24,513,508,0.055566,0.076945,0.076945,0.132511,0.867489
177,148738595022486208740372312134935505218833565972371451,24,439,439,0.090139,0.090139,0.0,0.090139,0.909861
177,167245458534901805246177899856773690854765016929409441,24,602,588,0.015613,0.017394,0.147289,0.162902,0.837098
177,167743233925335463625480222303950384908571933339861327,24,429,429,0.03977,0.03977,0.0,0.03977,0.96023
177,127846725145209783213161083219697857237418143943954471,24,572,572,0.044714,0.044714,0.0,0.044714,0.955286
177,175371321030994867998753692974243811078511522480617843,24,432,432,0.099361,0.099361,0.0,0.099361,0.900639
177,116000582161408742104082789047643826044722595827305757,24,517,508,0.016695,0.016072,0.051993,0.068688,0.931312
177,170372630777230523245695634046185057408362313049454403,24,634,627,0.004711,0.006428,0.010932,0.015643,0.984357
178,326370916554170909248800565447441227366364752100439299,24,363,363,0.05512,0.05512,0.0,0.05512,0.9448799999999999
178,351133543531254740082619452808507153835828169762359977,24,363,363,0.013018,0.013018,0.0,0.013018,0.986982
178,336454357966569634923263904170681101591018051550982463,24,507,507,0.171679,0.171679,0.0,0.171679,0.828321
178,287084766998192650266030523003134421022082997050134521,24,478,478,0.020224,0.020224,0.0,0.020224,0.979776
178,352927538094715815006260624760445835128691040320016481,24,436,436,0.053486,0.053486,0.0,0.053486,0.946514
178,338358782479052619339175922612376094187822886673941721,24,584,584,0.005401,0.005401,0.0,0.005401,0.994599
178,350983244504690877302934108411058885737259142622352279,24,404,404,0.031885,0.031885,0.0,0.031885,0.9681150000000001
178,362113241669248116131584645381866273037844314273508653,24,848,837,0.005716,0.002853,0.020495000000000003,0.026211,0.973789
178,354699753705738888969549737288396049484417614825528751,24,539,539,0.044946,0.044946,0.0,0.044946,0.955054
178,331690661156431736210765004245137972208022366664402553,24,1003,1000,0.012126,0.020744,0.020744,0.032869999999999996,0.96713
178,332675546545853496255458413537230392333963633325833083,24,397,397,0.012927,0.012927,0.0,0.012927,0.987073
178,313703344571742936697405437124510360823965169983069999,24,975,967,0.023694,0.018219,0.018219,0.041913,0.958087
178,380254134293999860410999253285210970240457628198742663,24,456,456,0.025725,0.025725,0.0,0.025725,0.974275
178,360641711799225046890015181472030377655985832139240759,24,615,615,0.080794,0.080794,0.0,0.080794,0.919206
178,263917085618902017901372402907639485241329433989841083,24,528,528,0.070533,0.070533,0.0,0.070533,0.929467
178,266288106436622503269927529785703488384905659026805291,24,519,474,0.042408,0.042492,0.118274,0.160682,0.839318
178,344304805683409519331394242367711732435948148819916561,24,514,514,0.060264,0.060264,0.0,0.060264,0.939736
178,341709744235492519708940578050014342971004111389339661,24,349,349,0.200767,0.200767,0.0,0.200767,0.799233
178,310967967663884862956076583774857977926596023977520621,24,718,718,0.113348,0.113348,0.0,0.113348,0.886652
178,327279608257895351469611029322246368521417106545791761,24,737,717,0.018607,0.013011,0.031314,0.049921,0.950079
179,558936428874945996924383768356203135254350439671785479,24,379,379,0.168257,0.168257,0.0,0.168257,0.831743
179,674926639517348090731177770827913991101246148882287283,24,1000,992,0.058169,0.021285,0.021285,0.079454,0.920546
179,520778796933569712475497803976339448328715986002072523,24,580,575,0.020976,0.034837,0.034837,0.055813,0.944187
179,748335037461936801408133793949275373189490397012798993,24,583,583,0.115872,0.115872,0.0,0.115872,0.884128
179,750121838409245984074572114070043722336783466522324083,24,521,521,0.064033,0.064033,0.0,0.064033,0.935967
179,652699193242756150846355283234498871767984936149202997,24,366,366,0.068983,0.068983,0.0,0.068983,0.931017
179,701012462554551393326136469593585664907414625879938377,24,574,556,0.027916,0.119323,0.119323,0.147239,0.852761
179,651811943098199803843122079676572375058573432081265941,24,338,338,0.035687,0.035687,0.0,0.035687,0.964313
179,551025100698026169975841797211316492193395216233257361,24,703,697,0.04195,0.019045,0.019045,0.060995,0.939005
179,568232849243253819024806302642399573345242309126608059,24,478,459,0.061029,0.073467,0.134171,0.1952,0.8048
179,639820098139219068308973252189078237340004822241496393,24,355,355,0.149267,0.149267,0.0,0.149267,0.850733
179,761792849352011360883518708616350161974544759945523083,24,445,445,0.050462,0.050462,0.0,0.050462,0.949538
179,628942419048318189765862150028221450462352308232102681,24,384,384,0.058406,0.058406,0.0,0.058406,0.941594
179,566889538234990454641052189675936791837860452121325949,24,481,481,0.027599,0.027599,0.0,0.027599,0.972401
179,716452162573779008868293903020235512769764173696217249,24,657,637,0.031496,0.026799,0.055485999999999994,0.086982,0.913018
179,621413530195004739611180163225538908969413935549872629,24,930,924,0.01687,0.015482,0.023205,0.040075,0.959925
179,645609036446719663018922094515491080262538063860555597,24,428,380,0.031632,0.068259,0.214974,0.246606,0.753394
179,555489032258653592242576233173121867113539610787783833,24,418,418,0.127031,0.127031,0.0,0.127031,0.872969
179,535750173793033032362966709603096420101001099801784643,24,550,550,0.014322,0.014322,0.0,0.014322,0.985678
179,456506540313436296309522192769161449949543126587051023,24,424,424,0.054863,0.054863,0.0,0.054863,0.945137
180,1358996782341013393471064892946133021632416224066738371,24,781,757,0.008561,0.010138,0.063041,0.071602,0.9283980000000001
180,1147190830767755812327995081041386320310165753132541849,24,648,648,0.02128,0.02128,0.0,0.02128,0.97872
180,1403925300691032372140940928473865553985310895500181911,24,464,464,0.079195,0.079195,0.0,0.079195,0.920805
180,1495775451737959760457511687274350579183536185139242641,24,434,434,0.046941,0.046941,0.0,0.046941,0.953059
180,1110739563446777289531838627303749633950291508344598743,24,503,503,0.028932,0.028932,0.0,0.028932,0.971068
180,1194024369143971552927889417542591741693717575625673111,24,507,483,0.024967,0.028431,0.11344900000000001,0.138416,0.861584
180,1260166637346508034925373413900190230508510171798948477,24,759,759,0.037235,0.037235,0.0,0.037235,0.962765
180,1455316476136829091460607052510092178765985268783561317,24,513,513,0.063312,0.063312,0.0,0.063312,0.936688
180,1309093992710635640836698146159549405123972272927404881,24,496,496,0.023137,0.023137,0.0,0.023137,0.976863
180,1390894799146412153168495467213932724874405876411579611,24,474,474,0.338537,0.338537,0.0,0.338537,0.661463
180,1520134781616046526108129582711299483597548910524846853,24,479,459,0.02944,0.041888,0.211663,0.24110299999999998,0.758897
180,1505439219343167470373459269572451082957623944381924673,24,436,436,0.128644,0.128644,0.0,0.128644,0.871356
180,1057025848491395991324830754425862907965800790964989169,24,403,403,0.255537,0.255537,0.0,0.255537,0.744463
180,1022335052507123413464678276586097658581994406812064513,24,433,433,0.033925,0.033925,0.0,0.033925,0.966075
180,986820806071662897465598796288744366007908716888546481,24,788,788,0.055444,0.055444,0.0,0.055444,0.944556
180,1524644692974396926561992448558626212968367576768526879,24,427,417,0.07907900000000001,0.042855,0.115344,0.194423,0.805577
180,1314131625546751137305337304108371769311553500059572603,24,429,429,0.021516,0.021516,0.0,0.021516,0.978484
180,1159287238259464432648787656029088912397674342457115643,24,446,446,0.029584,0.029584,0.0,0.029584,0.970416
180,1475197377405499619513187533655878473208974647166678079,24,436,427,0.01423,0.004957,0.037878999999999996,0.052108999999999996,0.947891
180,1092513974848862293580063101113260203144966532297855803,24,591,585,0.027974,0.011991,0.011991,0.039965,0.960035
181,2146755962617820701939724558369889009769651618593397373,24,498,498,0.037316,0.037316,0.0,0.037316,0.962684
181,2072316348390379785942053767435731590279096222618626363,24,505,503,0.038676,0.00763,0.00763,0.046306,0.953694
181,2877046995656031836501313697137912148919872998967745519,24,568,561,0.008608,0.006635,0.006635,0.015243,0.984757
181,2880369969123252961817754651476818952571924308651017163,24,482,482,0.028117,0.028117,0.0,0.028117,0.971883
181,2861708897811122498028015229576663189712718130603358513,24,585,580,0.037079,0.039144,0.039144,0.076223,0.923777
181,2806788267767978306991980520946809467457007629229500787,24,679,679,0.019176,0.019176,0.0,0.019176,0.980824
181,2302747288573481437114058572318921809401333842388506063,24,568,568,0.018683,0.018683,0.0,0.018683,0.981317
181,2533946943181812616782556407056335292416812676112585527,24,436,433,0.017955,0.066849,0.066849,0.084804,0.915196
181,2487771293557144436196457222451407643840343448896262201,24,427,418,0.093429,0.019385,0.126398,0.219827,0.780173
181,2345607456560758996293272875237597113634991575593930503,24,426,408,0.082005,0.029801,0.029801,0.11180599999999999,0.888194
181,2451877345078985122707203168343312742955044811033249477,24,515,515,0.020553,0.020553,0.0,0.020553,0.979447
181,2340974696399471038404420962322551749504771560040272007,24,536,536,0.040298,0.040298,0.0,0.040298,0.959702
181,2477342015750519040996010692078739219032174672206011307,24,580,580,0.079538,0.079538,0.0,0.079538,0.920462
181,2296086844355268411990274677061153842585626962159704019,24,428,428,0.078554,0.078554,0.0,0.078554,0.921446
181,2857327712261479603462914395058626994702465220337337739,24,597,571,0.008715,0.028812,0.087162,0.095877,0.904123
181,1869241629214427269662931336533353684013970622159921317,24,527,526,0.045239,0.03774,0.03774,0.082979,0.917021
181,2136463886038630304242691639030926383783507376355925571,24,424,424,0.060292,0.060292,0.0,0.060292,0.939708
181,2877127110897588495873508614076070239692397854333669421,24,886,868,0.012262,0.013952,0.045173000000000005,0.05743500000000001,0.942565
181,2391506213382517426158791151215598942262031718622544827,24,538,495,0.033257999999999996,0.022417,0.056381,0.089639,0.910361
181,2948841039361971531410668839665611640358315799683010259,24,559,559,0.05458,0.05458,0.0,0.05458,0.94542
182,4191292476346020518783656275665657989599723159847851667,24,581,560,0.01803,0.057857,0.146417,0.16444699999999998,0.835553
182,4368915889305698991841916329930420223695538711679696073,24,425,404,0.030936,0.024192,0.045946,0.076882,0.923118
182,4603173397210774045412589779080265237568427782430487923,24,624,624,0.026795,0.026795,0.0,0.026795,0.973205
182,4412747380103085417736789338590629677444833420942921431,24,640,640,0.026149,0.026149,0.0,0.026149,0.973851
182,5274862496484527199284351082466041501734256417850671079,24,353,353,0.06209,0.06209,0.0,0.06209,0.93791
182,4800792925814278444401434125143406347751419932688595051,24,418,407,0.023722,0.024135,0.043847000000000004,0.067569,0.932431
182,3653812005152759308354861844496272098804036966408036451,24,539,531,0.032042,0.054752,0.054752,0.08679400000000001,0.913206
182,4646737653138437262079866979167515682324029521366613887,24,632,632,0.042469,0.042469,0.0,0.042469,0.957531
182,5244063665198047536361296769370401123699361439281027921,24,406,403,0.025776,0.100472,0.100472,0.126248,0.873752
182,5043512217423355819857280369022042682912863299358815427,24,588,588,0.061919,0.061919,0.0,0.061919,0.9380809999999999
182,5381424364337562423689277556082862960704173067855407963,24,416,413,0.081673,0.038794,0.038794,0.12046699999999999,0.879533
182,5605622646710231703717995108618170373087268192211651819,24,486,451,0.005899,0.024586,0.19127599999999997,0.19717499999999996,0.802825
182,5372876402521245557172885073810823234220306537484862171,24,555,530,0.023239,0.022376,0.16849999999999996,0.19173899999999997,0.808261
182,5193787393634226710856637245122360855837884143711668923,24,430,426,0.019849,0.047991,0.05766,0.077509,0.922491
182,4901526449801380100603842024908873735304969564340783837,24,576,546,0.060764,0.00425,0.19433599999999998,0.2551,0.7449
182,6116842254080121661991651815972543754648149039661461711,24,552,543,0.068041,0.04581,0.06161799999999999,0.129659,0.870341
182,4848300292233620118117558303318082764588214458439723993,24,716,703,0.013691,0.023858,0.08531000000000001,0.099001,0.900999
182,5455870824923288995533498136798277725990387457579154641,24,392,392,0.010535,0.010535,0.0,0.010535,0.989465
182,3785938512649873423258671464276287016184708730225383793,24,424,412,0.055682,0.109291,0.162889,0.21857100000000002,0.7814289999999999
182,4491160981645514588938837869554023508980963008773065231,24,596,596,0.018917,0.018917,0.0,0.018917,0.981083
183,9166723778901347230936039451531749253767512951187044911,24,358,358,0.122063,0.122063,0.0,0.122063,0.877937
183,10455930224123599063565031820487918262028421842464564737,24,976,976,0.04852000000000001,0.04852000000000001,0.0,0.04852000000000001,0.95148
183,7427674099806058459503172382903188275128363209564310927,24,365,365,0.061219,0.061219,0.0,0.061219,0.938781
183,10617285421144533269412481609230267820807269357289585027,24,495,495,0.034973,0.034973,0.0,0.034973,0.965027
183,11010471763583359046491348791311818146317648218012267883,24,592,591,0.007906,0.015397,0.015397,0.023302999999999997,0.976697
183,10332376251302120495254834326196282275734767686242549761,24,391,371,0.034351,0.018132,0.219071,0.253422,0.746578
183,11749977713551691032971054523891664935137255323436579743,24,635,635,0.086847,0.086847,0.0,0.086847,0.913153
183,10038010870002094481651798134300472801725442018653785307,24,522,486,0.018963,0.027769,0.233112,0.252075,0.747925
183,10982511715433447835689163250582120464921150302579077343,24,407,407,0.065171,0.065171,0.0,0.065171,0.934829
183,8953983959087052116701047035345005923200525137226524679,24,574,543,0.020275,0.044344,0.120865,0.14114,0.85886
183,8876846022270762570247578740470934525848460110861548643,24,716,706,0.072713,0.058017,0.058017,0.13073,0.86927
183,7272641689296160343480501161670052491504793391277318831,24,468,468,0.071298,0.071298,0.0,0.071298,0.928702
183,12244318449419593826201370835952825834440723200097525199,24,587,585,0.018565,0.016295,0.016295,0.03486,0.96514
183,11599990885992088420849467859622548958581504884697039151,24,534,523,0.00401,0.013131,0.052930000000000005,0.056940000000000004,0.94306
183,7605813317180000005669607627882043830747996242518578099,24,601,601,0.017234,0.017234,0.0,0.017234,0.982766
183,12182702859135303445823465643541896884548888148712896953,24,386,386,0.025061,0.025061,0.0,0.025061,0.974939
183,9709983608535670096749131929304035374023228870737229987,24,528,516,0.013762,0.052563,0.052563,0.066325,0.933675
183,10464773632474194098893561476862794550508738502141675107,24,606,606,0.013336,0.013336,0.0,0.013336,0.986664
183,9586059037733377655369346899873870070324449037164235107,24,359,359,0.060345,0.060345,0.0,0.060345,0.939655
183,9699446562764165401251791317533912674237385429964214831,24,440,433,0.027486,0.018639,0.048019000000000006,0.075505,0.924495
184,18626849292167387044123969723309390925329349903285206507,24,405,383,0.014677,0.032738,0.10558000000000001,0.120257,0.8797429999999999
184,18804282751054831530309800753579061511332519271103678431,24,554,554,0.036016,0.036016,0.0,0.036016,0.963984
184,18252028929067861875789984563223162861221576906848127717,24,664,664,0.009519,0.009519,0.0,0.009519,0.990481
184,24181446627067838775417564967666980419690582548365581197,24,507,507,0.025855,0.025855,0.0,0.025855,0.974145
184,23005878760564119588403003965951554728473230184759392953,24,637,605,0.017918,0.00453,0.10992300000000005,0.12784100000000004,0.8721589999999999
184,23936510072986768214421716184424106299398221539866239897,24,504,500,0.035907999999999995,0.015559,0.015559,0.051467,0.948533
184,16234034926709714462589794505359125056267838558020716281,24,674,664,0.018137,0.02539,0.02539,0.043526999999999996,0.956473
184,23428690111692592128116212619775791367144015582938967239,24,463,456,0.094096,0.062693,0.089814,0.18391000000000002,0.81609
184,18912759825437398136803515023873579742325104166174841671,24,487,487,0.039161,0.039161,0.0,0.039161,0.960839
184,19927044154018425176840956388997557677674288593187597089,24,444,444,0.011095,0.011095,0.0,0.011095,0.988905
184,19536799308159701904048108852677303754701680967104128127,24,467,451,0.019622,0.03074,0.051023,0.070645,0.929355
184,19071823677149723706403511825275713145306081300414131937,24,611,608,0.007056,0.012943,0.012943,0.019999,0.980001
184,20612269609108741202241460271673864594887702871452882101,24,472,461,0.031255,0.02423,0.070006,0.10126099999999999,0.898739
184,18920239559229041789878510751170285007946834591953601329,24,707,689,0.039777,0.007364,0.124149,0.163926,0.836074
184,22611644979880324889689047625329907958432993333469481211,24,423,423,0.03733,0.03733,0.0,0.03733,0.96267
184,22464664451229199112637114050957084764371480284978460343,24,438,427,0.01002,0.015667,0.022242,0.032262,0.967738
184,20229563940142821382398535762812188204560973744420706551,24,554,554,0.032257,0.032257,0.0,0.032257,0.967743
184,14302906747822375527736225805395822106070407268478927343,24,463,463,0.020272,0.020272,0.0,0.020272,0.979728
184,22648934796018516144639607669733048190885481628018590453,24,502,495,0.023147,0.013425,0.013425,0.036572,0.963428
184,15697907949934382447029781871211500370846936672724531567,24,482,463,0.009618,0.018479,0.099413,0.109031,0.890969
185,39302817494925418904731805103331681348585472258348444957,25,627,624,0.036725,0.04202,0.04202,0.07874500000000001,0.9212549999999999
185,39163563717688705635413025356219451066821712937228964227,25,522,519,0.030425,0.010899,0.017652,0.048077,0.951923
185,43686826810459062412827238710551696728616518667617692019,25,620,600,0.006098,0.005183,0.052278,0.058376,0.941624
185,44530085274113978279620207534979690950635532686975502813,25,358,358,0.163647,0.163647,0.0,0.163647,0.836353
185,43570715964626102904381136448155751424171061828655209841,25,511,503,0.023327,0.056436,0.056436,0.079763,0.920237
185,42847627148824300921093636376913601640563740728623558181,25,766,764,0.009642,0.007317,0.007317,0.016959,0.983041
185,32083703321789764487338768250718421793945445188847533027,24,724,709,0.040826,0.037647,0.058622,0.09944800000000001,0.900552
185,33014805666036752589259540494640708288963751747621341763,25,580,580,0.021987,0.021987,0.0,0.021987,0.978013
185,41464335276070540341399584119313180727925975932568415057,25,443,411,0.015903,0.00954,0.063651,0.079554,0.920446
185,33861582902426483337301296118131448522568614203251711863,25,482,476,0.037245,0.045083,0.087238,0.124483,0.875517
185,46071639138339644800558097284225066199315293701982806079,25,869,869,0.020103,0.020103,0.0,0.020103,0.979897
185,37936033159136473000212002322269943296231496368568922549,25,391,391,0.02649,0.02649,0.0,0.02649,0.97351
185,48350569892826986379872186809679223015058022521047573871,25,531,531,0.090714,0.090714,0.0,0.090714,0.909286
185,41198097084082663709570476103319690345818375254249026263,25,455,455,0.014584,0.014584,0.0,0.014584,0.985416
185,45101352016751018053319721236302099399595057715497241929,25,497,471,0.016838,0.01176,0.03728,0.054118,0.945882
185,42065769993861888778368368385451592776021006938027669583,25,914,914,0.033085,0.033085,0.0,0.033085,0.966915
185,41907847300045853777854516119774591215451371041706482459,25,656,656,0.028065,0.028065,0.0,0.028065,0.971935
185,48828218167552081470122749610887068068091405463826001571,25,429,429,0.038451,0.038451,0.0,0.038451,0.961549
185,41321776714362126833330727735907708762522999908493584631,25,507,500,0.031699,0.009044,0.009044,0.040743,0.959257
185,45383217518804476499152706989070758316114620859553366943,25,365,365,0.048446,0.048446,0.0,0.048446,0.951554
186,91860233843352511299828307727646362358888480420031170413,25,666,666,0.067004,0.067004,0.0,0.067004,0.932996
186,80310109483483183267313583353855043236387938949945913511,25,366,366,0.083859,0.083859,0.0,0.083859,0.916141
186,80341684383462084364790814145428006802552449749708478169,25,644,644,0.012769,0.012769,0.0,0.012769,0.987231
186,94274586636737974618847930138230885567012445571032348059,25,563,562,0.015857,0.02809,0.02809,0.043947,0.956053
186,85286064753422311838018802719562606418460845712040300179,25,456,456,0.105212,0.105212,0.0,0.105212,0.894788
186,95824663807095715873047831217240459086791279500036727837,25,557,557,0.041535,0.041535,0.0,0.041535,0.958465
186,80600641280005619173439191411717632606164953443740925413,25,666,666,0.010443,0.010443,0.0,0.010443,0.989557
186,53363439485857552435882838625033101776848292903405327631,25,486,486,0.02628,0.02628,0.0,0.02628,0.97372
186,84360977267528679389916660229858829202359730331725108419,25,608,578,0.020636,0.045831,0.045831,0.066467,0.933533
186,79840201135431317961751024566665709261061070004618876607,25,415,399,0.024134,0.047192,0.047192,0.071326,0.928674
186,86866046861802039662583542752660385034769683216166980061,25,705,705,0.021193,0.021193,0.0,0.021193,0.978807
186,86323619254797487920466332795791126216445907418620989923,25,549,527,0.012544,0.003126,0.034145999999999996,0.046689999999999995,0.95331
186,96229941655765770007029825039522376331365113196946498957,25,456,456,0.015525,0.015525,0.0,0.015525,0.984475
186,68612351526722038739277226442469049931568086799744053797,25,516,483,0.02899,0.028309,0.16721399999999997,0.19620399999999996,0.8037960000000001
186,68105415306841011876975324285506148265126787018204059721,25,698,698,0.026765,0.026765,0.0,0.026765,0.973235
186,82153452353776642549718572430278706898613500637862573111,25,591,591,0.050989,0.050989,0.0,0.050989,0.949011
186,58260742770043455753114412466166256900662844348827175237,25,675,669,0.012547,0.01675,0.01675,0.029297000000000004,0.970703
186,92398084669964916514251013016603556504210733394779182767,25,387,362,0.00899,0.059893,0.253964,0.262954,0.737046
186,85070111672001330371958789558357340118850688442337853217,25,418,418,0.024123,0.024123,0.0,0.024123,0.975877
186,77006883355586853676151730714225091231991247740864640619,25,452,452,0.04602,0.04602,0.0,0.04602,0.95398
187,185702567469454758545522669141358609758902348939813864093,25,552,552,0.033449,0.033449,0.0,0.033449,0.966551
187,179941892859217785606681885687143742888315889414346363689,25,1050,1050,0.010939,0.010939,0.0,0.010939,0.989061
187,181526373319561920706249179904543072763946711556143801553,25,556,556,0.096135,0.096135,0.0,0.096135,0.903865
187,167429568427479950155810682841163388259872915659211758439,25,440,428,0.019542,0.031447,0.031447,0.05098900000000001,0.949011
187,186979504018673334316662054121094588580490052795915527519,25,598,594,0.040027,0.014463,0.014463,0.05449,0.94551
187,145169698815553753950995436308896640554249031871232995529,25,616,616,0.013902,0.013902,0.0,0.013902,0.986098
187,189461310023527313299690027067741970827568893636258377063,25,791,791,0.009622,0.009622,0.0,0.009622,0.990378
187,195549547224884539368396804380565596304971046728434683161,25,445,439,0.036728,0.021928,0.021928,0.058656,0.941344
187,178245846474078559274688392189915797290638577194576694293,25,467,467,0.055508,0.055508,0.0,0.055508,0.944492
187,140252436907018775044357018689165543420042260373871440727,25,544,532,0.010291,0.02317,0.093987,0.104278,0.895722
187,192105990641511042361486580149859043063803753731838318981,25,861,825,0.029889,0.024101,0.16693699999999997,0.19682599999999997,0.803174
187,178454889426021172984526500874394848133697897783899319511,25,1017,996,0.09162000000000001,0.026025,0.038735,0.130355,0.869645
187,147793902755095806954444489354226029687835800736294743133,25,654,654,0.063773,0.063773,0.0,0.063773,0.936227
187,181066564675332279473924972484406057203667755771628163519,25,433,427,0.030477,0.028922,0.028922,0.059399,0.940601
187,168818801318777087057170297997195516793375607488939767557,25,507,472,0.028022000000000002,0.011917,0.076765,0.104787,0.895213
187,163084686989748233415040348211861253938756903626114968719,25,430,430,0.009513,0.009513,0.0,0.009513,0.990487
187,188075731576689556162612507442726713223245640460883288489,25,608,600,0.028366,0.033075,0.073765,0.102131,0.897869
187,132226185708852638537764772743714220747210366978910886177,25,497,492,0.008895,0.027462,0.043153,0.052048,0.947952
187,194698576701919400115040833966319106090888842928840082833,25,487,487,0.021666,0.021666,0.0,0.021666,0.978334
187,125253423035716542158322394161648453041038946552062725559,25,507,507,0.017019,0.017019,0.0,0.017019,0.982981
188,314224750521702231589078779205748577487125730214151848227,25,477,477,0.080843,0.080843,0.0,0.080843,0.919157
188,214725867801677657763150716044378228025925022271604157093,25,381,381,0.025031,0.025031,0.0,0.025031,0.974969
188,337786569927761505444410838242068306234426938889367376089,25,438,438,0.139653,0.139653,0.0,0.139653,0.860347
188,360223106477640603715939086025088234494108141240755800321,25,461,461,0.012889,0.012889,0.0,0.012889,0.987111
188,374124987525817520307508964115960865602386918837898179827,25,671,671,0.063596,0.063596,0.0,0.063596,0.936404
188,361989780913006793919620222968747185160737595989089084909,25,463,454,0.013753000000000001,0.004881,0.050122,0.063875,0.936125
188,317559581118592945343728270732523067627215982144611637637,25,424,409,0.025500000000000002,0.030636,0.047256,0.072756,0.927244
188,379999621526733814982174866558604085395375086537465979591,25,411,411,0.010987,0.010987,0.0,0.010987,0.989013
188,366021560344730588643709636731405132352498915207181378779,25,433,433,0.142719,0.142719,0.0,0.142719,0.857281
188,387944003533460640819952009732254475678414088984486177033,25,657,657,0.013511,0.013511,0.0,0.013511,0.986489
188,374845489005902740783352118914562105030081362850475258007,25,684,681,0.013655,0.028433,0.028433,0.042088,0.957912
188,386515816923087548415772467909907858268131406963172669599,25,549,548,0.086718,0.019106,0.019106,0.105824,0.894176
188,221106737983069547058303874626625601611876932304469714993,25,470,470,0.048131,0.048131,0.0,0.048131,0.951869
188,240210128646608330322236250926839186745574038027417949109,25,557,555,0.062762,0.011478,0.011478,0.07424,0.92576
188,318351913440867881282887107239336403432896585513539162139,25,495,473,0.023524,0.016862,0.042147000000000004,0.06567100000000001,0.934329
188,378635620380227758123177463104203120047480633879439638329,25,474,474,0.034585,0.034585,0.0,0.034585,0.965415
188,319199732197973078769687558220972231917492453889455575179,25,475,475,0.066782,0.066782,0.0,0.066782,0.933218
188,381980473612089531334196860824416470009021634012423067737,25,457,457,0.019851,0.019851,0.0,0.019851,0.980149
188,256586033541357135375485125099595006467144223152458416503,25,378,378,0.087953,0.087953,0.0,0.087953,0.912047
188,353636550421510722509208696720104070107782240230147107101,25,526,526,0.033525,0.033525,0.0,0.033525,0.966475
189,408589902288642681578344276763041902416284671692080986377,25,440,407,0.006074,0.017171,0.084888,0.090962,0.909038
189,646628678273258141372517202145221034603557799378124614201,25,559,559,0.003677,0.003677,0.0,0.003677,0.996323
189,592635606571861287284224295593110454631652264655249578353,25,530,528,0.006919,0.004833,0.004833,0.011751999999999999,0.988248
189,650208432524537748605744087782608274999617116493579199513,25,627,618,0.017458,0.013664,0.022401,0.039859000000000006,0.960141
189,599419609079700662276957964472775050611343385405910300163,25,797,783,0.011356000000000002,0.006757,0.05712299999999999,0.068479,0.931521
189,591139658903332237066666950704418695507871569867166356959,25,517,517,0.027582,0.027582,0.0,0.027582,0.972418
189,759303095841708533868206131077305245572712516145789616107,25,440,440,0.07328,0.07328,0.0,0.07328,0.92672
189,723374087894581884780114042666006439305170047096296570421,25,441,420,0.005427,0.019836,0.043654,0.049081,0.950919
189,642089268364349919722039425710377324200681378773618660631,25,544,544,0.010415,0.010415,0.0,0.010415,0.989585
189,493458509028245692711455247191997853201057771326056542803,25,816,801,0.052041,0.029853,0.029853,0.081894,0.918106
189,775267771444101410063934578993845769575953505357992661799,25,822,822,0.060828,0.060828,0.0,0.060828,0.939172
189,525214235994067347101638348805237964788334546789415420243,25,655,648,0.003674,0.003413,0.003413,0.0070869999999999995,0.992913
189,510228484199873332122049098813102378921923672052464278333,25,443,443,0.056897,0.056897,0.0,0.056897,0.943103
189,630121824338129668949919059009823882545840337934822277567,25,715,699,0.030393,0.012185,0.06546700000000001,0.09586000000000001,0.9041399999999999
189,755634779781799121353112557954459602771587484582257255551,25,411,411,0.008596,0.008596,0.0,0.008596,0.991404
189,612172740703460905652990412541931502012476806243188854431,25,635,629,0.019165,0.010658,0.04636,0.065525,0.934475
189,530704707601162495384297467780173501132805319654798984003,25,458,433,0.025387,0.016353,0.058403,0.08379,0.91621
189,756916004872319657418986856461653189263814971681663763573,25,577,572,0.069163,0.043694,0.043694,0.112857,0.887143
189,490921607897052107753246264180398217237973784027521089099,25,450,445,0.011626,0.021734,0.042793,0.054418999999999995,0.945581
189,767702133245506513310164240704062695141079949461903447479,25,508,499,0.025345,0.007867,0.025882000000000002,0.051227,0.948773
190,1107697980005560535935691181882881481298971577503883545431,25,513,511,0.04314,0.022226,0.022226,0.065366,0.934634
190,1447718595714448727207173851527167403200700108585820235931,25,401,401,0.078492,0.078492,0.0,0.078492,0.921508
190,1067595819970828694093593212927706218036137678171084438953,25,506,479,0.020442,0.025973,0.14441600000000002,0.164858,0.835142
190,1236956916814563958009976698763228455869309463346857145209,25,444,424,0.014905000000000002,0.014777,0.143794,0.158699,0.841301
190,1303595662239872394152630143462469139534875953977955173719,25,959,953,0.029509,0.015397,0.033076,0.062585,0.937415
190,1436728764183159269584547372484560757421757510937607299719,25,426,426,0.096219,0.096219,0.0,0.096219,0.903781
190,1358738873900145804437909196195927584579190583894624729549,25,522,518,0.048837,0.017878,0.017878,0.066715,0.933285
190,1309414713325066973570726305039978280113478833538624990717,25,689,689,0.005425,0.005425,0.0,0.005425,0.994575
190,1119233946195882068749589393936438955574244336504433599743,25,534,534,0.085375,0.085375,0.0,0.085375,0.914625
190,1391390333131732070825024754648255205953706845753859235761,25,876,876,0.033876,0.033876,0.0,0.033876,0.966124
190,1219405195991088602219964475590713847204090579216876133247,25,688,688,0.019068,0.019068,0.0,0.019068,0.980932
190,1285952433782265124699401960911465263241667818151785942989,25,502,469,0.04893,0.024467,0.16872800000000002,0.21765800000000002,0.782342
190,936281692826227408663886118472398327211075139996831483807,25,467,460,0.065057,0.016564,0.016564,0.081621,0.9183790000000001
190,1495152348884655255748854019985088902044523205603769307549,25,506,506,0.055182,0.055182,0.0,0.055182,0.944818
190,1543054376408543181151756345226381442258117792563593031941,25,481,481,0.033851,0.033851,0.0,0.033851,0.966149
190,1197900039859831281860297786593556759105357856705065296097,25,369,369,0.139132,0.139132,0.0,0.139132,0.860868
190,1325762643789188253480076014106355323863094856768820242033,25,414,414,0.121098,0.121098,0.0,0.121098,0.878902
190,1549503894836788136271053205345052692884272523599834807513,25,515,513,0.036772,0.047804,0.047804,0.084576,0.915424
190,1371820001327266974371651800423316814650750283162857664521,25,384,384,0.068189,0.068189,0.0,0.068189,0.931811
190,1319759631078608755615705806993244756656084597458744780879,25,521,500,0.025236,0.019787,0.097934,0.12317,0.87683
191,2180877054471620294689724695606846212849552332318992940407,25,497,497,0.066077,0.066077,0.0,0.066077,0.9339230000000001
191,1606385381360148813307516689773707722363849418834436678389,25,418,418,0.027647,0.027647,0.0,0.027647,0.972353
191,2738991831553984659353836548560279154535043688289688027603,25,465,458,0.01259,0.012953,0.018969,0.031559000000000004,0.968441
191,2021640631374636353782008830324840969777513038468864748759,25,652,648,0.015432,0.015133,0.015133,0.030565000000000002,0.969435
191,2105598972222103150968007207241144213000505023620025661667,25,422,422,0.044287,0.044287,0.0,0.044287,0.955713
191,2954552227750152336095183292848417913001395070298811029879,25,615,609,0.025693,0.004275,0.004275,0.029968,0.970032
191,2604823021534871940153658516882468145972589783978202484923,25,499,499,0.04174,0.04174,0.0,0.04174,0.95826
191,2697799617327879157081712621189446951709202892838110789249,25,1093,1093,0.039316,0.039316,0.0,0.039316,0.960684
191,2749750578464362511041140809468842163052814508247072125809,25,709,702,0.008148,0.027776,0.027776,0.035924,0.964076
191,2810254725646498720414994000029322939731083303115400227283,25,624,595,0.015493999999999999,0.011298,0.08352799999999999,0.09902199999999999,0.9009780000000001
191,2919723125927389511356972449231841889026550065177689782341,25,632,606,0.050748999999999996,0.017768,0.15410899999999997,0.20485799999999996,0.795142
191,2384759410471810319375657922573509817577252181814221416381,25,543,543,0.07623,0.07623,0.0,0.07623,0.92377
191,2870902859138464144898136609805487079043674281379484515257,25,565,564,0.013371,0.007123,0.007123,0.020494,0.979506
191,2531428612228677358426023750691561085464553004835817283823,25,685,685,0.028741,0.028741,0.0,0.028741,0.971259
191,2569199376454128229458263634674647272803671413063904093681,25,483,469,0.023915,0.01657,0.035663,0.059578,0.940422
191,2077139403037075257284520813457747381680630617898050789129,25,582,582,0.016905,0.016905,0.0,0.016905,0.983095
191,2599527300982831600647840629042688948539972657946504879419,25,743,739,0.016799,0.008522,0.008522,0.025321000000000003,0.974679
191,2939945259852704861237884063321703407639606324099970984489,25,520,520,0.103287,0.103287,0.0,0.103287,0.896713
191,2806787067261975292631801717103764100516337005958274854877,25,907,904,0.013881,0.006192,0.020774,0.034655,0.965345
191,3102854422286895681399386946361481173908793767638701190957,25,535,535,0.0607,0.0607,0.0,0.0607,0.9393
192,6053136549975215707114861824618604186550967571524618556511,25,587,574,0.045126,0.051696,0.087978,0.133104,0.866896
192,5772223899679240100865858833866067485733365743633882768503,25,429,417,0.017282,0.052045,0.13171,0.14899199999999999,0.851008
192,4939008137476552065240184537828644764133517214756158762829,25,496,490,0.022167,0.028701,0.069969,0.092136,0.907864
192,6212435194276394115763543059243494938563033646586224859629,25,574,559,0.025279000000000003,0.021929,0.057300000000000004,0.08257900000000001,0.917421
192,3874204338182140753502701838530384426297759523506113427483,25,628,628,0.038742,0.038742,0.0,0.038742,0.961258
192,3347208880492337566130653746802735549578109517894379499733,25,785,784,0.041291,0.011331,0.011331,0.052622,0.947378
192,4306083721119286908591380042584606571729048503575164227711,25,507,496,0.019385,0.020726,0.057401999999999995,0.076787,0.9232130000000001
192,5163763031624406920207830805702663059843081289928205028959,25,626,626,0.046012,0.046012,0.0,0.046012,0.9539880000000001
192,6130364660359904866071451106195076205876004972250032444803,25,494,494,0.008438,0.008438,0.0,0.008438,0.991562
192,6254696907579855069014156880599952401895926775151729298633,25,580,580,0.037739999999999996,0.037739999999999996,0.0,0.037739999999999996,0.96226
192,4873661477686905481674696353544486097679453418713697857441,25,1093,1093,0.03557,0.03557,0.0,0.03557,0.96443
192,5412175546964427994074789034451167835889491793324688758467,25,799,789,0.010697,0.015369,0.02399,0.034687,0.965313
192,5910884209390437413999109263981667425861292837036749005609,25,578,576,0.040221,0.027564,0.027564,0.067785,0.932215
192,4621285287029859947459316813570982113322073918209718266019,25,559,559,0.088205,0.088205,0.0,0.088205,0.911795
192,5696283951894185144007889520249234417647198158940715431933,25,440,440,0.028638,0.028638,0.0,0.028638,0.971362
192,3683958575511235413756595798246241035800834295791075521963,25,463,463,0.052933,0.052933,0.0,0.052933,0.947067
192,4468006165118885684913086683109597497945491118316503789123,25,1043,1002,0.021251,0.017124,0.21142399999999995,0.23267499999999994,0.767325
192,5488497809815368048793079212529624026388526869419621039691,25,562,550,0.020977,0.008648,0.13927399999999998,0.16025099999999998,0.8397490000000001
192,5659542164522658766094858453465847140623734081033257305487,25,457,457,0.01557,0.01557,0.0,0.01557,0.98443
192,6149807903410653285967321465976396749348286539647506887699,25,638,635,0.031691,0.036163,0.036163,0.067854,0.932146
193,9905013207931875527529191960135739218017812814063208578531,25,663,629,0.027011999999999998,0.014721,0.11543099999999998,0.142443,0.857557
193,10100483858506872648422975068896319443064533148276380832169,25,694,674,0.017042,0.02931,0.091572,0.108614,0.891386
193,11663540999446197162723452607497563376895758675776898312369,25,546,534,0.048353999999999994,0.090794,0.121574,0.169928,0.830072
193,10897749645060145624874358483865606849691424744321528304937,25,565,562,0.018229,0.005368,0.011514,0.029743,0.970257
193,10565624405515099844116517970763527091130891790570283157137,25,488,488,0.093732,0.093732,0.0,0.093732,0.906268
193,12070921450587575263287627747872390786879378063838490617043,25,697,697,0.043822,0.043822,0.0,0.043822,0.956178
193,9664634974777947645604027278555623329607100282762834013441,25,509,509,0.017101,0.017101,0.0,0.017101,0.982899
193,12322960193874180073992358693327396906594292112230707610489,25,648,614,0.005599,0.005704,0.071387,0.076986,0.923014
193,8099708654360452993215966572101668396566826381629301683063,25,608,570,0.029331,0.027416,0.18911599999999995,0.21844699999999995,0.781553
193,11214351833369361189026414622248506634769198922661651441293,25,527,527,0.027252,0.027252,0.0,0.027252,0.972748
193,9128073803947130372484141505624445498586637123573747380151,25,441,441,0.031083,0.031083,0.0,0.031083,0.968917
193,11312813665303613237304198878301422628970319071234047845347,25,719,700,0.005277,0.004192,0.009992000000000001,0.015269000000000001,0.984731
193,11023902979621732752907862575267849055507922142544485438789,25,571,562,0.006994,0.013056,0.031146,0.03814,0.96186
193,11262927042730954176015822824963334235937052626560568007419,25,567,567,0.00787,0.00787,0.0,0.00787,0.99213
193,10857095320997612707420637232964945337144528989105797131153,25,816,816,0.053007,0.053007,0.0,0.053007,0.946993
193,10494271519339392909894195833014476236187539413566084429379,25,584,584,0.017448,0.017448,0.0,0.017448,0.982552
193,12278064626184964589595523842860542425676931971855436832259,25,610,610,0.020928,0.020928,0.0,0.020928,0.979072
193,8482872608322654051369609585269639790901351219221511846733,25,497,497,0.031629,0.031629,0.0,0.031629,0.968371
193,7306887098618586073076594877395470343989113832174839245017,25,574,555,0.021317,0.020305,0.020305,0.041622,0.958378
193,12409265929614063311478379725438459124196359168832063103151,25,479,478,0.087692,0.074724,0.074724,0.162416,0.837584
194,20683260459467499029277828805303888053838228828420773810227,25,676,674,0.008152,0.008913,0.008913,0.017065,0.982935
194,21350469721329597074134362589876985354717072338210358108849,26,398,398,0.075006,0.075006,0.0,0.075006,0.924994
194,18942954816325570836124528681131878336599202626159580306777,25,469,463,0.032014,0.027843,0.054234000000000004,0.086248,0.913752
194,24458941949583565962792372221933150989311549041638920536113,26,689,675,0.02558,0.012688,0.0828,0.10838,0.89162
194,21076672769905977070352813226874932564034530295953191284753,25,535,535,0.010559,0.010559,0.0,0.010559,0.989441
194,22249362777783306049117932825890593656249535237757916625729,26,442,418,0.03461,0.035733,0.061044999999999995,0.09565499999999999,0.904345
194,23203422452949787679074210878498136594954609999835899906157,26,610,603,0.019919,0.018372,0.028770999999999998,0.04869,0.95131
194,20868115815896194713106525621357671273079634596135616425361,25,625,619,0.034449,0.048368,0.074063,0.108512,0.8914880000000001
194,23192686299066524320738010687390362447126038875074169556253,26,613,605,0.012962,0.009741,0.040056,0.053018,0.946982
194,22340054129412896419322214973520037370083718012993281910367,26,418,418,0.007258,0.007258,0.0,0.007258,0.992742
194,23181673086820734631906360554899103585708564817833096064921,26,1289,1289,0.027215,0.027215,0.0,0.027215,0.972785
194,24582599091151675799091021479482934414662039688624223437687,26,426,426,0.016837,0.016837,0.0,0.016837,0.983163
194,25065435242975997360701202808292864499688676903327335870541,26,495,495,0.026647,0.026647,0.0,0.026647,0.973353
194,18390454080376419958677765335623388001794346466558675435283,25,548,544,0.021174,0.012004,0.012004,0.033178,0.966822
194,22922786508061659363842923473806512470282966011733435851431,26,1073,1042,0.001162,0.001997,0.006115,0.007277,0.992723
194,17061387184720152302891304554226083544383293835520188213651,25,467,443,0.094918,0.012657,0.17127900000000001,0.266197,0.733803
194,18618516616598255372519874377476542080222536021373325270311,25,464,464,0.172469,0.172469,0.0,0.172469,0.827531
194,21282237135538130116514856262480953933294724963389201954481,26,554,551,0.013014,0.019687999999999997,0.019687999999999997,0.032701999999999995,0.967298
194,20522969516655873169000695377445575228468042248954518479057,25,565,536,0.007843,0.00719,0.050692999999999995,0.05853599999999999,0.941464
194,14989350088210543607482262847185984320363092765497004877451,25,647,639,0.007715,0.00771,0.00771,0.015425,0.984575
195,43040604789452163741387408621112136409598757059035661677893,26,584,578,0.04094,0.018732,0.038325,0.079265,0.920735
195,49088991794939140574010539690236171966040109026993415914269,26,445,442,0.104104,0.05149,0.05149,0.155594,0.844406
195,48300749567102905436273718192442740995408307546941115427897,26,494,482,0.039442,0.050082,0.050082,0.08952399999999999,0.9104760000000001
195,48906073225085902924815189872988257194974124450370814611651,26,421,421,0.075384,0.075384,0.0,0.075384,0.924616
195,36863086582293400960306820600939234657564365893479938560799,26,734,706,0.0043,0.009264,0.038762,0.043061999999999996,0.956938
195,39520094337921324612196662792851626492332520911673811699729,26,885,885,0.007563,0.007563,0.0,0.007563,0.992437
195,48712327583936410948919472729136236367597407084610635272833,26,458,458,0.011851,0.011851,0.0,0.011851,0.9881489999999999
195,40655326120160876332407096732056168721873529846326635963177,26,449,435,0.023204,0.018945,0.087225,0.110429,0.889571
195,49535766793358394398954575009134138350900646325935636614543,26,585,573,0.068863,0.076335,0.125508,0.19437100000000002,0.8056289999999999
195,41862719142251391308296850055406978004299551713109836123227,26,582,576,0.026433,0.014407,0.014407,0.04084,0.95916
195,39425775947292327135017849550127493358385136125831647180659,26,469,456,0.031314,0.060189,0.060189,0.091503,0.908497
195,40030915462863037646967083275653053673838289093488559065567,26,612,598,0.036929000000000003,0.03552,0.03552,0.07244900000000001,0.927551
195,40570734708690516020996671408225641495385595046735671957119,26,459,459,0.053487,0.053487,0.0,0.053487,0.946513
195,40934085183179492462123851985126002111578252845347853305697,26,486,486,0.12814,0.12814,0.0,0.12814,0.87186
195,35128682060529629825193792168573153198841552039371874266881,26,455,446,0.013605,0.011907,0.011907,0.025512,0.974488
195,33386520498533519946398383478624977467807699443830033789513,26,580,580,0.030388,0.030388,0.0,0.030388,0.969612
195,40141148770606288794672640695647670636575757821310805897243,26,516,516,0.027328,0.027328,0.0,0.027328,0.972672
195,40490518455055723132909066555944613680023787528271085543291,26,564,564,0.052887,0.052887,0.0,0.052887,0.947113
195,47614627301874134935455529116186115164906112363136503150483,26,654,654,0.041892,0.041892,0.0,0.041892,0.958108
195,34473817038037491202068900808519350419613875057302440357481,26,602,602,0.004319,0.004319,0.0,0.004319,0.995681
196,95168415107121660560916881793289203952418490854465168975321,26,685,685,0.01477,0.01477,0.0,0.01477,0.98523
196,90009791547499984548910278716753576073152720702817059055901,26,511,498,0.040904,0.036289,0.036289,0.07719300000000001,0.9228069999999999
196,87459073763838296701927301523704259554148918532862184975629,26,551,551,0.035065,0.035065,0.0,0.035065,0.964935
196,70309503501777340343079821334567642537559966663221390472973,26,501,477,0.009662,0.036997,0.088784,0.098446,0.901554
196,95305038515393842196007534454562012255827385548443606952501,26,605,597,0.004084,0.005356,0.02951,0.033594,0.966406
196,82858880649466251495449216071414702109906561191821038787641,26,397,397,0.03233,0.03233,0.0,0.03233,0.96767
196,97083793852684433813008089400054003385653724507596918274297,26,684,663,0.005802,0.014022,0.044953,0.050755,0.949245
196,99466774561138218293682307547255032274447325955533021392447,26,486,486,0.030444,0.030444,0.0,0.030444,0.969556
196,62333097639089791343889610479116623630492359496474506120427,26,844,829,0.017687,0.009019,0.08408600000000001,0.101773,0.898227
196,98202769533374705029605057892210661368086364721024686834069,26,593,593,0.017117,0.017117,0.0,0.017117,0.982883
196,76205915167282914218102341674425274873438928127960827493699,26,787,784,0.062908,0.038489,0.038489,0.10139700000000001,0.898603
196,99735781901275954167800573841902347907225001572434442739617,26,680,680,0.037663,0.037663,0.0,0.037663,0.962337
196,75523924234554614323219474180414139839611222725124775536109,26,469,469,0.038573,0.038573,0.0,0.038573,0.961427
196,98856416133856584127753735193005691636012090201233990732729,26,443,428,0.03765,0.051703,0.111722,0.149372,0.8506279999999999
196,74465721503975476013420915082380026622357493970492148475923,26,621,621,0.038471,0.038471,0.0,0.038471,0.961529
196,93695083979722113939155057731935369089046162236564738423191,26,541,537,0.023342,0.020981,0.020981,0.044323,0.955677
196,77879392079591903526474505876698267670805166486636028530899,26,494,472,0.043581999999999996,0.019122,0.019122,0.062704,0.937296
196,84229306643800747300264590699152695007580757244203842094811,26,552,552,0.046272,0.046272,0.0,0.046272,0.953728
196,94030668663190317444347187347006250211939496898445186865789,26,840,817,0.005936,0.012073,0.026672,0.032608,0.967392
196,100248369583162082393739261464041339014101482772776091948201,26,438,431,0.028728,0.023517,0.053725999999999996,0.082454,0.917546
197,167659105655698882339508182915480992256595774433903924122623,26,1544,1534,0.018399,0.009663,0.0557,0.074099,0.925901
197,122449747198975822084132001235051055769374123302428745305941,26,652,652,0.0221,0.0221,0.0,0.0221,0.9779
197,157771390213784769025733801475620067885551276043484431320057,26,522,522,0.04808,0.04808,0.0,0.04808,0.95192
197,195362636325845913268639913567995093493514004135984307800363,26,573,551,0.057881999999999996,0.007638,0.201494,0.259376,0.740624
197,160328182105787324869078655378810538500450812696259544941773,26,496,496,0.09271,0.09271,0.0,0.09271,0.90729
197,184970800291752440068635983309521468062368504646083676644033,26,648,648,0.022431,0.022431,0.0,0.022431,0.977569
197,164144776080649194883406513297516553025716555924591056615183,26,435,431,0.026167000000000003,0.014538,0.025887,0.052054,0.947946
197,140818764650826975296987375129283355966942621459853255150479,26,564,564,0.018129,0.018129,0.0,0.018129,0.981871
197,189022387984517778950705123442972032908094852334290657306231,26,449,449,0.052806,0.052806,0.0,0.052806,0.947194
197,172220763612696405396243073018306035394484382521705030045911,26,445,438,0.015379,0.012505,0.031386,0.046765,0.953235
197,154481106607181704446691691500013964555830349483415881254479,26,744,743,0.022759,0.032292,0.032292,0.055051,0.944949
197,138116520840863501578382275910208792542013786200119809943421,26,465,465,0.020817,0.020817,0.0,0.020817,0.979183
197,128167436666847967508432921399395745683533771986744909507099,26,467,467,0.043573,0.043573,0.0,0.043573,0.956427
197,179430245545432323474984038609312519060231752952330260578973,26,644,644,0.008954,0.008954,0.0,0.008954,0.991046
197,164907321185035410613697079130730386934791247649211425433501,26,643,616,0.003147,0.003841,0.039081,0.042227999999999995,0.957772
197,149559974584198894049055200074096371180280008283748787845411,26,446,432,0.146131,0.045693,0.045693,0.191824,0.808176
197,141960287108387193832375793429518062558146806429474522246723,26,506,506,0.050144,0.050144,0.0,0.050144,0.949856
197,117962418323306660486403773161381103053143923297611666689523,26,462,462,0.014161,0.014161,0.0,0.014161,0.985839
197,159003940652452327574248903060253950134870172438916155070369,26,723,688,0.026491,0.010691,0.34137199999999995,0.36786299999999994,0.6321370000000001
197,186310928751907307724815625865601039478473930304908425333493,26,812,812,0.021498,0.021498,0.0,0.021498,0.978502
198,358800385741478548379741226608716034844371071935561085305833,26,623,617,0.029101,0.027167,0.027167,0.056268,0.943732
198,361832547229010809777991703475089455145922714751449984988413,26,419,415,0.081303,0.045541,0.045541,0.126844,0.873156
198,366234672716741757435258864069198637471462810470347219616629,26,688,679,0.009389,0.010498,0.016277,0.025666,0.974334
198,381944248262064685581254962871209750407378184907165945167889,26,559,559,0.023602,0.023602,0.0,0.023602,0.976398
198,354687072527494597410093290280585584399421663969934020853223,26,598,598,0.068734,0.068734,0.0,0.068734,0.931266
198,379245416457437245542302776449664948360818185536921628076539,26,432,432,0.035081,0.035081,0.0,0.035081,0.964919
198,276003453857523809899467677088049878845070200584331936691041,26,534,534,0.026325,0.026325,0.0,0.026325,0.973675
198,209990048987204577494427221770767574738889930041728156874193,26,577,577,0.031344,0.031344,0.0,0.031344,0.968656
198,256901948110234610129862767369945243180538397102365122358427,26,484,483,0.019799,0.080878,0.080878,0.100677,0.899323
198,392896855902880253325160541666344098709384930507930453171681,26,468,468,0.012167,0.012167,0.0,0.012167,0.987833
198,261148592887412956171116968549303549257459540886776423198739,26,509,508,0.009036,0.012807,0.012807,0.021843,0.9781569999999999
198,380307295207752593087679241538739081357344508076536875023627,26,597,574,0.071246,0.081342,0.16546499999999997,0.23671099999999998,0.763289
198,388299617663319746972489463784551990330983404458676571447693,26,517,496,0.013418,0.01033,0.051696,0.065114,0.934886
198,328573357774619762260295479993442675189590010826879831896677,26,534,519,0.006166,0.017792,0.023274,0.02944,0.97056
198,345095965742713044505246800463174842475462680793869138019261,26,453,453,0.041682,0.041682,0.0,0.041682,0.958318
198,292581670931790651470491827458218900376775743841380672403887,26,503,503,0.021323,0.021323,0.0,0.021323,0.978677
198,390539114582262272077001713638342490864897532470034331261247,26,491,473,0.077379,0.087783,0.087783,0.165162,0.834838
198,360504086773559647539204736208829484928785732049355565383643,26,395,395,0.024566,0.024566,0.0,0.024566,0.975434
198,235950558879078260282437419803935172239069320587333159451019,26,530,530,0.017713,0.017713,0.0,0.017713,0.982287
198,398227691324642613283526129594013507506766970246599454997939,26,659,643,0.021354,0.009839,0.017019,0.038373000000000004,0.961627
199,754357335704061312767906283574368857849729996361323767853021,26,540,540,0.10965,0.10965,0.0,0.10965,0.89035
199,740449135866891063702563724186205751814739503564925633250647,26,478,453,0.022274,0.0197,0.047163,0.069437,0.930563
199,783572025208462059459081331520531102495696274404533915350617,26,510,493,0.030824,0.032362,0.085197,0.116021,0.883979
199,689619749063096498116944459976173154436509257531702365821471,26,624,613,0.027724000000000002,0.018614,0.027753,0.055477,0.944523
199,792261444591087612509889756571590671010253289767476929883959,26,692,692,0.05467,0.05467,0.0,0.05467,0.94533
199,485165244720747932715066275346273892339756962905587028338027,26,452,452,0.081033,0.081033,0.0,0.081033,0.918967
199,701425127964276666799904563003747018572056891360383272760451,26,1119,1102,0.016529,0.054638,0.054638,0.071167,0.928833
199,790893896840481035276180066252113476643190200344778153065643,26,924,924,0.070181,0.070181,0.0,0.070181,0.929819
199,763536298621525364342165189094083117188952849209780027677679,26,601,593,0.041255,0.02031,0.054232,0.095487,0.904513
199,613617912594322713495151233564022371433770815044783317065269,26,827,827,0.018659,0.018659,0.0,0.018659,0.981341
199,701969238772333138157522384223588554623546191713496616248319,26,475,475,0.066345,0.066345,0.0,0.066345,0.933655
199,659743727985962787654640554658683537620374805989756454087933,26,679,679,0.017803,0.017803,0.0,0.017803,0.982197
199,690360274208079369250317450856211794224002008122073050016637,26,522,522,0.050918,0.050918,0.0,0.050918,0.949082
199,500887070634424955740905032565576942995006631697841024678317,26,521,521,0.024493,0.024493,0.0,0.024493,0.975507
199,562515533415072305976115813906881843805019952700501666255663,26,510,509,0.01114,0.008119,0.008119,0.019259,0.980741
199,687386421009493082281833809951506042909624825066468351426301,26,451,437,0.066854,0.021059,0.031053,0.097907,0.902093
199,627831828857047974697867855909832323916998184071016955354641,26,557,557,0.083655,0.083655,0.0,0.083655,0.916345
199,531493718748199409115070187956201803475378862922781030803881,26,499,499,0.038352,0.038352,0.0,0.038352,0.9616480000000001
199,764298723870080571982440894112670628624228896767629734930611,26,441,425,0.048356,0.063327,0.063327,0.111683,0.888317
199,563561550095967293743840793623207928679303836705271230763571,26,769,762,0.015008,0.011829,0.029109999999999997,0.044118,0.955882
200,1295789132477604807715877944458947246775511838525972200835657,26,631,631,0.043964,0.043964,0.0,0.043964,0.956036
200,1580265433117145949318612574335473147379586407902007615572209,26,560,553,0.011028,0.022406,0.022406,0.033434,0.966566
200,1031264165415914398404034296717937295434353057321618942293977,26,686,662,0.029232999999999995,0.027583,0.106587,0.13582,0.86418
200,942274183107708126744367799889859979943002828490182769563693,26,743,715,0.0083,0.030517,0.21855799999999997,0.22685799999999998,0.773142
200,1243256742262564810336975229173603901549307573958804818142771,26,585,568,0.023405,0.013487,0.023566,0.046971,0.953029
200,1332260463557925975266900697251791362056896106900938778652773,26,696,696,0.009648,0.009648,0.0,0.009648,0.990352
200,1534546510819566200886924830244913417667526810936895301477933,26,457,452,0.06424099999999999,0.012105,0.033829,0.09806999999999999,0.90193
200,1457315434423192483527568367362496447605043071246754450536801,26,567,567,0.044412,0.044412,0.0,0.044412,0.955588
200,1515478547137402687976907484166669091143375006869904371011019,26,580,580,0.042405,0.042405,0.0,0.042405,0.957595
200,1328401728722624823335450602027897002059084341229046226740677,26,501,500,0.010568,0.007343,0.007343,0.017911,0.982089
200,1069405338840333297089210313682851116995000495488370707114107,26,868,865,0.022073,0.008129,0.008129,0.030202,0.969798
200,1577668914616112972976239927299568044527242009386300299995513,26,993,993,0.033959,0.033959,0.0,0.033959,0.966041
200,924932144930952159695588929751342486737404577556159754527249,26,444,435,0.024611,0.022606,0.022606,0.047217,0.952783
200,1430455149298665257668430782969274466789353299446322896956953,26,484,475,0.0049,0.003821,0.015085000000000001,0.019985000000000003,0.980015
200,1471759896903796862187242593818058236014421372969552658348613,26,837,837,0.199583,0.199583,0.0,0.199583,0.8004169999999999
200,1024997524686414507856278528573582273997937245288256214142637,26,547,547,0.019345,0.019345,0.0,0.019345,0.980655
200,1269662956978065591146754145192337292773571460456699566030607,26,531,531,0.046047,0.046047,0.0,0.046047,0.953953
200,1251023694717248924976673861910298094342092199701445949798563,26,706,706,0.015183,0.015183,0.0,0.015183,0.984817
200,1165094867829338354631660035180329869977597764175158753523867,26,548,548,0.184237,0.184237,0.0,0.184237,0.815763
200,1245161625256545119714043746004026254459007086115269518670777,26,662,661,0.00766,0.024422,0.024422,0.032082,0.9679180000000001
