Bit_length,N,Lattice_dimension,|b_op - t|^2,|vbest - t|^2,P(b_op),P(vbest),P(|vnew - t|^2 < |b_op - t|^2),P(|vnew - t|^2 <= |b_op - t|^2),P(|vnew - t|^2 > |b_op - t|^2)
150,1268771206145175299492684899681878877410684841,21,728,728,0.029132,0.029132,0.0,0.029132,0.970868
150,1403762530472620237905076428332939916844331359,21,310,297,0.04844,0.043794,0.069395,0.117835,0.882165
150,918882917500502786903408324526441238854631741,21,407,397,0.024745,0.017222,0.017222,0.041967000000000004,0.958033
150,1044411862674117053622929515451672202864979129,21,397,397,0.034764,0.034764,0.0,0.034764,0.965236
150,1199592981228806239321120961178599459097610483,21,601,601,0.003838,0.003838,0.0,0.003838,0.996162
150,912632394066698132144971044037258218777602291,21,384,384,0.051906,0.051906,0.0,0.051906,0.948094
150,1033085278351720441874660444922199074374033881,21,454,454,0.006728,0.006728,0.0,0.006728,0.993272
150,1039667922595230805682141254323399644574814367,21,704,702,0.051602,0.160861,0.160861,0.212463,0.7875369999999999
150,1076261801716221769627743498540654753005411033,21,605,584,0.014742,0.013203,0.155551,0.170293,0.829707
150,868981675879730421007669707059890716656754209,21,391,391,0.025104,0.025104,0.0,0.025104,0.974896
150,1198940008513470371886998720870433706529677289,21,318,309,0.030376,0.030621,0.163383,0.19375900000000001,0.806241
150,1001065868810988745766471076060380006588792189,21,391,391,0.02256,0.02256,0.0,0.02256,0.97744
150,1018523197675518130041140861676478171959383813,21,315,315,0.138955,0.138955,0.0,0.138955,0.8610450000000001
150,999406335763551690568793874408994581594369181,21,305,305,0.146128,0.146128,0.0,0.146128,0.853872
150,1386649915270975663546803936212330370020386207,21,333,333,0.024145,0.024145,0.0,0.024145,0.975855
150,1252835724482748605844023934169349660374906087,21,379,379,0.065914,0.065914,0.0,0.065914,0.934086
150,1420753685420564064872708676390123998125705549,21,349,349,0.084133,0.084133,0.0,0.084133,0.915867
150,1076920912535396901213842625717381087368331181,21,417,417,0.017015,0.017015,0.0,0.017015,0.982985
150,1124397583306701037985991208303905429810161357,21,352,352,0.030311,0.030311,0.0,0.030311,0.969689
150,1130353955473240791783568532060655958732460941,21,408,408,0.059495,0.059495,0.0,0.059495,0.940505
151,2363319035074246419340419055739401443130238059,21,544,505,0.020547,0.003212,0.147361,0.167908,0.832092
151,2471201957583473321167345886570639941825218311,21,396,396,0.017394,0.017394,0.0,0.017394,0.982606
151,2315715608364087921901708175621836301416617007,21,292,292,0.014122,0.014122,0.0,0.014122,0.985878
151,2763171157217537386323259861099914830334818519,21,613,595,0.01015,0.007532,0.007532,0.017682,0.982318
151,1758775630326182635026447808028302358291781499,21,296,296,0.034977,0.034977,0.0,0.034977,0.965023
151,2188378164211148987192836592303698338909975503,21,332,318,0.024839,0.024055,0.024055,0.048894,0.951106
151,1829627983140478483810934234803641664206450619,21,355,355,0.020238,0.020238,0.0,0.020238,0.979762
151,1569735030968914361557174823910579735657956107,21,310,304,0.106212,0.06067,0.06067,0.166882,0.833118
151,2843239852874861508784440371081621911410347591,21,581,581,0.011673,0.011673,0.0,0.011673,0.988327
151,2624675574003230296718034974584383454961661761,21,577,577,0.011076,0.011076,0.0,0.011076,0.988924
151,1746328694271824837631752461766830788699201941,21,497,492,0.010904,0.009686,0.012236,0.02314,0.97686
151,2456234120258232727729365675070691784694223131,21,661,651,0.021102,0.013629,0.024421999999999996,0.045523999999999995,0.954476
151,2689914182894566195371701173819301836708498979,21,414,397,0.03023,0.00752,0.108678,0.138908,0.861092
151,2472879649799491864465871187917726124213054643,21,388,383,0.005951,0.008299,0.008299,0.01425,0.98575
151,2641928437820330089399895839369416426912654047,21,603,596,0.038459,0.028993,0.028993,0.067452,0.932548
151,2217024583566038902931835040749210710155293863,21,329,329,0.042241,0.042241,0.0,0.042241,0.957759
151,2795955547593262531562466415054318143278579719,21,418,393,0.007247,0.007965,0.07669200000000001,0.08393900000000001,0.916061
151,2754384674264655946791346511962590129499967297,21,527,527,0.013298,0.013298,0.0,0.013298,0.986702
151,1922698035563121141756137662031262831101446511,21,321,321,0.004582,0.004582,0.0,0.004582,0.995418
151,2578633082003778088940013102956628479805360761,21,526,526,0.010164,0.010164,0.0,0.010164,0.989836
152,3650146379785934850995660671580553841765454981,21,332,327,0.024871,0.039626,0.072336,0.097207,0.902793
152,4447694107941335768274189003948589146948883409,21,397,397,0.092141,0.092141,0.0,0.092141,0.907859
152,5304044781028480773455459789567804501864780699,21,391,379,0.06583,0.0077,0.0077,0.07353,0.92647
152,5225791236691602749703859113684043992716841463,21,404,404,0.073163,0.073163,0.0,0.073163,0.926837
152,5425403301002418901669361546561888615280596761,21,404,374,0.027281999999999997,0.010412,0.104313,0.131595,0.868405
152,5202335230032226630491022567996748864390119873,21,446,446,0.056521,0.056521,0.0,0.056521,0.943479
152,4003774395708740189647636396775460720094087057,21,338,333,0.012681,0.002386,0.002386,0.015067,0.984933
152,5276249290787396224699127825641594167433771223,21,372,372,0.019877,0.019877,0.0,0.019877,0.980123
152,4381176969443188923764265381058182084891594073,21,455,455,0.042968,0.042968,0.0,0.042968,0.957032
152,5541991812747053012003965966406093820220699999,21,301,301,0.153553,0.153553,0.0,0.153553,0.846447
152,5648300508047326241541247933495397085050508533,21,379,379,0.032181,0.032181,0.0,0.032181,0.967819
152,4837654055687374110886315087296888936559582543,21,331,291,0.06178500000000001,0.020853,0.11188000000000001,0.173665,0.826335
152,3169527753809835033737422227494034075208154897,21,365,365,0.011992,0.011992,0.0,0.011992,0.988008
152,4751384359859390003700613749548751936187354063,21,353,353,0.061609,0.061609,0.0,0.061609,0.938391
152,5115713692797196694227360148049458957592665221,21,314,307,0.062266,0.01907,0.112827,0.175093,0.8249070000000001
152,5377906651632174967507002058972880963848446937,21,461,451,0.03363,0.005507,0.005507,0.039137,0.960863
152,4794192939950703723191510856383251915586655239,21,375,375,0.08303,0.08303,0.0,0.08303,0.91697
152,4098436965705153817981088577951066512799793241,21,486,467,0.080044,0.096192,0.096192,0.176236,0.8237639999999999
152,4397317578261604652631366972202456990923173239,21,607,602,0.014445,0.007328,0.007328,0.021773,0.978227
152,5641409895201969238429625932613600677431973529,21,369,358,0.066077,0.065355,0.112743,0.17881999999999998,0.82118
153,7688734886215973313958737522072259896979469359,21,488,488,0.039228,0.039228,0.0,0.039228,0.960772
153,9965367899123149749669237053467022764500819709,21,364,340,0.005234,0.004913,0.024416,0.02965,0.97035
153,8648715940089396413954292296253489279668879831,21,364,355,0.037092,0.050007,0.068511,0.105603,0.894397
153,9992486217185404533285574560152593379868586411,21,312,303,0.068779,0.023033,0.023033,0.091812,0.908188
153,8752395201001776336645971436266201719253038903,21,273,273,0.026483,0.026483,0.0,0.026483,0.973517
153,10307828778112676279744687232183733883997747787,21,304,304,0.041997,0.041997,0.0,0.041997,0.958003
153,8927473020776419491333060829150295244420281503,21,499,462,0.031601000000000004,0.004419,0.13840500000000003,0.17000600000000005,0.8299939999999999
153,7853849523366438727173539795218496833560636149,21,509,489,0.05435899999999999,0.006974,0.089433,0.14379199999999998,0.8562080000000001
153,8674604146514496475964987674111780570888473743,21,283,283,0.017107,0.017107,0.0,0.017107,0.982893
153,8982522494550749295857332138146435777716539013,21,326,326,0.028874,0.028874,0.0,0.028874,0.971126
153,7465338556163117004724110416934405812498881597,21,443,443,0.051588,0.051588,0.0,0.051588,0.948412
153,9002256784614521734062834292945636253381789701,21,482,471,0.039422,0.035399,0.035399,0.074821,0.925179
153,9730043924092499024899737640031060516457357727,21,518,518,0.086351,0.086351,0.0,0.086351,0.913649
153,7772785559916630760629013439531712505833223283,21,335,335,0.102493,0.102493,0.0,0.102493,0.897507
153,6331403492532550906969515225158616949065412553,21,348,340,0.013658,0.03201,0.03201,0.045668,0.954332
153,9499729964075602707801866275682306216169333647,21,580,580,0.033252,0.033252,0.0,0.033252,0.966748
153,10623137933847890583214243354934109612727566337,21,398,398,0.034941,0.034941,0.0,0.034941,0.965059
153,8298489176359263229418112630907164868713161869,21,425,425,0.057331,0.057331,0.0,0.057331,0.942669
153,10423403876173039960502215978962041272294895987,21,351,351,0.013251,0.013251,0.0,0.013251,0.986749
153,11331438524408402513759859710883003140234689001,21,566,555,0.004061,0.015894,0.05133599999999999,0.055396999999999995,0.944603
154,20144352470088160067192230120293841747066127093,21,398,394,0.01729,0.004532,0.004532,0.021822,0.978178
154,13741129409913179912586613425642421907057677927,21,331,331,0.237966,0.237966,0.0,0.237966,0.762034
154,22555697926472858658256090868373281917048139777,21,484,480,0.006659,0.002372,0.020781,0.02744,0.97256
154,21622466558921334027105350728738281221011715713,21,470,470,0.043412,0.043412,0.0,0.043412,0.956588
154,22717282832414613486487854671615889194348202509,21,432,432,0.024396,0.024396,0.0,0.024396,0.975604
154,15553662272752172389304818266535674850670048197,21,324,324,0.018296,0.018296,0.0,0.018296,0.981704
154,16287234057599780494928529944429983938735953333,21,356,338,0.038434,0.004369,0.024252,0.062686,0.937314
154,20227306669577710217883266196429106847542507013,21,591,591,0.010942,0.010942,0.0,0.010942,0.989058
154,18361999857484992568400964915559137162309312233,21,359,359,0.013017,0.013017,0.0,0.013017,0.9869829999999999
154,17615067981495998635949724796624661825505231481,21,515,475,0.025996,0.034001,0.366317,0.392313,0.607687
154,16965780184675510815549338206501125311473383031,21,416,416,0.003537,0.003537,0.0,0.003537,0.996463
154,17145713058305669983102778787612006911670513347,21,475,452,0.081926,0.012471,0.012471,0.094397,0.905603
154,20285317985568063024579677341972941193428143231,21,300,300,0.070994,0.070994,0.0,0.070994,0.929006
154,19892574816341431255761561129070142233703448899,21,484,484,0.047243,0.047243,0.0,0.047243,0.952757
154,14482484907695104154754286426816369245597742123,21,429,429,0.018489,0.018489,0.0,0.018489,0.981511
154,21308599822779449843544699903616188167691769657,21,446,427,0.023280000000000002,0.022781,0.022781,0.046061000000000005,0.953939
154,19652552707990061015357354059734076466348869901,21,368,368,0.014027,0.014027,0.0,0.014027,0.985973
154,15836062588559999481222001755306755400249974411,21,351,348,0.038848,0.038979,0.038979,0.07782700000000001,0.922173
154,17640605793899812190237760431948486244893089589,21,390,390,0.015239,0.015239,0.0,0.015239,0.984761
154,13200322048523091361380223530828151918467232499,21,285,277,0.007335,0.003448,0.003448,0.010783000000000001,0.989217
155,31340595875958809044343360964929799034189512361,21,438,436,0.097998,0.013245,0.013245,0.11124300000000001,0.888757
155,33883679322606457824492978417378120332359598171,21,356,350,0.080834,0.014481,0.014481,0.09531500000000001,0.904685
155,38431961138800983210425437779183955699273663877,21,536,536,0.037178,0.037178,0.0,0.037178,0.962822
155,44842574992398006827792831817449122409176524571,21,385,377,0.006493,0.002868,0.00681,0.013302999999999999,0.986697
155,44479412022428483167051033854365771430317272061,21,544,544,0.012142,0.012142,0.0,0.012142,0.987858
155,39653904137769014668557378511260469269135182431,21,326,299,0.014134,0.014889,0.096721,0.11085500000000001,0.889145
155,36615548944643269126239193831815135044946113087,21,338,329,0.090771,0.050017,0.050017,0.140788,0.859212
155,35728624388846244763032748679732750007278619919,21,328,328,0.024146,0.024146,0.0,0.024146,0.975854
155,39471143362465673450737740007926815837598407923,21,455,439,0.021030999999999998,0.002278,0.032435,0.053466,0.946534
155,43620356160753924413764228467447052158522613007,21,452,431,0.038726,0.016613,0.016613,0.055339,0.944661
155,29666396188587728462615862057347321613786496027,21,547,545,0.044337,0.003646,0.003646,0.047983,0.952017
155,41677893527522320684434778067984642792936350873,21,527,494,0.009837,0.013503,0.07685,0.086687,0.913313
155,32675536969479286942701324674137910119680337459,21,332,332,0.175652,0.175652,0.0,0.175652,0.824348
155,44919866654372607559021538428305729263662282117,21,528,528,0.124037,0.124037,0.0,0.124037,0.875963
155,36452200589072916411983425394632165549777886227,21,468,468,0.034966,0.034966,0.0,0.034966,0.965034
155,33203524258924130270853246380045741567145994259,21,443,434,0.084318,0.057722,0.057722,0.14204,0.8579600000000001
155,36946503351030864812990481678628454987070959527,21,394,364,0.023708,0.011349,0.17501199999999997,0.19871999999999998,0.80128
155,44458044889519333576801527839740244268692202469,21,636,623,0.009008,0.007697,0.047376,0.056384000000000004,0.943616
155,36744155090184780124393526442075144163055399837,21,366,366,0.016877,0.016877,0.0,0.016877,0.983123
155,32611265262434541992311659835491097552848382807,21,277,277,0.013485,0.013485,0.0,0.013485,0.986515
156,58842411492108631901824870167723622565249820361,21,541,541,0.017141,0.017141,0.0,0.017141,0.982859
156,58647263901409677188415888297848821138605832667,21,353,338,0.014457,0.111612,0.111612,0.12606900000000001,0.873931
156,60691833191625566815713087621249445278906020923,21,443,443,0.02862,0.02862,0.0,0.02862,0.97138
156,83500911560012017920943706628836329963659227611,21,420,420,0.018193,0.018193,0.0,0.018193,0.981807
156,79699952235555146846014724188269022467857700953,21,458,450,0.016263,0.00496,0.00496,0.021223,0.978777
156,68617923715717279114730426060969764483412652871,21,562,562,0.016027,0.016027,0.0,0.016027,0.983973
156,70292815550175575334435593661308688973972707499,21,329,324,0.028394,0.035597,0.035597,0.06399099999999999,0.936009
156,88395906091853951743306426033388820009527178553,21,334,334,0.074528,0.074528,0.0,0.074528,0.925472
156,58490997193338963447736793476829606786651843411,21,361,361,0.037497,0.037497,0.0,0.037497,0.962503
156,88153376653160901709431525294744255033299399513,21,438,438,0.019565,0.019565,0.0,0.019565,0.980435
156,83749952449871415989936799658384575288153567857,21,493,493,0.033703,0.033703,0.0,0.033703,0.966297
156,63215896343305696798861673825073441341593157323,21,286,286,0.014106,0.014106,0.0,0.014106,0.985894
156,68367618624389291832609274122568807692737410747,21,344,344,0.026791,0.026791,0.0,0.026791,0.973209
156,85976042848566498516350067546598036064176697617,21,456,454,0.011939,0.013716,0.013716,0.025655,0.974345
156,77050956204250174763972617362140681574229342091,21,728,728,0.06607,0.06607,0.0,0.06607,0.93393
156,67397778703558464646892241700035691887301648579,21,550,550,0.030926,0.030926,0.0,0.030926,0.969074
156,82158015067987949738815070788850184671973579587,21,403,403,0.02138,0.02138,0.0,0.02138,0.97862
156,55015423047501982644190563451191716439122432951,21,383,382,0.008343,0.00607,0.00607,0.014412999999999999,0.985587
156,85336908532608541436048263259686225667526362047,21,607,607,0.065248,0.065248,0.0,0.065248,0.934752
156,56731211956952175175952662358019177731725234237,21,380,380,0.011097,0.011097,0.0,0.011097,0.988903
157,120282166308024689728299980121863747670916310267,21,434,434,0.02314,0.02314,0.0,0.02314,0.97686
157,120820017068622794622130921127946349513431310843,21,531,507,0.009816,0.009680999999999999,0.061251999999999994,0.07106799999999999,0.928932
157,160354239376266933764514100701359388571858132879,22,426,426,0.054615,0.054615,0.0,0.054615,0.945385
157,178540342865713130388740603822271194677254392441,22,404,400,0.031661,0.013155,0.013155,0.044816,0.955184
157,133758242352280888913921190835052846329897153133,21,484,475,0.012654,0.021474,0.021474,0.034128,0.965872
157,119751792167523699090520105500834166573709024723,21,351,351,0.107729,0.107729,0.0,0.107729,0.892271
157,142866301722166299614859219990227501097218329553,21,429,420,0.018829,0.005794,0.015204,0.034033,0.965967
157,159460056477105651797755450704992108220297439993,22,353,353,0.024931,0.024931,0.0,0.024931,0.975069
157,129765827297228317584448178357227745213663923673,21,452,443,0.008364,0.010099,0.017944,0.026308,0.973692
157,153041151061952724068377978141007513960278537129,21,515,504,0.02635,0.030851,0.039779,0.066129,0.933871
157,112556148137934308610401610728139436816885032007,21,331,331,0.037795,0.037795,0.0,0.037795,0.962205
157,155016348949192392834761783400231900623445364769,21,555,520,0.007604,0.024312,0.17418099999999997,0.18178499999999997,0.818215
157,165332485530732496445379876290371501984439220227,22,392,392,0.010047,0.010047,0.0,0.010047,0.989953
157,173008319555191101708826910175525434497734262397,22,287,287,0.005666,0.005666,0.0,0.005666,0.994334
157,143078279358113528954735774091416278002769110083,21,576,544,0.006046,0.004699,0.056503000000000005,0.06254900000000001,0.937451
157,139537309577365933739952691194841985292959417899,21,283,283,0.024527,0.024527,0.0,0.024527,0.975473
157,150381007425703993922643997626233047809831195563,21,319,304,0.030552,0.010436,0.033239,0.063791,0.936209
157,125414534553540336555987249708054473022979850233,21,352,352,0.086606,0.086606,0.0,0.086606,0.913394
157,100495160702135079890032717344114075262462068991,21,344,344,0.101126,0.101126,0.0,0.101126,0.898874
157,126081296153973360472994917714723398699218116441,21,780,772,0.010586,0.004458,0.021934000000000002,0.03252,0.96748
158,244084876567438940415979589793753210761831799169,22,393,390,0.054743,0.029041,0.029041,0.083784,0.916216
158,311889364802148711770367329783808121108240984963,22,427,425,0.055849,0.020275,0.020275,0.076124,0.923876
158,315552892616518612169009766705743992617805242163,22,292,292,0.126435,0.126435,0.0,0.126435,0.873565
158,364568451629159625851465545891850771901219214163,22,374,371,0.053052,0.032566,0.032566,0.085618,0.914382
158,213880798395599609631736184456759089379285659049,22,435,435,0.014616,0.014616,0.0,0.014616,0.985384
158,364596676892949119436289041863521153445811753029,22,520,520,0.026147,0.026147,0.0,0.026147,0.973853
158,215840103126036545942721515629965329944602697057,22,572,561,0.014787,0.010928,0.052292000000000005,0.067079,0.932921
158,259043540185824666457272444893607678141566205487,22,346,346,0.019447,0.019447,0.0,0.019447,0.980553
158,311426830077414386887481553693471517445014703609,22,373,367,0.033,0.003852,0.037829,0.070829,0.929171
158,220678872755010770809359894948879428023872635453,22,355,352,0.022088,0.020958,0.020958,0.043046,0.956954
158,324273864736092445034262802970079797120470198979,22,439,439,0.121924,0.121924,0.0,0.121924,0.878076
158,335973439137660892963362517099047189556286786761,22,323,323,0.015872,0.015872,0.0,0.015872,0.984128
158,282449349227109527988465852865060163003324312407,22,324,324,0.0338,0.0338,0.0,0.0338,0.9662
158,208746167169143822300193643710778500356712398063,22,467,462,0.016735,0.006532,0.013503999999999999,0.030239,0.969761
158,334111037801880478290657958251924991420673909189,22,488,488,0.017956,0.017956,0.0,0.017956,0.982044
158,278758463930102758470340608089823158233270489379,22,355,319,0.053493,0.014278,0.087658,0.141151,0.858849
158,334359694784871699894821359716571301393005547539,22,411,399,0.066874,0.020636,0.052313000000000005,0.11918700000000002,0.880813
158,266330340319030988935371369155445034828168547083,22,372,372,0.006833,0.006833,0.0,0.006833,0.993167
158,304296786548695733429639288499877719781617137947,22,580,580,0.064393,0.064393,0.0,0.064393,0.935607
158,363187749995613157299748064319278147359621272623,22,662,662,0.013496,0.013496,0.0,0.013496,0.986504
159,686564447258462630098219799118347627120122126259,22,495,495,0.013976,0.013976,0.0,0.013976,0.986024
159,589551271893462661314759463097397605089591304053,22,483,483,0.027287,0.027287,0.0,0.027287,0.972713
159,631182522272441179585206326884145264567358144641,22,318,300,0.025176,0.019048,0.036697,0.061873,0.938127
159,436106084503182412560423534629337392438805726397,22,508,508,0.009881,0.009881,0.0,0.009881,0.990119
159,614365874960561724255698902936314085451009978123,22,438,426,0.019656,0.015727,0.049912,0.06956799999999999,0.930432
159,652808814800014009591626662453549818193223047839,22,675,675,0.047507,0.047507,0.0,0.047507,0.952493
159,431497693573687811342235449780503037093880478249,22,422,422,0.03589,0.03589,0.0,0.03589,0.96411
159,641417960009003073536715539762385574694132608057,22,318,318,0.011816,0.011816,0.0,0.011816,0.988184
159,556755493522333610334550996104356886728067513937,22,446,446,0.06443,0.06443,0.0,0.06443,0.93557
159,518738300042543123329242792010704876266634471203,22,531,512,0.023666,0.033237,0.033237,0.056903,0.943097
159,622775601463755434010798895296308923399679148479,22,370,367,0.009519,0.002226,0.016051,0.02557,0.97443
159,721092743353983610239239300767561842232656810121,22,371,371,0.048584,0.048584,0.0,0.048584,0.951416
159,725700541872878647978311987906512435448724917323,22,360,344,0.029776,0.010399,0.137217,0.166993,0.833007
159,680792306276738068787445684933623704836521586517,22,402,402,0.027812,0.027812,0.0,0.027812,0.972188
159,609838293034917899422422535971964737888944079431,22,564,554,0.011121,0.026354,0.06944399999999999,0.080565,0.919435
159,500003566005968344293642166685142120533963613397,22,375,366,0.010345,0.033239,0.11499100000000001,0.125336,0.874664
159,672585552363075626030436013518741587083784197091,22,956,956,0.01942,0.01942,0.0,0.01942,0.98058
159,667853203575891446356676483576275288677930218477,22,369,369,0.014919,0.014919,0.0,0.014919,0.985081
159,452729177399062213984412625994093209513957053659,22,491,490,0.004734,0.012856,0.012856,0.01759,0.98241
159,718517666115847144224280227758502807408113808437,22,604,595,0.007536999999999999,0.004534,0.004534,0.012070999999999998,0.9879290000000001
160,1115913240165002032294944939882858364194015937199,22,356,337,0.008139,0.009444,0.04672,0.054859,0.945141
160,1440912770676709848638629792376134253525608074541,22,628,626,0.01017,0.015522,0.015522,0.025692,0.974308
160,933815358984064483011197510331330335221655664157,22,410,404,0.024598,0.015806,0.07055499999999999,0.09515299999999999,0.904847
160,969243323728712475535486623630623651719920512731,22,368,368,0.210985,0.210985,0.0,0.210985,0.789015
160,1076466504888089627494905309713319219664710433643,22,374,373,0.043193999999999996,0.036742,0.036742,0.079936,0.920064
160,1421116437931458286969196379690998986504855152749,22,564,553,0.014007,0.011886,0.040443,0.05445,0.94555
160,1172553592352544090305146581654443943982800468347,22,384,384,0.050935,0.050935,0.0,0.050935,0.949065
160,909793617870750937141425081136809004936031725807,22,846,837,0.034216,0.020014,0.027196,0.06141200000000001,0.938588
160,1057437110620229076506102833609193814696668318251,22,409,408,0.034601,0.01078,0.01078,0.045381,0.954619
160,1272489506939449407441353102540516266393948251787,22,392,392,0.01151,0.01151,0.0,0.01151,0.98849
160,1080313044916089688695708805273339794814591207951,22,334,334,0.034567,0.034567,0.0,0.034567,0.965433
160,1149353867679185877473020663684612261737991945873,22,322,316,0.045474,0.026448,0.026448,0.071922,0.928078
160,983949157142389589790721652739207946878875195771,22,355,349,0.02796,0.035734,0.035734,0.063694,0.936306
160,1361143599389480694086689546211220334021828686817,22,405,405,0.091289,0.091289,0.0,0.091289,0.908711
160,1021091838147883904869937336936298707335596006313,22,467,448,0.023783000000000002,0.001331,0.10995300000000001,0.13373600000000002,0.8662639999999999
160,1294988162211010208686476509915675738782236322669,22,401,401,0.132418,0.132418,0.0,0.132418,0.867582
160,1122941529731570548110403398235866601161586536011,22,350,350,0.044356,0.044356,0.0,0.044356,0.955644
160,1432805530443255062195929071604085524855630107221,22,361,361,0.033735,0.033735,0.0,0.033735,0.966265
160,1153032896620140114746318270771321999716861546507,22,437,437,0.030555,0.030555,0.0,0.030555,0.969445
160,964310714558373662737593657033125267637818078167,22,374,361,0.012537,0.019802,0.055697,0.068234,0.931766
161,2549342994142969438502207735324263431486603124709,22,349,349,0.036728,0.036728,0.0,0.036728,0.963272
161,2681100216348215889829625802961254331665674276717,22,434,433,0.009599,0.002552,0.002552,0.012151,0.987849
161,2880298692764464678292391755309173496702002183049,22,454,454,0.008387,0.008387,0.0,0.008387,0.991613
161,1772591985057680454231176923477927954936575167497,22,298,298,0.084166,0.084166,0.0,0.084166,0.915834
161,2083705746610030102470078930728254734269258767559,22,405,405,0.036878,0.036878,0.0,0.036878,0.963122
161,2592051223899969308896255211589583595849607840917,22,531,522,0.019594,0.012794,0.054481,0.074075,0.925925
161,1964444950659050423101133436896095725128026615861,22,320,320,0.005759,0.005759,0.0,0.005759,0.994241
161,2664894503748551145754658751022334263049302504109,22,410,396,0.033084,0.015042,0.021718,0.054802000000000003,0.945198
161,2890667027374661591725712210164725411830649644971,22,453,453,0.025371,0.025371,0.0,0.025371,0.974629
161,2315237919643127678001317504649602348775135239989,22,419,419,0.051653,0.051653,0.0,0.051653,0.948347
161,2263615665739021443959839330064499024174205984757,22,355,353,0.10396,0.044547,0.044547,0.148507,0.851493
161,2715737041694779962072587570440702427479596688267,22,412,399,0.01444,0.023335,0.039688,0.054128,0.945872
161,2242913431855633380375884470582819076336280851693,22,563,563,0.015867,0.015867,0.0,0.015867,0.984133
161,2196055705110050413211594819707917380387387874647,22,478,478,0.029702,0.029702,0.0,0.029702,0.970298
161,2386559963764208317133465196705396071874399113177,22,454,454,0.037744,0.037744,0.0,0.037744,0.962256
161,2496018222066887071360307538619052262154796275933,22,460,451,0.025055,0.037675,0.037675,0.06273000000000001,0.93727
161,2643999513168057204584957107582487653622472397817,22,473,473,0.013517,0.013517,0.0,0.013517,0.986483
161,2635743115320503461112643487699959884803825828717,22,412,412,0.07012199999999999,0.07012199999999999,0.0,0.07012199999999999,0.929878
161,2825605982926347409937517778879057613012900909681,22,434,433,0.003163,0.003649,0.003649,0.006812,0.993188
161,1945681273593238791686785823639092496168175333883,22,455,455,0.013156,0.013156,0.0,0.013156,0.986844
162,5142726192263316119305765044724202366191059020131,22,431,431,0.040302000000000004,0.040302000000000004,0.0,0.040302000000000004,0.9596979999999999
162,4356714020119985091707387224305757015484033268083,22,354,354,0.130634,0.130634,0.0,0.130634,0.869366
162,5760088733269586802798761031015562375783053998981,22,411,399,0.057935,0.037528,0.037528,0.09546299999999999,0.904537
162,5126536210830929842911126218863559555593079772241,22,462,449,0.014297,0.006001,0.008646000000000001,0.022943,0.977057
162,4355984306317180250941284630714493550289288293197,22,529,529,0.027351,0.027351,0.0,0.027351,0.972649
162,5372238624316637074604877264416233805336449398107,22,393,381,0.013207,0.01186,0.049583,0.06279,0.93721
162,3370953511586955617438834489704567964510236112387,22,366,348,0.016747,0.043217,0.08538799999999999,0.10213499999999999,0.897865
162,5654048134438701321190467092520015125597334765619,22,929,919,0.007029,0.005153,0.0072569999999999996,0.014286,0.985714
162,5347560175544712010315634817224870510859508906709,22,426,426,0.093461,0.093461,0.0,0.093461,0.906539
162,5736419416140119735836049169364015628764346059723,22,814,797,0.00807,0.003855,0.017818000000000004,0.025888000000000005,0.974112
162,4650109252981784028797300655435682334415722439709,22,507,504,0.047,0.011316,0.011316,0.058316,0.941684
162,4851575313540019468754262146798472592699356416503,22,445,445,0.022222,0.022222,0.0,0.022222,0.977778
162,4620052361353557581946034404083231874642184874639,22,470,462,0.09307599999999999,0.009085,0.009085,0.10216099999999999,0.897839
162,5522800988337253824728791418632480547260333713827,22,417,417,0.038959,0.038959,0.0,0.038959,0.961041
162,5499586014822265836968576304450001678297022377393,22,658,658,0.014772,0.014772,0.0,0.014772,0.985228
162,3564133393297332356275713734544213713680389996917,22,385,385,0.013863,0.013863,0.0,0.013863,0.986137
162,5515322111725050184603784308918954761722437406837,22,422,413,0.023145,0.007175,0.007175,0.03032,0.96968
162,4485461183490214672847356727639397071039303926699,22,390,390,0.019361,0.019361,0.0,0.019361,0.980639
162,5195480640606091839263058107075820094394110075261,22,379,374,0.023575,0.013631,0.013631,0.037206,0.962794
162,5741107958946558148650160180297387601202820663099,22,469,469,0.034281,0.034281,0.0,0.034281,0.965719
163,9747578468936317254902406784741698921811080904511,22,423,408,0.037402,0.007982,0.05091400000000001,0.088316,0.9116839999999999
163,10111701947436338618707597112719816959644907307921,22,494,494,0.039629,0.039629,0.0,0.039629,0.960371
163,9500974977324321481710304769960767745184067228853,22,389,383,0.02156,0.023158,0.023158,0.044718,0.955282
163,10923265258610933252939304751090963667320491815059,22,370,370,0.023828,0.023828,0.0,0.023828,0.976172
163,6277296598420519157375291811600475171257085054819,22,328,328,0.03081,0.03081,0.0,0.03081,0.96919
163,9231618602773719751425117097585869209969078112883,22,456,449,0.039706,0.035201,0.049883000000000004,0.089589,0.910411
163,10035352768951452538707551978057565508665635317309,22,472,465,0.0105,0.021584,0.021584,0.032084,0.967916
163,7654209071367977951897371689264431599631570961337,22,337,337,0.021893,0.021893,0.0,0.021893,0.978107
163,10824194889247063645916265364865318315163275587691,22,393,363,0.023624,0.030401,0.038436,0.06206,0.93794
163,7007067855178084077334907729020251703138388423407,22,588,588,0.020018,0.020018,0.0,0.020018,0.979982
163,11563629162960767561469993435982566900206290797341,22,339,339,0.098629,0.098629,0.0,0.098629,0.901371
163,10432647582007091942814866236806348920448169897081,22,412,409,0.018983,0.023774,0.09438400000000001,0.11336700000000001,0.886633
163,11013321740409425001654829975108773198879722323169,22,486,486,0.036676,0.036676,0.0,0.036676,0.963324
163,11388208541060705561819087229232095358667380786273,22,566,566,0.10144,0.10144,0.0,0.10144,0.89856
163,11103735522688372546281614770298463681690271542443,22,512,512,0.056189,0.056189,0.0,0.056189,0.943811
163,8215686036974456744106483973928387713743004968589,22,459,449,0.067178,0.003981,0.003981,0.071159,0.928841
163,10366420373188722818237768081269384282174284586279,22,524,518,0.009835,0.018029,0.018029,0.027864,0.972136
163,9887493049291697627584648336712714992824228820507,22,384,384,0.028636,0.028636,0.0,0.028636,0.971364
163,11291772697596805962306082330181863662191216703401,22,705,685,0.006256,0.001723,0.019669999999999997,0.025925999999999998,0.974074
163,8629299483287912574962165393081179705241759373329,22,539,539,0.062626,0.062626,0.0,0.062626,0.937374
164,20210344270042780228524473590981781384374263250651,22,712,674,0.006167000000000001,0.002993,0.05945199999999999,0.065619,0.934381
164,17385754946083473907588211247263282920082635440931,22,449,449,0.01773,0.01773,0.0,0.01773,0.98227
164,15065200337324516365624234372840728893791849883677,22,549,549,0.04189,0.04189,0.0,0.04189,0.95811
164,20001274208685757373389824972298109151192644683421,22,467,444,0.017612,0.018992,0.062068,0.07968,0.92032
164,23206373050027225840725924288883018652907266761573,22,416,416,0.028131,0.028131,0.0,0.028131,0.971869
164,22025345891505684794425190360346292788092251835117,22,343,343,0.083131,0.083131,0.0,0.083131,0.916869
164,17433500709489283073258616221836367960841092957683,22,417,417,0.046786,0.046786,0.0,0.046786,0.953214
164,20619243792726008996626054260855579390889646661671,22,519,514,0.021858000000000002,0.002551,0.033603,0.055461,0.944539
164,17851954102483708548111820947964979316071559518321,22,520,506,0.00824,0.007585,0.03218,0.04042,0.95958
164,15520227091786292775179646082304899324457570987803,22,414,414,0.037035,0.037035,0.0,0.037035,0.962965
164,21025509716353739955780362583473341923163070100707,22,511,508,0.037976,0.020393,0.020393,0.058369000000000004,0.941631
164,14498146431977835998639783360838649091026316741701,22,513,513,0.023134,0.023134,0.0,0.023134,0.976866
164,19111791960401045569879778943278968002523890458231,22,326,326,0.012074,0.012074,0.0,0.012074,0.987926
164,16530301572124410378960034538876085010836459672467,22,349,349,0.005619,0.005619,0.0,0.005619,0.994381
164,18221873864190480631751119997397311265906143427919,22,640,640,0.070912,0.070912,0.0,0.070912,0.929088
164,19509002958117864345830026901941875949728480482351,22,679,679,0.016036,0.016036,0.0,0.016036,0.983964
164,22672286378997470934496964350911104497412505665789,22,422,422,0.02834,0.02834,0.0,0.02834,0.97166
164,23046477364042922130498611236049763734841923672321,22,584,571,0.007304,0.005508,0.12182499999999999,0.129129,0.870871
164,17549286263321631100185248104947257910955608889553,22,373,373,0.143413,0.143413,0.0,0.143413,0.856587
164,21059636316678691840527110401614339175235554714931,22,480,480,0.053282,0.053282,0.0,0.053282,0.946718
165,41832933592112304400801943026671467969363831087923,22,360,360,0.012383,0.012383,0.0,0.012383,0.987617
165,35682862411294951100561921127821057964487467339443,22,420,408,0.086049,0.08469399999999999,0.08469399999999999,0.17074299999999998,0.829257
165,42835312913720678185448545784074783359123970744159,22,383,383,0.069221,0.069221,0.0,0.069221,0.930779
165,40881659780738625128558353749592964839279265435171,22,366,364,0.011324,0.023893,0.023893,0.035217,0.964783
165,45322494471102900510547891895971824081862698563281,22,360,343,0.016266,0.005281,0.023702,0.039968000000000004,0.960032
165,45929128788840959205376511336193947297685265640951,22,950,946,0.011968,0.003032,0.003032,0.015,0.985
165,44489998373490387700600426834275888436763809873019,22,807,807,0.005611,0.005611,0.0,0.005611,0.994389
165,35790092378947652923809024031202004014344249255817,22,484,473,0.033135,0.009739,0.009739,0.042873999999999995,0.957126
165,45161106773899709982331683988937842529673051859151,22,517,517,0.017471,0.017471,0.0,0.017471,0.982529
165,41611075822328138418773040753161992670148754649183,22,427,427,0.008305,0.008305,0.0,0.008305,0.991695
165,43893688025396579244143003549941949711112694897597,22,595,595,0.031674,0.031674,0.0,0.031674,0.968326
165,38949108443317524477011125919734633057707138102373,22,460,460,0.011037,0.011037,0.0,0.011037,0.988963
165,44506757530726502698455041633661918108484228681201,22,606,587,0.010492999999999999,0.009175,0.042233,0.052725999999999995,0.947274
165,45700176760813962794447132804379570073089321130619,22,452,450,0.034283,0.005674,0.010177,0.04446,0.9555400000000001
165,36717319074712975178793976563482551630954666600147,22,518,518,0.008762,0.008762,0.0,0.008762,0.991238
165,40081717737177734357477768258828819203380673838299,22,467,467,0.023942,0.023942,0.0,0.023942,0.976058
165,42668271582757088828333733690941986896240697265291,22,344,344,0.193347,0.193347,0.0,0.193347,0.8066530000000001
165,42066162699265700510000155471171171993026790897181,22,335,335,0.029076,0.029076,0.0,0.029076,0.970924
165,43079437256800894081452117481597778557867932256481,22,761,721,0.017651999999999998,0.008619,0.070554,0.088206,0.911794
165,39639751732104952918265482468837059446746603506727,22,455,455,0.015496,0.015496,0.0,0.015496,0.984504
166,64455071458380183185819126791305562795840205337607,22,556,556,0.004598,0.004598,0.0,0.004598,0.995402
166,90075771203582122330247262323941154266135655067703,23,584,577,0.034366,0.016095,0.016095,0.050461000000000006,0.949539
166,72228823129784081606691745887439926673012583025583,22,602,602,0.022945,0.022945,0.0,0.022945,0.977055
166,69837432774442923128016482628855170461287372899371,22,459,431,0.036802,0.025311,0.10875100000000001,0.14555300000000002,0.854447
166,89244922194937743144971782767253188914316795885797,23,520,502,0.020772,0.014175,0.014175,0.034947,0.965053
166,88746453267789363020668583643470490537450658613921,23,430,428,0.025561,0.012773,0.012773,0.038334,0.961666
166,88713786474705850221237608801094392192327303798911,23,433,409,0.015326000000000001,0.0059,0.034095999999999994,0.049421999999999994,0.950578
166,87557406481398096612837568774546924908523956472679,22,501,501,0.063346,0.063346,0.0,0.063346,0.936654
166,83804917377281198336877975468864158449629337119497,22,429,429,0.066303,0.066303,0.0,0.066303,0.933697
166,81569638913156092214718111347132660641468885512997,22,374,374,0.024346,0.024346,0.0,0.024346,0.975654
166,52608719657148563796512530136536674250280158137673,22,587,587,0.060293,0.060293,0.0,0.060293,0.939707
166,89221264190598117801701321295581964396857406691793,23,360,360,0.067091,0.067091,0.0,0.067091,0.932909
166,91421352408629645983856436933886907626516790327531,23,444,439,0.014229000000000002,0.078043,0.11115900000000001,0.125388,0.874612
166,92354408607697290294087669975129842220424154225839,23,359,359,0.016442,0.016442,0.0,0.016442,0.983558
166,90307244958886521065070588400571519599452170426827,23,440,433,0.093892,0.010638,0.010638,0.10453,0.89547
166,61951676507642868191945772939153670793162317140439,22,659,659,0.02069,0.02069,0.0,0.02069,0.97931
166,57096092534835312898852423687190032724229132615371,22,402,402,0.015125,0.015125,0.0,0.015125,0.984875
166,77734094079183033282661848210260105535011878058221,22,443,426,0.030286,0.116853,0.16409,0.19437600000000002,0.805624
166,61439716290799937763975920406477923341938046630307,22,538,533,0.086107,0.008969,0.008969,0.09507600000000001,0.904924
166,92944946903546196014112302841886638418369209076507,23,333,312,0.003878,0.024444,0.049217,0.053094999999999996,0.946905
167,185191770581306272864194984747884925328034141094049,23,360,355,0.010987,0.005131,0.005131,0.016118,0.983882
167,150753299534321728385042450116986328932503586710791,23,402,402,0.072078,0.072078,0.0,0.072078,0.927922
167,122185038003700368219528064449236784866763422689417,23,384,384,0.003601,0.003601,0.0,0.003601,0.996399
167,178235118269758334366445181520116909697869973267843,23,418,418,0.007599,0.007599,0.0,0.007599,0.992401
167,125101284926137051500851455837556179024574472599693,23,403,399,0.01516,0.011287,0.040285999999999995,0.055445999999999995,0.944554
167,183608279157579728300471834586610846132033916363009,23,435,435,0.04799,0.04799,0.0,0.04799,0.95201
167,123823837425211259366602079641341299640350463304427,23,487,460,0.013701999999999999,0.004313,0.06210200000000001,0.07580400000000001,0.924196
167,182738591737141364288038096817725089299414242881199,23,372,363,0.007547,0.003481,0.022862000000000004,0.030409000000000005,0.969591
167,144881986800772159131971678194070421363231610326503,23,488,488,0.095728,0.095728,0.0,0.095728,0.904272
167,169113029671003783909165383403390189332006078766403,23,756,756,0.041554,0.041554,0.0,0.041554,0.958446
167,180203454172404433999728807424822530543427009853893,23,618,613,0.032998,0.017553,0.023461,0.056458999999999995,0.943541
167,176740473075257510677017027826065071164478066806109,23,329,329,0.012105,0.012105,0.0,0.012105,0.987895
167,154708744984764752253150630606148953411120836248223,23,517,515,0.014391,0.02068,0.02068,0.035071,0.964929
167,185822038963156756154989463606402264231845142986571,23,499,499,0.006568,0.006568,0.0,0.006568,0.993432
167,164713641976176077509064527913611509808492198546303,23,429,429,0.00912,0.00912,0.0,0.00912,0.99088
167,174143473517067658771245663523001506669684229251583,23,294,294,0.031662,0.031662,0.0,0.031662,0.968338
167,134875484299471317108685835177615212803568324951771,23,325,325,0.036319,0.036319,0.0,0.036319,0.963681
167,182071589557326943011646537770784052720010679622671,23,457,457,0.048791,0.048791,0.0,0.048791,0.951209
167,107723548795615044892707554332906198918982581905521,23,416,416,0.01229,0.01229,0.0,0.01229,0.98771
167,110235062257219473750266489148464622602430677309023,23,469,461,0.027125,0.007792,0.020427999999999998,0.047553,0.952447
168,355867559027045347481742474164268313169270448267103,23,532,532,0.006107,0.006107,0.0,0.006107,0.993893
168,354354498343882825539049178202420048518235057099511,23,382,380,0.035060999999999995,0.009847999999999999,0.009847999999999999,0.04490899999999999,0.955091
168,297316862371625606791660530918145246188551598375827,23,462,462,0.024927,0.024927,0.0,0.024927,0.975073
168,251334070780906996792106667358010626199124871015193,23,382,382,0.027128,0.027128,0.0,0.027128,0.972872
168,266089629335928959939990984219310389073099671366189,23,377,377,0.056154,0.056154,0.0,0.056154,0.943846
168,297312478520764466042800805099268401234237086618769,23,498,498,0.010924,0.010924,0.0,0.010924,0.989076
168,252694597694857518298868919901861055603851696256479,23,402,402,0.005383,0.005383,0.0,0.005383,0.994617
168,286391540226265125508001191752822610514127971418977,23,445,445,0.029342,0.029342,0.0,0.029342,0.970658
168,318688943619592236326261968753666579542852488008771,23,516,512,0.043608,0.010374,0.010374,0.053982,0.946018
168,348197322658922333549563681800422289216265150015297,23,516,495,0.017822,0.009924,0.0737,0.091522,0.908478
168,368542669960002587168410129566818072485889583789247,23,477,477,0.015761,0.015761,0.0,0.015761,0.984239
168,268548911990920458790785330758705695531710970965877,23,384,384,0.019804,0.019804,0.0,0.019804,0.980196
168,331941207943771650157715950616862772785852585230449,23,394,379,0.036646,0.0374,0.102634,0.13928000000000001,0.8607199999999999
168,323877960143720182139921715509016936864755738538083,23,395,395,0.007153,0.007153,0.0,0.007153,0.992847
168,363122401231538903702884958200573978698665726858941,23,428,425,0.076375,0.012863,0.012863,0.089238,0.910762
168,308228420728279829232936597270463065825898054642939,23,374,374,0.058474,0.058474,0.0,0.058474,0.941526
168,283116060916231999061737214282503740357534622019947,23,391,391,0.025515000000000003,0.025515000000000003,0.0,0.025515000000000003,0.974485
168,281428688528495768940994883006958194198779974610219,23,509,508,0.031504,0.034711,0.034711,0.066215,0.933785
168,326678933726286291994787934645555743351568375175913,23,420,411,0.032684,0.032128,0.032128,0.064812,0.935188
168,242229774464479250019542042945875041752252033094853,23,806,785,0.0017330000000000002,0.006923,0.06150699999999999,0.06323999999999999,0.93676
169,549419723295960540447780008307906211005792776812829,23,484,484,0.011547,0.011547,0.0,0.011547,0.988453
169,664865469281161842324657652489314073194401709162263,23,616,616,0.022104,0.022104,0.0,0.022104,0.977896
169,526275837673483487444634125901789672050479746789367,23,459,452,0.004058,0.008722,0.017468,0.021526,0.978474
169,677970966743848576239473283142953742552801707940111,23,437,437,0.013183,0.013183,0.0,0.013183,0.986817
169,657821691628060301322956147101670288895728662024039,23,429,429,0.073264,0.073264,0.0,0.073264,0.926736
169,715264587022453456200004920592343027582234072699119,23,727,686,0.004434,0.010836,0.162469,0.166903,0.833097
169,564263055842251392661877742982498545034787789672701,23,391,385,0.02137,0.017071,0.038179,0.059549,0.940451
169,709752893570015397017697204082578787464541589122757,23,360,360,0.017868,0.017868,0.0,0.017868,0.982132
169,655017367008869539322579634764112530246507710350587,23,422,422,0.076943,0.076943,0.0,0.076943,0.923057
169,657292182528951725976013293116638919927942739731969,23,405,371,0.008371,0.004319,0.079044,0.087415,0.912585
169,723786901355715251133499133823457447564442130316753,23,894,894,0.016415,0.016415,0.0,0.016415,0.983585
169,523829125978495822418790946811975528394043957096661,23,390,390,0.074623,0.074623,0.0,0.074623,0.925377
169,541477377066573582590059723667831900889584456117101,23,343,343,0.067705,0.067705,0.0,0.067705,0.932295
169,695788992079943252596035093883032289031003550676639,23,463,463,0.011307,0.011307,0.0,0.011307,0.988693
169,694333695686916638920533025197721880230919832136049,23,363,363,0.035001,0.035001,0.0,0.035001,0.964999
169,485822670269234256517166328139449043912746690035101,23,401,394,0.016218,0.020379,0.036026,0.052244,0.947756
169,621048212309618498722906441939308335619301463127923,23,452,452,0.024553,0.024553,0.0,0.024553,0.975447
169,471378305746743164537629288149409115192944188760511,23,410,401,0.007966,0.011766,0.016963,0.024929,0.975071
169,679166054805478107698598400374518496104565906945673,23,338,338,0.050149,0.050149,0.0,0.050149,0.949851
169,478874915531854708795103201026072431746838752011189,23,478,470,0.046922,0.009411,0.031848,0.07877,0.92123
170,1289318240951187150423696809121408247188110724374959,23,383,383,0.068049,0.068049,0.0,0.068049,0.931951
170,1317598680651458934736004969973115054629720267802427,23,412,411,0.046793,0.037639,0.037639,0.08443200000000001,0.9155679999999999
170,1387016971391792365767686427962070113773978808021599,23,435,427,0.004923,0.01088,0.021198,0.026121000000000002,0.973879
170,1301605848278604502292287990083848668281772339668443,23,529,525,0.003571,0.003981,0.008603,0.012173999999999999,0.987826
170,1454027346176602205583289937091731344133146246553801,23,577,558,0.067814,0.01486,0.08376399999999999,0.151578,0.848422
170,967653528079116878085780463103240904324567568232963,23,531,531,0.040592,0.040592,0.0,0.040592,0.959408
170,1261056843454978621289453730316681785701648409889253,23,488,487,0.027568,0.031324,0.031324,0.058892,0.9411080000000001
170,837639897222655440981696060794566569158254246200341,23,432,432,0.001503,0.001503,0.0,0.001503,0.998497
170,1380352939133440466587651274847015029204065064236727,23,661,661,0.063955,0.063955,0.0,0.063955,0.936045
170,1470202321847100083182546960194231350823305902723733,23,488,488,0.056411,0.056411,0.0,0.056411,0.943589
170,1395451141662017337518566124235400507157510063162651,23,386,386,0.011747,0.011747,0.0,0.011747,0.988253
170,1443973581327167714924022043427922410334336886476631,23,452,436,0.015057,0.005478,0.045375,0.060432,0.939568
170,1248251220039825096428185208030859202496488462447199,23,480,480,0.045044,0.045044,0.0,0.045044,0.954956
170,1485074191992056020325974520634552289818056666197811,23,431,431,0.012433,0.012433,0.0,0.012433,0.987567
170,1254247931868399620218293166952069391063175723231013,23,515,502,0.043739,0.056126,0.10383300000000001,0.147572,0.852428
170,1257669066486116581118684542985264257389351752099207,23,336,336,0.0627,0.0627,0.0,0.0627,0.9373
170,938770475414108901814693140661602364827961258856599,23,363,359,0.028002,0.039731,0.039731,0.067733,0.932267
170,1066007335410228423895411628779579916508643551606013,23,442,440,0.072543,0.021739,0.021739,0.094282,0.905718
170,1055641473154584299321451059456907378615225873359927,23,466,466,0.081763,0.081763,0.0,0.081763,0.918237
170,1450909537806030357996742850817171901677376101936973,23,352,349,0.044213,0.018303,0.037899,0.082112,0.917888
171,2320628485992640066699844867503781431624090632616007,23,420,409,0.051924,0.036352,0.036352,0.088276,0.911724
171,2687357138509969949945838036658262421119489089392571,23,398,392,0.000988,0.002246,0.002246,0.003234,0.996766
171,2179890418570410841271805505892530931206234443075251,23,499,499,0.044091,0.044091,0.0,0.044091,0.955909
171,2643553863724729454040982582317963102955115497112137,23,664,659,0.02113,0.008611,0.014126,0.035255999999999996,0.964744
171,2460627882183105189199201566900305707431196028435837,23,483,483,0.013628,0.013628,0.0,0.013628,0.986372
171,2339826321982801679364695234505710301355859790744791,23,685,685,0.004897,0.004897,0.0,0.004897,0.995103
171,2758900339445195828507819823171495863952057663997793,23,372,372,0.061822,0.061822,0.0,0.061822,0.938178
171,1842882812388021598690092464110026835556610550203901,23,687,664,0.005138,0.011605,0.028296,0.033434000000000005,0.966566
171,2527348162893818585716726864029885307488142009814867,23,378,352,0.014742,0.006997,0.019417999999999998,0.034159999999999996,0.96584
171,2837554568622031909115383188427508045834871248866231,23,390,390,0.101454,0.101454,0.0,0.101454,0.898546
171,1980107624548085725945997103475068875829188531206579,23,895,895,0.048894,0.048894,0.0,0.048894,0.951106
171,2569544928058170304082873120455860591460518083182909,23,515,515,0.017486,0.017486,0.0,0.017486,0.982514
171,2690941433828007792933739463035154894668803736090667,23,360,356,0.021528,0.035712,0.035712,0.05724,0.94276
171,2790043200701068932081541267461948287073389647656629,23,317,317,0.040227,0.040227,0.0,0.040227,0.959773
171,2090916108644774601950745809429826244133327238488009,23,444,425,0.025856,0.034914,0.034914,0.060770000000000005,0.93923
171,2565736058589956952109798640055629482853606450052707,23,494,488,0.03794,0.011942,0.011942,0.049882,0.950118
171,2857998842268811336179375833801691573922890863274847,23,686,686,0.035387,0.035387,0.0,0.035387,0.9646129999999999
171,2396493466906125285828056384566870470681794130877669,23,441,441,0.022293,0.022293,0.0,0.022293,0.977707
171,2690381636823230507251275613355703537300523990202027,23,567,546,0.022816999999999997,0.020914,0.08133799999999998,0.10415499999999997,0.895845
171,2534044398151279155788338071872494168885731333317717,23,517,517,0.019713,0.019713,0.0,0.019713,0.980287
172,4462022261486228276470696903183179974341102550314813,23,589,579,0.024934,0.009616,0.061633,0.086567,0.9134329999999999
172,4973934130046512061706003746504778764546358353047069,23,483,469,0.009122,0.005101,0.028336,0.037458,0.962542
172,5648094522288795174255363457633460814882962588225833,23,595,573,0.004099,0.005302,0.051799,0.055897999999999996,0.944102
172,4726592204009198207872992689944913141786425094656837,23,812,812,0.02344,0.02344,0.0,0.02344,0.97656
172,5594622054792930920033030420069168546546514996297059,23,375,375,0.026691,0.026691,0.0,0.026691,0.973309
172,5195538082333779164457732930160988690944352296084861,23,419,402,0.067261,0.024707,0.13920600000000002,0.206467,0.793533
172,4025284698876107182620642633377455297801856255767501,23,452,452,0.015356,0.015356,0.0,0.015356,0.984644
172,4383786029746298282865883459946099335415639923579151,23,540,527,0.03884,0.03782,0.03782,0.07666,0.92334
172,4240211809755560196715516460800231502364014252588639,23,428,423,0.048559,0.030206,0.030206,0.078765,0.921235
172,5548533853252799042694444930927799861408846535815007,23,419,411,0.017107,0.010136,0.027065,0.044172,0.955828
172,5437902847130435025801669508069442332314935248409143,23,460,451,0.014497,0.015473,0.026228,0.040725,0.959275
172,4141743792397074660421973109728086317758715931017277,23,427,423,0.011179,0.042807,0.042807,0.053986,0.946014
172,4778987191980938572456617933856060465243353739312487,23,499,465,0.019866,0.004876,0.059833000000000004,0.079699,0.920301
172,4739381656678028395979571409181320777773237194812847,23,415,399,0.013539,0.039035,0.10389000000000001,0.117429,0.882571
172,4804326313493129486456115335738865566041096602990667,23,728,728,0.032611,0.032611,0.0,0.032611,0.967389
172,4104752537262135739627532234359506058920546702141581,23,409,409,0.037246,0.037246,0.0,0.037246,0.962754
172,3803744058813253158320678543084926588928670333519661,23,428,428,0.040558,0.040558,0.0,0.040558,0.959442
172,4385465259125919643879994689875257236736934784890611,23,483,478,0.003377,0.008031,0.008031,0.011408,0.988592
172,5279890751954713468197389506413223751577777606451787,23,424,424,0.083408,0.083408,0.0,0.083408,0.916592
172,4160916851387881458666582220339040710916709604934989,23,458,458,0.011625,0.011625,0.0,0.011625,0.988375
173,10923792501645012754794107569655030715119609536422907,23,415,415,0.013158,0.013158,0.0,0.013158,0.986842
173,10049473751846112538141515321974984014498020571782187,23,361,361,0.091654,0.091654,0.0,0.091654,0.908346
173,11478453237002096953758919917104639903243507350422841,23,640,640,0.013735,0.013735,0.0,0.013735,0.986265
173,10169455292752448241266658515571649753093170083937973,23,376,376,0.016577,0.016577,0.0,0.016577,0.983423
173,11141435091489660417203162826279290403361648348555217,23,404,404,0.035145,0.035145,0.0,0.035145,0.964855
173,11845946756557169576442319415563300804632186316185761,23,359,359,0.043061,0.043061,0.0,0.043061,0.956939
173,6606020196711476677748380921663035663590800650212861,23,496,496,0.012656,0.012656,0.0,0.012656,0.987344
173,9223304994372936325365139311788951438575340466147653,23,358,358,0.016398,0.016398,0.0,0.016398,0.983602
173,9937936138453613172200974798887957858538887333434453,23,453,449,0.003807,0.002632,0.002632,0.006439,0.993561
173,11559606582085509839598371324267429245568074606311239,23,375,372,0.023244,0.010437,0.010437,0.033681,0.966319
173,8567518689055579897923237570331424934191919130124683,23,408,392,0.035657,0.005144,0.01553,0.051187,0.948813
173,7757833041287954123219330741833398980401403365844671,23,521,514,0.01132,0.007354,0.020523,0.031842999999999996,0.968157
173,9316049178944443793561813909420289680048038873209887,23,711,711,0.045572,0.045572,0.0,0.045572,0.954428
173,9928833671075698004690547493411708722996168864524191,23,442,442,0.062786,0.062786,0.0,0.062786,0.937214
173,8082599286688078272326597296230019194455017969460353,23,403,397,0.013811,0.010172,0.010172,0.023983,0.976017
173,11722980560595969629675859144256076147885119391535181,23,573,573,0.034336,0.034336,0.0,0.034336,0.965664
173,9593608908661975634163739787876317382759712663032617,23,807,807,0.009433,0.009433,0.0,0.009433,0.990567
173,7514341258039837561785554369913705517231217351886269,23,514,501,0.027379,0.025204,0.025204,0.052583000000000005,0.947417
173,10788110854762710095666872487306279223201853493970649,23,448,441,0.008263,0.007515,0.007515,0.015778,0.984222
173,10830515307409583755599110009630409242843757129551833,23,435,416,0.066327,0.052452,0.075193,0.14151999999999998,0.85848
174,22104611793997230117343176470598753099597657699857767,23,364,364,0.038795,0.038795,0.0,0.038795,0.961205
174,18763942404536135019296013058405167365237739426352961,23,382,382,0.130489,0.130489,0.0,0.130489,0.869511
174,14688504101174039979833028914301622192512344235844163,23,530,530,0.021934,0.021934,0.0,0.021934,0.978066
174,16722058225437982034822488549751786303201587785473951,23,460,460,0.069624,0.069624,0.0,0.069624,0.930376
174,21509336382097775444053571500023183533792843315954141,23,668,668,0.015164,0.015164,0.0,0.015164,0.984836
174,22850977655225044606098189565776865301144522899108753,23,373,373,0.092664,0.092664,0.0,0.092664,0.907336
174,17279223071662642072680635911044372251032271203557523,23,391,391,0.013143,0.013143,0.0,0.013143,0.986857
174,22947441514018658653094720368483897068968757283032113,23,369,362,0.005905,0.004127,0.00791,0.013815000000000001,0.986185
174,18341314976728685056786009125261875389901729222197411,23,524,500,0.007062,0.020195,0.038557,0.045619,0.954381
174,21198313883423610607647845217061584129219727405462807,23,699,693,0.047401,0.004914,0.061971,0.109372,0.890628
174,12839400785843164820295834351653620428577969094536553,23,545,513,0.033937,0.011611,0.032340999999999995,0.066278,0.9337219999999999
174,23322450000830661268788758752052782250935597472051533,23,357,342,0.011533,0.00707,0.00707,0.018603,0.981397
174,16333148817978325754024309091523862744059567919963111,23,543,543,0.043749,0.043749,0.0,0.043749,0.956251
174,14462970911237542989272454421381604521266425359311389,23,536,536,0.022316,0.022316,0.0,0.022316,0.977684
174,18949560281665792004413178756295887592891979934348561,23,364,364,0.015257,0.015257,0.0,0.015257,0.984743
174,21408407116291656012109167833580671913503017751545967,23,495,495,0.011488,0.011488,0.0,0.011488,0.988512
174,22631651939782172827484157664433587783833485119069961,23,456,456,0.02322,0.02322,0.0,0.02322,0.97678
174,21837034941512546186024799051115680122246295015518093,23,436,436,0.005988,0.005988,0.0,0.005988,0.994012
174,23437804484573336991839150008388329128133779513222523,23,705,705,0.015715,0.015715,0.0,0.015715,0.984285
174,21670228153893009427879223165719671325428625794224927,23,378,378,0.063185,0.063185,0.0,0.063185,0.936815
175,40488067071432624121676494427962676744307992814206389,23,495,495,0.022194,0.022194,0.0,0.022194,0.977806
175,47880832610030432571309186253738451904700554037260907,23,391,391,0.065621,0.065621,0.0,0.065621,0.934379
175,45878748309865752441663931039655772029562012040164497,23,421,418,0.031263,0.015207,0.015207,0.04647,0.95353
175,44519607957401945468255440685812779498238330725202451,23,714,714,0.011071,0.011071,0.0,0.011071,0.988929
175,38437122674547888080483896869357910936491022366930391,23,566,558,0.017896,0.021209,0.027377,0.045272999999999994,0.954727
175,47064113916853618606448841022057749802258231599045617,23,378,374,0.048882999999999996,0.070261,0.070261,0.119144,0.880856
175,38418920847258974395155918878755125806886124993281449,23,530,530,0.016607,0.016607,0.0,0.016607,0.983393
175,29860959886171008880417800461459339604720394693120859,23,525,491,0.0043560000000000005,0.008861,0.10855099999999998,0.11290699999999998,0.887093
175,47523346294694090590598436816448664799865583071536947,23,397,397,0.014969,0.014969,0.0,0.014969,0.985031
175,40430147177650634814659419575820969943704601075586779,23,488,488,0.024641,0.024641,0.0,0.024641,0.975359
175,30673381581036186694644718658867052922438672540632679,23,377,360,0.003804,0.011843,0.011843,0.015647,0.984353
175,46321511197924674401868707445937064255819847549207181,23,566,552,0.020992999999999998,0.003976,0.015021,0.036014,0.963986
175,40793108447338904457818158698839208728924655609269741,23,496,480,0.021577,0.027684,0.027684,0.049261,0.950739
175,47563799216222959471208717042267403920241999763230907,23,392,392,0.029582,0.029582,0.0,0.029582,0.970418
175,44747799795754951639143084884684883018614820083166937,23,423,406,0.013609,0.004348,0.014152999999999999,0.027762,0.972238
175,46867320328474189488708379756417548186877640469492347,23,448,448,0.042563,0.042563,0.0,0.042563,0.957437
175,46542356956969036203230698142264416107162071627147053,23,396,396,0.023397,0.023397,0.0,0.023397,0.976603
175,45701878003472651488780363802977956628041054016481659,23,495,495,0.049612,0.049612,0.0,0.049612,0.950388
175,25458726975309530242094669164823103336392162094875803,23,423,423,0.037931,0.037931,0.0,0.037931,0.962069
175,39959523049873920871877996128842998488581987804339877,23,420,420,0.003777,0.003777,0.0,0.003777,0.996223
176,87990886338847859195592642389102593039937487082558279,24,489,489,0.015629999999999998,0.015629999999999998,0.0,0.015629999999999998,0.98437
176,92564124955148991262968874807483374435803628161108999,24,934,925,0.009336,0.009181,0.010708,0.020044,0.979956
176,94129007589456961191977269147297543003266132666549953,24,395,395,0.037685,0.037685,0.0,0.037685,0.962315
176,93819484016161644344551753829300322151041926203410181,24,435,435,0.004321,0.004321,0.0,0.004321,0.995679
176,73157616268457907406971375723178615684280166706710493,24,398,398,0.071517,0.071517,0.0,0.071517,0.928483
176,61542774938750705714463225629776244056185970967253653,24,496,486,0.011959,0.02005,0.02005,0.032008999999999996,0.967991
176,71800771048867515580859417044203063847762338647077403,24,390,390,0.092214,0.092214,0.0,0.092214,0.907786
176,77258340421405866522724393177859419720883968347782627,24,536,524,0.009546,0.00522,0.02999,0.039536,0.960464
176,89837078281524964039898044063254336032471057480771579,24,709,698,0.008974,0.00265,0.023509,0.032483,0.967517
176,67631371474217585591492093931057414532556760623695867,24,387,387,0.016694,0.016694,0.0,0.016694,0.983306
176,89832926575159265651841476273066740015357110318540347,24,639,610,0.006988,0.004163,0.052108999999999996,0.059097,0.940903
176,67118204137332948793553589627698826319196161548428537,24,400,382,0.016932,0.016132,0.041684,0.058616,0.941384
176,87774156256777768160436756789989062372701963996758741,24,553,549,0.027845,0.019113,0.019113,0.046958,0.953042
176,70572719969624332011199901351228566052874877227465031,24,467,467,0.005282,0.005282,0.0,0.005282,0.994718
176,86250046064114433343982710398437258754379418231496971,24,405,405,0.019832,0.019832,0.0,0.019832,0.980168
176,87134348646583113354803029928666774546954085244353883,24,368,358,0.026564,0.00691,0.00691,0.033474000000000004,0.966526
176,71901633824806274691548687743309648812921855456127637,24,391,391,0.037262,0.037262,0.0,0.037262,0.962738
176,90150270285363435056040734184802693760325360863282387,24,527,509,0.004106,0.009755,0.025383000000000003,0.029489,0.970511
176,94046017590480304561168089303295538090394575865219973,24,523,506,0.018124,0.008189,0.015797,0.033921,0.966079
176,64190892782173257959767693618630438907905705925983597,24,432,432,0.033996,0.033996,0.0,0.033996,0.966004
177,119125070369688751792163725903852573808324382853761851,24,514,514,0.017244,0.017244,0.0,0.017244,0.982756
177,182726819299327515165849812245648871121491177942129611,24,527,511,0.009428,0.011602,0.017603,0.027031,0.972969
177,188893960779618570376876195763394634184667143767990939,24,479,479,0.019171,0.019171,0.0,0.019171,0.980829
177,177226234109374423417710011618572758541886871555971773,24,509,509,0.081335,0.081335,0.0,0.081335,0.918665
177,170417219917741538865104682908758540815889415996081587,24,501,478,0.003735,0.017992,0.023821000000000002,0.027556,0.972444
177,184456472780322533717507274449727396706948277959651997,24,726,726,0.023355,0.023355,0.0,0.023355,0.976645
177,172591822599216441031826476355149233765150072380634947,24,451,451,0.01255,0.01255,0.0,0.01255,0.98745
177,160262516696147396603234199689194202325829336961400089,24,439,424,0.008202,0.022131,0.033346,0.041548,0.958452
177,189488332491885140927092409494182632690603024073949519,24,476,457,0.017243,0.003922,0.044543,0.061786,0.938214
177,158860589548227817116386228914199311016251079037823631,24,427,426,0.026890999999999998,0.011477,0.011477,0.038368,0.961632
177,131023867650554721773986626498755865101732014114852169,24,538,522,0.028667,0.02929,0.075892,0.104559,0.895441
177,185419546061793924107275707453523293583979540373323441,24,435,427,0.027249,0.048195,0.136665,0.163914,0.836086
177,130739606859025377984032427604557137652684751978400777,24,513,508,0.024669,0.042969,0.042969,0.067638,0.932362
177,148738595022486208740372312134935505218833565972371451,24,439,439,0.051616,0.051616,0.0,0.051616,0.948384
177,167245458534901805246177899856773690854765016929409441,24,602,588,0.0070220000000000005,0.001993,0.043564000000000005,0.050586000000000006,0.949414
177,167743233925335463625480222303950384908571933339861327,24,429,429,0.01384,0.01384,0.0,0.01384,0.98616
177,127846725145209783213161083219697857237418143943954471,24,572,572,0.024192,0.024192,0.0,0.024192,0.975808
177,175371321030994867998753692974243811078511522480617843,24,432,432,0.03104,0.03104,0.0,0.03104,0.96896
177,116000582161408742104082789047643826044722595827305757,24,517,508,0.010258,0.006567,0.020676,0.030934,0.969066
177,170372630777230523245695634046185057408362313049454403,24,634,627,0.002663,0.003459,0.005488,0.008151,0.991849
178,326370916554170909248800565447441227366364752100439299,24,363,363,0.02138,0.02138,0.0,0.02138,0.97862
178,351133543531254740082619452808507153835828169762359977,24,363,363,0.004775,0.004775,0.0,0.004775,0.995225
178,336454357966569634923263904170681101591018051550982463,24,507,507,0.102704,0.102704,0.0,0.102704,0.897296
178,287084766998192650266030523003134421022082997050134521,24,478,478,0.007897,0.007897,0.0,0.007897,0.992103
178,352927538094715815006260624760445835128691040320016481,24,436,436,0.032361,0.032361,0.0,0.032361,0.967639
178,338358782479052619339175922612376094187822886673941721,24,584,584,0.003071,0.003071,0.0,0.003071,0.996929
178,350983244504690877302934108411058885737259142622352279,24,404,404,0.009168,0.009168,0.0,0.009168,0.990832
178,362113241669248116131584645381866273037844314273508653,24,848,837,0.003605,0.00102,0.010711,0.014316,0.985684
178,354699753705738888969549737288396049484417614825528751,24,539,539,0.028684,0.028684,0.0,0.028684,0.971316
178,331690661156431736210765004245137972208022366664402553,24,1003,1000,0.008583,0.010579,0.010579,0.019162,0.980838
178,332675546545853496255458413537230392333963633325833083,24,397,397,0.004056,0.004056,0.0,0.004056,0.995944
178,313703344571742936697405437124510360823965169983069999,24,975,967,0.008237,0.00583,0.00583,0.014067,0.985933
178,380254134293999860410999253285210970240457628198742663,24,456,456,0.012337,0.012337,0.0,0.012337,0.987663
178,360641711799225046890015181472030377655985832139240759,24,615,615,0.037914,0.037914,0.0,0.037914,0.962086
178,263917085618902017901372402907639485241329433989841083,24,528,528,0.043791,0.043791,0.0,0.043791,0.956209
178,266288106436622503269927529785703488384905659026805291,24,519,474,0.011800999999999999,0.021349,0.051597,0.063398,0.936602
178,344304805683409519331394242367711732435948148819916561,24,514,514,0.032177,0.032177,0.0,0.032177,0.967823
178,341709744235492519708940578050014342971004111389339661,24,349,349,0.11648,0.11648,0.0,0.11648,0.88352
178,310967967663884862956076583774857977926596023977520621,24,718,718,0.056437,0.056437,0.0,0.056437,0.943563
178,327279608257895351469611029322246368521417106545791761,24,737,717,0.012742,0.00316,0.013837,0.026579,0.973421
179,558936428874945996924383768356203135254350439671785479,24,379,379,0.157316,0.157316,0.0,0.157316,0.842684
179,674926639517348090731177770827913991101246148882287283,24,1000,992,0.018184,0.008857,0.008857,0.027041,0.972959
179,520778796933569712475497803976339448328715986002072523,24,580,575,0.010717,0.014676,0.014676,0.025393,0.974607
179,748335037461936801408133793949275373189490397012798993,24,583,583,0.073304,0.073304,0.0,0.073304,0.926696
179,750121838409245984074572114070043722336783466522324083,24,521,521,0.029209,0.029209,0.0,0.029209,0.970791
179,652699193242756150846355283234498871767984936149202997,24,366,366,0.017603,0.017603,0.0,0.017603,0.982397
179,701012462554551393326136469593585664907414625879938377,24,574,556,0.013617,0.085942,0.085942,0.09955900000000001,0.900441
179,651811943098199803843122079676572375058573432081265941,24,338,338,0.016094,0.016094,0.0,0.016094,0.983906
179,551025100698026169975841797211316492193395216233257361,24,703,697,0.027242,0.00338,0.00338,0.030622,0.969378
179,568232849243253819024806302642399573345242309126608059,24,478,459,0.053887,0.056084,0.105974,0.159861,0.840139
179,639820098139219068308973252189078237340004822241496393,24,355,355,0.048076,0.048076,0.0,0.048076,0.951924
179,761792849352011360883518708616350161974544759945523083,24,445,445,0.01399,0.01399,0.0,0.01399,0.98601
179,628942419048318189765862150028221450462352308232102681,24,384,384,0.019408,0.019408,0.0,0.019408,0.980592
179,566889538234990454641052189675936791837860452121325949,24,481,481,0.011812,0.011812,0.0,0.011812,0.988188
179,716452162573779008868293903020235512769764173696217249,24,657,637,0.016868,0.012416,0.026832,0.0437,0.9563
179,621413530195004739611180163225538908969413935549872629,24,930,924,0.007024,0.012557,0.015813,0.022837,0.977163
179,645609036446719663018922094515491080262538063860555597,24,428,380,0.021289,0.018251,0.100684,0.121973,0.878027
179,555489032258653592242576233173121867113539610787783833,24,418,418,0.05418,0.05418,0.0,0.05418,0.94582
179,535750173793033032362966709603096420101001099801784643,24,550,550,0.007041,0.007041,0.0,0.007041,0.992959
179,456506540313436296309522192769161449949543126587051023,24,424,424,0.033523,0.033523,0.0,0.033523,0.966477
180,1358996782341013393471064892946133021632416224066738371,24,781,757,0.004163,0.003992,0.036069,0.040232,0.959768
180,1147190830767755812327995081041386320310165753132541849,24,648,648,0.010353,0.010353,0.0,0.010353,0.989647
180,1403925300691032372140940928473865553985310895500181911,24,464,464,0.034274,0.034274,0.0,0.034274,0.965726
180,1495775451737959760457511687274350579183536185139242641,24,434,434,0.015301,0.015301,0.0,0.015301,0.984699
180,1110739563446777289531838627303749633950291508344598743,24,503,503,0.00925,0.00925,0.0,0.00925,0.99075
180,1194024369143971552927889417542591741693717575625673111,24,507,483,0.011683,0.010666,0.05156699999999999,0.06324999999999999,0.93675
180,1260166637346508034925373413900190230508510171798948477,24,759,759,0.011223,0.011223,0.0,0.011223,0.988777
180,1455316476136829091460607052510092178765985268783561317,24,513,513,0.019475,0.019475,0.0,0.019475,0.980525
180,1309093992710635640836698146159549405123972272927404881,24,496,496,0.010919,0.010919,0.0,0.010919,0.989081
180,1390894799146412153168495467213932724874405876411579611,24,474,474,0.273439,0.273439,0.0,0.273439,0.726561
180,1520134781616046526108129582711299483597548910524846853,24,479,459,0.011167,0.017637,0.10762200000000001,0.118789,0.881211
180,1505439219343167470373459269572451082957623944381924673,24,436,436,0.05752,0.05752,0.0,0.05752,0.94248
180,1057025848491395991324830754425862907965800790964989169,24,403,403,0.116017,0.116017,0.0,0.116017,0.883983
180,1022335052507123413464678276586097658581994406812064513,24,433,433,0.019957,0.019957,0.0,0.019957,0.980043
180,986820806071662897465598796288744366007908716888546481,24,788,788,0.030203,0.030203,0.0,0.030203,0.969797
180,1524644692974396926561992448558626212968367576768526879,24,427,417,0.051356,0.017879,0.056732,0.10808799999999999,0.891912
180,1314131625546751137305337304108371769311553500059572603,24,429,429,0.011157,0.011157,0.0,0.011157,0.988843
180,1159287238259464432648787656029088912397674342457115643,24,446,446,0.015279,0.015279,0.0,0.015279,0.984721
180,1475197377405499619513187533655878473208974647166678079,24,436,427,0.011335000000000001,0.000872,0.015248,0.026583000000000002,0.973417
180,1092513974848862293580063101113260203144966532297855803,24,591,585,0.013859,0.005214,0.005214,0.019073,0.980927
181,2146755962617820701939724558369889009769651618593397373,24,498,498,0.020585,0.020585,0.0,0.020585,0.979415
181,2072316348390379785942053767435731590279096222618626363,24,505,503,0.012979999999999998,0.00288,0.00288,0.01586,0.98414
181,2877046995656031836501313697137912148919872998967745519,24,568,561,0.004848,0.002992,0.002992,0.00784,0.99216
181,2880369969123252961817754651476818952571924308651017163,24,482,482,0.009798,0.009798,0.0,0.009798,0.990202
181,2861708897811122498028015229576663189712718130603358513,24,585,580,0.040814,0.017506,0.017506,0.058320000000000004,0.94168
181,2806788267767978306991980520946809467457007629229500787,24,679,679,0.011046,0.011046,0.0,0.011046,0.988954
181,2302747288573481437114058572318921809401333842388506063,24,568,568,0.008077,0.008077,0.0,0.008077,0.991923
181,2533946943181812616782556407056335292416812676112585527,24,436,433,0.014144,0.042196,0.042196,0.05634,0.9436599999999999
181,2487771293557144436196457222451407643840343448896262201,24,427,418,0.041554,0.009789,0.055593,0.097147,0.902853
181,2345607456560758996293272875237597113634991575593930503,24,426,408,0.030061,0.014722,0.014722,0.044783,0.955217
181,2451877345078985122707203168343312742955044811033249477,24,515,515,0.009697,0.009697,0.0,0.009697,0.990303
181,2340974696399471038404420962322551749504771560040272007,24,536,536,0.021042,0.021042,0.0,0.021042,0.978958
181,2477342015750519040996010692078739219032174672206011307,24,580,580,0.036889,0.036889,0.0,0.036889,0.963111
181,2296086844355268411990274677061153842585626962159704019,24,428,428,0.073257,0.073257,0.0,0.073257,0.926743
181,2857327712261479603462914395058626994702465220337337739,24,597,571,0.002233,0.009407,0.034093,0.036326,0.963674
181,1869241629214427269662931336533353684013970622159921317,24,527,526,0.018742,0.023269,0.023269,0.04201100000000001,0.957989
181,2136463886038630304242691639030926383783507376355925571,24,424,424,0.017056,0.017056,0.0,0.017056,0.982944
181,2877127110897588495873508614076070239692397854333669421,24,886,868,0.007243,0.006236,0.020741,0.027984,0.972016
181,2391506213382517426158791151215598942262031718622544827,24,538,495,0.025597,0.009716,0.035271,0.060868,0.939132
181,2948841039361971531410668839665611640358315799683010259,24,559,559,0.013881,0.013881,0.0,0.013881,0.986119
182,4191292476346020518783656275665657989599723159847851667,24,581,560,0.009119,0.035153,0.074567,0.083686,0.916314
182,4368915889305698991841916329930420223695538711679696073,24,425,404,0.016732,0.019514,0.039278,0.056010000000000004,0.94399
182,4603173397210774045412589779080265237568427782430487923,24,624,624,0.011185,0.011185,0.0,0.011185,0.988815
182,4412747380103085417736789338590629677444833420942921431,24,640,640,0.016523,0.016523,0.0,0.016523,0.983477
182,5274862496484527199284351082466041501734256417850671079,24,353,353,0.056565,0.056565,0.0,0.056565,0.943435
182,4800792925814278444401434125143406347751419932688595051,24,418,407,0.008344,0.011321,0.020102,0.028446,0.971554
182,3653812005152759308354861844496272098804036966408036451,24,539,531,0.010593,0.037953,0.037953,0.048546,0.951454
182,4646737653138437262079866979167515682324029521366613887,24,632,632,0.029652,0.029652,0.0,0.029652,0.970348
182,5244063665198047536361296769370401123699361439281027921,24,406,403,0.008656,0.041782,0.041782,0.050438,0.949562
182,5043512217423355819857280369022042682912863299358815427,24,588,588,0.017,0.017,0.0,0.017,0.983
182,5381424364337562423689277556082862960704173067855407963,24,416,413,0.069623,0.021422,0.021422,0.091045,0.908955
182,5605622646710231703717995108618170373087268192211651819,24,486,451,0.003375,0.013547,0.108085,0.11146,0.88854
182,5372876402521245557172885073810823234220306537484862171,24,555,530,0.006674,0.004881,0.085406,0.09208,0.9079200000000001
182,5193787393634226710856637245122360855837884143711668923,24,430,426,0.009594,0.025518,0.027226,0.03682,0.96318
182,4901526449801380100603842024908873735304969564340783837,24,576,546,0.040979999999999996,0.002024,0.11976099999999998,0.16074099999999997,0.839259
182,6116842254080121661991651815972543754648149039661461711,24,552,543,0.056505,0.012112,0.021873,0.078378,0.9216219999999999
182,4848300292233620118117558303318082764588214458439723993,24,716,703,0.007889,0.008966,0.033618,0.041507,0.958493
182,5455870824923288995533498136798277725990387457579154641,24,392,392,0.004744,0.004744,0.0,0.004744,0.995256
182,3785938512649873423258671464276287016184708730225383793,24,424,412,0.026197,0.061362,0.102213,0.12841,0.87159
182,4491160981645514588938837869554023508980963008773065231,24,596,596,0.00893,0.00893,0.0,0.00893,0.99107
183,9166723778901347230936039451531749253767512951187044911,24,358,358,0.045855,0.045855,0.0,0.045855,0.954145
183,10455930224123599063565031820487918262028421842464564737,24,976,976,0.034636,0.034636,0.0,0.034636,0.965364
183,7427674099806058459503172382903188275128363209564310927,24,365,365,0.048807,0.048807,0.0,0.048807,0.951193
183,10617285421144533269412481609230267820807269357289585027,24,495,495,0.018208,0.018208,0.0,0.018208,0.981792
183,11010471763583359046491348791311818146317648218012267883,24,592,591,0.00342,0.01017,0.01017,0.01359,0.98641
183,10332376251302120495254834326196282275734767686242549761,24,391,371,0.016584,0.007354,0.11059599999999999,0.12718,0.87282
183,11749977713551691032971054523891664935137255323436579743,24,635,635,0.031011,0.031011,0.0,0.031011,0.968989
183,10038010870002094481651798134300472801725442018653785307,24,522,486,0.013526,0.016808,0.13880499999999998,0.152331,0.847669
183,10982511715433447835689163250582120464921150302579077343,24,407,407,0.019829,0.019829,0.0,0.019829,0.980171
183,8953983959087052116701047035345005923200525137226524679,24,574,543,0.017084,0.019118,0.052152000000000004,0.069236,0.930764
183,8876846022270762570247578740470934525848460110861548643,24,716,706,0.035293,0.016143,0.016143,0.051435999999999996,0.948564
183,7272641689296160343480501161670052491504793391277318831,24,468,468,0.027957,0.027957,0.0,0.027957,0.972043
183,12244318449419593826201370835952825834440723200097525199,24,587,585,0.011926,0.009103,0.009103,0.021029,0.978971
183,11599990885992088420849467859622548958581504884697039151,24,534,523,0.001841,0.00786,0.026060999999999997,0.027901999999999996,0.972098
183,7605813317180000005669607627882043830747996242518578099,24,601,601,0.013196,0.013196,0.0,0.013196,0.986804
183,12182702859135303445823465643541896884548888148712896953,24,386,386,0.009131,0.009131,0.0,0.009131,0.990869
183,9709983608535670096749131929304035374023228870737229987,24,528,516,0.005358,0.02999,0.02999,0.035348,0.964652
183,10464773632474194098893561476862794550508738502141675107,24,606,606,0.004506,0.004506,0.0,0.004506,0.995494
183,9586059037733377655369346899873870070324449037164235107,24,359,359,0.024378,0.024378,0.0,0.024378,0.975622
183,9699446562764165401251791317533912674237385429964214831,24,440,433,0.019919,0.007618,0.020749,0.040667999999999996,0.959332
184,18626849292167387044123969723309390925329349903285206507,24,405,383,0.009994,0.017298,0.053018,0.063012,0.936988
184,18804282751054831530309800753579061511332519271103678431,24,554,554,0.010611,0.010611,0.0,0.010611,0.989389
184,18252028929067861875789984563223162861221576906848127717,24,664,664,0.003618,0.003618,0.0,0.003618,0.996382
184,24181446627067838775417564967666980419690582548365581197,24,507,507,0.011361,0.011361,0.0,0.011361,0.988639
184,23005878760564119588403003965951554728473230184759392953,24,637,605,0.013439000000000001,0.001831,0.04125099999999999,0.05468999999999999,0.94531
184,23936510072986768214421716184424106299398221539866239897,24,504,500,0.029219000000000002,0.009027,0.009027,0.038246,0.961754
184,16234034926709714462589794505359125056267838558020716281,24,674,664,0.002994,0.007703,0.007703,0.010697,0.989303
184,23428690111692592128116212619775791367144015582938967239,24,463,456,0.055729,0.039533,0.058789999999999995,0.114519,0.885481
184,18912759825437398136803515023873579742325104166174841671,24,487,487,0.010701,0.010701,0.0,0.010701,0.989299
184,19927044154018425176840956388997557677674288593187597089,24,444,444,0.006095,0.006095,0.0,0.006095,0.993905
184,19536799308159701904048108852677303754701680967104128127,24,467,451,0.008834,0.01544,0.023199,0.032033,0.967967
184,19071823677149723706403511825275713145306081300414131937,24,611,608,0.003533,0.003257,0.003257,0.00679,0.99321
184,20612269609108741202241460271673864594887702871452882101,24,472,461,0.011757,0.010808,0.027989,0.039746000000000004,0.9602539999999999
184,18920239559229041789878510751170285007946834591953601329,24,707,689,0.026841,0.000671,0.044645,0.071486,0.9285140000000001
184,22611644979880324889689047625329907958432993333469481211,24,423,423,0.022703,0.022703,0.0,0.022703,0.977297
184,22464664451229199112637114050957084764371480284978460343,24,438,427,0.005816,0.006846,0.009216,0.015032,0.984968
184,20229563940142821382398535762812188204560973744420706551,24,554,554,0.00965,0.00965,0.0,0.00965,0.99035
184,14302906747822375527736225805395822106070407268478927343,24,463,463,0.009216,0.009216,0.0,0.009216,0.990784
184,22648934796018516144639607669733048190885481628018590453,24,502,495,0.009831,0.007431,0.007431,0.017262,0.982738
184,15697907949934382447029781871211500370846936672724531567,24,482,463,0.006276,0.007737,0.052378999999999995,0.058655,0.941345
185,39302817494925418904731805103331681348585472258348444957,25,627,624,0.017441,0.033887,0.033887,0.051328,0.948672
185,39163563717688705635413025356219451066821712937228964227,25,522,519,0.021063,0.00435,0.006472,0.027534999999999997,0.972465
185,43686826810459062412827238710551696728616518667617692019,25,620,600,0.006602,0.001205,0.03423099999999999,0.040832999999999994,0.959167
185,44530085274113978279620207534979690950635532686975502813,25,358,358,0.069534,0.069534,0.0,0.069534,0.930466
185,43570715964626102904381136448155751424171061828655209841,25,511,503,0.008502,0.021804,0.021804,0.030306,0.9696940000000001
185,42847627148824300921093636376913601640563740728623558181,25,766,764,0.004952,0.003546,0.003546,0.008498,0.991502
185,32083703321789764487338768250718421793945445188847533027,24,724,709,0.01858,0.01231,0.02213,0.040709999999999996,0.95929
185,33014805666036752589259540494640708288963751747621341763,25,580,580,0.012228,0.012228,0.0,0.012228,0.987772
185,41464335276070540341399584119313180727925975932568415057,25,443,411,0.0070279999999999995,0.003407,0.032854,0.039882,0.960118
185,33861582902426483337301296118131448522568614203251711863,25,482,476,0.010958,0.017763,0.0339,0.044858,0.955142
185,46071639138339644800558097284225066199315293701982806079,25,869,869,0.009252,0.009252,0.0,0.009252,0.990748
185,37936033159136473000212002322269943296231496368568922549,25,391,391,0.007774,0.007774,0.0,0.007774,0.992226
185,48350569892826986379872186809679223015058022521047573871,25,531,531,0.044940999999999995,0.044940999999999995,0.0,0.044940999999999995,0.955059
185,41198097084082663709570476103319690345818375254249026263,25,455,455,0.005103,0.005103,0.0,0.005103,0.994897
185,45101352016751018053319721236302099399595057715497241929,25,497,471,0.007009,0.004304,0.017054,0.024063,0.975937
185,42065769993861888778368368385451592776021006938027669583,25,914,914,0.019257,0.019257,0.0,0.019257,0.980743
185,41907847300045853777854516119774591215451371041706482459,25,656,656,0.01956,0.01956,0.0,0.01956,0.98044
185,48828218167552081470122749610887068068091405463826001571,25,429,429,0.030697,0.030697,0.0,0.030697,0.969303
185,41321776714362126833330727735907708762522999908493584631,25,507,500,0.018367,0.006341,0.006341,0.024708,0.975292
185,45383217518804476499152706989070758316114620859553366943,25,365,365,0.037108,0.037108,0.0,0.037108,0.962892
186,91860233843352511299828307727646362358888480420031170413,25,666,666,0.030783,0.030783,0.0,0.030783,0.969217
186,80310109483483183267313583353855043236387938949945913511,25,366,366,0.056284,0.056284,0.0,0.056284,0.943716
186,80341684383462084364790814145428006802552449749708478169,25,644,644,0.006268,0.006268,0.0,0.006268,0.993732
186,94274586636737974618847930138230885567012445571032348059,25,563,562,0.0059,0.012762,0.012762,0.018662,0.981338
186,85286064753422311838018802719562606418460845712040300179,25,456,456,0.045118,0.045118,0.0,0.045118,0.954882
186,95824663807095715873047831217240459086791279500036727837,25,557,557,0.013884,0.013884,0.0,0.013884,0.986116
186,80600641280005619173439191411717632606164953443740925413,25,666,666,0.003812,0.003812,0.0,0.003812,0.996188
186,53363439485857552435882838625033101776848292903405327631,25,486,486,0.009797,0.009797,0.0,0.009797,0.9902029999999999
186,84360977267528679389916660229858829202359730331725108419,25,608,578,0.018224,0.022975,0.022975,0.041199,0.958801
186,79840201135431317961751024566665709261061070004618876607,25,415,399,0.007363,0.022976,0.022976,0.030338999999999998,0.969661
186,86866046861802039662583542752660385034769683216166980061,25,705,705,0.012169000000000001,0.012169000000000001,0.0,0.012169000000000001,0.987831
186,86323619254797487920466332795791126216445907418620989923,25,549,527,0.00842,0.001037,0.015090000000000001,0.023510000000000003,0.97649
186,96229941655765770007029825039522376331365113196946498957,25,456,456,0.006858,0.006858,0.0,0.006858,0.993142
186,68612351526722038739277226442469049931568086799744053797,25,516,483,0.021352,0.015041,0.076776,0.09812799999999999,0.901872
186,68105415306841011876975324285506148265126787018204059721,25,698,698,0.018596,0.018596,0.0,0.018596,0.9814039999999999
186,82153452353776642549718572430278706898613500637862573111,25,591,591,0.019044,0.019044,0.0,0.019044,0.980956
186,58260742770043455753114412466166256900662844348827175237,25,675,669,0.006254,0.008329,0.008329,0.014582999999999999,0.985417
186,92398084669964916514251013016603556504210733394779182767,25,387,362,0.003907,0.03504,0.13055199999999997,0.13445899999999997,0.865541
186,85070111672001330371958789558357340118850688442337853217,25,418,418,0.013549,0.013549,0.0,0.013549,0.986451
186,77006883355586853676151730714225091231991247740864640619,25,452,452,0.033721,0.033721,0.0,0.033721,0.966279
187,185702567469454758545522669141358609758902348939813864093,25,552,552,0.0175,0.0175,0.0,0.0175,0.9825
187,179941892859217785606681885687143742888315889414346363689,25,1050,1050,0.004455,0.004455,0.0,0.004455,0.995545
187,181526373319561920706249179904543072763946711556143801553,25,556,556,0.038556,0.038556,0.0,0.038556,0.961444
187,167429568427479950155810682841163388259872915659211758439,25,440,428,0.00764,0.007957,0.007957,0.015597,0.984403
187,186979504018673334316662054121094588580490052795915527519,25,598,594,0.021358000000000002,0.004319,0.004319,0.025677000000000002,0.974323
187,145169698815553753950995436308896640554249031871232995529,25,616,616,0.007928,0.007928,0.0,0.007928,0.992072
187,189461310023527313299690027067741970827568893636258377063,25,791,791,0.003919,0.003919,0.0,0.003919,0.996081
187,195549547224884539368396804380565596304971046728434683161,25,445,439,0.014391,0.009859,0.009859,0.02425,0.97575
187,178245846474078559274688392189915797290638577194576694293,25,467,467,0.029116,0.029116,0.0,0.029116,0.970884
187,140252436907018775044357018689165543420042260373871440727,25,544,532,0.004458,0.006838,0.039797000000000006,0.044255,0.955745
187,192105990641511042361486580149859043063803753731838318981,25,861,825,0.023228,0.01113,0.083667,0.106895,0.893105
187,178454889426021172984526500874394848133697897783899319511,25,1017,996,0.066657,0.014966,0.019492,0.08614899999999999,0.913851
187,147793902755095806954444489354226029687835800736294743133,25,654,654,0.03365,0.03365,0.0,0.03365,0.96635
187,181066564675332279473924972484406057203667755771628163519,25,433,427,0.014717,0.009853,0.009853,0.02457,0.97543
187,168818801318777087057170297997195516793375607488939767557,25,507,472,0.01422,0.005629,0.031708999999999994,0.045929,0.954071
187,163084686989748233415040348211861253938756903626114968719,25,430,430,0.00597,0.00597,0.0,0.00597,0.99403
187,188075731576689556162612507442726713223245640460883288489,25,608,600,0.013343,0.011895,0.030435999999999998,0.043779,0.956221
187,132226185708852638537764772743714220747210366978910886177,25,497,492,0.005485,0.014478,0.019436,0.024921,0.975079
187,194698576701919400115040833966319106090888842928840082833,25,487,487,0.007232,0.007232,0.0,0.007232,0.992768
187,125253423035716542158322394161648453041038946552062725559,25,507,507,0.007243,0.007243,0.0,0.007243,0.992757
188,314224750521702231589078779205748577487125730214151848227,25,477,477,0.039887,0.039887,0.0,0.039887,0.960113
188,214725867801677657763150716044378228025925022271604157093,25,381,381,0.008746,0.008746,0.0,0.008746,0.991254
188,337786569927761505444410838242068306234426938889367376089,25,438,438,0.099672,0.099672,0.0,0.099672,0.900328
188,360223106477640603715939086025088234494108141240755800321,25,461,461,0.005191,0.005191,0.0,0.005191,0.994809
188,374124987525817520307508964115960865602386918837898179827,25,671,671,0.068794,0.068794,0.0,0.068794,0.931206
188,361989780913006793919620222968747185160737595989089084909,25,463,454,0.0065320000000000005,0.001476,0.023989000000000003,0.030521000000000003,0.969479
188,317559581118592945343728270732523067627215982144611637637,25,424,409,0.012724,0.023842,0.031988,0.044712,0.955288
188,379999621526733814982174866558604085395375086537465979591,25,411,411,0.003846,0.003846,0.0,0.003846,0.996154
188,366021560344730588643709636731405132352498915207181378779,25,433,433,0.042564,0.042564,0.0,0.042564,0.957436
188,387944003533460640819952009732254475678414088984486177033,25,657,657,0.003499,0.003499,0.0,0.003499,0.996501
188,374845489005902740783352118914562105030081362850475258007,25,684,681,0.003527,0.015516,0.015516,0.019043,0.980957
188,386515816923087548415772467909907858268131406963172669599,25,549,548,0.048012,0.00614,0.00614,0.054152,0.945848
188,221106737983069547058303874626625601611876932304469714993,25,470,470,0.015655,0.015655,0.0,0.015655,0.984345
188,240210128646608330322236250926839186745574038027417949109,25,557,555,0.03154,0.004207,0.004207,0.035747,0.964253
188,318351913440867881282887107239336403432896585513539162139,25,495,473,0.01833,0.006669,0.018154,0.036484,0.963516
188,378635620380227758123177463104203120047480633879439638329,25,474,474,0.016039,0.016039,0.0,0.016039,0.983961
188,319199732197973078769687558220972231917492453889455575179,25,475,475,0.028339,0.028339,0.0,0.028339,0.971661
188,381980473612089531334196860824416470009021634012423067737,25,457,457,0.008237,0.008237,0.0,0.008237,0.991763
188,256586033541357135375485125099595006467144223152458416503,25,378,378,0.043183,0.043183,0.0,0.043183,0.956817
188,353636550421510722509208696720104070107782240230147107101,25,526,526,0.013972,0.013972,0.0,0.013972,0.986028
189,408589902288642681578344276763041902416284671692080986377,25,440,407,0.003718,0.013982,0.06762099999999999,0.07133899999999999,0.928661
189,646628678273258141372517202145221034603557799378124614201,25,559,559,0.002097,0.002097,0.0,0.002097,0.997903
189,592635606571861287284224295593110454631652264655249578353,25,530,528,0.003392,0.002514,0.002514,0.005906,0.994094
189,650208432524537748605744087782608274999617116493579199513,25,627,618,0.007742,0.005378,0.009849,0.017591,0.982409
189,599419609079700662276957964472775050611343385405910300163,25,797,783,0.0067009999999999995,0.002215,0.019674,0.026375,0.973625
189,591139658903332237066666950704418695507871569867166356959,25,517,517,0.009013,0.009013,0.0,0.009013,0.990987
189,759303095841708533868206131077305245572712516145789616107,25,440,440,0.033531,0.033531,0.0,0.033531,0.966469
189,723374087894581884780114042666006439305170047096296570421,25,441,420,0.002386,0.010183,0.019517,0.021903,0.978097
189,642089268364349919722039425710377324200681378773618660631,25,544,544,0.004889,0.004889,0.0,0.004889,0.995111
189,493458509028245692711455247191997853201057771326056542803,25,816,801,0.073036,0.015403,0.015403,0.088439,0.911561
189,775267771444101410063934578993845769575953505357992661799,25,822,822,0.021822,0.021822,0.0,0.021822,0.978178
189,525214235994067347101638348805237964788334546789415420243,25,655,648,0.002363,0.001765,0.001765,0.004128,0.995872
189,510228484199873332122049098813102378921923672052464278333,25,443,443,0.032484,0.032484,0.0,0.032484,0.967516
189,630121824338129668949919059009823882545840337934822277567,25,715,699,0.035773,0.004034,0.033839,0.06961200000000001,0.930388
189,755634779781799121353112557954459602771587484582257255551,25,411,411,0.002738,0.002738,0.0,0.002738,0.997262
189,612172740703460905652990412541931502012476806243188854431,25,635,629,0.006926,0.004605,0.025743000000000002,0.032669000000000004,0.9673309999999999
189,530704707601162495384297467780173501132805319654798984003,25,458,433,0.015091,0.00931,0.021892000000000002,0.036983,0.963017
189,756916004872319657418986856461653189263814971681663763573,25,577,572,0.033066,0.021381,0.021381,0.054446999999999995,0.945553
189,490921607897052107753246264180398217237973784027521089099,25,450,445,0.003779,0.015066,0.026167,0.029946,0.970054
189,767702133245506513310164240704062695141079949461903447479,25,508,499,0.013693,0.003809,0.010936,0.024628999999999998,0.975371
190,1107697980005560535935691181882881481298971577503883545431,25,513,511,0.017883,0.009198,0.009198,0.027081,0.972919
190,1447718595714448727207173851527167403200700108585820235931,25,401,401,0.054326,0.054326,0.0,0.054326,0.945674
190,1067595819970828694093593212927706218036137678171084438953,25,506,479,0.015917,0.012483,0.08297100000000002,0.09888800000000002,0.901112
190,1236956916814563958009976698763228455869309463346857145209,25,444,424,0.006477999999999999,0.00672,0.08541600000000002,0.09189400000000002,0.908106
190,1303595662239872394152630143462469139534875953977955173719,25,959,953,0.021165,0.010025,0.022017,0.043182,0.956818
190,1436728764183159269584547372484560757421757510937607299719,25,426,426,0.03417,0.03417,0.0,0.03417,0.96583
190,1358738873900145804437909196195927584579190583894624729549,25,522,518,0.024769,0.012556,0.012556,0.037325,0.962675
190,1309414713325066973570726305039978280113478833538624990717,25,689,689,0.00271,0.00271,0.0,0.00271,0.99729
190,1119233946195882068749589393936438955574244336504433599743,25,534,534,0.043529,0.043529,0.0,0.043529,0.956471
190,1391390333131732070825024754648255205953706845753859235761,25,876,876,0.014371,0.014371,0.0,0.014371,0.985629
190,1219405195991088602219964475590713847204090579216876133247,25,688,688,0.012258,0.012258,0.0,0.012258,0.987742
190,1285952433782265124699401960911465263241667818151785942989,25,502,469,0.031238,0.005989,0.07210199999999999,0.10333999999999999,0.89666
190,936281692826227408663886118472398327211075139996831483807,25,467,460,0.028698,0.004033,0.004033,0.032731,0.967269
190,1495152348884655255748854019985088902044523205603769307549,25,506,506,0.02131,0.02131,0.0,0.02131,0.97869
190,1543054376408543181151756345226381442258117792563593031941,25,481,481,0.016553,0.016553,0.0,0.016553,0.983447
190,1197900039859831281860297786593556759105357856705065296097,25,369,369,0.068587,0.068587,0.0,0.068587,0.931413
190,1325762643789188253480076014106355323863094856768820242033,25,414,414,0.069548,0.069548,0.0,0.069548,0.9304520000000001
190,1549503894836788136271053205345052692884272523599834807513,25,515,513,0.016306,0.026845,0.026845,0.043151,0.956849
190,1371820001327266974371651800423316814650750283162857664521,25,384,384,0.051142,0.051142,0.0,0.051142,0.948858
190,1319759631078608755615705806993244756656084597458744780879,25,521,500,0.009248,0.004972,0.033834,0.043082,0.956918
191,2180877054471620294689724695606846212849552332318992940407,25,497,497,0.027895,0.027895,0.0,0.027895,0.972105
191,1606385381360148813307516689773707722363849418834436678389,25,418,418,0.009404,0.009404,0.0,0.009404,0.990596
191,2738991831553984659353836548560279154535043688289688027603,25,465,458,0.007446,0.00734,0.010701,0.018147,0.981853
191,2021640631374636353782008830324840969777513038468864748759,25,652,648,0.005916,0.007415,0.007415,0.013330999999999999,0.986669
191,2105598972222103150968007207241144213000505023620025661667,25,422,422,0.010395,0.010395,0.0,0.010395,0.989605
191,2954552227750152336095183292848417913001395070298811029879,25,615,609,0.013836,0.001013,0.001013,0.014849,0.985151
191,2604823021534871940153658516882468145972589783978202484923,25,499,499,0.021532,0.021532,0.0,0.021532,0.978468
191,2697799617327879157081712621189446951709202892838110789249,25,1093,1093,0.030596,0.030596,0.0,0.030596,0.969404
191,2749750578464362511041140809468842163052814508247072125809,25,709,702,0.001711,0.005759,0.005759,0.00747,0.99253
191,2810254725646498720414994000029322939731083303115400227283,25,624,595,0.007481,0.005612,0.036497,0.043978,0.956022
191,2919723125927389511356972449231841889026550065177689782341,25,632,606,0.033867,0.006772,0.071427,0.105294,0.894706
191,2384759410471810319375657922573509817577252181814221416381,25,543,543,0.039846,0.039846,0.0,0.039846,0.960154
191,2870902859138464144898136609805487079043674281379484515257,25,565,564,0.009066,0.00423,0.00423,0.013295999999999999,0.986704
191,2531428612228677358426023750691561085464553004835817283823,25,685,685,0.012125,0.012125,0.0,0.012125,0.987875
191,2569199376454128229458263634674647272803671413063904093681,25,483,469,0.010716,0.008721,0.015679,0.026395,0.973605
191,2077139403037075257284520813457747381680630617898050789129,25,582,582,0.012179,0.012179,0.0,0.012179,0.987821
191,2599527300982831600647840629042688948539972657946504879419,25,743,739,0.009812,0.002144,0.002144,0.011956,0.988044
191,2939945259852704861237884063321703407639606324099970984489,25,520,520,0.034803,0.034803,0.0,0.034803,0.965197
191,2806787067261975292631801717103764100516337005958274854877,25,907,904,0.008874,0.003342,0.01228,0.021154,0.978846
191,3102854422286895681399386946361481173908793767638701190957,25,535,535,0.03053,0.03053,0.0,0.03053,0.96947
192,6053136549975215707114861824618604186550967571524618556511,25,587,574,0.020011,0.02413,0.039675,0.059686,0.940314
192,5772223899679240100865858833866067485733365743633882768503,25,429,417,0.006412,0.024459,0.07327199999999999,0.07968399999999999,0.920316
192,4939008137476552065240184537828644764133517214756158762829,25,496,490,0.010991,0.015748,0.038191,0.049182000000000003,0.9508179999999999
192,6212435194276394115763543059243494938563033646586224859629,25,574,559,0.012356,0.010858,0.035165,0.047521,0.952479
192,3874204338182140753502701838530384426297759523506113427483,25,628,628,0.020251,0.020251,0.0,0.020251,0.979749
192,3347208880492337566130653746802735549578109517894379499733,25,785,784,0.018872,0.004752,0.004752,0.023624,0.976376
192,4306083721119286908591380042584606571729048503575164227711,25,507,496,0.011347,0.013738,0.039389,0.050736,0.949264
192,5163763031624406920207830805702663059843081289928205028959,25,626,626,0.017099,0.017099,0.0,0.017099,0.982901
192,6130364660359904866071451106195076205876004972250032444803,25,494,494,0.003164,0.003164,0.0,0.003164,0.996836
192,6254696907579855069014156880599952401895926775151729298633,25,580,580,0.014338,0.014338,0.0,0.014338,0.985662
192,4873661477686905481674696353544486097679453418713697857441,25,1093,1093,0.017109,0.017109,0.0,0.017109,0.982891
192,5412175546964427994074789034451167835889491793324688758467,25,799,789,0.005027,0.007229,0.01144,0.016467000000000002,0.983533
192,5910884209390437413999109263981667425861292837036749005609,25,578,576,0.009937,0.009858,0.009858,0.019795,0.980205
192,4621285287029859947459316813570982113322073918209718266019,25,559,559,0.026114,0.026114,0.0,0.026114,0.973886
192,5696283951894185144007889520249234417647198158940715431933,25,440,440,0.013648,0.013648,0.0,0.013648,0.986352
192,3683958575511235413756595798246241035800834295791075521963,25,463,463,0.024632,0.024632,0.0,0.024632,0.975368
192,4468006165118885684913086683109597497945491118316503789123,25,1043,1002,0.015338,0.007782,0.08758000000000002,0.10291800000000002,0.8970819999999999
192,5488497809815368048793079212529624026388526869419621039691,25,562,550,0.010468,0.004721,0.081466,0.091934,0.908066
192,5659542164522658766094858453465847140623734081033257305487,25,457,457,0.008913,0.008913,0.0,0.008913,0.991087
192,6149807903410653285967321465976396749348286539647506887699,25,638,635,0.022167,0.020179,0.020179,0.042345999999999995,0.957654
193,9905013207931875527529191960135739218017812814063208578531,25,663,629,0.016243,0.009412,0.067199,0.08344199999999999,0.916558
193,10100483858506872648422975068896319443064533148276380832169,25,694,674,0.006738,0.014074,0.041227,0.047965,0.952035
193,11663540999446197162723452607497563376895758675776898312369,25,546,534,0.026073,0.046116,0.057492,0.083565,0.916435
193,10897749645060145624874358483865606849691424744321528304937,25,565,562,0.010666,0.00178,0.003855,0.014521,0.985479
193,10565624405515099844116517970763527091130891790570283157137,25,488,488,0.051366,0.051366,0.0,0.051366,0.948634
193,12070921450587575263287627747872390786879378063838490617043,25,697,697,0.012734,0.012734,0.0,0.012734,0.987266
193,9664634974777947645604027278555623329607100282762834013441,25,509,509,0.015158,0.015158,0.0,0.015158,0.984842
193,12322960193874180073992358693327396906594292112230707610489,25,648,614,0.0031509999999999997,0.001885,0.037334000000000006,0.04048500000000001,0.959515
193,8099708654360452993215966572101668396566826381629301683063,25,608,570,0.032624999999999994,0.02125,0.117114,0.14973899999999998,0.850261
193,11214351833369361189026414622248506634769198922661651441293,25,527,527,0.016382,0.016382,0.0,0.016382,0.983618
193,9128073803947130372484141505624445498586637123573747380151,25,441,441,0.013757,0.013757,0.0,0.013757,0.986243
193,11312813665303613237304198878301422628970319071234047845347,25,719,700,0.002854,0.001403,0.003308,0.006162000000000001,0.993838
193,11023902979621732752907862575267849055507922142544485438789,25,571,562,0.002802,0.005934,0.01424,0.017041999999999998,0.982958
193,11262927042730954176015822824963334235937052626560568007419,25,567,567,0.005106,0.005106,0.0,0.005106,0.994894
193,10857095320997612707420637232964945337144528989105797131153,25,816,816,0.010296,0.010296,0.0,0.010296,0.989704
193,10494271519339392909894195833014476236187539413566084429379,25,584,584,0.006788,0.006788,0.0,0.006788,0.993212
193,12278064626184964589595523842860542425676931971855436832259,25,610,610,0.008329,0.008329,0.0,0.008329,0.991671
193,8482872608322654051369609585269639790901351219221511846733,25,497,497,0.015021,0.015021,0.0,0.015021,0.984979
193,7306887098618586073076594877395470343989113832174839245017,25,574,555,0.011546,0.007288,0.007288,0.018834,0.981166
193,12409265929614063311478379725438459124196359168832063103151,25,479,478,0.039428,0.042638,0.042638,0.082066,0.917934
194,20683260459467499029277828805303888053838228828420773810227,25,676,674,0.003702,0.006143,0.006143,0.009845,0.990155
194,21350469721329597074134362589876985354717072338210358108849,26,398,398,0.029039,0.029039,0.0,0.029039,0.970961
194,18942954816325570836124528681131878336599202626159580306777,25,469,463,0.012567,0.012222,0.021515,0.034082,0.965918
194,24458941949583565962792372221933150989311549041638920536113,26,689,675,0.015269,0.00485,0.045935000000000004,0.061204,0.938796
194,21076672769905977070352813226874932564034530295953191284753,25,535,535,0.005024,0.005024,0.0,0.005024,0.994976
194,22249362777783306049117932825890593656249535237757916625729,26,442,418,0.022405,0.011889,0.022913,0.045318,0.954682
194,23203422452949787679074210878498136594954609999835899906157,26,610,603,0.012017,0.009096,0.015390000000000001,0.027407,0.972593
194,20868115815896194713106525621357671273079634596135616425361,25,625,619,0.007616,0.016873,0.031852,0.039467999999999996,0.960532
194,23192686299066524320738010687390362447126038875074169556253,26,613,605,0.005615,0.004187,0.026199999999999998,0.031814999999999996,0.968185
194,22340054129412896419322214973520037370083718012993281910367,26,418,418,0.0035,0.0035,0.0,0.0035,0.9965
194,23181673086820734631906360554899103585708564817833096064921,26,1289,1289,0.014969,0.014969,0.0,0.014969,0.985031
194,24582599091151675799091021479482934414662039688624223437687,26,426,426,0.004357,0.004357,0.0,0.004357,0.9956430000000001
194,25065435242975997360701202808292864499688676903327335870541,26,495,495,0.008213,0.008213,0.0,0.008213,0.991787
194,18390454080376419958677765335623388001794346466558675435283,25,548,544,0.010797,0.00508,0.00508,0.015877,0.984123
194,22922786508061659363842923473806512470282966011733435851431,26,1073,1042,0.000614,0.001032,0.0027719999999999997,0.0033859999999999997,0.996614
194,17061387184720152302891304554226083544383293835520188213651,25,467,443,0.054638,0.005295,0.11198499999999999,0.166623,0.833377
194,18618516616598255372519874377476542080222536021373325270311,25,464,464,0.071623,0.071623,0.0,0.071623,0.928377
194,21282237135538130116514856262480953933294724963389201954481,26,554,551,0.008147,0.012118,0.012118,0.020265,0.979735
194,20522969516655873169000695377445575228468042248954518479057,25,565,536,0.003986,0.001818,0.026967000000000005,0.030953000000000005,0.969047
194,14989350088210543607482262847185984320363092765497004877451,25,647,639,0.004283,0.004182,0.004182,0.008465,0.991535
195,43040604789452163741387408621112136409598757059035661677893,26,584,578,0.028938,0.009331,0.018282000000000003,0.04722,0.95278
195,49088991794939140574010539690236171966040109026993415914269,26,445,442,0.064817,0.041106,0.041106,0.10592299999999999,0.894077
195,48300749567102905436273718192442740995408307546941115427897,26,494,482,0.026037,0.025752,0.025752,0.051789,0.948211
195,48906073225085902924815189872988257194974124450370814611651,26,421,421,0.030226000000000003,0.030226000000000003,0.0,0.030226000000000003,0.969774
195,36863086582293400960306820600939234657564365893479938560799,26,734,706,0.0017430000000000002,0.005055,0.020113,0.021856,0.978144
195,39520094337921324612196662792851626492332520911673811699729,26,885,885,0.003383,0.003383,0.0,0.003383,0.996617
195,48712327583936410948919472729136236367597407084610635272833,26,458,458,0.003057,0.003057,0.0,0.003057,0.996943
195,40655326120160876332407096732056168721873529846326635963177,26,449,435,0.008838,0.009232,0.036056,0.044893999999999996,0.955106
195,49535766793358394398954575009134138350900646325935636614543,26,585,573,0.065163,0.01687,0.03499,0.10015299999999999,0.8998470000000001
195,41862719142251391308296850055406978004299551713109836123227,26,582,576,0.009667,0.006106,0.006106,0.015773000000000002,0.984227
195,39425775947292327135017849550127493358385136125831647180659,26,469,456,0.012011,0.027665,0.027665,0.039676,0.960324
195,40030915462863037646967083275653053673838289093488559065567,26,612,598,0.018878,0.022477,0.022477,0.041355,0.958645
195,40570734708690516020996671408225641495385595046735671957119,26,459,459,0.023168,0.023168,0.0,0.023168,0.976832
195,40934085183179492462123851985126002111578252845347853305697,26,486,486,0.090593,0.090593,0.0,0.090593,0.909407
195,35128682060529629825193792168573153198841552039371874266881,26,455,446,0.004786,0.003305,0.003305,0.008091000000000001,0.991909
195,33386520498533519946398383478624977467807699443830033789513,26,580,580,0.019,0.019,0.0,0.019,0.981
195,40141148770606288794672640695647670636575757821310805897243,26,516,516,0.015682,0.015682,0.0,0.015682,0.984318
195,40490518455055723132909066555944613680023787528271085543291,26,564,564,0.027946,0.027946,0.0,0.027946,0.972054
195,47614627301874134935455529116186115164906112363136503150483,26,654,654,0.020209,0.020209,0.0,0.020209,0.979791
195,34473817038037491202068900808519350419613875057302440357481,26,602,602,0.001634,0.001634,0.0,0.001634,0.998366
196,95168415107121660560916881793289203952418490854465168975321,26,685,685,0.004138,0.004138,0.0,0.004138,0.995862
196,90009791547499984548910278716753576073152720702817059055901,26,511,498,0.036169,0.029864,0.029864,0.06603300000000001,0.933967
196,87459073763838296701927301523704259554148918532862184975629,26,551,551,0.01816,0.01816,0.0,0.01816,0.98184
196,70309503501777340343079821334567642537559966663221390472973,26,501,477,0.006455,0.031384,0.074265,0.08072,0.91928
196,95305038515393842196007534454562012255827385548443606952501,26,605,597,0.002828,0.003572,0.019596,0.022424,0.977576
196,82858880649466251495449216071414702109906561191821038787641,26,397,397,0.019696,0.019696,0.0,0.019696,0.980304
196,97083793852684433813008089400054003385653724507596918274297,26,684,663,0.001673,0.004248,0.023046,0.024719,0.975281
196,99466774561138218293682307547255032274447325955533021392447,26,486,486,0.013853,0.013853,0.0,0.013853,0.986147
196,62333097639089791343889610479116623630492359496474506120427,26,844,829,0.005797999999999999,0.004153,0.033967000000000004,0.039765,0.960235
196,98202769533374705029605057892210661368086364721024686834069,26,593,593,0.006231,0.006231,0.0,0.006231,0.993769
196,76205915167282914218102341674425274873438928127960827493699,26,787,784,0.030949,0.016517,0.016517,0.047466,0.952534
196,99735781901275954167800573841902347907225001572434442739617,26,680,680,0.0193,0.0193,0.0,0.0193,0.9807
196,75523924234554614323219474180414139839611222725124775536109,26,469,469,0.01748,0.01748,0.0,0.01748,0.98252
196,98856416133856584127753735193005691636012090201233990732729,26,443,428,0.009495,0.021629,0.03771,0.047205,0.9527950000000001
196,74465721503975476013420915082380026622357493970492148475923,26,621,621,0.023447,0.023447,0.0,0.023447,0.976553
196,93695083979722113939155057731935369089046162236564738423191,26,541,537,0.006583,0.013475,0.013475,0.020058,0.979942
196,77879392079591903526474505876698267670805166486636028530899,26,494,472,0.015642,0.007108,0.007108,0.02275,0.97725
196,84229306643800747300264590699152695007580757244203842094811,26,552,552,0.037132,0.037132,0.0,0.037132,0.9628680000000001
196,94030668663190317444347187347006250211939496898445186865789,26,840,817,0.001799,0.004533,0.010365,0.012164,0.987836
196,100248369583162082393739261464041339014101482772776091948201,26,438,431,0.011745,0.013351,0.021786,0.033531,0.966469
197,167659105655698882339508182915480992256595774433903924122623,26,1544,1534,0.008795,0.002888,0.01844,0.027235000000000002,0.972765
197,122449747198975822084132001235051055769374123302428745305941,26,652,652,0.010052,0.010052,0.0,0.010052,0.989948
197,157771390213784769025733801475620067885551276043484431320057,26,522,522,0.01803,0.01803,0.0,0.01803,0.98197
197,195362636325845913268639913567995093493514004135984307800363,26,573,551,0.047456000000000005,0.002111,0.11601999999999998,0.16347599999999998,0.836524
197,160328182105787324869078655378810538500450812696259544941773,26,496,496,0.05636,0.05636,0.0,0.05636,0.94364
197,184970800291752440068635983309521468062368504646083676644033,26,648,648,0.008976,0.008976,0.0,0.008976,0.991024
197,164144776080649194883406513297516553025716555924591056615183,26,435,431,0.01038,0.006949,0.009263,0.019643,0.980357
197,140818764650826975296987375129283355966942621459853255150479,26,564,564,0.012269,0.012269,0.0,0.012269,0.987731
197,189022387984517778950705123442972032908094852334290657306231,26,449,449,0.041577,0.041577,0.0,0.041577,0.958423
197,172220763612696405396243073018306035394484382521705030045911,26,445,438,0.006756,0.003793,0.01468,0.021436,0.978564
197,154481106607181704446691691500013964555830349483415881254479,26,744,743,0.005228,0.013914,0.013914,0.019142,0.980858
197,138116520840863501578382275910208792542013786200119809943421,26,465,465,0.010961,0.010961,0.0,0.010961,0.989039
197,128167436666847967508432921399395745683533771986744909507099,26,467,467,0.019072,0.019072,0.0,0.019072,0.980928
197,179430245545432323474984038609312519060231752952330260578973,26,644,644,0.00316,0.00316,0.0,0.00316,0.99684
197,164907321185035410613697079130730386934791247649211425433501,26,643,616,0.0019,0.002442,0.022866,0.024766,0.975234
197,149559974584198894049055200074096371180280008283748787845411,26,446,432,0.092084,0.030302,0.030302,0.122386,0.877614
197,141960287108387193832375793429518062558146806429474522246723,26,506,506,0.017334,0.017334,0.0,0.017334,0.982666
197,117962418323306660486403773161381103053143923297611666689523,26,462,462,0.005597,0.005597,0.0,0.005597,0.994403
197,159003940652452327574248903060253950134870172438916155070369,26,723,688,0.012786,0.005487,0.17676899999999995,0.18955499999999995,0.8104450000000001
197,186310928751907307724815625865601039478473930304908425333493,26,812,812,0.010216,0.010216,0.0,0.010216,0.989784
198,358800385741478548379741226608716034844371071935561085305833,26,623,617,0.013916,0.008629,0.008629,0.022545,0.977455
198,361832547229010809777991703475089455145922714751449984988413,26,419,415,0.043418,0.016444,0.016444,0.059862,0.940138
198,366234672716741757435258864069198637471462810470347219616629,26,688,679,0.004046,0.003265,0.004793,0.008839,0.991161
198,381944248262064685581254962871209750407378184907165945167889,26,559,559,0.007734,0.007734,0.0,0.007734,0.992266
198,354687072527494597410093290280585584399421663969934020853223,26,598,598,0.032281,0.032281,0.0,0.032281,0.967719
198,379245416457437245542302776449664948360818185536921628076539,26,432,432,0.018536,0.018536,0.0,0.018536,0.981464
198,276003453857523809899467677088049878845070200584331936691041,26,534,534,0.013539,0.013539,0.0,0.013539,0.986461
198,209990048987204577494427221770767574738889930041728156874193,26,577,577,0.024392,0.024392,0.0,0.024392,0.975608
198,256901948110234610129862767369945243180538397102365122358427,26,484,483,0.012983,0.038579,0.038579,0.051562000000000004,0.948438
198,392896855902880253325160541666344098709384930507930453171681,26,468,468,0.005545,0.005545,0.0,0.005545,0.994455
198,261148592887412956171116968549303549257459540886776423198739,26,509,508,0.003133,0.005865,0.005865,0.008998,0.991002
198,380307295207752593087679241538739081357344508076536875023627,26,597,574,0.027770999999999997,0.039606,0.074693,0.102464,0.897536
198,388299617663319746972489463784551990330983404458676571447693,26,517,496,0.004088,0.004772,0.022882,0.02697,0.97303
198,328573357774619762260295479993442675189590010826879831896677,26,534,519,0.003462,0.00917,0.011498999999999999,0.014960999999999999,0.985039
198,345095965742713044505246800463174842475462680793869138019261,26,453,453,0.015226,0.015226,0.0,0.015226,0.984774
198,292581670931790651470491827458218900376775743841380672403887,26,503,503,0.007657,0.007657,0.0,0.007657,0.992343
198,390539114582262272077001713638342490864897532470034331261247,26,491,473,0.035835,0.046573,0.046573,0.08240800000000001,0.917592
198,360504086773559647539204736208829484928785732049355565383643,26,395,395,0.00744,0.00744,0.0,0.00744,0.99256
198,235950558879078260282437419803935172239069320587333159451019,26,530,530,0.006439,0.006439,0.0,0.006439,0.993561
198,398227691324642613283526129594013507506766970246599454997939,26,659,643,0.016769,0.005034,0.01082,0.027589,0.972411
199,754357335704061312767906283574368857849729996361323767853021,26,540,540,0.053826,0.053826,0.0,0.053826,0.946174
199,740449135866891063702563724186205751814739503564925633250647,26,478,453,0.013809,0.011511,0.021154,0.034963,0.965037
199,783572025208462059459081331520531102495696274404533915350617,26,510,493,0.013397,0.012406,0.032461,0.045857999999999996,0.954142
199,689619749063096498116944459976173154436509257531702365821471,26,624,613,0.014426999999999999,0.008882,0.012972999999999998,0.027399999999999997,0.9726
199,792261444591087612509889756571590671010253289767476929883959,26,692,692,0.024957,0.024957,0.0,0.024957,0.975043
199,485165244720747932715066275346273892339756962905587028338027,26,452,452,0.042086,0.042086,0.0,0.042086,0.957914
199,701425127964276666799904563003747018572056891360383272760451,26,1119,1102,0.009538,0.024368,0.024368,0.033906,0.966094
199,790893896840481035276180066252113476643190200344778153065643,26,924,924,0.046404,0.046404,0.0,0.046404,0.953596
199,763536298621525364342165189094083117188952849209780027677679,26,601,593,0.034208,0.009349,0.031895,0.066103,0.933897
199,613617912594322713495151233564022371433770815044783317065269,26,827,827,0.01233,0.01233,0.0,0.01233,0.98767
199,701969238772333138157522384223588554623546191713496616248319,26,475,475,0.025034,0.025034,0.0,0.025034,0.974966
199,659743727985962787654640554658683537620374805989756454087933,26,679,679,0.007207,0.007207,0.0,0.007207,0.992793
199,690360274208079369250317450856211794224002008122073050016637,26,522,522,0.027077,0.027077,0.0,0.027077,0.972923
199,500887070634424955740905032565576942995006631697841024678317,26,521,521,0.009059,0.009059,0.0,0.009059,0.990941
199,562515533415072305976115813906881843805019952700501666255663,26,510,509,0.006328,0.005428,0.005428,0.011755999999999999,0.988244
199,687386421009493082281833809951506042909624825066468351426301,26,451,437,0.032486,0.01253,0.01371,0.046196,0.953804
199,627831828857047974697867855909832323916998184071016955354641,26,557,557,0.038488,0.038488,0.0,0.038488,0.961512
199,531493718748199409115070187956201803475378862922781030803881,26,499,499,0.015339,0.015339,0.0,0.015339,0.984661
199,764298723870080571982440894112670628624228896767629734930611,26,441,425,0.012816,0.016029,0.016029,0.028845000000000003,0.971155
199,563561550095967293743840793623207928679303836705271230763571,26,769,762,0.008081,0.005986,0.01371,0.021790999999999998,0.978209
200,1295789132477604807715877944458947246775511838525972200835657,26,631,631,0.021067,0.021067,0.0,0.021067,0.978933
200,1580265433117145949318612574335473147379586407902007615572209,26,560,553,0.003996,0.010693,0.010693,0.014689,0.985311
200,1031264165415914398404034296717937295434353057321618942293977,26,686,662,0.015196,0.018277,0.05314,0.068336,0.931664
200,942274183107708126744367799889859979943002828490182769563693,26,743,715,0.005221,0.016121,0.13913799999999996,0.14435899999999996,0.8556410000000001
200,1243256742262564810336975229173603901549307573958804818142771,26,585,568,0.012183,0.004004,0.008400999999999999,0.020583999999999998,0.979416
200,1332260463557925975266900697251791362056896106900938778652773,26,696,696,0.003647,0.003647,0.0,0.003647,0.996353
200,1534546510819566200886924830244913417667526810936895301477933,26,457,452,0.046148,0.003063,0.013006,0.059154,0.940846
200,1457315434423192483527568367362496447605043071246754450536801,26,567,567,0.037365,0.037365,0.0,0.037365,0.962635
200,1515478547137402687976907484166669091143375006869904371011019,26,580,580,0.020536,0.020536,0.0,0.020536,0.979464
200,1328401728722624823335450602027897002059084341229046226740677,26,501,500,0.004476,0.003045,0.003045,0.007521,0.992479
200,1069405338840333297089210313682851116995000495488370707114107,26,868,865,0.010927,0.00263,0.00263,0.013557,0.986443
200,1577668914616112972976239927299568044527242009386300299995513,26,993,993,0.01883,0.01883,0.0,0.01883,0.98117
200,924932144930952159695588929751342486737404577556159754527249,26,444,435,0.013048,0.013731,0.013731,0.026779,0.973221
200,1430455149298665257668430782969274466789353299446322896956953,26,484,475,0.002777,0.001799,0.0054139999999999995,0.008191,0.991809
200,1471759896903796862187242593818058236014421372969552658348613,26,837,837,0.09156,0.09156,0.0,0.09156,0.90844
200,1024997524686414507856278528573582273997937245288256214142637,26,547,547,0.010208,0.010208,0.0,0.010208,0.989792
200,1269662956978065591146754145192337292773571460456699566030607,26,531,531,0.013213,0.013213,0.0,0.013213,0.986787
200,1251023694717248924976673861910298094342092199701445949798563,26,706,706,0.004466,0.004466,0.0,0.004466,0.995534
200,1165094867829338354631660035180329869977597764175158753523867,26,548,548,0.087937,0.087937,0.0,0.087937,0.912063
200,1245161625256545119714043746004026254459007086115269518670777,26,662,661,0.003933,0.015001,0.015001,0.018934,0.981066
