Bit_length,N,Lattice_dimension,|b_op - t|^2,|vbest - t|^2,P(b_op),P(vbest),P(|vnew - t|^2 < |b_op - t|^2),P(|vnew - t|^2 <= |b_op - t|^2),P(|vnew - t|^2 > |b_op - t|^2)
150,1268771206145175299492684899681878877410684841,21,728,728,0.021238,0.021238,0.0,0.021238,0.978762
150,1403762530472620237905076428332939916844331359,21,310,297,0.034,0.037171,0.06317,0.09717,0.90283
150,918882917500502786903408324526441238854631741,21,407,397,0.018448,0.012365,0.012365,0.030813,0.969187
150,1044411862674117053622929515451672202864979129,21,397,397,0.028253,0.028253,0.0,0.028253,0.971747
150,1199592981228806239321120961178599459097610483,21,601,601,0.003522,0.003522,0.0,0.003522,0.996478
150,912632394066698132144971044037258218777602291,21,384,384,0.045435,0.045435,0.0,0.045435,0.954565
150,1033085278351720441874660444922199074374033881,21,454,454,0.00768,0.00768,0.0,0.00768,0.99232
150,1039667922595230805682141254323399644574814367,21,704,702,0.041164,0.115238,0.115238,0.15640199999999999,0.8435980000000001
150,1076261801716221769627743498540654753005411033,21,605,584,0.010147,0.010978,0.103968,0.11411500000000001,0.885885
150,868981675879730421007669707059890716656754209,21,391,391,0.022375,0.022375,0.0,0.022375,0.977625
150,1198940008513470371886998720870433706529677289,21,318,309,0.023925,0.032729,0.13681200000000002,0.16073700000000002,0.839263
150,1001065868810988745766471076060380006588792189,21,391,391,0.020235,0.020235,0.0,0.020235,0.979765
150,1018523197675518130041140861676478171959383813,21,315,315,0.125886,0.125886,0.0,0.125886,0.8741140000000001
150,999406335763551690568793874408994581594369181,21,305,305,0.09947,0.09947,0.0,0.09947,0.90053
150,1386649915270975663546803936212330370020386207,21,333,333,0.017263,0.017263,0.0,0.017263,0.982737
150,1252835724482748605844023934169349660374906087,21,379,379,0.053198,0.053198,0.0,0.053198,0.946802
150,1420753685420564064872708676390123998125705549,21,349,349,0.078528,0.078528,0.0,0.078528,0.921472
150,1076920912535396901213842625717381087368331181,21,417,417,0.015028,0.015028,0.0,0.015028,0.984972
150,1124397583306701037985991208303905429810161357,21,352,352,0.025449,0.025449,0.0,0.025449,0.974551
150,1130353955473240791783568532060655958732460941,21,408,408,0.048,0.048,0.0,0.048,0.952
151,2363319035074246419340419055739401443130238059,21,544,505,0.012666,0.004084,0.12237800000000001,0.13504400000000003,0.864956
151,2471201957583473321167345886570639941825218311,21,396,396,0.015102,0.015102,0.0,0.015102,0.984898
151,2315715608364087921901708175621836301416617007,21,292,292,0.012446,0.012446,0.0,0.012446,0.987554
151,2763171157217537386323259861099914830334818519,21,613,595,0.009423,0.007495,0.007495,0.016918000000000002,0.983082
151,1758775630326182635026447808028302358291781499,21,296,296,0.025798,0.025798,0.0,0.025798,0.974202
151,2188378164211148987192836592303698338909975503,21,332,318,0.019158,0.020633,0.020633,0.039791,0.960209
151,1829627983140478483810934234803641664206450619,21,355,355,0.024633,0.024633,0.0,0.024633,0.975367
151,1569735030968914361557174823910579735657956107,21,310,304,0.064512,0.057701,0.057701,0.122213,0.877787
151,2843239852874861508784440371081621911410347591,21,581,581,0.010061,0.010061,0.0,0.010061,0.989939
151,2624675574003230296718034974584383454961661761,21,577,577,0.008832,0.008832,0.0,0.008832,0.991168
151,1746328694271824837631752461766830788699201941,21,497,492,0.010329,0.009756,0.012444,0.022773,0.977227
151,2456234120258232727729365675070691784694223131,21,661,651,0.021966,0.01357,0.024350999999999998,0.046317,0.9536830000000001
151,2689914182894566195371701173819301836708498979,21,414,397,0.028772000000000002,0.009397,0.09321399999999999,0.121986,0.878014
151,2472879649799491864465871187917726124213054643,21,388,383,0.004728,0.006724,0.006724,0.011452,0.988548
151,2641928437820330089399895839369416426912654047,21,603,596,0.028132,0.027305,0.027305,0.055437,0.944563
151,2217024583566038902931835040749210710155293863,21,329,329,0.025421,0.025421,0.0,0.025421,0.974579
151,2795955547593262531562466415054318143278579719,21,418,393,0.005226,0.006389,0.06856000000000001,0.073786,0.926214
151,2754384674264655946791346511962590129499967297,21,527,527,0.009103,0.009103,0.0,0.009103,0.990897
151,1922698035563121141756137662031262831101446511,21,321,321,0.005058,0.005058,0.0,0.005058,0.994942
151,2578633082003778088940013102956628479805360761,21,526,526,0.010948,0.010948,0.0,0.010948,0.989052
152,3650146379785934850995660671580553841765454981,21,332,327,0.02136,0.044146000000000005,0.076049,0.09740900000000001,0.902591
152,4447694107941335768274189003948589146948883409,21,397,397,0.065058,0.065058,0.0,0.065058,0.9349419999999999
152,5304044781028480773455459789567804501864780699,21,391,379,0.040561,0.008533,0.008533,0.049094,0.950906
152,5225791236691602749703859113684043992716841463,21,404,404,0.054281,0.054281,0.0,0.054281,0.945719
152,5425403301002418901669361546561888615280596761,21,404,374,0.027187000000000003,0.011664,0.091461,0.118648,0.881352
152,5202335230032226630491022567996748864390119873,21,446,446,0.034172,0.034172,0.0,0.034172,0.965828
152,4003774395708740189647636396775460720094087057,21,338,333,0.010419000000000001,0.002609,0.002609,0.013028000000000001,0.986972
152,5276249290787396224699127825641594167433771223,21,372,372,0.026696,0.026696,0.0,0.026696,0.973304
152,4381176969443188923764265381058182084891594073,21,455,455,0.032738,0.032738,0.0,0.032738,0.967262
152,5541991812747053012003965966406093820220699999,21,301,301,0.142087,0.142087,0.0,0.142087,0.857913
152,5648300508047326241541247933495397085050508533,21,379,379,0.03053,0.03053,0.0,0.03053,0.96947
152,4837654055687374110886315087296888936559582543,21,331,291,0.058299000000000004,0.026431,0.11613100000000001,0.17443000000000003,0.8255699999999999
152,3169527753809835033737422227494034075208154897,21,365,365,0.008402,0.008402,0.0,0.008402,0.991598
152,4751384359859390003700613749548751936187354063,21,353,353,0.057126,0.057126,0.0,0.057126,0.942874
152,5115713692797196694227360148049458957592665221,21,314,307,0.055453,0.019927,0.10087,0.156323,0.843677
152,5377906651632174967507002058972880963848446937,21,461,451,0.021276,0.006521,0.006521,0.027797,0.972203
152,4794192939950703723191510856383251915586655239,21,375,375,0.061097,0.061097,0.0,0.061097,0.938903
152,4098436965705153817981088577951066512799793241,21,486,467,0.055793,0.087958,0.087958,0.143751,0.856249
152,4397317578261604652631366972202456990923173239,21,607,602,0.011143,0.007008,0.007008,0.018151,0.981849
152,5641409895201969238429625932613600677431973529,21,369,358,0.054342,0.049361,0.095437,0.149779,0.850221
153,7688734886215973313958737522072259896979469359,21,488,488,0.025542,0.025542,0.0,0.025542,0.974458
153,9965367899123149749669237053467022764500819709,21,364,340,0.004591,0.005291,0.022518,0.027109,0.972891
153,8648715940089396413954292296253489279668879831,21,364,355,0.03428,0.03782,0.059456,0.093736,0.906264
153,9992486217185404533285574560152593379868586411,21,312,303,0.042893,0.019391,0.019391,0.062284,0.937716
153,8752395201001776336645971436266201719253038903,21,273,273,0.022774,0.022774,0.0,0.022774,0.977226
153,10307828778112676279744687232183733883997747787,21,304,304,0.036189,0.036189,0.0,0.036189,0.963811
153,8927473020776419491333060829150295244420281503,21,499,462,0.023265,0.00474,0.123857,0.147122,0.852878
153,7853849523366438727173539795218496833560636149,21,509,489,0.033353,0.005515,0.074497,0.10785,0.89215
153,8674604146514496475964987674111780570888473743,21,283,283,0.016156,0.016156,0.0,0.016156,0.983844
153,8982522494550749295857332138146435777716539013,21,326,326,0.025593,0.025593,0.0,0.025593,0.974407
153,7465338556163117004724110416934405812498881597,21,443,443,0.039959,0.039959,0.0,0.039959,0.960041
153,9002256784614521734062834292945636253381789701,21,482,471,0.030233,0.024864,0.024864,0.055097,0.944903
153,9730043924092499024899737640031060516457357727,21,518,518,0.064767,0.064767,0.0,0.064767,0.935233
153,7772785559916630760629013439531712505833223283,21,335,335,0.059891,0.059891,0.0,0.059891,0.940109
153,6331403492532550906969515225158616949065412553,21,348,340,0.013745,0.023676,0.023676,0.037420999999999996,0.962579
153,9499729964075602707801866275682306216169333647,21,580,580,0.025373,0.025373,0.0,0.025373,0.974627
153,10623137933847890583214243354934109612727566337,21,398,398,0.02809,0.02809,0.0,0.02809,0.97191
153,8298489176359263229418112630907164868713161869,21,425,425,0.044869,0.044869,0.0,0.044869,0.955131
153,10423403876173039960502215978962041272294895987,21,351,351,0.012736,0.012736,0.0,0.012736,0.987264
153,11331438524408402513759859710883003140234689001,21,566,555,0.004736,0.013127,0.04698,0.051716,0.948284
154,20144352470088160067192230120293841747066127093,21,398,394,0.010997,0.004278,0.004278,0.015275,0.984725
154,13741129409913179912586613425642421907057677927,21,331,331,0.147422,0.147422,0.0,0.147422,0.8525780000000001
154,22555697926472858658256090868373281917048139777,21,484,480,0.007053,0.002553,0.017606,0.024659,0.975341
154,21622466558921334027105350728738281221011715713,21,470,470,0.035512,0.035512,0.0,0.035512,0.964488
154,22717282832414613486487854671615889194348202509,21,432,432,0.020286,0.020286,0.0,0.020286,0.979714
154,15553662272752172389304818266535674850670048197,21,324,324,0.015556,0.015556,0.0,0.015556,0.984444
154,16287234057599780494928529944429983938735953333,21,356,338,0.023232,0.005552,0.022172,0.045404,0.954596
154,20227306669577710217883266196429106847542507013,21,591,591,0.008195000000000001,0.008195000000000001,0.0,0.008195000000000001,0.991805
154,18361999857484992568400964915559137162309312233,21,359,359,0.012524,0.012524,0.0,0.012524,0.987476
154,17615067981495998635949724796624661825505231481,21,515,475,0.015986999999999998,0.029748,0.32494900000000004,0.340936,0.659064
154,16965780184675510815549338206501125311473383031,21,416,416,0.004334,0.004334,0.0,0.004334,0.995666
154,17145713058305669983102778787612006911670513347,21,475,452,0.079042,0.014464,0.014464,0.093506,0.906494
154,20285317985568063024579677341972941193428143231,21,300,300,0.057343,0.057343,0.0,0.057343,0.942657
154,19892574816341431255761561129070142233703448899,21,484,484,0.039174,0.039174,0.0,0.039174,0.960826
154,14482484907695104154754286426816369245597742123,21,429,429,0.019597,0.019597,0.0,0.019597,0.980403
154,21308599822779449843544699903616188167691769657,21,446,427,0.022165999999999998,0.01729,0.01729,0.039456,0.960544
154,19652552707990061015357354059734076466348869901,21,368,368,0.013304,0.013304,0.0,0.013304,0.986696
154,15836062588559999481222001755306755400249974411,21,351,348,0.031913,0.037183,0.037183,0.06909599999999999,0.930904
154,17640605793899812190237760431948486244893089589,21,390,390,0.014406,0.014406,0.0,0.014406,0.985594
154,13200322048523091361380223530828151918467232499,21,285,277,0.006691,0.003074,0.003074,0.009765,0.990235
155,31340595875958809044343360964929799034189512361,21,438,436,0.100231,0.019598,0.019598,0.119829,0.880171
155,33883679322606457824492978417378120332359598171,21,356,350,0.06931699999999999,0.014633,0.014633,0.08395,0.91605
155,38431961138800983210425437779183955699273663877,21,536,536,0.029439,0.029439,0.0,0.029439,0.970561
155,44842574992398006827792831817449122409176524571,21,385,377,0.005301,0.003018,0.006653,0.011954,0.988046
155,44479412022428483167051033854365771430317272061,21,544,544,0.009518,0.009518,0.0,0.009518,0.990482
155,39653904137769014668557378511260469269135182431,21,326,299,0.015415,0.014443,0.078698,0.094113,0.905887
155,36615548944643269126239193831815135044946113087,21,338,329,0.075433,0.049183,0.049183,0.124616,0.8753839999999999
155,35728624388846244763032748679732750007278619919,21,328,328,0.016887,0.016887,0.0,0.016887,0.983113
155,39471143362465673450737740007926815837598407923,21,455,439,0.017911,0.002546,0.030377999999999995,0.048289,0.951711
155,43620356160753924413764228467447052158522613007,21,452,431,0.037682,0.020678,0.020678,0.058359999999999995,0.94164
155,29666396188587728462615862057347321613786496027,21,547,545,0.029828,0.004668,0.004668,0.034496,0.965504
155,41677893527522320684434778067984642792936350873,21,527,494,0.00668,0.010948,0.059833,0.066513,0.933487
155,32675536969479286942701324674137910119680337459,21,332,332,0.143027,0.143027,0.0,0.143027,0.856973
155,44919866654372607559021538428305729263662282117,21,528,528,0.086025,0.086025,0.0,0.086025,0.913975
155,36452200589072916411983425394632165549777886227,21,468,468,0.026993,0.026993,0.0,0.026993,0.973007
155,33203524258924130270853246380045741567145994259,21,443,434,0.060624,0.046096,0.046096,0.10672,0.89328
155,36946503351030864812990481678628454987070959527,21,394,364,0.021561999999999998,0.012707,0.151842,0.173404,0.826596
155,44458044889519333576801527839740244268692202469,21,636,623,0.005855,0.005786,0.034193,0.040048,0.959952
155,36744155090184780124393526442075144163055399837,21,366,366,0.012809,0.012809,0.0,0.012809,0.987191
155,32611265262434541992311659835491097552848382807,21,277,277,0.0134,0.0134,0.0,0.0134,0.9866
156,58842411492108631901824870167723622565249820361,21,541,541,0.014279,0.014279,0.0,0.014279,0.985721
156,58647263901409677188415888297848821138605832667,21,353,338,0.01719,0.081549,0.081549,0.098739,0.901261
156,60691833191625566815713087621249445278906020923,21,443,443,0.026085,0.026085,0.0,0.026085,0.973915
156,83500911560012017920943706628836329963659227611,21,420,420,0.013073,0.013073,0.0,0.013073,0.986927
156,79699952235555146846014724188269022467857700953,21,458,450,0.012362,0.004934,0.004934,0.017296,0.982704
156,68617923715717279114730426060969764483412652871,21,562,562,0.013598,0.013598,0.0,0.013598,0.986402
156,70292815550175575334435593661308688973972707499,21,329,324,0.02187,0.032206,0.032206,0.054076,0.945924
156,88395906091853951743306426033388820009527178553,21,334,334,0.05687,0.05687,0.0,0.05687,0.94313
156,58490997193338963447736793476829606786651843411,21,361,361,0.022816,0.022816,0.0,0.022816,0.977184
156,88153376653160901709431525294744255033299399513,21,438,438,0.014897,0.014897,0.0,0.014897,0.985103
156,83749952449871415989936799658384575288153567857,21,493,493,0.029557,0.029557,0.0,0.029557,0.970443
156,63215896343305696798861673825073441341593157323,21,286,286,0.007997,0.007997,0.0,0.007997,0.992003
156,68367618624389291832609274122568807692737410747,21,344,344,0.018651,0.018651,0.0,0.018651,0.981349
156,85976042848566498516350067546598036064176697617,21,456,454,0.011753,0.013143,0.013143,0.024896,0.975104
156,77050956204250174763972617362140681574229342091,21,728,728,0.045533,0.045533,0.0,0.045533,0.954467
156,67397778703558464646892241700035691887301648579,21,550,550,0.023437,0.023437,0.0,0.023437,0.976563
156,82158015067987949738815070788850184671973579587,21,403,403,0.020784,0.020784,0.0,0.020784,0.979216
156,55015423047501982644190563451191716439122432951,21,383,382,0.006196,0.005004,0.005004,0.0112,0.9888
156,85336908532608541436048263259686225667526362047,21,607,607,0.034623,0.034623,0.0,0.034623,0.965377
156,56731211956952175175952662358019177731725234237,21,380,380,0.008771,0.008771,0.0,0.008771,0.991229
157,120282166308024689728299980121863747670916310267,21,434,434,0.014925,0.014925,0.0,0.014925,0.985075
157,120820017068622794622130921127946349513431310843,21,531,507,0.007887,0.010211999999999999,0.061438999999999994,0.069326,0.930674
157,160354239376266933764514100701359388571858132879,22,426,426,0.037466,0.037466,0.0,0.037466,0.962534
157,178540342865713130388740603822271194677254392441,22,404,400,0.022286,0.011616,0.011616,0.033902,0.966098
157,133758242352280888913921190835052846329897153133,21,484,475,0.009461,0.01329,0.01329,0.022751,0.977249
157,119751792167523699090520105500834166573709024723,21,351,351,0.102314,0.102314,0.0,0.102314,0.897686
157,142866301722166299614859219990227501097218329553,21,429,420,0.011418,0.005155,0.014644,0.026062000000000002,0.973938
157,159460056477105651797755450704992108220297439993,22,353,353,0.026896,0.026896,0.0,0.026896,0.973104
157,129765827297228317584448178357227745213663923673,21,452,443,0.007125,0.0095,0.017752999999999998,0.024877999999999997,0.975122
157,153041151061952724068377978141007513960278537129,21,515,504,0.026017,0.03237,0.045428,0.07144500000000001,0.928555
157,112556148137934308610401610728139436816885032007,21,331,331,0.02878,0.02878,0.0,0.02878,0.97122
157,155016348949192392834761783400231900623445364769,21,555,520,0.007237,0.018656,0.146287,0.153524,0.846476
157,165332485530732496445379876290371501984439220227,22,392,392,0.008323,0.008323,0.0,0.008323,0.991677
157,173008319555191101708826910175525434497734262397,22,287,287,0.005112,0.005112,0.0,0.005112,0.994888
157,143078279358113528954735774091416278002769110083,21,576,544,0.004985,0.00507,0.042178,0.047163,0.952837
157,139537309577365933739952691194841985292959417899,21,283,283,0.022079,0.022079,0.0,0.022079,0.977921
157,150381007425703993922643997626233047809831195563,21,319,304,0.029956,0.012793,0.034067,0.064023,0.9359770000000001
157,125414534553540336555987249708054473022979850233,21,352,352,0.064242,0.064242,0.0,0.064242,0.935758
157,100495160702135079890032717344114075262462068991,21,344,344,0.076018,0.076018,0.0,0.076018,0.923982
157,126081296153973360472994917714723398699218116441,21,780,772,0.008484,0.004184,0.019655,0.028138999999999997,0.971861
158,244084876567438940415979589793753210761831799169,22,393,390,0.049179,0.033749,0.033749,0.082928,0.917072
158,311889364802148711770367329783808121108240984963,22,427,425,0.031952,0.015349,0.015349,0.047301,0.952699
158,315552892616518612169009766705743992617805242163,22,292,292,0.103436,0.103436,0.0,0.103436,0.896564
158,364568451629159625851465545891850771901219214163,22,374,371,0.040228,0.03112,0.03112,0.071348,0.928652
158,213880798395599609631736184456759089379285659049,22,435,435,0.014275,0.014275,0.0,0.014275,0.985725
158,364596676892949119436289041863521153445811753029,22,520,520,0.020974,0.020974,0.0,0.020974,0.979026
158,215840103126036545942721515629965329944602697057,22,572,561,0.011439,0.00918,0.038984,0.050422999999999996,0.949577
158,259043540185824666457272444893607678141566205487,22,346,346,0.017714,0.017714,0.0,0.017714,0.982286
158,311426830077414386887481553693471517445014703609,22,373,367,0.027528,0.006157,0.035404,0.062932,0.937068
158,220678872755010770809359894948879428023872635453,22,355,352,0.017154,0.014624,0.014624,0.031778,0.968222
158,324273864736092445034262802970079797120470198979,22,439,439,0.082875,0.082875,0.0,0.082875,0.917125
158,335973439137660892963362517099047189556286786761,22,323,323,0.016008,0.016008,0.0,0.016008,0.983992
158,282449349227109527988465852865060163003324312407,22,324,324,0.035177,0.035177,0.0,0.035177,0.964823
158,208746167169143822300193643710778500356712398063,22,467,462,0.015733,0.007147,0.013263,0.028996,0.971004
158,334111037801880478290657958251924991420673909189,22,488,488,0.017441,0.017441,0.0,0.017441,0.982559
158,278758463930102758470340608089823158233270489379,22,355,319,0.03281,0.015831,0.082556,0.115366,0.884634
158,334359694784871699894821359716571301393005547539,22,411,399,0.051073999999999994,0.01885,0.046530999999999996,0.097605,0.9023950000000001
158,266330340319030988935371369155445034828168547083,22,372,372,0.00687,0.00687,0.0,0.00687,0.99313
158,304296786548695733429639288499877719781617137947,22,580,580,0.048704,0.048704,0.0,0.048704,0.951296
158,363187749995613157299748064319278147359621272623,22,662,662,0.012764,0.012764,0.0,0.012764,0.987236
159,686564447258462630098219799118347627120122126259,22,495,495,0.010258,0.010258,0.0,0.010258,0.989742
159,589551271893462661314759463097397605089591304053,22,483,483,0.021757,0.021757,0.0,0.021757,0.978243
159,631182522272441179585206326884145264567358144641,22,318,300,0.021084,0.018361,0.036527000000000004,0.057611,0.942389
159,436106084503182412560423534629337392438805726397,22,508,508,0.008929,0.008929,0.0,0.008929,0.991071
159,614365874960561724255698902936314085451009978123,22,438,426,0.018640999999999998,0.01425,0.044698999999999996,0.06334,0.93666
159,652808814800014009591626662453549818193223047839,22,675,675,0.037834,0.037834,0.0,0.037834,0.962166
159,431497693573687811342235449780503037093880478249,22,422,422,0.030553,0.030553,0.0,0.030553,0.969447
159,641417960009003073536715539762385574694132608057,22,318,318,0.011893,0.011893,0.0,0.011893,0.988107
159,556755493522333610334550996104356886728067513937,22,446,446,0.041689,0.041689,0.0,0.041689,0.958311
159,518738300042543123329242792010704876266634471203,22,531,512,0.01488,0.024171,0.024171,0.039051,0.960949
159,622775601463755434010798895296308923399679148479,22,370,367,0.009354,0.002382,0.012926,0.02228,0.97772
159,721092743353983610239239300767561842232656810121,22,371,371,0.04033,0.04033,0.0,0.04033,0.95967
159,725700541872878647978311987906512435448724917323,22,360,344,0.020462,0.010652,0.11164599999999998,0.13210799999999998,0.867892
159,680792306276738068787445684933623704836521586517,22,402,402,0.021262,0.021262,0.0,0.021262,0.978738
159,609838293034917899422422535971964737888944079431,22,564,554,0.01018,0.020486,0.054369,0.064549,0.935451
159,500003566005968344293642166685142120533963613397,22,375,366,0.011639,0.037394,0.10497,0.11660899999999999,0.883391
159,672585552363075626030436013518741587083784197091,22,956,956,0.013427,0.013427,0.0,0.013427,0.986573
159,667853203575891446356676483576275288677930218477,22,369,369,0.012624,0.012624,0.0,0.012624,0.987376
159,452729177399062213984412625994093209513957053659,22,491,490,0.004243,0.010037,0.010037,0.014280000000000001,0.98572
159,718517666115847144224280227758502807408113808437,22,604,595,0.007373,0.005015,0.005015,0.012388,0.987612
160,1115913240165002032294944939882858364194015937199,22,356,337,0.007341,0.009189,0.039861999999999995,0.047202999999999995,0.952797
160,1440912770676709848638629792376134253525608074541,22,628,626,0.010114,0.009753,0.009753,0.019867,0.980133
160,933815358984064483011197510331330335221655664157,22,410,404,0.024946,0.015162,0.056001999999999996,0.08094799999999999,0.919052
160,969243323728712475535486623630623651719920512731,22,368,368,0.160388,0.160388,0.0,0.160388,0.839612
160,1076466504888089627494905309713319219664710433643,22,374,373,0.044475,0.031611,0.031611,0.076086,0.923914
160,1421116437931458286969196379690998986504855152749,22,564,553,0.011597,0.010619,0.033282,0.044879,0.955121
160,1172553592352544090305146581654443943982800468347,22,384,384,0.041333,0.041333,0.0,0.041333,0.958667
160,909793617870750937141425081136809004936031725807,22,846,837,0.022168,0.015194,0.022071,0.044239,0.955761
160,1057437110620229076506102833609193814696668318251,22,409,408,0.026517,0.011678,0.011678,0.038195,0.961805
160,1272489506939449407441353102540516266393948251787,22,392,392,0.011363,0.011363,0.0,0.011363,0.988637
160,1080313044916089688695708805273339794814591207951,22,334,334,0.026291,0.026291,0.0,0.026291,0.973709
160,1149353867679185877473020663684612261737991945873,22,322,316,0.032105,0.02296,0.02296,0.055065,0.944935
160,983949157142389589790721652739207946878875195771,22,355,349,0.022836,0.027709,0.027709,0.050545,0.949455
160,1361143599389480694086689546211220334021828686817,22,405,405,0.056437,0.056437,0.0,0.056437,0.943563
160,1021091838147883904869937336936298707335596006313,22,467,448,0.025067,0.002772,0.10940799999999998,0.13447499999999998,0.865525
160,1294988162211010208686476509915675738782236322669,22,401,401,0.072877,0.072877,0.0,0.072877,0.927123
160,1122941529731570548110403398235866601161586536011,22,350,350,0.039571,0.039571,0.0,0.039571,0.960429
160,1432805530443255062195929071604085524855630107221,22,361,361,0.025649,0.025649,0.0,0.025649,0.974351
160,1153032896620140114746318270771321999716861546507,22,437,437,0.026745,0.026745,0.0,0.026745,0.973255
160,964310714558373662737593657033125267637818078167,22,374,361,0.012356,0.01698,0.038417999999999994,0.05077399999999999,0.949226
161,2549342994142969438502207735324263431486603124709,22,349,349,0.028013,0.028013,0.0,0.028013,0.971987
161,2681100216348215889829625802961254331665674276717,22,434,433,0.008646000000000001,0.002655,0.002655,0.011301,0.988699
161,2880298692764464678292391755309173496702002183049,22,454,454,0.006104,0.006104,0.0,0.006104,0.993896
161,1772591985057680454231176923477927954936575167497,22,298,298,0.077546,0.077546,0.0,0.077546,0.922454
161,2083705746610030102470078930728254734269258767559,22,405,405,0.032627,0.032627,0.0,0.032627,0.967373
161,2592051223899969308896255211589583595849607840917,22,531,522,0.014977,0.012704,0.045244,0.060221,0.939779
161,1964444950659050423101133436896095725128026615861,22,320,320,0.006766,0.006766,0.0,0.006766,0.993234
161,2664894503748551145754658751022334263049302504109,22,410,396,0.022343,0.015854,0.022505,0.044848,0.955152
161,2890667027374661591725712210164725411830649644971,22,453,453,0.01651,0.01651,0.0,0.01651,0.98349
161,2315237919643127678001317504649602348775135239989,22,419,419,0.035339,0.035339,0.0,0.035339,0.964661
161,2263615665739021443959839330064499024174205984757,22,355,353,0.072169,0.038059,0.038059,0.11022799999999999,0.889772
161,2715737041694779962072587570440702427479596688267,22,412,399,0.01051,0.018431,0.033013,0.043523,0.956477
161,2242913431855633380375884470582819076336280851693,22,563,563,0.012955,0.012955,0.0,0.012955,0.987045
161,2196055705110050413211594819707917380387387874647,22,478,478,0.025768,0.025768,0.0,0.025768,0.974232
161,2386559963764208317133465196705396071874399113177,22,454,454,0.025451,0.025451,0.0,0.025451,0.974549
161,2496018222066887071360307538619052262154796275933,22,460,451,0.019533,0.030801,0.030801,0.050334,0.949666
161,2643999513168057204584957107582487653622472397817,22,473,473,0.011757,0.011757,0.0,0.011757,0.988243
161,2635743115320503461112643487699959884803825828717,22,412,412,0.049789,0.049789,0.0,0.049789,0.950211
161,2825605982926347409937517778879057613012900909681,22,434,433,0.002637,0.003008,0.003008,0.005645,0.994355
161,1945681273593238791686785823639092496168175333883,22,455,455,0.011694,0.011694,0.0,0.011694,0.988306
162,5142726192263316119305765044724202366191059020131,22,431,431,0.029842,0.029842,0.0,0.029842,0.970158
162,4356714020119985091707387224305757015484033268083,22,354,354,0.084921,0.084921,0.0,0.084921,0.915079
162,5760088733269586802798761031015562375783053998981,22,411,399,0.045659,0.032814,0.032814,0.078473,0.921527
162,5126536210830929842911126218863559555593079772241,22,462,449,0.00904,0.00556,0.008225,0.017265,0.982735
162,4355984306317180250941284630714493550289288293197,22,529,529,0.021546,0.021546,0.0,0.021546,0.978454
162,5372238624316637074604877264416233805336449398107,22,393,381,0.011173,0.01175,0.04395,0.055123000000000005,0.944877
162,3370953511586955617438834489704567964510236112387,22,366,348,0.017447,0.034737,0.07217499999999999,0.089622,0.910378
162,5654048134438701321190467092520015125597334765619,22,929,919,0.004825,0.003459,0.0055119999999999995,0.010336999999999999,0.989663
162,5347560175544712010315634817224870510859508906709,22,426,426,0.070879,0.070879,0.0,0.070879,0.929121
162,5736419416140119735836049169364015628764346059723,22,814,797,0.006906,0.003998,0.018477,0.025383,0.974617
162,4650109252981784028797300655435682334415722439709,22,507,504,0.027449,0.009869,0.009869,0.037318000000000004,0.962682
162,4851575313540019468754262146798472592699356416503,22,445,445,0.016994,0.016994,0.0,0.016994,0.983006
162,4620052361353557581946034404083231874642184874639,22,470,462,0.063529,0.008579,0.008579,0.072108,0.9278919999999999
162,5522800988337253824728791418632480547260333713827,22,417,417,0.03779,0.03779,0.0,0.03779,0.96221
162,5499586014822265836968576304450001678297022377393,22,658,658,0.012784,0.012784,0.0,0.012784,0.987216
162,3564133393297332356275713734544213713680389996917,22,385,385,0.010662,0.010662,0.0,0.010662,0.989338
162,5515322111725050184603784308918954761722437406837,22,422,413,0.012011,0.007504,0.007504,0.019515,0.980485
162,4485461183490214672847356727639397071039303926699,22,390,390,0.01785,0.01785,0.0,0.01785,0.98215
162,5195480640606091839263058107075820094394110075261,22,379,374,0.018924,0.011663,0.011663,0.030587,0.969413
162,5741107958946558148650160180297387601202820663099,22,469,469,0.031952,0.031952,0.0,0.031952,0.968048
163,9747578468936317254902406784741698921811080904511,22,423,408,0.035464,0.007623,0.053819000000000006,0.089283,0.910717
163,10111701947436338618707597112719816959644907307921,22,494,494,0.040133,0.040133,0.0,0.040133,0.959867
163,9500974977324321481710304769960767745184067228853,22,389,383,0.013631,0.019362,0.019362,0.032993,0.967007
163,10923265258610933252939304751090963667320491815059,22,370,370,0.015339,0.015339,0.0,0.015339,0.984661
163,6277296598420519157375291811600475171257085054819,22,328,328,0.027021,0.027021,0.0,0.027021,0.972979
163,9231618602773719751425117097585869209969078112883,22,456,449,0.026077,0.031691,0.04776999999999999,0.073847,0.926153
163,10035352768951452538707551978057565508665635317309,22,472,465,0.012276,0.022455,0.022455,0.034731,0.965269
163,7654209071367977951897371689264431599631570961337,22,337,337,0.015671,0.015671,0.0,0.015671,0.984329
163,10824194889247063645916265364865318315163275587691,22,393,363,0.017293,0.025751,0.034131999999999996,0.051425,0.948575
163,7007067855178084077334907729020251703138388423407,22,588,588,0.01707,0.01707,0.0,0.01707,0.98293
163,11563629162960767561469993435982566900206290797341,22,339,339,0.07955,0.07955,0.0,0.07955,0.92045
163,10432647582007091942814866236806348920448169897081,22,412,409,0.01825,0.023296,0.08662299999999999,0.104873,0.895127
163,11013321740409425001654829975108773198879722323169,22,486,486,0.025161,0.025161,0.0,0.025161,0.974839
163,11388208541060705561819087229232095358667380786273,22,566,566,0.070986,0.070986,0.0,0.070986,0.929014
163,11103735522688372546281614770298463681690271542443,22,512,512,0.045052,0.045052,0.0,0.045052,0.954948
163,8215686036974456744106483973928387713743004968589,22,459,449,0.053035,0.005577,0.005577,0.058612,0.941388
163,10366420373188722818237768081269384282174284586279,22,524,518,0.009797,0.015205,0.015205,0.025002,0.974998
163,9887493049291697627584648336712714992824228820507,22,384,384,0.018173,0.018173,0.0,0.018173,0.981827
163,11291772697596805962306082330181863662191216703401,22,705,685,0.005055,0.001774,0.017851000000000002,0.022906000000000003,0.977094
163,8629299483287912574962165393081179705241759373329,22,539,539,0.047889,0.047889,0.0,0.047889,0.952111
164,20210344270042780228524473590981781384374263250651,22,712,674,0.004612,0.002874,0.05276499999999999,0.05737699999999999,0.942623
164,17385754946083473907588211247263282920082635440931,22,449,449,0.01712,0.01712,0.0,0.01712,0.98288
164,15065200337324516365624234372840728893791849883677,22,549,549,0.025739,0.025739,0.0,0.025739,0.974261
164,20001274208685757373389824972298109151192644683421,22,467,444,0.011364,0.014962,0.04974,0.061104,0.938896
164,23206373050027225840725924288883018652907266761573,22,416,416,0.018755,0.018755,0.0,0.018755,0.981245
164,22025345891505684794425190360346292788092251835117,22,343,343,0.056818,0.056818,0.0,0.056818,0.943182
164,17433500709489283073258616221836367960841092957683,22,417,417,0.036195,0.036195,0.0,0.036195,0.963805
164,20619243792726008996626054260855579390889646661671,22,519,514,0.021091,0.00365,0.026064,0.047155,0.9528449999999999
164,17851954102483708548111820947964979316071559518321,22,520,506,0.006242,0.007652,0.029443000000000004,0.035685,0.964315
164,15520227091786292775179646082304899324457570987803,22,414,414,0.029067,0.029067,0.0,0.029067,0.970933
164,21025509716353739955780362583473341923163070100707,22,511,508,0.031436,0.016535,0.016535,0.047971,0.952029
164,14498146431977835998639783360838649091026316741701,22,513,513,0.017528,0.017528,0.0,0.017528,0.982472
164,19111791960401045569879778943278968002523890458231,22,326,326,0.009855,0.009855,0.0,0.009855,0.990145
164,16530301572124410378960034538876085010836459672467,22,349,349,0.006399,0.006399,0.0,0.006399,0.993601
164,18221873864190480631751119997397311265906143427919,22,640,640,0.029335,0.029335,0.0,0.029335,0.970665
164,19509002958117864345830026901941875949728480482351,22,679,679,0.011399,0.011399,0.0,0.011399,0.988601
164,22672286378997470934496964350911104497412505665789,22,422,422,0.017666,0.017666,0.0,0.017666,0.982334
164,23046477364042922130498611236049763734841923672321,22,584,571,0.006014,0.006953,0.09712799999999999,0.103142,0.896858
164,17549286263321631100185248104947257910955608889553,22,373,373,0.088892,0.088892,0.0,0.088892,0.911108
164,21059636316678691840527110401614339175235554714931,22,480,480,0.040757,0.040757,0.0,0.040757,0.959243
165,41832933592112304400801943026671467969363831087923,22,360,360,0.010536,0.010536,0.0,0.010536,0.989464
165,35682862411294951100561921127821057964487467339443,22,420,408,0.063488,0.083966,0.083966,0.147454,0.852546
165,42835312913720678185448545784074783359123970744159,22,383,383,0.055908,0.055908,0.0,0.055908,0.944092
165,40881659780738625128558353749592964839279265435171,22,366,364,0.009891,0.018687,0.018687,0.028578,0.971422
165,45322494471102900510547891895971824081862698563281,22,360,343,0.011549,0.00536,0.018624,0.030173000000000002,0.969827
165,45929128788840959205376511336193947297685265640951,22,950,946,0.008806,0.002549,0.002549,0.011355,0.988645
165,44489998373490387700600426834275888436763809873019,22,807,807,0.004935,0.004935,0.0,0.004935,0.995065
165,35790092378947652923809024031202004014344249255817,22,484,473,0.023685,0.008808,0.008808,0.032493,0.967507
165,45161106773899709982331683988937842529673051859151,22,517,517,0.013776,0.013776,0.0,0.013776,0.986224
165,41611075822328138418773040753161992670148754649183,22,427,427,0.008101,0.008101,0.0,0.008101,0.991899
165,43893688025396579244143003549941949711112694897597,22,595,595,0.019348,0.019348,0.0,0.019348,0.980652
165,38949108443317524477011125919734633057707138102373,22,460,460,0.00852,0.00852,0.0,0.00852,0.99148
165,44506757530726502698455041633661918108484228681201,22,606,587,0.008586,0.005755,0.027368999999999997,0.035955,0.964045
165,45700176760813962794447132804379570073089321130619,22,452,450,0.023475,0.006393,0.011574000000000001,0.035049,0.964951
165,36717319074712975178793976563482551630954666600147,22,518,518,0.011833,0.011833,0.0,0.011833,0.988167
165,40081717737177734357477768258828819203380673838299,22,467,467,0.016135,0.016135,0.0,0.016135,0.983865
165,42668271582757088828333733690941986896240697265291,22,344,344,0.139581,0.139581,0.0,0.139581,0.860419
165,42066162699265700510000155471171171993026790897181,22,335,335,0.02446,0.02446,0.0,0.02446,0.97554
165,43079437256800894081452117481597778557867932256481,22,761,721,0.015231999999999999,0.007169,0.056625999999999996,0.07185799999999999,0.928142
165,39639751732104952918265482468837059446746603506727,22,455,455,0.012426,0.012426,0.0,0.012426,0.987574
166,64455071458380183185819126791305562795840205337607,22,556,556,0.004638,0.004638,0.0,0.004638,0.995362
166,90075771203582122330247262323941154266135655067703,23,584,577,0.025596,0.012528,0.012528,0.038124,0.961876
166,72228823129784081606691745887439926673012583025583,22,602,602,0.028968,0.028968,0.0,0.028968,0.971032
166,69837432774442923128016482628855170461287372899371,22,459,431,0.029057,0.022898,0.098437,0.127494,0.872506
166,89244922194937743144971782767253188914316795885797,23,520,502,0.015798,0.012419,0.012419,0.028217,0.971783
166,88746453267789363020668583643470490537450658613921,23,430,428,0.020827,0.011262,0.011262,0.032089,0.967911
166,88713786474705850221237608801094392192327303798911,23,433,409,0.012114000000000002,0.004789,0.030334999999999997,0.042449,0.957551
166,87557406481398096612837568774546924908523956472679,22,501,501,0.043774,0.043774,0.0,0.043774,0.956226
166,83804917377281198336877975468864158449629337119497,22,429,429,0.049077,0.049077,0.0,0.049077,0.950923
166,81569638913156092214718111347132660641468885512997,22,374,374,0.025,0.025,0.0,0.025,0.975
166,52608719657148563796512530136536674250280158137673,22,587,587,0.041482,0.041482,0.0,0.041482,0.958518
166,89221264190598117801701321295581964396857406691793,23,360,360,0.052875,0.052875,0.0,0.052875,0.947125
166,91421352408629645983856436933886907626516790327531,23,444,439,0.01764,0.066867,0.101704,0.119344,0.880656
166,92354408607697290294087669975129842220424154225839,23,359,359,0.012884,0.012884,0.0,0.012884,0.987116
166,90307244958886521065070588400571519599452170426827,23,440,433,0.066665,0.015426,0.015426,0.082091,0.917909
166,61951676507642868191945772939153670793162317140439,22,659,659,0.012351,0.012351,0.0,0.012351,0.987649
166,57096092534835312898852423687190032724229132615371,22,402,402,0.011509,0.011509,0.0,0.011509,0.988491
166,77734094079183033282661848210260105535011878058221,22,443,426,0.028376,0.088203,0.139458,0.16783399999999998,0.832166
166,61439716290799937763975920406477923341938046630307,22,538,533,0.070911,0.009897,0.009897,0.080808,0.919192
166,92944946903546196014112302841886638418369209076507,23,333,312,0.004125,0.02237,0.045950000000000005,0.05007500000000001,0.949925
167,185191770581306272864194984747884925328034141094049,23,360,355,0.007036,0.0039,0.0039,0.010936,0.989064
167,150753299534321728385042450116986328932503586710791,23,402,402,0.043751,0.043751,0.0,0.043751,0.956249
167,122185038003700368219528064449236784866763422689417,23,384,384,0.003154,0.003154,0.0,0.003154,0.996846
167,178235118269758334366445181520116909697869973267843,23,418,418,0.007989,0.007989,0.0,0.007989,0.992011
167,125101284926137051500851455837556179024574472599693,23,403,399,0.01093,0.010725,0.033715999999999996,0.044646,0.955354
167,183608279157579728300471834586610846132033916363009,23,435,435,0.035866,0.035866,0.0,0.035866,0.964134
167,123823837425211259366602079641341299640350463304427,23,487,460,0.010165,0.003693,0.047717,0.057882,0.942118
167,182738591737141364288038096817725089299414242881199,23,372,363,0.007179,0.005093,0.025692,0.032871,0.967129
167,144881986800772159131971678194070421363231610326503,23,488,488,0.066597,0.066597,0.0,0.066597,0.933403
167,169113029671003783909165383403390189332006078766403,23,756,756,0.031643,0.031643,0.0,0.031643,0.968357
167,180203454172404433999728807424822530543427009853893,23,618,613,0.02356,0.013551,0.019576,0.043136,0.956864
167,176740473075257510677017027826065071164478066806109,23,329,329,0.01246,0.01246,0.0,0.01246,0.98754
167,154708744984764752253150630606148953411120836248223,23,517,515,0.010253,0.012874,0.012874,0.023127,0.976873
167,185822038963156756154989463606402264231845142986571,23,499,499,0.006139,0.006139,0.0,0.006139,0.993861
167,164713641976176077509064527913611509808492198546303,23,429,429,0.007822,0.007822,0.0,0.007822,0.992178
167,174143473517067658771245663523001506669684229251583,23,294,294,0.024002,0.024002,0.0,0.024002,0.975998
167,134875484299471317108685835177615212803568324951771,23,325,325,0.0234,0.0234,0.0,0.0234,0.9766
167,182071589557326943011646537770784052720010679622671,23,457,457,0.033424,0.033424,0.0,0.033424,0.966576
167,107723548795615044892707554332906198918982581905521,23,416,416,0.00967,0.00967,0.0,0.00967,0.99033
167,110235062257219473750266489148464622602430677309023,23,469,461,0.024114,0.009018,0.021636999999999997,0.045751,0.954249
168,355867559027045347481742474164268313169270448267103,23,532,532,0.00499,0.00499,0.0,0.00499,0.99501
168,354354498343882825539049178202420048518235057099511,23,382,380,0.030081000000000004,0.010564,0.010564,0.040645,0.959355
168,297316862371625606791660530918145246188551598375827,23,462,462,0.018996,0.018996,0.0,0.018996,0.981004
168,251334070780906996792106667358010626199124871015193,23,382,382,0.020061,0.020061,0.0,0.020061,0.979939
168,266089629335928959939990984219310389073099671366189,23,377,377,0.046127,0.046127,0.0,0.046127,0.953873
168,297312478520764466042800805099268401234237086618769,23,498,498,0.00771,0.00771,0.0,0.00771,0.99229
168,252694597694857518298868919901861055603851696256479,23,402,402,0.006294,0.006294,0.0,0.006294,0.993706
168,286391540226265125508001191752822610514127971418977,23,445,445,0.026381,0.026381,0.0,0.026381,0.973619
168,318688943619592236326261968753666579542852488008771,23,516,512,0.034799,0.012108,0.012108,0.046907,0.953093
168,348197322658922333549563681800422289216265150015297,23,516,495,0.013665,0.009261,0.053165,0.06683,0.93317
168,368542669960002587168410129566818072485889583789247,23,477,477,0.01529,0.01529,0.0,0.01529,0.98471
168,268548911990920458790785330758705695531710970965877,23,384,384,0.016191,0.016191,0.0,0.016191,0.983809
168,331941207943771650157715950616862772785852585230449,23,394,379,0.026969,0.027516,0.09006200000000002,0.11703100000000002,0.882969
168,323877960143720182139921715509016936864755738538083,23,395,395,0.005889,0.005889,0.0,0.005889,0.994111
168,363122401231538903702884958200573978698665726858941,23,428,425,0.057601,0.014126,0.014126,0.071727,0.928273
168,308228420728279829232936597270463065825898054642939,23,374,374,0.044977,0.044977,0.0,0.044977,0.955023
168,283116060916231999061737214282503740357534622019947,23,391,391,0.025395,0.025395,0.0,0.025395,0.9746049999999999
168,281428688528495768940994883006958194198779974610219,23,509,508,0.026046,0.028068,0.028068,0.054113999999999995,0.945886
168,326678933726286291994787934645555743351568375175913,23,420,411,0.039212,0.034328,0.034328,0.07354,0.9264600000000001
168,242229774464479250019542042945875041752252033094853,23,806,785,0.002089,0.005339,0.042385000000000006,0.04447400000000001,0.955526
169,549419723295960540447780008307906211005792776812829,23,484,484,0.011231,0.011231,0.0,0.011231,0.988769
169,664865469281161842324657652489314073194401709162263,23,616,616,0.017458,0.017458,0.0,0.017458,0.982542
169,526275837673483487444634125901789672050479746789367,23,459,452,0.005983,0.010391,0.020751,0.026733999999999997,0.973266
169,677970966743848576239473283142953742552801707940111,23,437,437,0.013839,0.013839,0.0,0.013839,0.986161
169,657821691628060301322956147101670288895728662024039,23,429,429,0.050352,0.050352,0.0,0.050352,0.949648
169,715264587022453456200004920592343027582234072699119,23,727,686,0.004282,0.009877,0.14848799999999995,0.15276999999999996,0.84723
169,564263055842251392661877742982498545034787789672701,23,391,385,0.019155,0.015252,0.036073,0.055228,0.944772
169,709752893570015397017697204082578787464541589122757,23,360,360,0.014696,0.014696,0.0,0.014696,0.985304
169,655017367008869539322579634764112530246507710350587,23,422,422,0.048384,0.048384,0.0,0.048384,0.951616
169,657292182528951725976013293116638919927942739731969,23,405,371,0.007795,0.00461,0.07042999999999999,0.07822499999999999,0.921775
169,723786901355715251133499133823457447564442130316753,23,894,894,0.011117,0.011117,0.0,0.011117,0.988883
169,523829125978495822418790946811975528394043957096661,23,390,390,0.067126,0.067126,0.0,0.067126,0.932874
169,541477377066573582590059723667831900889584456117101,23,343,343,0.055567,0.055567,0.0,0.055567,0.944433
169,695788992079943252596035093883032289031003550676639,23,463,463,0.008811,0.008811,0.0,0.008811,0.991189
169,694333695686916638920533025197721880230919832136049,23,363,363,0.022723,0.022723,0.0,0.022723,0.977277
169,485822670269234256517166328139449043912746690035101,23,401,394,0.014616,0.016914,0.030056,0.044672,0.955328
169,621048212309618498722906441939308335619301463127923,23,452,452,0.01599,0.01599,0.0,0.01599,0.98401
169,471378305746743164537629288149409115192944188760511,23,410,401,0.007336,0.010122,0.015319000000000001,0.022655,0.977345
169,679166054805478107698598400374518496104565906945673,23,338,338,0.046224,0.046224,0.0,0.046224,0.953776
169,478874915531854708795103201026072431746838752011189,23,478,470,0.039541,0.011255,0.033142,0.072683,0.927317
170,1289318240951187150423696809121408247188110724374959,23,383,383,0.042557,0.042557,0.0,0.042557,0.957443
170,1317598680651458934736004969973115054629720267802427,23,412,411,0.03684,0.032331,0.032331,0.069171,0.930829
170,1387016971391792365767686427962070113773978808021599,23,435,427,0.005173,0.009186,0.017134,0.022307,0.977693
170,1301605848278604502292287990083848668281772339668443,23,529,525,0.003182,0.003534,0.007967,0.011149,0.988851
170,1454027346176602205583289937091731344133146246553801,23,577,558,0.04651,0.018388,0.094349,0.140859,0.8591409999999999
170,967653528079116878085780463103240904324567568232963,23,531,531,0.030696,0.030696,0.0,0.030696,0.9693039999999999
170,1261056843454978621289453730316681785701648409889253,23,488,487,0.021903,0.023827,0.023827,0.04573,0.95427
170,837639897222655440981696060794566569158254246200341,23,432,432,0.001579,0.001579,0.0,0.001579,0.998421
170,1380352939133440466587651274847015029204065064236727,23,661,661,0.040614,0.040614,0.0,0.040614,0.959386
170,1470202321847100083182546960194231350823305902723733,23,488,488,0.043072,0.043072,0.0,0.043072,0.956928
170,1395451141662017337518566124235400507157510063162651,23,386,386,0.009355,0.009355,0.0,0.009355,0.990645
170,1443973581327167714924022043427922410334336886476631,23,452,436,0.011209,0.00578,0.03759099999999999,0.048799999999999996,0.9512
170,1248251220039825096428185208030859202496488462447199,23,480,480,0.024584,0.024584,0.0,0.024584,0.975416
170,1485074191992056020325974520634552289818056666197811,23,431,431,0.009377,0.009377,0.0,0.009377,0.990623
170,1254247931868399620218293166952069391063175723231013,23,515,502,0.027487,0.047392,0.080927,0.108414,0.891586
170,1257669066486116581118684542985264257389351752099207,23,336,336,0.044859,0.044859,0.0,0.044859,0.955141
170,938770475414108901814693140661602364827961258856599,23,363,359,0.025134,0.036645,0.036645,0.061779,0.938221
170,1066007335410228423895411628779579916508643551606013,23,442,440,0.038331,0.020022,0.020022,0.058353,0.941647
170,1055641473154584299321451059456907378615225873359927,23,466,466,0.062922,0.062922,0.0,0.062922,0.937078
170,1450909537806030357996742850817171901677376101936973,23,352,349,0.039069,0.016644,0.03905,0.078119,0.921881
171,2320628485992640066699844867503781431624090632616007,23,420,409,0.036759,0.029211,0.029211,0.06597,0.93403
171,2687357138509969949945838036658262421119489089392571,23,398,392,0.001147,0.002104,0.002104,0.003251,0.996749
171,2179890418570410841271805505892530931206234443075251,23,499,499,0.026905,0.026905,0.0,0.026905,0.973095
171,2643553863724729454040982582317963102955115497112137,23,664,659,0.015794,0.006993,0.011828,0.027622,0.972378
171,2460627882183105189199201566900305707431196028435837,23,483,483,0.013255,0.013255,0.0,0.013255,0.986745
171,2339826321982801679364695234505710301355859790744791,23,685,685,0.003991,0.003991,0.0,0.003991,0.996009
171,2758900339445195828507819823171495863952057663997793,23,372,372,0.035437,0.035437,0.0,0.035437,0.964563
171,1842882812388021598690092464110026835556610550203901,23,687,664,0.004058,0.009964,0.023467,0.027524999999999997,0.972475
171,2527348162893818585716726864029885307488142009814867,23,378,352,0.011916999999999999,0.006594,0.017702,0.029619,0.970381
171,2837554568622031909115383188427508045834871248866231,23,390,390,0.080453,0.080453,0.0,0.080453,0.919547
171,1980107624548085725945997103475068875829188531206579,23,895,895,0.037591,0.037591,0.0,0.037591,0.962409
171,2569544928058170304082873120455860591460518083182909,23,515,515,0.012804,0.012804,0.0,0.012804,0.987196
171,2690941433828007792933739463035154894668803736090667,23,360,356,0.018373,0.023327,0.023327,0.0417,0.9583
171,2790043200701068932081541267461948287073389647656629,23,317,317,0.026932,0.026932,0.0,0.026932,0.973068
171,2090916108644774601950745809429826244133327238488009,23,444,425,0.018556,0.025923,0.025923,0.044479000000000005,0.955521
171,2565736058589956952109798640055629482853606450052707,23,494,488,0.027211,0.011102,0.011102,0.038313,0.961687
171,2857998842268811336179375833801691573922890863274847,23,686,686,0.020184,0.020184,0.0,0.020184,0.979816
171,2396493466906125285828056384566870470681794130877669,23,441,441,0.020607,0.020607,0.0,0.020607,0.979393
171,2690381636823230507251275613355703537300523990202027,23,567,546,0.020131,0.015947,0.0646,0.084731,0.915269
171,2534044398151279155788338071872494168885731333317717,23,517,517,0.012845,0.012845,0.0,0.012845,0.987155
172,4462022261486228276470696903183179974341102550314813,23,589,579,0.018114,0.010121,0.044548,0.062662,0.937338
172,4973934130046512061706003746504778764546358353047069,23,483,469,0.009101,0.005968,0.028362000000000002,0.037463,0.962537
172,5648094522288795174255363457633460814882962588225833,23,595,573,0.003265,0.005637,0.045826000000000006,0.049091,0.950909
172,4726592204009198207872992689944913141786425094656837,23,812,812,0.018061,0.018061,0.0,0.018061,0.981939
172,5594622054792930920033030420069168546546514996297059,23,375,375,0.020644,0.020644,0.0,0.020644,0.979356
172,5195538082333779164457732930160988690944352296084861,23,419,402,0.037084,0.026217,0.13522599999999999,0.17231,0.82769
172,4025284698876107182620642633377455297801856255767501,23,452,452,0.013208,0.013208,0.0,0.013208,0.986792
172,4383786029746298282865883459946099335415639923579151,23,540,527,0.034324,0.031058,0.031058,0.065382,0.934618
172,4240211809755560196715516460800231502364014252588639,23,428,423,0.035926,0.030016,0.030016,0.065942,0.934058
172,5548533853252799042694444930927799861408846535815007,23,419,411,0.013708,0.009454,0.025689,0.039397,0.960603
172,5437902847130435025801669508069442332314935248409143,23,460,451,0.014661,0.01502,0.025006,0.039667,0.960333
172,4141743792397074660421973109728086317758715931017277,23,427,423,0.008102,0.022828,0.022828,0.03093,0.96907
172,4778987191980938572456617933856060465243353739312487,23,499,465,0.013812999999999999,0.004764,0.053653,0.067466,0.932534
172,4739381656678028395979571409181320777773237194812847,23,415,399,0.017048,0.044102,0.112672,0.12972,0.8702799999999999
172,4804326313493129486456115335738865566041096602990667,23,728,728,0.022495,0.022495,0.0,0.022495,0.977505
172,4104752537262135739627532234359506058920546702141581,23,409,409,0.032252,0.032252,0.0,0.032252,0.967748
172,3803744058813253158320678543084926588928670333519661,23,428,428,0.026171,0.026171,0.0,0.026171,0.9738290000000001
172,4385465259125919643879994689875257236736934784890611,23,483,478,0.00301,0.0070810000000000005,0.0070810000000000005,0.010091000000000001,0.989909
172,5279890751954713468197389506413223751577777606451787,23,424,424,0.070783,0.070783,0.0,0.070783,0.929217
172,4160916851387881458666582220339040710916709604934989,23,458,458,0.010771,0.010771,0.0,0.010771,0.989229
173,10923792501645012754794107569655030715119609536422907,23,415,415,0.010362,0.010362,0.0,0.010362,0.989638
173,10049473751846112538141515321974984014498020571782187,23,361,361,0.073445,0.073445,0.0,0.073445,0.926555
173,11478453237002096953758919917104639903243507350422841,23,640,640,0.007209,0.007209,0.0,0.007209,0.992791
173,10169455292752448241266658515571649753093170083937973,23,376,376,0.01294,0.01294,0.0,0.01294,0.98706
173,11141435091489660417203162826279290403361648348555217,23,404,404,0.026011,0.026011,0.0,0.026011,0.973989
173,11845946756557169576442319415563300804632186316185761,23,359,359,0.025525,0.025525,0.0,0.025525,0.974475
173,6606020196711476677748380921663035663590800650212861,23,496,496,0.013235,0.013235,0.0,0.013235,0.986765
173,9223304994372936325365139311788951438575340466147653,23,358,358,0.013786,0.013786,0.0,0.013786,0.986214
173,9937936138453613172200974798887957858538887333434453,23,453,449,0.002692,0.001932,0.001932,0.004624,0.995376
173,11559606582085509839598371324267429245568074606311239,23,375,372,0.019755,0.010634,0.010634,0.030389,0.969611
173,8567518689055579897923237570331424934191919130124683,23,408,392,0.025405,0.005979,0.017197,0.042602,0.957398
173,7757833041287954123219330741833398980401403365844671,23,521,514,0.012122,0.007951,0.020073,0.032195,0.967805
173,9316049178944443793561813909420289680048038873209887,23,711,711,0.031957,0.031957,0.0,0.031957,0.968043
173,9928833671075698004690547493411708722996168864524191,23,442,442,0.060762,0.060762,0.0,0.060762,0.939238
173,8082599286688078272326597296230019194455017969460353,23,403,397,0.010379,0.008289,0.008289,0.018667999999999997,0.981332
173,11722980560595969629675859144256076147885119391535181,23,573,573,0.028462,0.028462,0.0,0.028462,0.971538
173,9593608908661975634163739787876317382759712663032617,23,807,807,0.007849,0.007849,0.0,0.007849,0.992151
173,7514341258039837561785554369913705517231217351886269,23,514,501,0.021539,0.020073,0.020073,0.041611999999999996,0.958388
173,10788110854762710095666872487306279223201853493970649,23,448,441,0.006464,0.006042,0.006042,0.012506,0.987494
173,10830515307409583755599110009630409242843757129551833,23,435,416,0.055653999999999995,0.044183,0.069094,0.124748,0.875252
174,22104611793997230117343176470598753099597657699857767,23,364,364,0.031917,0.031917,0.0,0.031917,0.968083
174,18763942404536135019296013058405167365237739426352961,23,382,382,0.088705,0.088705,0.0,0.088705,0.911295
174,14688504101174039979833028914301622192512344235844163,23,530,530,0.015501,0.015501,0.0,0.015501,0.984499
174,16722058225437982034822488549751786303201587785473951,23,460,460,0.061029,0.061029,0.0,0.061029,0.938971
174,21509336382097775444053571500023183533792843315954141,23,668,668,0.011138,0.011138,0.0,0.011138,0.988862
174,22850977655225044606098189565776865301144522899108753,23,373,373,0.067402,0.067402,0.0,0.067402,0.932598
174,17279223071662642072680635911044372251032271203557523,23,391,391,0.011899,0.011899,0.0,0.011899,0.988101
174,22947441514018658653094720368483897068968757283032113,23,369,362,0.004292,0.003036,0.006475,0.010766999999999999,0.989233
174,18341314976728685056786009125261875389901729222197411,23,524,500,0.008048,0.016979,0.031990000000000005,0.040038000000000004,0.959962
174,21198313883423610607647845217061584129219727405462807,23,699,693,0.038926,0.006332,0.053961999999999996,0.092888,0.907112
174,12839400785843164820295834351653620428577969094536553,23,545,513,0.02624,0.010379,0.029563000000000002,0.055803000000000005,0.944197
174,23322450000830661268788758752052782250935597472051533,23,357,342,0.012478,0.008562,0.008562,0.02104,0.97896
174,16333148817978325754024309091523862744059567919963111,23,543,543,0.031983,0.031983,0.0,0.031983,0.968017
174,14462970911237542989272454421381604521266425359311389,23,536,536,0.014016,0.014016,0.0,0.014016,0.985984
174,18949560281665792004413178756295887592891979934348561,23,364,364,0.014203,0.014203,0.0,0.014203,0.985797
174,21408407116291656012109167833580671913503017751545967,23,495,495,0.010441,0.010441,0.0,0.010441,0.989559
174,22631651939782172827484157664433587783833485119069961,23,456,456,0.021863,0.021863,0.0,0.021863,0.978137
174,21837034941512546186024799051115680122246295015518093,23,436,436,0.005375,0.005375,0.0,0.005375,0.994625
174,23437804484573336991839150008388329128133779513222523,23,705,705,0.010355,0.010355,0.0,0.010355,0.989645
174,21670228153893009427879223165719671325428625794224927,23,378,378,0.04359,0.04359,0.0,0.04359,0.95641
175,40488067071432624121676494427962676744307992814206389,23,495,495,0.02473,0.02473,0.0,0.02473,0.97527
175,47880832610030432571309186253738451904700554037260907,23,391,391,0.065327,0.065327,0.0,0.065327,0.934673
175,45878748309865752441663931039655772029562012040164497,23,421,418,0.022856,0.013695,0.013695,0.036551,0.963449
175,44519607957401945468255440685812779498238330725202451,23,714,714,0.009348,0.009348,0.0,0.009348,0.990652
175,38437122674547888080483896869357910936491022366930391,23,566,558,0.014959,0.016562,0.022359,0.037318000000000004,0.962682
175,47064113916853618606448841022057749802258231599045617,23,378,374,0.049350000000000005,0.062188,0.062188,0.111538,0.888462
175,38418920847258974395155918878755125806886124993281449,23,530,530,0.013459,0.013459,0.0,0.013459,0.986541
175,29860959886171008880417800461459339604720394693120859,23,525,491,0.00434,0.006841,0.09958900000000001,0.10392900000000001,0.896071
175,47523346294694090590598436816448664799865583071536947,23,397,397,0.012487,0.012487,0.0,0.012487,0.987513
175,40430147177650634814659419575820969943704601075586779,23,488,488,0.020357,0.020357,0.0,0.020357,0.979643
175,30673381581036186694644718658867052922438672540632679,23,377,360,0.003485,0.009017,0.009017,0.012502000000000001,0.987498
175,46321511197924674401868707445937064255819847549207181,23,566,552,0.015605,0.003708,0.013975999999999999,0.029581,0.970419
175,40793108447338904457818158698839208728924655609269741,23,496,480,0.014105,0.019936,0.019936,0.034041,0.965959
175,47563799216222959471208717042267403920241999763230907,23,392,392,0.029266,0.029266,0.0,0.029266,0.970734
175,44747799795754951639143084884684883018614820083166937,23,423,406,0.012517,0.005185,0.016045,0.028562,0.971438
175,46867320328474189488708379756417548186877640469492347,23,448,448,0.038271,0.038271,0.0,0.038271,0.9617290000000001
175,46542356956969036203230698142264416107162071627147053,23,396,396,0.015673,0.015673,0.0,0.015673,0.984327
175,45701878003472651488780363802977956628041054016481659,23,495,495,0.040801,0.040801,0.0,0.040801,0.959199
175,25458726975309530242094669164823103336392162094875803,23,423,423,0.025849,0.025849,0.0,0.025849,0.974151
175,39959523049873920871877996128842998488581987804339877,23,420,420,0.003042,0.003042,0.0,0.003042,0.996958
176,87990886338847859195592642389102593039937487082558279,24,489,489,0.017447,0.017447,0.0,0.017447,0.982553
176,92564124955148991262968874807483374435803628161108999,24,934,925,0.00904,0.008135,0.010028,0.019068,0.980932
176,94129007589456961191977269147297543003266132666549953,24,395,395,0.036265,0.036265,0.0,0.036265,0.963735
176,93819484016161644344551753829300322151041926203410181,24,435,435,0.004717,0.004717,0.0,0.004717,0.995283
176,73157616268457907406971375723178615684280166706710493,24,398,398,0.04131,0.04131,0.0,0.04131,0.95869
176,61542774938750705714463225629776244056185970967253653,24,496,486,0.00931,0.015214,0.015214,0.024524,0.975476
176,71800771048867515580859417044203063847762338647077403,24,390,390,0.072927,0.072927,0.0,0.072927,0.927073
176,77258340421405866522724393177859419720883968347782627,24,536,524,0.00699,0.005023,0.026767,0.033756999999999995,0.966243
176,89837078281524964039898044063254336032471057480771579,24,709,698,0.006072,0.00218,0.015746,0.021818,0.978182
176,67631371474217585591492093931057414532556760623695867,24,387,387,0.010843,0.010843,0.0,0.010843,0.989157
176,89832926575159265651841476273066740015357110318540347,24,639,610,0.005105,0.003715,0.04371799999999999,0.04882299999999999,0.951177
176,67118204137332948793553589627698826319196161548428537,24,400,382,0.012366,0.013169,0.036032999999999996,0.048399,0.951601
176,87774156256777768160436756789989062372701963996758741,24,553,549,0.023442,0.019128,0.019128,0.04257,0.95743
176,70572719969624332011199901351228566052874877227465031,24,467,467,0.005112,0.005112,0.0,0.005112,0.994888
176,86250046064114433343982710398437258754379418231496971,24,405,405,0.016831,0.016831,0.0,0.016831,0.983169
176,87134348646583113354803029928666774546954085244353883,24,368,358,0.018047,0.008257,0.008257,0.026304,0.973696
176,71901633824806274691548687743309648812921855456127637,24,391,391,0.037149,0.037149,0.0,0.037149,0.962851
176,90150270285363435056040734184802693760325360863282387,24,527,509,0.004243,0.009162,0.023969999999999995,0.028212999999999995,0.971787
176,94046017590480304561168089303295538090394575865219973,24,523,506,0.012132,0.007678,0.014718,0.02685,0.97315
176,64190892782173257959767693618630438907905705925983597,24,432,432,0.025151,0.025151,0.0,0.025151,0.974849
177,119125070369688751792163725903852573808324382853761851,24,514,514,0.012761,0.012761,0.0,0.012761,0.987239
177,182726819299327515165849812245648871121491177942129611,24,527,511,0.006702,0.009426,0.016284,0.022986,0.977014
177,188893960779618570376876195763394634184667143767990939,24,479,479,0.016071,0.016071,0.0,0.016071,0.983929
177,177226234109374423417710011618572758541886871555971773,24,509,509,0.053891,0.053891,0.0,0.053891,0.946109
177,170417219917741538865104682908758540815889415996081587,24,501,478,0.003621,0.01628,0.021949999999999997,0.025570999999999997,0.974429
177,184456472780322533717507274449727396706948277959651997,24,726,726,0.018113,0.018113,0.0,0.018113,0.981887
177,172591822599216441031826476355149233765150072380634947,24,451,451,0.007874,0.007874,0.0,0.007874,0.992126
177,160262516696147396603234199689194202325829336961400089,24,439,424,0.007636,0.018101,0.028162,0.035797999999999996,0.964202
177,189488332491885140927092409494182632690603024073949519,24,476,457,0.014283,0.004632,0.038791,0.053073999999999996,0.946926
177,158860589548227817116386228914199311016251079037823631,24,427,426,0.022986,0.010097,0.010097,0.033083,0.966917
177,131023867650554721773986626498755865101732014114852169,24,538,522,0.02073,0.024602,0.059857,0.08058699999999999,0.919413
177,185419546061793924107275707453523293583979540373323441,24,435,427,0.025032,0.041787,0.12179200000000001,0.146824,0.8531759999999999
177,130739606859025377984032427604557137652684751978400777,24,513,508,0.022007,0.032721,0.032721,0.054728,0.945272
177,148738595022486208740372312134935505218833565972371451,24,439,439,0.039727,0.039727,0.0,0.039727,0.960273
177,167245458534901805246177899856773690854765016929409441,24,602,588,0.005410999999999999,0.002451,0.042414,0.047825,0.952175
177,167743233925335463625480222303950384908571933339861327,24,429,429,0.011349,0.011349,0.0,0.011349,0.988651
177,127846725145209783213161083219697857237418143943954471,24,572,572,0.017932,0.017932,0.0,0.017932,0.982068
177,175371321030994867998753692974243811078511522480617843,24,432,432,0.026606,0.026606,0.0,0.026606,0.973394
177,116000582161408742104082789047643826044722595827305757,24,517,508,0.007815,0.006126,0.018008,0.025823,0.974177
177,170372630777230523245695634046185057408362313049454403,24,634,627,0.001903,0.002674,0.004555,0.006458,0.993542
178,326370916554170909248800565447441227366364752100439299,24,363,363,0.016482,0.016482,0.0,0.016482,0.983518
178,351133543531254740082619452808507153835828169762359977,24,363,363,0.00486,0.00486,0.0,0.00486,0.99514
178,336454357966569634923263904170681101591018051550982463,24,507,507,0.074327,0.074327,0.0,0.074327,0.925673
178,287084766998192650266030523003134421022082997050134521,24,478,478,0.007363,0.007363,0.0,0.007363,0.992637
178,352927538094715815006260624760445835128691040320016481,24,436,436,0.024437,0.024437,0.0,0.024437,0.975563
178,338358782479052619339175922612376094187822886673941721,24,584,584,0.002308,0.002308,0.0,0.002308,0.997692
178,350983244504690877302934108411058885737259142622352279,24,404,404,0.00747,0.00747,0.0,0.00747,0.99253
178,362113241669248116131584645381866273037844314273508653,24,848,837,0.003094,0.001141,0.009653,0.012747,0.987253
178,354699753705738888969549737288396049484417614825528751,24,539,539,0.022635,0.022635,0.0,0.022635,0.977365
178,331690661156431736210765004245137972208022366664402553,24,1003,1000,0.0068,0.008768,0.008768,0.015567999999999999,0.984432
178,332675546545853496255458413537230392333963633325833083,24,397,397,0.003728,0.003728,0.0,0.003728,0.996272
178,313703344571742936697405437124510360823965169983069999,24,975,967,0.006191,0.004806,0.004806,0.010997,0.989003
178,380254134293999860410999253285210970240457628198742663,24,456,456,0.008554,0.008554,0.0,0.008554,0.991446
178,360641711799225046890015181472030377655985832139240759,24,615,615,0.025733,0.025733,0.0,0.025733,0.974267
178,263917085618902017901372402907639485241329433989841083,24,528,528,0.03356,0.03356,0.0,0.03356,0.96644
178,266288106436622503269927529785703488384905659026805291,24,519,474,0.009027,0.019137,0.048093,0.05712,0.94288
178,344304805683409519331394242367711732435948148819916561,24,514,514,0.023683,0.023683,0.0,0.023683,0.976317
178,341709744235492519708940578050014342971004111389339661,24,349,349,0.097814,0.097814,0.0,0.097814,0.902186
178,310967967663884862956076583774857977926596023977520621,24,718,718,0.041374,0.041374,0.0,0.041374,0.958626
178,327279608257895351469611029322246368521417106545791761,24,737,717,0.011437,0.004277,0.014848,0.026285,0.973715
179,558936428874945996924383768356203135254350439671785479,24,379,379,0.092361,0.092361,0.0,0.092361,0.907639
179,674926639517348090731177770827913991101246148882287283,24,1000,992,0.015255,0.007281,0.007281,0.022536,0.977464
179,520778796933569712475497803976339448328715986002072523,24,580,575,0.009204,0.013477,0.013477,0.022681,0.977319
179,748335037461936801408133793949275373189490397012798993,24,583,583,0.044975,0.044975,0.0,0.044975,0.955025
179,750121838409245984074572114070043722336783466522324083,24,521,521,0.024437,0.024437,0.0,0.024437,0.975563
179,652699193242756150846355283234498871767984936149202997,24,366,366,0.015805,0.015805,0.0,0.015805,0.984195
179,701012462554551393326136469593585664907414625879938377,24,574,556,0.014923,0.062628,0.062628,0.07755100000000001,0.922449
179,651811943098199803843122079676572375058573432081265941,24,338,338,0.014476,0.014476,0.0,0.014476,0.985524
179,551025100698026169975841797211316492193395216233257361,24,703,697,0.02149,0.004596,0.004596,0.026085999999999998,0.973914
179,568232849243253819024806302642399573345242309126608059,24,478,459,0.041125,0.04643,0.09250599999999999,0.133631,0.866369
179,639820098139219068308973252189078237340004822241496393,24,355,355,0.051016,0.051016,0.0,0.051016,0.948984
179,761792849352011360883518708616350161974544759945523083,24,445,445,0.013424,0.013424,0.0,0.013424,0.986576
179,628942419048318189765862150028221450462352308232102681,24,384,384,0.018997,0.018997,0.0,0.018997,0.981003
179,566889538234990454641052189675936791837860452121325949,24,481,481,0.010316,0.010316,0.0,0.010316,0.989684
179,716452162573779008868293903020235512769764173696217249,24,657,637,0.015267,0.010156,0.022926,0.038193,0.961807
179,621413530195004739611180163225538908969413935549872629,24,930,924,0.006293,0.009984,0.013504,0.019797000000000002,0.980203
179,645609036446719663018922094515491080262538063860555597,24,428,380,0.019395000000000003,0.018272,0.09280700000000001,0.11220200000000002,0.887798
179,555489032258653592242576233173121867113539610787783833,24,418,418,0.044635,0.044635,0.0,0.044635,0.955365
179,535750173793033032362966709603096420101001099801784643,24,550,550,0.005581,0.005581,0.0,0.005581,0.994419
179,456506540313436296309522192769161449949543126587051023,24,424,424,0.022205,0.022205,0.0,0.022205,0.977795
180,1358996782341013393471064892946133021632416224066738371,24,781,757,0.003655,0.004137,0.032632999999999995,0.036287999999999994,0.963712
180,1147190830767755812327995081041386320310165753132541849,24,648,648,0.008804,0.008804,0.0,0.008804,0.991196
180,1403925300691032372140940928473865553985310895500181911,24,464,464,0.026586,0.026586,0.0,0.026586,0.973414
180,1495775451737959760457511687274350579183536185139242641,24,434,434,0.016264,0.016264,0.0,0.016264,0.9837359999999999
180,1110739563446777289531838627303749633950291508344598743,24,503,503,0.007693,0.007693,0.0,0.007693,0.992307
180,1194024369143971552927889417542591741693717575625673111,24,507,483,0.007259,0.008928,0.04174800000000001,0.04900700000000001,0.950993
180,1260166637346508034925373413900190230508510171798948477,24,759,759,0.010497,0.010497,0.0,0.010497,0.989503
180,1455316476136829091460607052510092178765985268783561317,24,513,513,0.015856,0.015856,0.0,0.015856,0.984144
180,1309093992710635640836698146159549405123972272927404881,24,496,496,0.008661,0.008661,0.0,0.008661,0.991339
180,1390894799146412153168495467213932724874405876411579611,24,474,474,0.210121,0.210121,0.0,0.210121,0.789879
180,1520134781616046526108129582711299483597548910524846853,24,479,459,0.008143,0.016546,0.099639,0.107782,0.892218
180,1505439219343167470373459269572451082957623944381924673,24,436,436,0.042242,0.042242,0.0,0.042242,0.957758
180,1057025848491395991324830754425862907965800790964989169,24,403,403,0.108269,0.108269,0.0,0.108269,0.891731
180,1022335052507123413464678276586097658581994406812064513,24,433,433,0.014234,0.014234,0.0,0.014234,0.985766
180,986820806071662897465598796288744366007908716888546481,24,788,788,0.023868,0.023868,0.0,0.023868,0.976132
180,1524644692974396926561992448558626212968367576768526879,24,427,417,0.047585,0.018206,0.056170000000000005,0.10375500000000001,0.896245
180,1314131625546751137305337304108371769311553500059572603,24,429,429,0.007551,0.007551,0.0,0.007551,0.992449
180,1159287238259464432648787656029088912397674342457115643,24,446,446,0.014293,0.014293,0.0,0.014293,0.985707
180,1475197377405499619513187533655878473208974647166678079,24,436,427,0.010339000000000001,0.001445,0.015774999999999997,0.026114,0.973886
180,1092513974848862293580063101113260203144966532297855803,24,591,585,0.01193,0.00561,0.00561,0.01754,0.98246
181,2146755962617820701939724558369889009769651618593397373,24,498,498,0.013331,0.013331,0.0,0.013331,0.986669
181,2072316348390379785942053767435731590279096222618626363,24,505,503,0.011047000000000001,0.003054,0.003054,0.014101,0.985899
181,2877046995656031836501313697137912148919872998967745519,24,568,561,0.004487,0.003397,0.003397,0.007883999999999999,0.992116
181,2880369969123252961817754651476818952571924308651017163,24,482,482,0.009385,0.009385,0.0,0.009385,0.990615
181,2861708897811122498028015229576663189712718130603358513,24,585,580,0.026341,0.01407,0.01407,0.040411,0.959589
181,2806788267767978306991980520946809467457007629229500787,24,679,679,0.008183,0.008183,0.0,0.008183,0.991817
181,2302747288573481437114058572318921809401333842388506063,24,568,568,0.005705,0.005705,0.0,0.005705,0.994295
181,2533946943181812616782556407056335292416812676112585527,24,436,433,0.012802,0.029854,0.029854,0.042656,0.957344
181,2487771293557144436196457222451407643840343448896262201,24,427,418,0.041714,0.011235,0.059095,0.10080900000000001,0.899191
181,2345607456560758996293272875237597113634991575593930503,24,426,408,0.026181,0.013975,0.013975,0.040156,0.959844
181,2451877345078985122707203168343312742955044811033249477,24,515,515,0.007446,0.007446,0.0,0.007446,0.992554
181,2340974696399471038404420962322551749504771560040272007,24,536,536,0.013125,0.013125,0.0,0.013125,0.986875
181,2477342015750519040996010692078739219032174672206011307,24,580,580,0.032281,0.032281,0.0,0.032281,0.967719
181,2296086844355268411990274677061153842585626962159704019,24,428,428,0.056079,0.056079,0.0,0.056079,0.943921
181,2857327712261479603462914395058626994702465220337337739,24,597,571,0.002227,0.008206,0.030064999999999998,0.032292,0.967708
181,1869241629214427269662931336533353684013970622159921317,24,527,526,0.013949,0.016043,0.016043,0.029992,0.970008
181,2136463886038630304242691639030926383783507376355925571,24,424,424,0.015439,0.015439,0.0,0.015439,0.984561
181,2877127110897588495873508614076070239692397854333669421,24,886,868,0.005985,0.005786,0.018605,0.02459,0.97541
181,2391506213382517426158791151215598942262031718622544827,24,538,495,0.015282,0.008493,0.025607,0.040889,0.959111
181,2948841039361971531410668839665611640358315799683010259,24,559,559,0.01473,0.01473,0.0,0.01473,0.98527
182,4191292476346020518783656275665657989599723159847851667,24,581,560,0.009084,0.029264,0.06978,0.07886399999999999,0.921136
182,4368915889305698991841916329930420223695538711679696073,24,425,404,0.010542,0.014275,0.027118999999999997,0.037661,0.962339
182,4603173397210774045412589779080265237568427782430487923,24,624,624,0.007353,0.007353,0.0,0.007353,0.992647
182,4412747380103085417736789338590629677444833420942921431,24,640,640,0.0121,0.0121,0.0,0.0121,0.9879
182,5274862496484527199284351082466041501734256417850671079,24,353,353,0.031861,0.031861,0.0,0.031861,0.968139
182,4800792925814278444401434125143406347751419932688595051,24,418,407,0.00919,0.011491,0.021038,0.030228,0.969772
182,3653812005152759308354861844496272098804036966408036451,24,539,531,0.0093,0.028069,0.028069,0.037369,0.962631
182,4646737653138437262079866979167515682324029521366613887,24,632,632,0.020401,0.020401,0.0,0.020401,0.979599
182,5244063665198047536361296769370401123699361439281027921,24,406,403,0.009307,0.03208,0.03208,0.04138699999999999,0.958613
182,5043512217423355819857280369022042682912863299358815427,24,588,588,0.015978,0.015978,0.0,0.015978,0.984022
182,5381424364337562423689277556082862960704173067855407963,24,416,413,0.046989,0.019563,0.019563,0.066552,0.933448
182,5605622646710231703717995108618170373087268192211651819,24,486,451,0.0033569999999999997,0.011113,0.08697400000000001,0.09033100000000001,0.909669
182,5372876402521245557172885073810823234220306537484862171,24,555,530,0.008006,0.005273,0.079498,0.087504,0.912496
182,5193787393634226710856637245122360855837884143711668923,24,430,426,0.008516,0.018686,0.021496,0.030012,0.969988
182,4901526449801380100603842024908873735304969564340783837,24,576,546,0.025526,0.002623,0.10202,0.127546,0.8724540000000001
182,6116842254080121661991651815972543754648149039661461711,24,552,543,0.035869,0.011069,0.019191,0.05506,0.94494
182,4848300292233620118117558303318082764588214458439723993,24,716,703,0.006778,0.008575,0.032796000000000006,0.039574000000000005,0.960426
182,5455870824923288995533498136798277725990387457579154641,24,392,392,0.004639,0.004639,0.0,0.004639,0.995361
182,3785938512649873423258671464276287016184708730225383793,24,424,412,0.022766,0.05202,0.090365,0.11313100000000001,0.886869
182,4491160981645514588938837869554023508980963008773065231,24,596,596,0.007813,0.007813,0.0,0.007813,0.992187
183,9166723778901347230936039451531749253767512951187044911,24,358,358,0.033986,0.033986,0.0,0.033986,0.966014
183,10455930224123599063565031820487918262028421842464564737,24,976,976,0.029436999999999998,0.029436999999999998,0.0,0.029436999999999998,0.970563
183,7427674099806058459503172382903188275128363209564310927,24,365,365,0.030414,0.030414,0.0,0.030414,0.969586
183,10617285421144533269412481609230267820807269357289585027,24,495,495,0.017574,0.017574,0.0,0.017574,0.982426
183,11010471763583359046491348791311818146317648218012267883,24,592,591,0.003157,0.007179,0.007179,0.010336,0.989664
183,10332376251302120495254834326196282275734767686242549761,24,391,371,0.016017,0.009113,0.102674,0.118691,0.881309
183,11749977713551691032971054523891664935137255323436579743,24,635,635,0.023103,0.023103,0.0,0.023103,0.976897
183,10038010870002094481651798134300472801725442018653785307,24,522,486,0.013072,0.014512,0.119368,0.13244,0.86756
183,10982511715433447835689163250582120464921150302579077343,24,407,407,0.01859,0.01859,0.0,0.01859,0.98141
183,8953983959087052116701047035345005923200525137226524679,24,574,543,0.011034,0.016955,0.046286,0.05732,0.94268
183,8876846022270762570247578740470934525848460110861548643,24,716,706,0.026331,0.013868,0.013868,0.040199,0.959801
183,7272641689296160343480501161670052491504793391277318831,24,468,468,0.0233,0.0233,0.0,0.0233,0.9767
183,12244318449419593826201370835952825834440723200097525199,24,587,585,0.007305,0.006384,0.006384,0.013689,0.986311
183,11599990885992088420849467859622548958581504884697039151,24,534,523,0.002116,0.005783,0.021650000000000003,0.023766000000000002,0.976234
183,7605813317180000005669607627882043830747996242518578099,24,601,601,0.00758,0.00758,0.0,0.00758,0.99242
183,12182702859135303445823465643541896884548888148712896953,24,386,386,0.009023,0.009023,0.0,0.009023,0.990977
183,9709983608535670096749131929304035374023228870737229987,24,528,516,0.00506,0.01884,0.01884,0.023899999999999998,0.9761
183,10464773632474194098893561476862794550508738502141675107,24,606,606,0.004598,0.004598,0.0,0.004598,0.995402
183,9586059037733377655369346899873870070324449037164235107,24,359,359,0.020889,0.020889,0.0,0.020889,0.979111
183,9699446562764165401251791317533912674237385429964214831,24,440,433,0.013451,0.006887,0.018964,0.032415,0.967585
184,18626849292167387044123969723309390925329349903285206507,24,405,383,0.00766,0.012834,0.043121999999999994,0.050781999999999994,0.949218
184,18804282751054831530309800753579061511332519271103678431,24,554,554,0.009757,0.009757,0.0,0.009757,0.990243
184,18252028929067861875789984563223162861221576906848127717,24,664,664,0.003305,0.003305,0.0,0.003305,0.996695
184,24181446627067838775417564967666980419690582548365581197,24,507,507,0.011133,0.011133,0.0,0.011133,0.988867
184,23005878760564119588403003965951554728473230184759392953,24,637,605,0.010084000000000001,0.001977,0.038333,0.048417,0.951583
184,23936510072986768214421716184424106299398221539866239897,24,504,500,0.018757000000000003,0.007158,0.007158,0.025915000000000004,0.974085
184,16234034926709714462589794505359125056267838558020716281,24,674,664,0.002964,0.006752,0.006752,0.009716,0.990284
184,23428690111692592128116212619775791367144015582938967239,24,463,456,0.039531,0.029936,0.049143,0.088674,0.911326
184,18912759825437398136803515023873579742325104166174841671,24,487,487,0.009952,0.009952,0.0,0.009952,0.990048
184,19927044154018425176840956388997557677674288593187597089,24,444,444,0.005052,0.005052,0.0,0.005052,0.994948
184,19536799308159701904048108852677303754701680967104128127,24,467,451,0.006255,0.011364,0.017412,0.023667,0.976333
184,19071823677149723706403511825275713145306081300414131937,24,611,608,0.003173,0.003259,0.003259,0.006432,0.993568
184,20612269609108741202241460271673864594887702871452882101,24,472,461,0.011437,0.010637,0.029059,0.040496000000000004,0.959504
184,18920239559229041789878510751170285007946834591953601329,24,707,689,0.023875,0.001342,0.049524000000000006,0.073399,0.926601
184,22611644979880324889689047625329907958432993333469481211,24,423,423,0.019782,0.019782,0.0,0.019782,0.980218
184,22464664451229199112637114050957084764371480284978460343,24,438,427,0.004923,0.006558,0.009411,0.014334,0.985666
184,20229563940142821382398535762812188204560973744420706551,24,554,554,0.008342,0.008342,0.0,0.008342,0.991658
184,14302906747822375527736225805395822106070407268478927343,24,463,463,0.008294,0.008294,0.0,0.008294,0.991706
184,22648934796018516144639607669733048190885481628018590453,24,502,495,0.009482,0.006544,0.006544,0.016026000000000002,0.983974
184,15697907949934382447029781871211500370846936672724531567,24,482,463,0.004371,0.006,0.040743,0.045114,0.954886
185,39302817494925418904731805103331681348585472258348444957,25,627,624,0.012993,0.022375,0.022375,0.035368,0.964632
185,39163563717688705635413025356219451066821712937228964227,25,522,519,0.019988,0.004686,0.007462,0.02745,0.97255
185,43686826810459062412827238710551696728616518667617692019,25,620,600,0.004796,0.001449,0.030705,0.035501,0.964499
185,44530085274113978279620207534979690950635532686975502813,25,358,358,0.052127,0.052127,0.0,0.052127,0.947873
185,43570715964626102904381136448155751424171061828655209841,25,511,503,0.007641,0.017899,0.017899,0.02554,0.97446
185,42847627148824300921093636376913601640563740728623558181,25,766,764,0.00402,0.003173,0.003173,0.007193,0.992807
185,32083703321789764487338768250718421793945445188847533027,24,724,709,0.011636,0.010146,0.018827,0.030463,0.969537
185,33014805666036752589259540494640708288963751747621341763,25,580,580,0.011837,0.011837,0.0,0.011837,0.988163
185,41464335276070540341399584119313180727925975932568415057,25,443,411,0.006587,0.003306,0.027743999999999998,0.034331,0.965669
185,33861582902426483337301296118131448522568614203251711863,25,482,476,0.00983,0.012895,0.025409,0.035239,0.964761
185,46071639138339644800558097284225066199315293701982806079,25,869,869,0.007426,0.007426,0.0,0.007426,0.992574
185,37936033159136473000212002322269943296231496368568922549,25,391,391,0.007241,0.007241,0.0,0.007241,0.992759
185,48350569892826986379872186809679223015058022521047573871,25,531,531,0.036043,0.036043,0.0,0.036043,0.963957
185,41198097084082663709570476103319690345818375254249026263,25,455,455,0.006256,0.006256,0.0,0.006256,0.993744
185,45101352016751018053319721236302099399595057715497241929,25,497,471,0.0052239999999999995,0.003941,0.013536,0.01876,0.98124
185,42065769993861888778368368385451592776021006938027669583,25,914,914,0.014815,0.014815,0.0,0.014815,0.985185
185,41907847300045853777854516119774591215451371041706482459,25,656,656,0.013035,0.013035,0.0,0.013035,0.986965
185,48828218167552081470122749610887068068091405463826001571,25,429,429,0.020522,0.020522,0.0,0.020522,0.979478
185,41321776714362126833330727735907708762522999908493584631,25,507,500,0.012567,0.006338,0.006338,0.018904999999999998,0.981095
185,45383217518804476499152706989070758316114620859553366943,25,365,365,0.023737,0.023737,0.0,0.023737,0.976263
186,91860233843352511299828307727646362358888480420031170413,25,666,666,0.023936,0.023936,0.0,0.023936,0.976064
186,80310109483483183267313583353855043236387938949945913511,25,366,366,0.041058,0.041058,0.0,0.041058,0.958942
186,80341684383462084364790814145428006802552449749708478169,25,644,644,0.006454,0.006454,0.0,0.006454,0.993546
186,94274586636737974618847930138230885567012445571032348059,25,563,562,0.00551,0.010903,0.010903,0.016413,0.983587
186,85286064753422311838018802719562606418460845712040300179,25,456,456,0.037045,0.037045,0.0,0.037045,0.962955
186,95824663807095715873047831217240459086791279500036727837,25,557,557,0.013833,0.013833,0.0,0.013833,0.986167
186,80600641280005619173439191411717632606164953443740925413,25,666,666,0.003253,0.003253,0.0,0.003253,0.996747
186,53363439485857552435882838625033101776848292903405327631,25,486,486,0.009426,0.009426,0.0,0.009426,0.990574
186,84360977267528679389916660229858829202359730331725108419,25,608,578,0.009284,0.017068,0.017068,0.026352,0.973648
186,79840201135431317961751024566665709261061070004618876607,25,415,399,0.006757,0.015865,0.015865,0.022622,0.977378
186,86866046861802039662583542752660385034769683216166980061,25,705,705,0.008773999999999999,0.008773999999999999,0.0,0.008773999999999999,0.991226
186,86323619254797487920466332795791126216445907418620989923,25,549,527,0.005202,0.001291,0.013409,0.018611000000000003,0.981389
186,96229941655765770007029825039522376331365113196946498957,25,456,456,0.005928,0.005928,0.0,0.005928,0.994072
186,68612351526722038739277226442469049931568086799744053797,25,516,483,0.0184,0.012439,0.07109899999999998,0.08949899999999998,0.910501
186,68105415306841011876975324285506148265126787018204059721,25,698,698,0.013966,0.013966,0.0,0.013966,0.986034
186,82153452353776642549718572430278706898613500637862573111,25,591,591,0.013381,0.013381,0.0,0.013381,0.986619
186,58260742770043455753114412466166256900662844348827175237,25,675,669,0.00559,0.006183,0.006183,0.011773,0.988227
186,92398084669964916514251013016603556504210733394779182767,25,387,362,0.004429,0.029714,0.112425,0.116854,0.883146
186,85070111672001330371958789558357340118850688442337853217,25,418,418,0.009788,0.009788,0.0,0.009788,0.990212
186,77006883355586853676151730714225091231991247740864640619,25,452,452,0.023936,0.023936,0.0,0.023936,0.976064
187,185702567469454758545522669141358609758902348939813864093,25,552,552,0.011985,0.011985,0.0,0.011985,0.988015
187,179941892859217785606681885687143742888315889414346363689,25,1050,1050,0.003646,0.003646,0.0,0.003646,0.996354
187,181526373319561920706249179904543072763946711556143801553,25,556,556,0.025442,0.025442,0.0,0.025442,0.974558
187,167429568427479950155810682841163388259872915659211758439,25,440,428,0.007699,0.008293,0.008293,0.015992,0.984008
187,186979504018673334316662054121094588580490052795915527519,25,598,594,0.018341999999999997,0.004362,0.004362,0.022704,0.977296
187,145169698815553753950995436308896640554249031871232995529,25,616,616,0.004965,0.004965,0.0,0.004965,0.995035
187,189461310023527313299690027067741970827568893636258377063,25,791,791,0.00368,0.00368,0.0,0.00368,0.99632
187,195549547224884539368396804380565596304971046728434683161,25,445,439,0.010506,0.009243,0.009243,0.019749,0.980251
187,178245846474078559274688392189915797290638577194576694293,25,467,467,0.023894,0.023894,0.0,0.023894,0.976106
187,140252436907018775044357018689165543420042260373871440727,25,544,532,0.004068,0.005346,0.031859,0.035927,0.964073
187,192105990641511042361486580149859043063803753731838318981,25,861,825,0.016245,0.009887,0.076207,0.09245199999999999,0.907548
187,178454889426021172984526500874394848133697897783899319511,25,1017,996,0.044611000000000005,0.014663,0.020143,0.064754,0.935246
187,147793902755095806954444489354226029687835800736294743133,25,654,654,0.025847,0.025847,0.0,0.025847,0.974153
187,181066564675332279473924972484406057203667755771628163519,25,433,427,0.011377,0.008355,0.008355,0.019732,0.980268
187,168818801318777087057170297997195516793375607488939767557,25,507,472,0.013626,0.005616,0.032782,0.046408,0.953592
187,163084686989748233415040348211861253938756903626114968719,25,430,430,0.004591,0.004591,0.0,0.004591,0.995409
187,188075731576689556162612507442726713223245640460883288489,25,608,600,0.012564,0.013426,0.029133,0.041697,0.958303
187,132226185708852638537764772743714220747210366978910886177,25,497,492,0.004828,0.010335,0.01523,0.020058,0.979942
187,194698576701919400115040833966319106090888842928840082833,25,487,487,0.00675,0.00675,0.0,0.00675,0.99325
187,125253423035716542158322394161648453041038946552062725559,25,507,507,0.006698,0.006698,0.0,0.006698,0.993302
188,314224750521702231589078779205748577487125730214151848227,25,477,477,0.030656,0.030656,0.0,0.030656,0.969344
188,214725867801677657763150716044378228025925022271604157093,25,381,381,0.008093,0.008093,0.0,0.008093,0.991907
188,337786569927761505444410838242068306234426938889367376089,25,438,438,0.071798,0.071798,0.0,0.071798,0.928202
188,360223106477640603715939086025088234494108141240755800321,25,461,461,0.004631,0.004631,0.0,0.004631,0.995369
188,374124987525817520307508964115960865602386918837898179827,25,671,671,0.04101,0.04101,0.0,0.04101,0.95899
188,361989780913006793919620222968747185160737595989089084909,25,463,454,0.0064399999999999995,0.001568,0.020482,0.026922,0.973078
188,317559581118592945343728270732523067627215982144611637637,25,424,409,0.010206,0.015837,0.023159000000000003,0.033365000000000006,0.966635
188,379999621526733814982174866558604085395375086537465979591,25,411,411,0.003314,0.003314,0.0,0.003314,0.996686
188,366021560344730588643709636731405132352498915207181378779,25,433,433,0.032307,0.032307,0.0,0.032307,0.967693
188,387944003533460640819952009732254475678414088984486177033,25,657,657,0.00329,0.00329,0.0,0.00329,0.99671
188,374845489005902740783352118914562105030081362850475258007,25,684,681,0.003795,0.013508,0.013508,0.017303,0.982697
188,386515816923087548415772467909907858268131406963172669599,25,549,548,0.035405,0.005633,0.005633,0.041038,0.958962
188,221106737983069547058303874626625601611876932304469714993,25,470,470,0.011975,0.011975,0.0,0.011975,0.988025
188,240210128646608330322236250926839186745574038027417949109,25,557,555,0.024141000000000003,0.005195,0.005195,0.029336,0.970664
188,318351913440867881282887107239336403432896585513539162139,25,495,473,0.013129,0.006867,0.017831,0.03096,0.96904
188,378635620380227758123177463104203120047480633879439638329,25,474,474,0.013315,0.013315,0.0,0.013315,0.986685
188,319199732197973078769687558220972231917492453889455575179,25,475,475,0.021481,0.021481,0.0,0.021481,0.978519
188,381980473612089531334196860824416470009021634012423067737,25,457,457,0.006188,0.006188,0.0,0.006188,0.993812
188,256586033541357135375485125099595006467144223152458416503,25,378,378,0.03601,0.03601,0.0,0.03601,0.96399
188,353636550421510722509208696720104070107782240230147107101,25,526,526,0.010946,0.010946,0.0,0.010946,0.989054
189,408589902288642681578344276763041902416284671692080986377,25,440,407,0.003282,0.009326,0.045883,0.049165,0.950835
189,646628678273258141372517202145221034603557799378124614201,25,559,559,0.001954,0.001954,0.0,0.001954,0.998046
189,592635606571861287284224295593110454631652264655249578353,25,530,528,0.002597,0.002264,0.002264,0.004861,0.995139
189,650208432524537748605744087782608274999617116493579199513,25,627,618,0.00668,0.004277,0.008194,0.014874,0.985126
189,599419609079700662276957964472775050611343385405910300163,25,797,783,0.006085,0.002483,0.020069999999999998,0.026154999999999998,0.973845
189,591139658903332237066666950704418695507871569867166356959,25,517,517,0.00938,0.00938,0.0,0.00938,0.9906200000000001
189,759303095841708533868206131077305245572712516145789616107,25,440,440,0.028961,0.028961,0.0,0.028961,0.971039
189,723374087894581884780114042666006439305170047096296570421,25,441,420,0.002199,0.008006,0.017577,0.019776,0.980224
189,642089268364349919722039425710377324200681378773618660631,25,544,544,0.004026,0.004026,0.0,0.004026,0.995974
189,493458509028245692711455247191997853201057771326056542803,25,816,801,0.048677,0.016129,0.016129,0.064806,0.935194
189,775267771444101410063934578993845769575953505357992661799,25,822,822,0.016142,0.016142,0.0,0.016142,0.983858
189,525214235994067347101638348805237964788334546789415420243,25,655,648,0.001631,0.001296,0.001296,0.002927,0.997073
189,510228484199873332122049098813102378921923672052464278333,25,443,443,0.026482,0.026482,0.0,0.026482,0.973518
189,630121824338129668949919059009823882545840337934822277567,25,715,699,0.020273,0.004664,0.032985,0.053258,0.946742
189,755634779781799121353112557954459602771587484582257255551,25,411,411,0.002447,0.002447,0.0,0.002447,0.997553
189,612172740703460905652990412541931502012476806243188854431,25,635,629,0.006586,0.004456,0.020314,0.0269,0.9731
189,530704707601162495384297467780173501132805319654798984003,25,458,433,0.012618,0.010128,0.024792999999999996,0.037411,0.962589
189,756916004872319657418986856461653189263814971681663763573,25,577,572,0.020707,0.020996,0.020996,0.041703000000000004,0.958297
189,490921607897052107753246264180398217237973784027521089099,25,450,445,0.003631,0.010512,0.01873,0.022361,0.977639
189,767702133245506513310164240704062695141079949461903447479,25,508,499,0.011213,0.003762,0.010110000000000001,0.021323,0.978677
190,1107697980005560535935691181882881481298971577503883545431,25,513,511,0.015622,0.008696,0.008696,0.024318,0.975682
190,1447718595714448727207173851527167403200700108585820235931,25,401,401,0.03263,0.03263,0.0,0.03263,0.96737
190,1067595819970828694093593212927706218036137678171084438953,25,506,479,0.009807,0.009587,0.067209,0.077016,0.922984
190,1236956916814563958009976698763228455869309463346857145209,25,444,424,0.007036,0.0066,0.07358100000000001,0.08061700000000001,0.919383
190,1303595662239872394152630143462469139534875953977955173719,25,959,953,0.015427,0.008029,0.016652,0.032078999999999996,0.967921
190,1436728764183159269584547372484560757421757510937607299719,25,426,426,0.032323,0.032323,0.0,0.032323,0.967677
190,1358738873900145804437909196195927584579190583894624729549,25,522,518,0.016648,0.010938,0.010938,0.027586,0.972414
190,1309414713325066973570726305039978280113478833538624990717,25,689,689,0.001876,0.001876,0.0,0.001876,0.998124
190,1119233946195882068749589393936438955574244336504433599743,25,534,534,0.026626,0.026626,0.0,0.026626,0.973374
190,1391390333131732070825024754648255205953706845753859235761,25,876,876,0.010839,0.010839,0.0,0.010839,0.989161
190,1219405195991088602219964475590713847204090579216876133247,25,688,688,0.010899,0.010899,0.0,0.010899,0.989101
190,1285952433782265124699401960911465263241667818151785942989,25,502,469,0.019118,0.006563,0.06446699999999998,0.08358499999999998,0.916415
190,936281692826227408663886118472398327211075139996831483807,25,467,460,0.023688,0.004762,0.004762,0.02845,0.97155
190,1495152348884655255748854019985088902044523205603769307549,25,506,506,0.01722,0.01722,0.0,0.01722,0.98278
190,1543054376408543181151756345226381442258117792563593031941,25,481,481,0.012996,0.012996,0.0,0.012996,0.987004
190,1197900039859831281860297786593556759105357856705065296097,25,369,369,0.045392,0.045392,0.0,0.045392,0.954608
190,1325762643789188253480076014106355323863094856768820242033,25,414,414,0.046239,0.046239,0.0,0.046239,0.953761
190,1549503894836788136271053205345052692884272523599834807513,25,515,513,0.013894,0.021854,0.021854,0.035748,0.964252
190,1371820001327266974371651800423316814650750283162857664521,25,384,384,0.038502,0.038502,0.0,0.038502,0.961498
190,1319759631078608755615705806993244756656084597458744780879,25,521,500,0.007524,0.005053,0.033469,0.040993,0.9590069999999999
191,2180877054471620294689724695606846212849552332318992940407,25,497,497,0.024120000000000003,0.024120000000000003,0.0,0.024120000000000003,0.97588
191,1606385381360148813307516689773707722363849418834436678389,25,418,418,0.007792,0.007792,0.0,0.007792,0.992208
191,2738991831553984659353836548560279154535043688289688027603,25,465,458,0.006302,0.006055,0.009276,0.015578,0.984422
191,2021640631374636353782008830324840969777513038468864748759,25,652,648,0.005189,0.005801,0.005801,0.01099,0.98901
191,2105598972222103150968007207241144213000505023620025661667,25,422,422,0.007798,0.007798,0.0,0.007798,0.992202
191,2954552227750152336095183292848417913001395070298811029879,25,615,609,0.009247,0.001446,0.001446,0.010693,0.989307
191,2604823021534871940153658516882468145972589783978202484923,25,499,499,0.017008,0.017008,0.0,0.017008,0.982992
191,2697799617327879157081712621189446951709202892838110789249,25,1093,1093,0.017225,0.017225,0.0,0.017225,0.982775
191,2749750578464362511041140809468842163052814508247072125809,25,709,702,0.002037,0.005056,0.005056,0.007093,0.992907
191,2810254725646498720414994000029322939731083303115400227283,25,624,595,0.005783,0.004752,0.033258,0.039041000000000006,0.960959
191,2919723125927389511356972449231841889026550065177689782341,25,632,606,0.024597,0.005521,0.062765,0.087362,0.9126380000000001
191,2384759410471810319375657922573509817577252181814221416381,25,543,543,0.035152,0.035152,0.0,0.035152,0.964848
191,2870902859138464144898136609805487079043674281379484515257,25,565,564,0.005345,0.003004,0.003004,0.008349,0.991651
191,2531428612228677358426023750691561085464553004835817283823,25,685,685,0.010911,0.010911,0.0,0.010911,0.989089
191,2569199376454128229458263634674647272803671413063904093681,25,483,469,0.008983,0.006573,0.013392000000000001,0.022375,0.977625
191,2077139403037075257284520813457747381680630617898050789129,25,582,582,0.007444,0.007444,0.0,0.007444,0.992556
191,2599527300982831600647840629042688948539972657946504879419,25,743,739,0.009026,0.003139,0.003139,0.012164999999999999,0.987835
191,2939945259852704861237884063321703407639606324099970984489,25,520,520,0.029161,0.029161,0.0,0.029161,0.970839
191,2806787067261975292631801717103764100516337005958274854877,25,907,904,0.003777,0.002483,0.006392,0.010169000000000001,0.989831
191,3102854422286895681399386946361481173908793767638701190957,25,535,535,0.019757,0.019757,0.0,0.019757,0.980243
192,6053136549975215707114861824618604186550967571524618556511,25,587,574,0.015097,0.016099,0.028395999999999998,0.043493,0.956507
192,5772223899679240100865858833866067485733365743633882768503,25,429,417,0.006361,0.018352,0.054484,0.060844999999999996,0.939155
192,4939008137476552065240184537828644764133517214756158762829,25,496,490,0.008879,0.010811,0.028913,0.037792,0.962208
192,6212435194276394115763543059243494938563033646586224859629,25,574,559,0.010768,0.008642,0.027957,0.038724999999999996,0.961275
192,3874204338182140753502701838530384426297759523506113427483,25,628,628,0.014709,0.014709,0.0,0.014709,0.985291
192,3347208880492337566130653746802735549578109517894379499733,25,785,784,0.012252,0.0042,0.0042,0.016452,0.983548
192,4306083721119286908591380042584606571729048503575164227711,25,507,496,0.009895000000000001,0.009973,0.028426,0.038321,0.961679
192,5163763031624406920207830805702663059843081289928205028959,25,626,626,0.014628,0.014628,0.0,0.014628,0.985372
192,6130364660359904866071451106195076205876004972250032444803,25,494,494,0.002746,0.002746,0.0,0.002746,0.997254
192,6254696907579855069014156880599952401895926775151729298633,25,580,580,0.014491999999999998,0.014491999999999998,0.0,0.014491999999999998,0.985508
192,4873661477686905481674696353544486097679453418713697857441,25,1093,1093,0.011941,0.011941,0.0,0.011941,0.988059
192,5412175546964427994074789034451167835889491793324688758467,25,799,789,0.003704,0.005305,0.009014,0.012718,0.987282
192,5910884209390437413999109263981667425861292837036749005609,25,578,576,0.008812,0.008309,0.008309,0.017121,0.982879
192,4621285287029859947459316813570982113322073918209718266019,25,559,559,0.021645,0.021645,0.0,0.021645,0.978355
192,5696283951894185144007889520249234417647198158940715431933,25,440,440,0.014672,0.014672,0.0,0.014672,0.985328
192,3683958575511235413756595798246241035800834295791075521963,25,463,463,0.020508,0.020508,0.0,0.020508,0.979492
192,4468006165118885684913086683109597497945491118316503789123,25,1043,1002,0.010227,0.006771,0.07250199999999998,0.08272899999999998,0.9172710000000001
192,5488497809815368048793079212529624026388526869419621039691,25,562,550,0.009475,0.005132,0.075958,0.085433,0.914567
192,5659542164522658766094858453465847140623734081033257305487,25,457,457,0.007154,0.007154,0.0,0.007154,0.992846
192,6149807903410653285967321465976396749348286539647506887699,25,638,635,0.017074,0.019525,0.019525,0.036599,0.963401
193,9905013207931875527529191960135739218017812814063208578531,25,663,629,0.010942,0.006236,0.04803699999999999,0.05897899999999999,0.941021
193,10100483858506872648422975068896319443064533148276380832169,25,694,674,0.005657,0.01237,0.035363,0.04102,0.9589799999999999
193,11663540999446197162723452607497563376895758675776898312369,25,546,534,0.024024999999999998,0.035262,0.047947000000000004,0.07197200000000001,0.928028
193,10897749645060145624874358483865606849691424744321528304937,25,565,562,0.006687,0.002124,0.004373,0.01106,0.98894
193,10565624405515099844116517970763527091130891790570283157137,25,488,488,0.038735,0.038735,0.0,0.038735,0.961265
193,12070921450587575263287627747872390786879378063838490617043,25,697,697,0.011034,0.011034,0.0,0.011034,0.988966
193,9664634974777947645604027278555623329607100282762834013441,25,509,509,0.010336,0.010336,0.0,0.010336,0.989664
193,12322960193874180073992358693327396906594292112230707610489,25,648,614,0.002784,0.002179,0.032895999999999995,0.035679999999999996,0.96432
193,8099708654360452993215966572101668396566826381629301683063,25,608,570,0.017821,0.01468,0.09628299999999998,0.11410399999999998,0.885896
193,11214351833369361189026414622248506634769198922661651441293,25,527,527,0.010664,0.010664,0.0,0.010664,0.989336
193,9128073803947130372484141505624445498586637123573747380151,25,441,441,0.012248,0.012248,0.0,0.012248,0.987752
193,11312813665303613237304198878301422628970319071234047845347,25,719,700,0.001768,0.001248,0.003253,0.005020999999999999,0.994979
193,11023902979621732752907862575267849055507922142544485438789,25,571,562,0.003101,0.005754,0.014113999999999998,0.017214999999999998,0.982785
193,11262927042730954176015822824963334235937052626560568007419,25,567,567,0.002905,0.002905,0.0,0.002905,0.997095
193,10857095320997612707420637232964945337144528989105797131153,25,816,816,0.011063,0.011063,0.0,0.011063,0.988937
193,10494271519339392909894195833014476236187539413566084429379,25,584,584,0.005191,0.005191,0.0,0.005191,0.994809
193,12278064626184964589595523842860542425676931971855436832259,25,610,610,0.007305,0.007305,0.0,0.007305,0.992695
193,8482872608322654051369609585269639790901351219221511846733,25,497,497,0.012957,0.012957,0.0,0.012957,0.987043
193,7306887098618586073076594877395470343989113832174839245017,25,574,555,0.007829,0.006428,0.006428,0.014256999999999999,0.985743
193,12409265929614063311478379725438459124196359168832063103151,25,479,478,0.025444,0.025739,0.025739,0.051183000000000006,0.948817
194,20683260459467499029277828805303888053838228828420773810227,25,676,674,0.003329,0.004581,0.004581,0.00791,0.99209
194,21350469721329597074134362589876985354717072338210358108849,26,398,398,0.025669,0.025669,0.0,0.025669,0.974331
194,18942954816325570836124528681131878336599202626159580306777,25,469,463,0.011784,0.010049,0.017535000000000002,0.029319,0.970681
194,24458941949583565962792372221933150989311549041638920536113,26,689,675,0.012217,0.004528,0.038040000000000004,0.050257,0.949743
194,21076672769905977070352813226874932564034530295953191284753,25,535,535,0.003668,0.003668,0.0,0.003668,0.996332
194,22249362777783306049117932825890593656249535237757916625729,26,442,418,0.015619,0.008987,0.019243999999999997,0.034863,0.965137
194,23203422452949787679074210878498136594954609999835899906157,26,610,603,0.007529,0.006538,0.011642,0.019171,0.980829
194,20868115815896194713106525621357671273079634596135616425361,25,625,619,0.008976,0.01557,0.029988,0.038964,0.961036
194,23192686299066524320738010687390362447126038875074169556253,26,613,605,0.005095,0.004645,0.022403,0.027497999999999998,0.972502
194,22340054129412896419322214973520037370083718012993281910367,26,418,418,0.002801,0.002801,0.0,0.002801,0.997199
194,23181673086820734631906360554899103585708564817833096064921,26,1289,1289,0.009983,0.009983,0.0,0.009983,0.990017
194,24582599091151675799091021479482934414662039688624223437687,26,426,426,0.004488,0.004488,0.0,0.004488,0.995512
194,25065435242975997360701202808292864499688676903327335870541,26,495,495,0.009558,0.009558,0.0,0.009558,0.990442
194,18390454080376419958677765335623388001794346466558675435283,25,548,544,0.007015,0.004443,0.004443,0.011458,0.988542
194,22922786508061659363842923473806512470282966011733435851431,26,1073,1042,0.000545,0.000851,0.002109,0.002654,0.997346
194,17061387184720152302891304554226083544383293835520188213651,25,467,443,0.040644999999999994,0.006556,0.10293900000000002,0.14358400000000002,0.856416
194,18618516616598255372519874377476542080222536021373325270311,25,464,464,0.049663,0.049663,0.0,0.049663,0.950337
194,21282237135538130116514856262480953933294724963389201954481,26,554,551,0.005618,0.009377,0.009377,0.014995,0.985005
194,20522969516655873169000695377445575228468042248954518479057,25,565,536,0.002674,0.002091,0.019797,0.022470999999999998,0.977529
194,14989350088210543607482262847185984320363092765497004877451,25,647,639,0.003703,0.003493,0.003493,0.007196,0.992804
195,43040604789452163741387408621112136409598757059035661677893,26,584,578,0.018519,0.007193,0.015897,0.034416,0.965584
195,49088991794939140574010539690236171966040109026993415914269,26,445,442,0.052948,0.032702,0.032702,0.08565,0.91435
195,48300749567102905436273718192442740995408307546941115427897,26,494,482,0.017609,0.017441,0.017441,0.03505,0.96495
195,48906073225085902924815189872988257194974124450370814611651,26,421,421,0.026713999999999998,0.026713999999999998,0.0,0.026713999999999998,0.973286
195,36863086582293400960306820600939234657564365893479938560799,26,734,706,0.0014399999999999999,0.003083,0.013562000000000001,0.015002000000000001,0.984998
195,39520094337921324612196662792851626492332520911673811699729,26,885,885,0.002662,0.002662,0.0,0.002662,0.997338
195,48712327583936410948919472729136236367597407084610635272833,26,458,458,0.003333,0.003333,0.0,0.003333,0.996667
195,40655326120160876332407096732056168721873529846326635963177,26,449,435,0.005399,0.007065,0.031946,0.037345,0.962655
195,49535766793358394398954575009134138350900646325935636614543,26,585,573,0.048834,0.020394,0.039527,0.088361,0.911639
195,41862719142251391308296850055406978004299551713109836123227,26,582,576,0.00853,0.005409,0.005409,0.013939,0.986061
195,39425775947292327135017849550127493358385136125831647180659,26,469,456,0.012686,0.02172,0.02172,0.034406,0.965594
195,40030915462863037646967083275653053673838289093488559065567,26,612,598,0.015799,0.016061,0.016061,0.03186,0.96814
195,40570734708690516020996671408225641495385595046735671957119,26,459,459,0.020362,0.020362,0.0,0.020362,0.979638
195,40934085183179492462123851985126002111578252845347853305697,26,486,486,0.061205,0.061205,0.0,0.061205,0.938795
195,35128682060529629825193792168573153198841552039371874266881,26,455,446,0.004083,0.003271,0.003271,0.007353999999999999,0.992646
195,33386520498533519946398383478624977467807699443830033789513,26,580,580,0.012062,0.012062,0.0,0.012062,0.987938
195,40141148770606288794672640695647670636575757821310805897243,26,516,516,0.011748,0.011748,0.0,0.011748,0.988252
195,40490518455055723132909066555944613680023787528271085543291,26,564,564,0.021038,0.021038,0.0,0.021038,0.978962
195,47614627301874134935455529116186115164906112363136503150483,26,654,654,0.013673,0.013673,0.0,0.013673,0.986327
195,34473817038037491202068900808519350419613875057302440357481,26,602,602,0.001399,0.001399,0.0,0.001399,0.998601
196,95168415107121660560916881793289203952418490854465168975321,26,685,685,0.004129,0.004129,0.0,0.004129,0.995871
196,90009791547499984548910278716753576073152720702817059055901,26,511,498,0.021829,0.022784,0.022784,0.044613,0.955387
196,87459073763838296701927301523704259554148918532862184975629,26,551,551,0.01465,0.01465,0.0,0.01465,0.98535
196,70309503501777340343079821334567642537559966663221390472973,26,501,477,0.005183,0.021218,0.050696,0.055879,0.944121
196,95305038515393842196007534454562012255827385548443606952501,26,605,597,0.002235,0.002632,0.013412,0.015647,0.984353
196,82858880649466251495449216071414702109906561191821038787641,26,397,397,0.015464,0.015464,0.0,0.015464,0.984536
196,97083793852684433813008089400054003385653724507596918274297,26,684,663,0.002005,0.003561,0.019031999999999997,0.021036999999999997,0.978963
196,99466774561138218293682307547255032274447325955533021392447,26,486,486,0.009646,0.009646,0.0,0.009646,0.990354
196,62333097639089791343889610479116623630492359496474506120427,26,844,829,0.00513,0.0038,0.031267,0.036397000000000006,0.963603
196,98202769533374705029605057892210661368086364721024686834069,26,593,593,0.005627,0.005627,0.0,0.005627,0.994373
196,76205915167282914218102341674425274873438928127960827493699,26,787,784,0.01741,0.012794,0.012794,0.030203999999999998,0.969796
196,99735781901275954167800573841902347907225001572434442739617,26,680,680,0.014341,0.014341,0.0,0.014341,0.985659
196,75523924234554614323219474180414139839611222725124775536109,26,469,469,0.013185,0.013185,0.0,0.013185,0.986815
196,98856416133856584127753735193005691636012090201233990732729,26,443,428,0.010317,0.020084,0.035686,0.046003,0.953997
196,74465721503975476013420915082380026622357493970492148475923,26,621,621,0.014284,0.014284,0.0,0.014284,0.985716
196,93695083979722113939155057731935369089046162236564738423191,26,541,537,0.007436,0.010035,0.010035,0.017471,0.982529
196,77879392079591903526474505876698267670805166486636028530899,26,494,472,0.013267999999999999,0.00634,0.00634,0.019608,0.980392
196,84229306643800747300264590699152695007580757244203842094811,26,552,552,0.028015,0.028015,0.0,0.028015,0.971985
196,94030668663190317444347187347006250211939496898445186865789,26,840,817,0.001543,0.00345,0.008084000000000001,0.009627,0.990373
196,100248369583162082393739261464041339014101482772776091948201,26,438,431,0.010443,0.009624,0.017809000000000002,0.028252,0.9717480000000001
197,167659105655698882339508182915480992256595774433903924122623,26,1544,1534,0.005242,0.002419,0.014945,0.020187,0.979813
197,122449747198975822084132001235051055769374123302428745305941,26,652,652,0.00858,0.00858,0.0,0.00858,0.99142
197,157771390213784769025733801475620067885551276043484431320057,26,522,522,0.013131,0.013131,0.0,0.013131,0.986869
197,195362636325845913268639913567995093493514004135984307800363,26,573,551,0.033051,0.002584,0.104558,0.13760899999999998,0.862391
197,160328182105787324869078655378810538500450812696259544941773,26,496,496,0.041385,0.041385,0.0,0.041385,0.958615
197,184970800291752440068635983309521468062368504646083676644033,26,648,648,0.009314,0.009314,0.0,0.009314,0.990686
197,164144776080649194883406513297516553025716555924591056615183,26,435,431,0.008181,0.005385,0.007909,0.01609,0.98391
197,140818764650826975296987375129283355966942621459853255150479,26,564,564,0.009056,0.009056,0.0,0.009056,0.990944
197,189022387984517778950705123442972032908094852334290657306231,26,449,449,0.033418,0.033418,0.0,0.033418,0.966582
197,172220763612696405396243073018306035394484382521705030045911,26,445,438,0.005399,0.004062,0.012445,0.017844,0.982156
197,154481106607181704446691691500013964555830349483415881254479,26,744,743,0.005456000000000001,0.011563,0.011563,0.017019,0.982981
197,138116520840863501578382275910208792542013786200119809943421,26,465,465,0.00659,0.00659,0.0,0.00659,0.99341
197,128167436666847967508432921399395745683533771986744909507099,26,467,467,0.014534,0.014534,0.0,0.014534,0.985466
197,179430245545432323474984038609312519060231752952330260578973,26,644,644,0.003009,0.003009,0.0,0.003009,0.996991
197,164907321185035410613697079130730386934791247649211425433501,26,643,616,0.001381,0.001988,0.017220000000000003,0.018601000000000003,0.981399
197,149559974584198894049055200074096371180280008283748787845411,26,446,432,0.074309,0.028786,0.028786,0.10309499999999999,0.8969050000000001
197,141960287108387193832375793429518062558146806429474522246723,26,506,506,0.016513,0.016513,0.0,0.016513,0.983487
197,117962418323306660486403773161381103053143923297611666689523,26,462,462,0.005425,0.005425,0.0,0.005425,0.994575
197,159003940652452327574248903060253950134870172438916155070369,26,723,688,0.010304,0.005913,0.15068100000000004,0.16098500000000004,0.839015
197,186310928751907307724815625865601039478473930304908425333493,26,812,812,0.008978,0.008978,0.0,0.008978,0.991022
198,358800385741478548379741226608716034844371071935561085305833,26,623,617,0.011253,0.007947,0.007947,0.019200000000000002,0.9808
198,361832547229010809777991703475089455145922714751449984988413,26,419,415,0.029809,0.01347,0.01347,0.043279,0.956721
198,366234672716741757435258864069198637471462810470347219616629,26,688,679,0.002963,0.002841,0.004446,0.007409000000000001,0.992591
198,381944248262064685581254962871209750407378184907165945167889,26,559,559,0.007477,0.007477,0.0,0.007477,0.992523
198,354687072527494597410093290280585584399421663969934020853223,26,598,598,0.022754,0.022754,0.0,0.022754,0.977246
198,379245416457437245542302776449664948360818185536921628076539,26,432,432,0.01304,0.01304,0.0,0.01304,0.98696
198,276003453857523809899467677088049878845070200584331936691041,26,534,534,0.010558,0.010558,0.0,0.010558,0.989442
198,209990048987204577494427221770767574738889930041728156874193,26,577,577,0.015284,0.015284,0.0,0.015284,0.984716
198,256901948110234610129862767369945243180538397102365122358427,26,484,483,0.010224,0.035621,0.035621,0.045845,0.954155
198,392896855902880253325160541666344098709384930507930453171681,26,468,468,0.004196,0.004196,0.0,0.004196,0.995804
198,261148592887412956171116968549303549257459540886776423198739,26,509,508,0.003692,0.004934,0.004934,0.008626,0.991374
198,380307295207752593087679241538739081357344508076536875023627,26,597,574,0.020819999999999998,0.028214,0.062174999999999994,0.08299499999999999,0.9170050000000001
198,388299617663319746972489463784551990330983404458676571447693,26,517,496,0.003193,0.004211,0.018155,0.021348000000000002,0.978652
198,328573357774619762260295479993442675189590010826879831896677,26,534,519,0.002555,0.006376,0.008521,0.011076,0.988924
198,345095965742713044505246800463174842475462680793869138019261,26,453,453,0.011833,0.011833,0.0,0.011833,0.988167
198,292581670931790651470491827458218900376775743841380672403887,26,503,503,0.006761,0.006761,0.0,0.006761,0.993239
198,390539114582262272077001713638342490864897532470034331261247,26,491,473,0.032693,0.041737,0.041737,0.07443,0.92557
198,360504086773559647539204736208829484928785732049355565383643,26,395,395,0.006446,0.006446,0.0,0.006446,0.993554
198,235950558879078260282437419803935172239069320587333159451019,26,530,530,0.006024,0.006024,0.0,0.006024,0.993976
198,398227691324642613283526129594013507506766970246599454997939,26,659,643,0.009079,0.004092,0.008872999999999999,0.017952,0.982048
199,754357335704061312767906283574368857849729996361323767853021,26,540,540,0.045267,0.045267,0.0,0.045267,0.954733
199,740449135866891063702563724186205751814739503564925633250647,26,478,453,0.009411,0.008298,0.016101,0.025512,0.974488
199,783572025208462059459081331520531102495696274404533915350617,26,510,493,0.008159,0.010893,0.028061,0.03622,0.96378
199,689619749063096498116944459976173154436509257531702365821471,26,624,613,0.010075,0.00675,0.011099000000000001,0.021174000000000002,0.978826
199,792261444591087612509889756571590671010253289767476929883959,26,692,692,0.021302,0.021302,0.0,0.021302,0.978698
199,485165244720747932715066275346273892339756962905587028338027,26,452,452,0.032301,0.032301,0.0,0.032301,0.967699
199,701425127964276666799904563003747018572056891360383272760451,26,1119,1102,0.00755,0.016726,0.016726,0.024276000000000002,0.975724
199,790893896840481035276180066252113476643190200344778153065643,26,924,924,0.039289,0.039289,0.0,0.039289,0.960711
199,763536298621525364342165189094083117188952849209780027677679,26,601,593,0.016806,0.007165,0.025939,0.042745000000000005,0.957255
199,613617912594322713495151233564022371433770815044783317065269,26,827,827,0.008388,0.008388,0.0,0.008388,0.991612
199,701969238772333138157522384223588554623546191713496616248319,26,475,475,0.018955,0.018955,0.0,0.018955,0.981045
199,659743727985962787654640554658683537620374805989756454087933,26,679,679,0.006026,0.006026,0.0,0.006026,0.993974
199,690360274208079369250317450856211794224002008122073050016637,26,522,522,0.017435,0.017435,0.0,0.017435,0.982565
199,500887070634424955740905032565576942995006631697841024678317,26,521,521,0.009533,0.009533,0.0,0.009533,0.990467
199,562515533415072305976115813906881843805019952700501666255663,26,510,509,0.004511,0.004071,0.004071,0.008582,0.991418
199,687386421009493082281833809951506042909624825066468351426301,26,451,437,0.02424,0.011091,0.01307,0.03731,0.96269
199,627831828857047974697867855909832323916998184071016955354641,26,557,557,0.027377,0.027377,0.0,0.027377,0.972623
199,531493718748199409115070187956201803475378862922781030803881,26,499,499,0.012031,0.012031,0.0,0.012031,0.987969
199,764298723870080571982440894112670628624228896767629734930611,26,441,425,0.01474,0.019353,0.019353,0.034093,0.965907
199,563561550095967293743840793623207928679303836705271230763571,26,769,762,0.003972,0.003681,0.010001,0.013973,0.986027
200,1295789132477604807715877944458947246775511838525972200835657,26,631,631,0.014871,0.014871,0.0,0.014871,0.985129
200,1580265433117145949318612574335473147379586407902007615572209,26,560,553,0.003888,0.008267,0.008267,0.012155,0.987845
200,1031264165415914398404034296717937295434353057321618942293977,26,686,662,0.0152,0.015244,0.042919000000000006,0.058119000000000004,0.941881
200,942274183107708126744367799889859979943002828490182769563693,26,743,715,0.005144,0.012327,0.10746099999999999,0.11260499999999998,0.887395
200,1243256742262564810336975229173603901549307573958804818142771,26,585,568,0.007513,0.003566,0.006777,0.01429,0.98571
200,1332260463557925975266900697251791362056896106900938778652773,26,696,696,0.003413,0.003413,0.0,0.003413,0.996587
200,1534546510819566200886924830244913417667526810936895301477933,26,457,452,0.024118,0.003336,0.011363,0.035481,0.964519
200,1457315434423192483527568367362496447605043071246754450536801,26,567,567,0.026367,0.026367,0.0,0.026367,0.973633
200,1515478547137402687976907484166669091143375006869904371011019,26,580,580,0.018946,0.018946,0.0,0.018946,0.981054
200,1328401728722624823335450602027897002059084341229046226740677,26,501,500,0.004771,0.003305,0.003305,0.008076,0.991924
200,1069405338840333297089210313682851116995000495488370707114107,26,868,865,0.007024,0.00263,0.00263,0.009654,0.990346
200,1577668914616112972976239927299568044527242009386300299995513,26,993,993,0.010203,0.010203,0.0,0.010203,0.989797
200,924932144930952159695588929751342486737404577556159754527249,26,444,435,0.00835,0.008133,0.008133,0.016482999999999998,0.983517
200,1430455149298665257668430782969274466789353299446322896956953,26,484,475,0.001942,0.001875,0.005432,0.007374,0.992626
200,1471759896903796862187242593818058236014421372969552658348613,26,837,837,0.060101,0.060101,0.0,0.060101,0.939899
200,1024997524686414507856278528573582273997937245288256214142637,26,547,547,0.006485,0.006485,0.0,0.006485,0.993515
200,1269662956978065591146754145192337292773571460456699566030607,26,531,531,0.01271,0.01271,0.0,0.01271,0.98729
200,1251023694717248924976673861910298094342092199701445949798563,26,706,706,0.004151,0.004151,0.0,0.004151,0.995849
200,1165094867829338354631660035180329869977597764175158753523867,26,548,548,0.072832,0.072832,0.0,0.072832,0.927168
200,1245161625256545119714043746004026254459007086115269518670777,26,662,661,0.003506,0.010305,0.010305,0.013811,0.986189
