Bit_length,N,Lattice_dimension,|b_op - t|^2,|vbest - t|^2,P(b_op),P(vbest),P(|vnew - t|^2 < |b_op - t|^2),P(|vnew - t|^2 <= |b_op - t|^2),P(|vnew - t|^2 > |b_op - t|^2)
150,1268771206145175299492684899681878877410684841,21,728,728,0.043537,0.043537,0.0,0.043537,0.956463
150,1403762530472620237905076428332939916844331359,21,310,297,0.046165,0.057106,0.08978,0.13594499999999998,0.864055
150,918882917500502786903408324526441238854631741,21,407,397,0.025585,0.023926,0.023926,0.049511,0.950489
150,1044411862674117053622929515451672202864979129,21,397,397,0.042821,0.042821,0.0,0.042821,0.957179
150,1199592981228806239321120961178599459097610483,21,601,601,0.008131,0.008131,0.0,0.008131,0.991869
150,912632394066698132144971044037258218777602291,21,384,384,0.070353,0.070353,0.0,0.070353,0.929647
150,1033085278351720441874660444922199074374033881,21,454,454,0.017386,0.017386,0.0,0.017386,0.982614
150,1039667922595230805682141254323399644574814367,21,704,702,0.053579,0.132572,0.132572,0.186151,0.813849
150,1076261801716221769627743498540654753005411033,21,605,584,0.014098,0.019086,0.173375,0.187473,0.812527
150,868981675879730421007669707059890716656754209,21,391,391,0.040889,0.040889,0.0,0.040889,0.959111
150,1198940008513470371886998720870433706529677289,21,318,309,0.029961,0.053373,0.20721699999999998,0.237178,0.762822
150,1001065868810988745766471076060380006588792189,21,391,391,0.037562,0.037562,0.0,0.037562,0.962438
150,1018523197675518130041140861676478171959383813,21,315,315,0.129895,0.129895,0.0,0.129895,0.870105
150,999406335763551690568793874408994581594369181,21,305,305,0.164217,0.164217,0.0,0.164217,0.8357829999999999
150,1386649915270975663546803936212330370020386207,21,333,333,0.037379,0.037379,0.0,0.037379,0.962621
150,1252835724482748605844023934169349660374906087,21,379,379,0.094191,0.094191,0.0,0.094191,0.905809
150,1420753685420564064872708676390123998125705549,21,349,349,0.128592,0.128592,0.0,0.128592,0.871408
150,1076920912535396901213842625717381087368331181,21,417,417,0.040623,0.040623,0.0,0.040623,0.959377
150,1124397583306701037985991208303905429810161357,21,352,352,0.06075,0.06075,0.0,0.06075,0.93925
150,1130353955473240791783568532060655958732460941,21,408,408,0.061321,0.061321,0.0,0.061321,0.938679
151,2363319035074246419340419055739401443130238059,21,544,505,0.016511,0.007641,0.19059599999999996,0.20710699999999996,0.7928930000000001
151,2471201957583473321167345886570639941825218311,21,396,396,0.025307,0.025307,0.0,0.025307,0.974693
151,2315715608364087921901708175621836301416617007,21,292,292,0.015756,0.015756,0.0,0.015756,0.984244
151,2763171157217537386323259861099914830334818519,21,613,595,0.020586,0.01256,0.01256,0.033146,0.966854
151,1758775630326182635026447808028302358291781499,21,296,296,0.047281,0.047281,0.0,0.047281,0.952719
151,2188378164211148987192836592303698338909975503,21,332,318,0.038855,0.030493,0.030493,0.06934799999999999,0.930652
151,1829627983140478483810934234803641664206450619,21,355,355,0.038814,0.038814,0.0,0.038814,0.961186
151,1569735030968914361557174823910579735657956107,21,310,304,0.122637,0.064209,0.064209,0.186846,0.8131539999999999
151,2843239852874861508784440371081621911410347591,21,581,581,0.033329,0.033329,0.0,0.033329,0.9666710000000001
151,2624675574003230296718034974584383454961661761,21,577,577,0.023322,0.023322,0.0,0.023322,0.976678
151,1746328694271824837631752461766830788699201941,21,497,492,0.017331,0.01843,0.026628,0.043959,0.956041
151,2456234120258232727729365675070691784694223131,21,661,651,0.026134,0.021134,0.036837,0.062971,0.937029
151,2689914182894566195371701173819301836708498979,21,414,397,0.046223,0.013582,0.12871,0.174933,0.825067
151,2472879649799491864465871187917726124213054643,21,388,383,0.012561,0.013208,0.013208,0.025769,0.974231
151,2641928437820330089399895839369416426912654047,21,603,596,0.043576,0.044585,0.044585,0.08816099999999999,0.9118390000000001
151,2217024583566038902931835040749210710155293863,21,329,329,0.057367,0.057367,0.0,0.057367,0.942633
151,2795955547593262531562466415054318143278579719,21,418,393,0.00945,0.014785,0.11027100000000001,0.11972100000000001,0.880279
151,2754384674264655946791346511962590129499967297,21,527,527,0.017021,0.017021,0.0,0.017021,0.982979
151,1922698035563121141756137662031262831101446511,21,321,321,0.011226,0.011226,0.0,0.011226,0.988774
151,2578633082003778088940013102956628479805360761,21,526,526,0.019798,0.019798,0.0,0.019798,0.980202
152,3650146379785934850995660671580553841765454981,21,332,327,0.028655,0.062398999999999996,0.10996,0.138615,0.8613850000000001
152,4447694107941335768274189003948589146948883409,21,397,397,0.121585,0.121585,0.0,0.121585,0.878415
152,5304044781028480773455459789567804501864780699,21,391,379,0.066572,0.020064,0.020064,0.086636,0.913364
152,5225791236691602749703859113684043992716841463,21,404,404,0.086841,0.086841,0.0,0.086841,0.913159
152,5425403301002418901669361546561888615280596761,21,404,374,0.041748999999999994,0.02131,0.137851,0.17959999999999998,0.8204
152,5202335230032226630491022567996748864390119873,21,446,446,0.089712,0.089712,0.0,0.089712,0.910288
152,4003774395708740189647636396775460720094087057,21,338,333,0.017619,0.004781,0.004781,0.0224,0.9776
152,5276249290787396224699127825641594167433771223,21,372,372,0.062197,0.062197,0.0,0.062197,0.9378029999999999
152,4381176969443188923764265381058182084891594073,21,455,455,0.059943,0.059943,0.0,0.059943,0.940057
152,5541991812747053012003965966406093820220699999,21,301,301,0.228112,0.228112,0.0,0.228112,0.771888
152,5648300508047326241541247933495397085050508533,21,379,379,0.079936,0.079936,0.0,0.079936,0.920064
152,4837654055687374110886315087296888936559582543,21,331,291,0.060804,0.038624,0.17410899999999999,0.23491299999999998,0.7650870000000001
152,3169527753809835033737422227494034075208154897,21,365,365,0.015235,0.015235,0.0,0.015235,0.984765
152,4751384359859390003700613749548751936187354063,21,353,353,0.111933,0.111933,0.0,0.111933,0.8880669999999999
152,5115713692797196694227360148049458957592665221,21,314,307,0.047394,0.036287,0.15932000000000002,0.206714,0.7932859999999999
152,5377906651632174967507002058972880963848446937,21,461,451,0.032291,0.010663,0.010663,0.042954,0.957046
152,4794192939950703723191510856383251915586655239,21,375,375,0.099197,0.099197,0.0,0.099197,0.900803
152,4098436965705153817981088577951066512799793241,21,486,467,0.093088,0.153266,0.153266,0.24635400000000002,0.753646
152,4397317578261604652631366972202456990923173239,21,607,602,0.02102,0.014195,0.014195,0.035214999999999996,0.964785
152,5641409895201969238429625932613600677431973529,21,369,358,0.076526,0.083946,0.18002400000000002,0.25655,0.7434499999999999
153,7688734886215973313958737522072259896979469359,21,488,488,0.040167,0.040167,0.0,0.040167,0.959833
153,9965367899123149749669237053467022764500819709,21,364,340,0.006134,0.014526,0.047549,0.053683,0.946317
153,8648715940089396413954292296253489279668879831,21,364,355,0.071924,0.060671,0.09521,0.167134,0.832866
153,9992486217185404533285574560152593379868586411,21,312,303,0.083391,0.037659,0.037659,0.12105,0.87895
153,8752395201001776336645971436266201719253038903,21,273,273,0.042554,0.042554,0.0,0.042554,0.957446
153,10307828778112676279744687232183733883997747787,21,304,304,0.074909,0.074909,0.0,0.074909,0.925091
153,8927473020776419491333060829150295244420281503,21,499,462,0.033382999999999996,0.005806,0.174809,0.208192,0.7918080000000001
153,7853849523366438727173539795218496833560636149,21,509,489,0.046169,0.014008,0.11420100000000001,0.16037,0.83963
153,8674604146514496475964987674111780570888473743,21,283,283,0.026475,0.026475,0.0,0.026475,0.973525
153,8982522494550749295857332138146435777716539013,21,326,326,0.053058,0.053058,0.0,0.053058,0.946942
153,7465338556163117004724110416934405812498881597,21,443,443,0.094696,0.094696,0.0,0.094696,0.905304
153,9002256784614521734062834292945636253381789701,21,482,471,0.049671,0.039034,0.039034,0.088705,0.911295
153,9730043924092499024899737640031060516457357727,21,518,518,0.110352,0.110352,0.0,0.110352,0.889648
153,7772785559916630760629013439531712505833223283,21,335,335,0.119497,0.119497,0.0,0.119497,0.880503
153,6331403492532550906969515225158616949065412553,21,348,340,0.037127,0.032855,0.032855,0.069982,0.930018
153,9499729964075602707801866275682306216169333647,21,580,580,0.04821,0.04821,0.0,0.04821,0.95179
153,10623137933847890583214243354934109612727566337,21,398,398,0.049655,0.049655,0.0,0.049655,0.950345
153,8298489176359263229418112630907164868713161869,21,425,425,0.078844,0.078844,0.0,0.078844,0.921156
153,10423403876173039960502215978962041272294895987,21,351,351,0.035038,0.035038,0.0,0.035038,0.964962
153,11331438524408402513759859710883003140234689001,21,566,555,0.006365,0.021722,0.073562,0.079927,0.920073
154,20144352470088160067192230120293841747066127093,21,398,394,0.021121,0.008963,0.008963,0.030084,0.969916
154,13741129409913179912586613425642421907057677927,21,331,331,0.277501,0.277501,0.0,0.277501,0.722499
154,22555697926472858658256090868373281917048139777,21,484,480,0.013424,0.00388,0.028434,0.041858,0.958142
154,21622466558921334027105350728738281221011715713,21,470,470,0.055858000000000005,0.055858000000000005,0.0,0.055858000000000005,0.944142
154,22717282832414613486487854671615889194348202509,21,432,432,0.026658,0.026658,0.0,0.026658,0.973342
154,15553662272752172389304818266535674850670048197,21,324,324,0.027027,0.027027,0.0,0.027027,0.972973
154,16287234057599780494928529944429983938735953333,21,356,338,0.029133,0.009204,0.035014,0.06414700000000001,0.935853
154,20227306669577710217883266196429106847542507013,21,591,591,0.010377,0.010377,0.0,0.010377,0.989623
154,18361999857484992568400964915559137162309312233,21,359,359,0.025253,0.025253,0.0,0.025253,0.974747
154,17615067981495998635949724796624661825505231481,21,515,475,0.031532,0.029443,0.3980060000000001,0.4295380000000001,0.5704619999999999
154,16965780184675510815549338206501125311473383031,21,416,416,0.005812,0.005812,0.0,0.005812,0.994188
154,17145713058305669983102778787612006911670513347,21,475,452,0.085418,0.031499,0.031499,0.116917,0.8830830000000001
154,20285317985568063024579677341972941193428143231,21,300,300,0.110043,0.110043,0.0,0.110043,0.889957
154,19892574816341431255761561129070142233703448899,21,484,484,0.059972,0.059972,0.0,0.059972,0.940028
154,14482484907695104154754286426816369245597742123,21,429,429,0.041327,0.041327,0.0,0.041327,0.958673
154,21308599822779449843544699903616188167691769657,21,446,427,0.045385999999999996,0.032086,0.032086,0.077472,0.922528
154,19652552707990061015357354059734076466348869901,21,368,368,0.022801,0.022801,0.0,0.022801,0.977199
154,15836062588559999481222001755306755400249974411,21,351,348,0.05338,0.046441,0.046441,0.099821,0.9001790000000001
154,17640605793899812190237760431948486244893089589,21,390,390,0.018543,0.018543,0.0,0.018543,0.981457
154,13200322048523091361380223530828151918467232499,21,285,277,0.002679,0.00164,0.00164,0.004319,0.995681
155,31340595875958809044343360964929799034189512361,21,438,436,0.122895,0.035412,0.035412,0.158307,0.841693
155,33883679322606457824492978417378120332359598171,21,356,350,0.112319,0.022604,0.022604,0.13492300000000002,0.865077
155,38431961138800983210425437779183955699273663877,21,536,536,0.055815,0.055815,0.0,0.055815,0.944185
155,44842574992398006827792831817449122409176524571,21,385,377,0.009603,0.005277,0.01139,0.020993,0.979007
155,44479412022428483167051033854365771430317272061,21,544,544,0.015697,0.015697,0.0,0.015697,0.984303
155,39653904137769014668557378511260469269135182431,21,326,299,0.029885,0.027027,0.11825899999999999,0.148144,0.851856
155,36615548944643269126239193831815135044946113087,21,338,329,0.060314,0.056549,0.056549,0.116863,0.8831370000000001
155,35728624388846244763032748679732750007278619919,21,328,328,0.039308,0.039308,0.0,0.039308,0.960692
155,39471143362465673450737740007926815837598407923,21,455,439,0.029036,0.004239,0.043335,0.07237099999999999,0.927629
155,43620356160753924413764228467447052158522613007,21,452,431,0.047635,0.058036,0.058036,0.10567099999999999,0.894329
155,29666396188587728462615862057347321613786496027,21,547,545,0.042524,0.010516,0.010516,0.05304,0.94696
155,41677893527522320684434778067984642792936350873,21,527,494,0.014215,0.021199,0.10774299999999999,0.121958,0.878042
155,32675536969479286942701324674137910119680337459,21,332,332,0.116562,0.116562,0.0,0.116562,0.883438
155,44919866654372607559021538428305729263662282117,21,528,528,0.156597,0.156597,0.0,0.156597,0.843403
155,36452200589072916411983425394632165549777886227,21,468,468,0.054666,0.054666,0.0,0.054666,0.945334
155,33203524258924130270853246380045741567145994259,21,443,434,0.12365000000000001,0.056324,0.056324,0.17997400000000002,0.8200259999999999
155,36946503351030864812990481678628454987070959527,21,394,364,0.03091,0.02079,0.22803700000000002,0.25894700000000004,0.741053
155,44458044889519333576801527839740244268692202469,21,636,623,0.004366,0.004149,0.023571,0.027937000000000003,0.972063
155,36744155090184780124393526442075144163055399837,21,366,366,0.024629,0.024629,0.0,0.024629,0.975371
155,32611265262434541992311659835491097552848382807,21,277,277,0.029825,0.029825,0.0,0.029825,0.970175
156,58842411492108631901824870167723622565249820361,21,541,541,0.019407,0.019407,0.0,0.019407,0.980593
156,58647263901409677188415888297848821138605832667,21,353,338,0.035759,0.148393,0.148393,0.18415199999999998,0.815848
156,60691833191625566815713087621249445278906020923,21,443,443,0.050022,0.050022,0.0,0.050022,0.949978
156,83500911560012017920943706628836329963659227611,21,420,420,0.029915,0.029915,0.0,0.029915,0.970085
156,79699952235555146846014724188269022467857700953,21,458,450,0.016737,0.011665,0.011665,0.028401999999999997,0.971598
156,68617923715717279114730426060969764483412652871,21,562,562,0.026935,0.026935,0.0,0.026935,0.973065
156,70292815550175575334435593661308688973972707499,21,329,324,0.034562,0.076382,0.076382,0.11094400000000001,0.889056
156,88395906091853951743306426033388820009527178553,21,334,334,0.120414,0.120414,0.0,0.120414,0.879586
156,58490997193338963447736793476829606786651843411,21,361,361,0.04733,0.04733,0.0,0.04733,0.95267
156,88153376653160901709431525294744255033299399513,21,438,438,0.037445,0.037445,0.0,0.037445,0.962555
156,83749952449871415989936799658384575288153567857,21,493,493,0.055311,0.055311,0.0,0.055311,0.944689
156,63215896343305696798861673825073441341593157323,21,286,286,0.019987,0.019987,0.0,0.019987,0.980013
156,68367618624389291832609274122568807692737410747,21,344,344,0.020671,0.020671,0.0,0.020671,0.979329
156,85976042848566498516350067546598036064176697617,21,456,454,0.01651,0.020871,0.020871,0.037381,0.962619
156,77050956204250174763972617362140681574229342091,21,728,728,0.095178,0.095178,0.0,0.095178,0.904822
156,67397778703558464646892241700035691887301648579,21,550,550,0.041889,0.041889,0.0,0.041889,0.958111
156,82158015067987949738815070788850184671973579587,21,403,403,0.046311,0.046311,0.0,0.046311,0.953689
156,55015423047501982644190563451191716439122432951,21,383,382,0.012777,0.010977,0.010977,0.023754,0.976246
156,85336908532608541436048263259686225667526362047,21,607,607,0.078122,0.078122,0.0,0.078122,0.921878
156,56731211956952175175952662358019177731725234237,21,380,380,0.020389,0.020389,0.0,0.020389,0.979611
157,120282166308024689728299980121863747670916310267,21,434,434,0.036273,0.036273,0.0,0.036273,0.963727
157,120820017068622794622130921127946349513431310843,21,531,507,0.007943,0.015719999999999998,0.06052,0.068463,0.9315370000000001
157,160354239376266933764514100701359388571858132879,22,426,426,0.062645,0.062645,0.0,0.062645,0.9373549999999999
157,178540342865713130388740603822271194677254392441,22,404,400,0.029439,0.016302,0.016302,0.045741000000000004,0.954259
157,133758242352280888913921190835052846329897153133,21,484,475,0.023233,0.032485,0.032485,0.055718000000000004,0.944282
157,119751792167523699090520105500834166573709024723,21,351,351,0.119757,0.119757,0.0,0.119757,0.880243
157,142866301722166299614859219990227501097218329553,21,429,420,0.018867,0.008599,0.029023,0.04789,0.95211
157,159460056477105651797755450704992108220297439993,22,353,353,0.054948,0.054948,0.0,0.054948,0.945052
157,129765827297228317584448178357227745213663923673,21,452,443,0.01595,0.019618,0.038169,0.054119,0.945881
157,153041151061952724068377978141007513960278537129,21,515,504,0.040509,0.041562,0.060148,0.100657,0.899343
157,112556148137934308610401610728139436816885032007,21,331,331,0.059268,0.059268,0.0,0.059268,0.940732
157,155016348949192392834761783400231900623445364769,21,555,520,0.010089,0.023638,0.172547,0.18263600000000002,0.817364
157,165332485530732496445379876290371501984439220227,22,392,392,0.016355,0.016355,0.0,0.016355,0.983645
157,173008319555191101708826910175525434497734262397,22,287,287,0.007705,0.007705,0.0,0.007705,0.992295
157,143078279358113528954735774091416278002769110083,21,576,544,0.009727,0.012512,0.07738300000000002,0.08711000000000002,0.91289
157,139537309577365933739952691194841985292959417899,21,283,283,0.043992,0.043992,0.0,0.043992,0.956008
157,150381007425703993922643997626233047809831195563,21,319,304,0.047385,0.020832,0.06304,0.110425,0.889575
157,125414534553540336555987249708054473022979850233,21,352,352,0.076362,0.076362,0.0,0.076362,0.923638
157,100495160702135079890032717344114075262462068991,21,344,344,0.17162,0.17162,0.0,0.17162,0.82838
157,126081296153973360472994917714723398699218116441,21,780,772,0.014967000000000001,0.009212,0.039512000000000005,0.05447900000000001,0.945521
158,244084876567438940415979589793753210761831799169,22,393,390,0.072821,0.058019,0.058019,0.13084,0.8691599999999999
158,311889364802148711770367329783808121108240984963,22,427,425,0.061531,0.026046,0.026046,0.087577,0.912423
158,315552892616518612169009766705743992617805242163,22,292,292,0.173366,0.173366,0.0,0.173366,0.826634
158,364568451629159625851465545891850771901219214163,22,374,371,0.075601,0.044462,0.044462,0.120063,0.879937
158,213880798395599609631736184456759089379285659049,22,435,435,0.021264,0.021264,0.0,0.021264,0.978736
158,364596676892949119436289041863521153445811753029,22,520,520,0.034407,0.034407,0.0,0.034407,0.965593
158,215840103126036545942721515629965329944602697057,22,572,561,0.017805,0.020003,0.087586,0.105391,0.894609
158,259043540185824666457272444893607678141566205487,22,346,346,0.040748,0.040748,0.0,0.040748,0.959252
158,311426830077414386887481553693471517445014703609,22,373,367,0.031626,0.01531,0.060161000000000006,0.09178700000000001,0.9082129999999999
158,220678872755010770809359894948879428023872635453,22,355,352,0.032969,0.027576,0.027576,0.060545,0.939455
158,324273864736092445034262802970079797120470198979,22,439,439,0.095605,0.095605,0.0,0.095605,0.9043950000000001
158,335973439137660892963362517099047189556286786761,22,323,323,0.024841,0.024841,0.0,0.024841,0.975159
158,282449349227109527988465852865060163003324312407,22,324,324,0.079144,0.079144,0.0,0.079144,0.920856
158,208746167169143822300193643710778500356712398063,22,467,462,0.029921000000000003,0.01049,0.019961,0.049882,0.950118
158,334111037801880478290657958251924991420673909189,22,488,488,0.031275,0.031275,0.0,0.031275,0.9687250000000001
158,278758463930102758470340608089823158233270489379,22,355,319,0.055388,0.027775,0.138909,0.194297,0.8057030000000001
158,334359694784871699894821359716571301393005547539,22,411,399,0.094377,0.027527,0.072108,0.166485,0.833515
158,266330340319030988935371369155445034828168547083,22,372,372,0.013301,0.013301,0.0,0.013301,0.986699
158,304296786548695733429639288499877719781617137947,22,580,580,0.068666,0.068666,0.0,0.068666,0.931334
158,363187749995613157299748064319278147359621272623,22,662,662,0.022868,0.022868,0.0,0.022868,0.977132
159,686564447258462630098219799118347627120122126259,22,495,495,0.023508,0.023508,0.0,0.023508,0.976492
159,589551271893462661314759463097397605089591304053,22,483,483,0.050334,0.050334,0.0,0.050334,0.949666
159,631182522272441179585206326884145264567358144641,22,318,300,0.014141,0.021213,0.03909,0.053231,0.946769
159,436106084503182412560423534629337392438805726397,22,508,508,0.020555,0.020555,0.0,0.020555,0.979445
159,614365874960561724255698902936314085451009978123,22,438,426,0.041527,0.022588,0.085951,0.127478,0.872522
159,652808814800014009591626662453549818193223047839,22,675,675,0.058441,0.058441,0.0,0.058441,0.941559
159,431497693573687811342235449780503037093880478249,22,422,422,0.04663,0.04663,0.0,0.04663,0.95337
159,641417960009003073536715539762385574694132608057,22,318,318,0.020146,0.020146,0.0,0.020146,0.979854
159,556755493522333610334550996104356886728067513937,22,446,446,0.071538,0.071538,0.0,0.071538,0.928462
159,518738300042543123329242792010704876266634471203,22,531,512,0.0255,0.046215,0.046215,0.071715,0.928285
159,622775601463755434010798895296308923399679148479,22,370,367,0.011913,0.005238,0.025715,0.037627999999999995,0.962372
159,721092743353983610239239300767561842232656810121,22,371,371,0.061255,0.061255,0.0,0.061255,0.938745
159,725700541872878647978311987906512435448724917323,22,360,344,0.042958,0.017085,0.203968,0.246926,0.753074
159,680792306276738068787445684933623704836521586517,22,402,402,0.033955,0.033955,0.0,0.033955,0.966045
159,609838293034917899422422535971964737888944079431,22,564,554,0.017232,0.027402,0.084241,0.101473,0.898527
159,500003566005968344293642166685142120533963613397,22,375,366,0.022946,0.047087,0.17021999999999998,0.19316599999999998,0.806834
159,672585552363075626030436013518741587083784197091,22,956,956,0.029629,0.029629,0.0,0.029629,0.970371
159,667853203575891446356676483576275288677930218477,22,369,369,0.025761,0.025761,0.0,0.025761,0.974239
159,452729177399062213984412625994093209513957053659,22,491,490,0.010183,0.018892,0.018892,0.029074999999999997,0.970925
159,718517666115847144224280227758502807408113808437,22,604,595,0.013923,0.012373,0.012373,0.026296,0.973704
160,1115913240165002032294944939882858364194015937199,22,356,337,0.014173,0.020105,0.071372,0.08554500000000001,0.914455
160,1440912770676709848638629792376134253525608074541,22,628,626,0.017697,0.033377,0.033377,0.051073999999999994,0.948926
160,933815358984064483011197510331330335221655664157,22,410,404,0.059787,0.033472,0.094624,0.154411,0.845589
160,969243323728712475535486623630623651719920512731,22,368,368,0.260791,0.260791,0.0,0.260791,0.739209
160,1076466504888089627494905309713319219664710433643,22,374,373,0.047453,0.047318,0.047318,0.094771,0.9052290000000001
160,1421116437931458286969196379690998986504855152749,22,564,553,0.020254,0.017116,0.05011600000000001,0.07037000000000002,0.92963
160,1172553592352544090305146581654443943982800468347,22,384,384,0.072713,0.072713,0.0,0.072713,0.927287
160,909793617870750937141425081136809004936031725807,22,846,837,0.030927,0.025752,0.039457,0.070384,0.929616
160,1057437110620229076506102833609193814696668318251,22,409,408,0.080741,0.024741,0.024741,0.10548199999999999,0.894518
160,1272489506939449407441353102540516266393948251787,22,392,392,0.020434,0.020434,0.0,0.020434,0.979566
160,1080313044916089688695708805273339794814591207951,22,334,334,0.044521,0.044521,0.0,0.044521,0.955479
160,1149353867679185877473020663684612261737991945873,22,322,316,0.041201,0.04042,0.04042,0.081621,0.9183790000000001
160,983949157142389589790721652739207946878875195771,22,355,349,0.048329,0.046408,0.046408,0.09473699999999999,0.905263
160,1361143599389480694086689546211220334021828686817,22,405,405,0.118832,0.118832,0.0,0.118832,0.881168
160,1021091838147883904869937336936298707335596006313,22,467,448,0.033439,0.010057,0.14705700000000002,0.18049600000000002,0.819504
160,1294988162211010208686476509915675738782236322669,22,401,401,0.151787,0.151787,0.0,0.151787,0.848213
160,1122941529731570548110403398235866601161586536011,22,350,350,0.064959,0.064959,0.0,0.064959,0.935041
160,1432805530443255062195929071604085524855630107221,22,361,361,0.042381,0.042381,0.0,0.042381,0.957619
160,1153032896620140114746318270771321999716861546507,22,437,437,0.0732,0.0732,0.0,0.0732,0.9268
160,964310714558373662737593657033125267637818078167,22,374,361,0.020831,0.03981,0.070114,0.090945,0.909055
161,2549342994142969438502207735324263431486603124709,22,349,349,0.044245,0.044245,0.0,0.044245,0.955755
161,2681100216348215889829625802961254331665674276717,22,434,433,0.017073,0.003618,0.003618,0.020691,0.979309
161,2880298692764464678292391755309173496702002183049,22,454,454,0.020513,0.020513,0.0,0.020513,0.979487
161,1772591985057680454231176923477927954936575167497,22,298,298,0.123125,0.123125,0.0,0.123125,0.876875
161,2083705746610030102470078930728254734269258767559,22,405,405,0.079042,0.079042,0.0,0.079042,0.9209579999999999
161,2592051223899969308896255211589583595849607840917,22,531,522,0.019062,0.018849,0.067025,0.086087,0.913913
161,1964444950659050423101133436896095725128026615861,22,320,320,0.016992,0.016992,0.0,0.016992,0.983008
161,2664894503748551145754658751022334263049302504109,22,410,396,0.036069,0.041739,0.053246,0.089315,0.910685
161,2890667027374661591725712210164725411830649644971,22,453,453,0.044724,0.044724,0.0,0.044724,0.955276
161,2315237919643127678001317504649602348775135239989,22,419,419,0.070535,0.070535,0.0,0.070535,0.929465
161,2263615665739021443959839330064499024174205984757,22,355,353,0.094534,0.049477,0.049477,0.144011,0.855989
161,2715737041694779962072587570440702427479596688267,22,412,399,0.022412,0.037781,0.063176,0.085588,0.914412
161,2242913431855633380375884470582819076336280851693,22,563,563,0.019413,0.019413,0.0,0.019413,0.980587
161,2196055705110050413211594819707917380387387874647,22,478,478,0.052422,0.052422,0.0,0.052422,0.947578
161,2386559963764208317133465196705396071874399113177,22,454,454,0.044994,0.044994,0.0,0.044994,0.955006
161,2496018222066887071360307538619052262154796275933,22,460,451,0.023531,0.050401,0.050401,0.073932,0.926068
161,2643999513168057204584957107582487653622472397817,22,473,473,0.014719,0.014719,0.0,0.014719,0.985281
161,2635743115320503461112643487699959884803825828717,22,412,412,0.071281,0.071281,0.0,0.071281,0.928719
161,2825605982926347409937517778879057613012900909681,22,434,433,0.005905,0.005837,0.005837,0.011741999999999999,0.988258
161,1945681273593238791686785823639092496168175333883,22,455,455,0.016894,0.016894,0.0,0.016894,0.983106
162,5142726192263316119305765044724202366191059020131,22,431,431,0.061507,0.061507,0.0,0.061507,0.938493
162,4356714020119985091707387224305757015484033268083,22,354,354,0.128979,0.128979,0.0,0.128979,0.871021
162,5760088733269586802798761031015562375783053998981,22,411,399,0.072588,0.036728,0.036728,0.109316,0.890684
162,5126536210830929842911126218863559555593079772241,22,462,449,0.019182,0.010683,0.016513,0.035695000000000005,0.964305
162,4355984306317180250941284630714493550289288293197,22,529,529,0.035544,0.035544,0.0,0.035544,0.964456
162,5372238624316637074604877264416233805336449398107,22,393,381,0.019157,0.019123,0.069189,0.08834600000000001,0.911654
162,3370953511586955617438834489704567964510236112387,22,366,348,0.023709,0.067817,0.12617899999999999,0.149888,0.850112
162,5654048134438701321190467092520015125597334765619,22,929,919,0.011239,0.009023,0.012566,0.023805,0.976195
162,5347560175544712010315634817224870510859508906709,22,426,426,0.103782,0.103782,0.0,0.103782,0.896218
162,5736419416140119735836049169364015628764346059723,22,814,797,0.010724,0.008546,0.040633,0.051357,0.948643
162,4650109252981784028797300655435682334415722439709,22,507,504,0.052301,0.015786,0.015786,0.06808700000000001,0.931913
162,4851575313540019468754262146798472592699356416503,22,445,445,0.035109,0.035109,0.0,0.035109,0.9648909999999999
162,4620052361353557581946034404083231874642184874639,22,470,462,0.11645900000000001,0.016315,0.016315,0.132774,0.867226
162,5522800988337253824728791418632480547260333713827,22,417,417,0.089734,0.089734,0.0,0.089734,0.910266
162,5499586014822265836968576304450001678297022377393,22,658,658,0.021868,0.021868,0.0,0.021868,0.978132
162,3564133393297332356275713734544213713680389996917,22,385,385,0.027598,0.027598,0.0,0.027598,0.972402
162,5515322111725050184603784308918954761722437406837,22,422,413,0.034006,0.008188,0.008188,0.042194,0.957806
162,4485461183490214672847356727639397071039303926699,22,390,390,0.042037,0.042037,0.0,0.042037,0.957963
162,5195480640606091839263058107075820094394110075261,22,379,374,0.036416,0.026034,0.026034,0.06245,0.93755
162,5741107958946558148650160180297387601202820663099,22,469,469,0.035093,0.035093,0.0,0.035093,0.964907
163,9747578468936317254902406784741698921811080904511,22,423,408,0.039355,0.015999,0.066443,0.105798,0.8942019999999999
163,10111701947436338618707597112719816959644907307921,22,494,494,0.054308,0.054308,0.0,0.054308,0.945692
163,9500974977324321481710304769960767745184067228853,22,389,383,0.031058,0.038665,0.038665,0.069723,0.930277
163,10923265258610933252939304751090963667320491815059,22,370,370,0.047199,0.047199,0.0,0.047199,0.952801
163,6277296598420519157375291811600475171257085054819,22,328,328,0.053416,0.053416,0.0,0.053416,0.946584
163,9231618602773719751425117097585869209969078112883,22,456,449,0.045604,0.043716,0.070675,0.116279,0.883721
163,10035352768951452538707551978057565508665635317309,22,472,465,0.018078,0.039494,0.039494,0.057572,0.942428
163,7654209071367977951897371689264431599631570961337,22,337,337,0.031717,0.031717,0.0,0.031717,0.968283
163,10824194889247063645916265364865318315163275587691,22,393,363,0.030191,0.044837,0.062817,0.093008,0.906992
163,7007067855178084077334907729020251703138388423407,22,588,588,0.03798,0.03798,0.0,0.03798,0.96202
163,11563629162960767561469993435982566900206290797341,22,339,339,0.130673,0.130673,0.0,0.130673,0.869327
163,10432647582007091942814866236806348920448169897081,22,412,409,0.036437,0.038788,0.142525,0.178962,0.8210379999999999
163,11013321740409425001654829975108773198879722323169,22,486,486,0.069992,0.069992,0.0,0.069992,0.930008
163,11388208541060705561819087229232095358667380786273,22,566,566,0.09983600000000001,0.09983600000000001,0.0,0.09983600000000001,0.900164
163,11103735522688372546281614770298463681690271542443,22,512,512,0.08356,0.08356,0.0,0.08356,0.91644
163,8215686036974456744106483973928387713743004968589,22,459,449,0.06156,0.018623,0.018623,0.080183,0.919817
163,10366420373188722818237768081269384282174284586279,22,524,518,0.020349,0.034947,0.034947,0.055296,0.944704
163,9887493049291697627584648336712714992824228820507,22,384,384,0.007185,0.007185,0.0,0.007185,0.992815
163,11291772697596805962306082330181863662191216703401,22,705,685,0.009323999999999999,0.004843,0.036932,0.046256,0.953744
163,8629299483287912574962165393081179705241759373329,22,539,539,0.087236,0.087236,0.0,0.087236,0.912764
164,20210344270042780228524473590981781384374263250651,22,712,674,0.007507,0.005476,0.09181699999999998,0.09932399999999998,0.900676
164,17385754946083473907588211247263282920082635440931,22,449,449,0.038622,0.038622,0.0,0.038622,0.961378
164,15065200337324516365624234372840728893791849883677,22,549,549,0.049858,0.049858,0.0,0.049858,0.950142
164,20001274208685757373389824972298109151192644683421,22,467,444,0.027059,0.04068,0.11463899999999999,0.141698,0.858302
164,23206373050027225840725924288883018652907266761573,22,416,416,0.027738,0.027738,0.0,0.027738,0.972262
164,22025345891505684794425190360346292788092251835117,22,343,343,0.090345,0.090345,0.0,0.090345,0.909655
164,17433500709489283073258616221836367960841092957683,22,417,417,0.074974,0.074974,0.0,0.074974,0.925026
164,20619243792726008996626054260855579390889646661671,22,519,514,0.027706,0.0095,0.040152,0.067858,0.932142
164,17851954102483708548111820947964979316071559518321,22,520,506,0.012029,0.017428,0.065357,0.077386,0.922614
164,15520227091786292775179646082304899324457570987803,22,414,414,0.062582,0.062582,0.0,0.062582,0.937418
164,21025509716353739955780362583473341923163070100707,22,511,508,0.052435,0.029318,0.029318,0.081753,0.918247
164,14498146431977835998639783360838649091026316741701,22,513,513,0.038142,0.038142,0.0,0.038142,0.961858
164,19111791960401045569879778943278968002523890458231,22,326,326,0.021573,0.021573,0.0,0.021573,0.978427
164,16530301572124410378960034538876085010836459672467,22,349,349,0.014427,0.014427,0.0,0.014427,0.985573
164,18221873864190480631751119997397311265906143427919,22,640,640,0.073836,0.073836,0.0,0.073836,0.926164
164,19509002958117864345830026901941875949728480482351,22,679,679,0.025397,0.025397,0.0,0.025397,0.974603
164,22672286378997470934496964350911104497412505665789,22,422,422,0.04153,0.04153,0.0,0.04153,0.95847
164,23046477364042922130498611236049763734841923672321,22,584,571,0.009971,0.014803,0.16277000000000003,0.17274100000000003,0.827259
164,17549286263321631100185248104947257910955608889553,22,373,373,0.146462,0.146462,0.0,0.146462,0.853538
164,21059636316678691840527110401614339175235554714931,22,480,480,0.068625,0.068625,0.0,0.068625,0.931375
165,41832933592112304400801943026671467969363831087923,22,360,360,0.017815,0.017815,0.0,0.017815,0.982185
165,35682862411294951100561921127821057964487467339443,22,420,408,0.10659,0.14784,0.14784,0.25443,0.7455700000000001
165,42835312913720678185448545784074783359123970744159,22,383,383,0.107508,0.107508,0.0,0.107508,0.892492
165,40881659780738625128558353749592964839279265435171,22,366,364,0.018598,0.029392,0.029392,0.047990000000000005,0.95201
165,45322494471102900510547891895971824081862698563281,22,360,343,0.017834,0.008135,0.029944,0.047778,0.952222
165,45929128788840959205376511336193947297685265640951,22,950,946,0.015874,0.005204,0.005204,0.021078,0.978922
165,44489998373490387700600426834275888436763809873019,22,807,807,0.011783,0.011783,0.0,0.011783,0.988217
165,35790092378947652923809024031202004014344249255817,22,484,473,0.047831,0.015757,0.015757,0.063588,0.936412
165,45161106773899709982331683988937842529673051859151,22,517,517,0.038935,0.038935,0.0,0.038935,0.9610650000000001
165,41611075822328138418773040753161992670148754649183,22,427,427,0.016352,0.016352,0.0,0.016352,0.983648
165,43893688025396579244143003549941949711112694897597,22,595,595,0.035461,0.035461,0.0,0.035461,0.964539
165,38949108443317524477011125919734633057707138102373,22,460,460,0.016311,0.016311,0.0,0.016311,0.983689
165,44506757530726502698455041633661918108484228681201,22,606,587,0.020565,0.012448,0.062326999999999994,0.082892,0.917108
165,45700176760813962794447132804379570073089321130619,22,452,450,0.04995,0.011729,0.021214,0.071164,0.928836
165,36717319074712975178793976563482551630954666600147,22,518,518,0.027794,0.027794,0.0,0.027794,0.972206
165,40081717737177734357477768258828819203380673838299,22,467,467,0.028984,0.028984,0.0,0.028984,0.971016
165,42668271582757088828333733690941986896240697265291,22,344,344,0.23491,0.23491,0.0,0.23491,0.76509
165,42066162699265700510000155471171171993026790897181,22,335,335,0.04589,0.04589,0.0,0.04589,0.95411
165,43079437256800894081452117481597778557867932256481,22,761,721,0.022561,0.019023,0.10855899999999999,0.13112,0.86888
165,39639751732104952918265482468837059446746603506727,22,455,455,0.022548,0.022548,0.0,0.022548,0.977452
166,64455071458380183185819126791305562795840205337607,22,556,556,0.008358,0.008358,0.0,0.008358,0.991642
166,90075771203582122330247262323941154266135655067703,23,584,577,0.054196,0.024691,0.024691,0.078887,0.921113
166,72228823129784081606691745887439926673012583025583,22,602,602,0.054556,0.054556,0.0,0.054556,0.945444
166,69837432774442923128016482628855170461287372899371,22,459,431,0.030516,0.031547,0.15439,0.18490600000000001,0.815094
166,89244922194937743144971782767253188914316795885797,23,520,502,0.027066,0.026502,0.026502,0.053568000000000005,0.9464319999999999
166,88746453267789363020668583643470490537450658613921,23,430,428,0.020611,0.017053,0.017053,0.037664,0.962336
166,88713786474705850221237608801094392192327303798911,23,433,409,0.015799,0.007433,0.05013499999999999,0.06593399999999999,0.9340660000000001
166,87557406481398096612837568774546924908523956472679,22,501,501,0.101085,0.101085,0.0,0.101085,0.898915
166,83804917377281198336877975468864158449629337119497,22,429,429,0.083419,0.083419,0.0,0.083419,0.916581
166,81569638913156092214718111347132660641468885512997,22,374,374,0.053031,0.053031,0.0,0.053031,0.946969
166,52608719657148563796512530136536674250280158137673,22,587,587,0.092837,0.092837,0.0,0.092837,0.9071629999999999
166,89221264190598117801701321295581964396857406691793,23,360,360,0.128093,0.128093,0.0,0.128093,0.871907
166,91421352408629645983856436933886907626516790327531,23,444,439,0.016128999999999998,0.0743,0.118783,0.134912,0.865088
166,92354408607697290294087669975129842220424154225839,23,359,359,0.015154,0.015154,0.0,0.015154,0.984846
166,90307244958886521065070588400571519599452170426827,23,440,433,0.111732,0.029403,0.029403,0.141135,0.858865
166,61951676507642868191945772939153670793162317140439,22,659,659,0.027403,0.027403,0.0,0.027403,0.972597
166,57096092534835312898852423687190032724229132615371,22,402,402,0.019269,0.019269,0.0,0.019269,0.980731
166,77734094079183033282661848210260105535011878058221,22,443,426,0.042911,0.15222,0.192192,0.235103,0.7648969999999999
166,61439716290799937763975920406477923341938046630307,22,538,533,0.11118,0.01224,0.01224,0.12342,0.87658
166,92944946903546196014112302841886638418369209076507,23,333,312,0.013441,0.029057,0.056266,0.06970699999999999,0.930293
167,185191770581306272864194984747884925328034141094049,23,360,355,0.014504,0.008744,0.008744,0.023247999999999998,0.976752
167,150753299534321728385042450116986328932503586710791,23,402,402,0.079918,0.079918,0.0,0.079918,0.920082
167,122185038003700368219528064449236784866763422689417,23,384,384,0.008154,0.008154,0.0,0.008154,0.991846
167,178235118269758334366445181520116909697869973267843,23,418,418,0.014677,0.014677,0.0,0.014677,0.985323
167,125101284926137051500851455837556179024574472599693,23,403,399,0.020583,0.018958,0.057146,0.077729,0.922271
167,183608279157579728300471834586610846132033916363009,23,435,435,0.087689,0.087689,0.0,0.087689,0.912311
167,123823837425211259366602079641341299640350463304427,23,487,460,0.017096,0.006651,0.09027000000000002,0.10736600000000002,0.8926339999999999
167,182738591737141364288038096817725089299414242881199,23,372,363,0.013914,0.010019,0.049597999999999996,0.063512,0.936488
167,144881986800772159131971678194070421363231610326503,23,488,488,0.094177,0.094177,0.0,0.094177,0.905823
167,169113029671003783909165383403390189332006078766403,23,756,756,0.052906,0.052906,0.0,0.052906,0.947094
167,180203454172404433999728807424822530543427009853893,23,618,613,0.038852,0.019577,0.035621,0.074473,0.925527
167,176740473075257510677017027826065071164478066806109,23,329,329,0.028594,0.028594,0.0,0.028594,0.971406
167,154708744984764752253150630606148953411120836248223,23,517,515,0.023986,0.031446,0.031446,0.055432,0.944568
167,185822038963156756154989463606402264231845142986571,23,499,499,0.012421,0.012421,0.0,0.012421,0.987579
167,164713641976176077509064527913611509808492198546303,23,429,429,0.021405,0.021405,0.0,0.021405,0.978595
167,174143473517067658771245663523001506669684229251583,23,294,294,0.057465,0.057465,0.0,0.057465,0.942535
167,134875484299471317108685835177615212803568324951771,23,325,325,0.055296,0.055296,0.0,0.055296,0.944704
167,182071589557326943011646537770784052720010679622671,23,457,457,0.067597,0.067597,0.0,0.067597,0.932403
167,107723548795615044892707554332906198918982581905521,23,416,416,0.02009,0.02009,0.0,0.02009,0.97991
167,110235062257219473750266489148464622602430677309023,23,469,461,0.039194,0.013908,0.032726,0.07192,0.92808
168,355867559027045347481742474164268313169270448267103,23,532,532,0.01285,0.01285,0.0,0.01285,0.98715
168,354354498343882825539049178202420048518235057099511,23,382,380,0.062050999999999995,0.021403,0.021403,0.083454,0.916546
168,297316862371625606791660530918145246188551598375827,23,462,462,0.038891,0.038891,0.0,0.038891,0.961109
168,251334070780906996792106667358010626199124871015193,23,382,382,0.050266,0.050266,0.0,0.050266,0.949734
168,266089629335928959939990984219310389073099671366189,23,377,377,0.050396,0.050396,0.0,0.050396,0.949604
168,297312478520764466042800805099268401234237086618769,23,498,498,0.019926,0.019926,0.0,0.019926,0.980074
168,252694597694857518298868919901861055603851696256479,23,402,402,0.015151,0.015151,0.0,0.015151,0.984849
168,286391540226265125508001191752822610514127971418977,23,445,445,0.045229,0.045229,0.0,0.045229,0.954771
168,318688943619592236326261968753666579542852488008771,23,516,512,0.042334,0.019764,0.019764,0.062098,0.937902
168,348197322658922333549563681800422289216265150015297,23,516,495,0.026726,0.016839,0.08813000000000001,0.11485600000000001,0.8851439999999999
168,368542669960002587168410129566818072485889583789247,23,477,477,0.04137,0.04137,0.0,0.04137,0.95863
168,268548911990920458790785330758705695531710970965877,23,384,384,0.038257,0.038257,0.0,0.038257,0.961743
168,331941207943771650157715950616862772785852585230449,23,394,379,0.043745,0.046299,0.154576,0.198321,0.801679
168,323877960143720182139921715509016936864755738538083,23,395,395,0.009422,0.009422,0.0,0.009422,0.990578
168,363122401231538903702884958200573978698665726858941,23,428,425,0.100393,0.0231,0.0231,0.12349299999999999,0.876507
168,308228420728279829232936597270463065825898054642939,23,374,374,0.103265,0.103265,0.0,0.103265,0.8967350000000001
168,283116060916231999061737214282503740357534622019947,23,391,391,0.052740999999999996,0.052740999999999996,0.0,0.052740999999999996,0.947259
168,281428688528495768940994883006958194198779974610219,23,509,508,0.047279,0.036156,0.036156,0.08343500000000001,0.916565
168,326678933726286291994787934645555743351568375175913,23,420,411,0.064421,0.069482,0.069482,0.133903,0.866097
168,242229774464479250019542042945875041752252033094853,23,806,785,0.003022,0.010617,0.065392,0.068414,0.931586
169,549419723295960540447780008307906211005792776812829,23,484,484,0.0251,0.0251,0.0,0.0251,0.9749
169,664865469281161842324657652489314073194401709162263,23,616,616,0.035433,0.035433,0.0,0.035433,0.964567
169,526275837673483487444634125901789672050479746789367,23,459,452,0.00462,0.016126,0.025231000000000003,0.029851000000000003,0.970149
169,677970966743848576239473283142953742552801707940111,23,437,437,0.022835,0.022835,0.0,0.022835,0.977165
169,657821691628060301322956147101670288895728662024039,23,429,429,0.104475,0.104475,0.0,0.104475,0.895525
169,715264587022453456200004920592343027582234072699119,23,727,686,0.00575,0.014043,0.20509599999999997,0.21084599999999998,0.789154
169,564263055842251392661877742982498545034787789672701,23,391,385,0.019219,0.025337,0.060934,0.080153,0.919847
169,709752893570015397017697204082578787464541589122757,23,360,360,0.02286,0.02286,0.0,0.02286,0.97714
169,655017367008869539322579634764112530246507710350587,23,422,422,0.114897,0.114897,0.0,0.114897,0.885103
169,657292182528951725976013293116638919927942739731969,23,405,371,0.011354,0.007189,0.103184,0.114538,0.885462
169,723786901355715251133499133823457447564442130316753,23,894,894,0.02817,0.02817,0.0,0.02817,0.97183
169,523829125978495822418790946811975528394043957096661,23,390,390,0.107923,0.107923,0.0,0.107923,0.892077
169,541477377066573582590059723667831900889584456117101,23,343,343,0.104745,0.104745,0.0,0.104745,0.895255
169,695788992079943252596035093883032289031003550676639,23,463,463,0.019066,0.019066,0.0,0.019066,0.980934
169,694333695686916638920533025197721880230919832136049,23,363,363,0.056151,0.056151,0.0,0.056151,0.943849
169,485822670269234256517166328139449043912746690035101,23,401,394,0.022029,0.023861,0.045454999999999995,0.06748399999999999,0.932516
169,621048212309618498722906441939308335619301463127923,23,452,452,0.032486,0.032486,0.0,0.032486,0.967514
169,471378305746743164537629288149409115192944188760511,23,410,401,0.0158,0.022256,0.032548,0.048348,0.9516519999999999
169,679166054805478107698598400374518496104565906945673,23,338,338,0.078271,0.078271,0.0,0.078271,0.921729
169,478874915531854708795103201026072431746838752011189,23,478,470,0.040952,0.01837,0.044022000000000006,0.08497400000000001,0.915026
170,1289318240951187150423696809121408247188110724374959,23,383,383,0.078696,0.078696,0.0,0.078696,0.921304
170,1317598680651458934736004969973115054629720267802427,23,412,411,0.059317,0.05679,0.05679,0.116107,0.883893
170,1387016971391792365767686427962070113773978808021599,23,435,427,0.010031,0.018696,0.032937,0.042968,0.957032
170,1301605848278604502292287990083848668281772339668443,23,529,525,0.005295,0.008688,0.016461,0.021756,0.978244
170,1454027346176602205583289937091731344133146246553801,23,577,558,0.09786,0.035625,0.11581300000000001,0.213673,0.786327
170,967653528079116878085780463103240904324567568232963,23,531,531,0.056603,0.056603,0.0,0.056603,0.943397
170,1261056843454978621289453730316681785701648409889253,23,488,487,0.033952,0.037761,0.037761,0.071713,0.928287
170,837639897222655440981696060794566569158254246200341,23,432,432,0.004056,0.004056,0.0,0.004056,0.995944
170,1380352939133440466587651274847015029204065064236727,23,661,661,0.087107,0.087107,0.0,0.087107,0.912893
170,1470202321847100083182546960194231350823305902723733,23,488,488,0.06828899999999999,0.06828899999999999,0.0,0.06828899999999999,0.931711
170,1395451141662017337518566124235400507157510063162651,23,386,386,0.027488,0.027488,0.0,0.027488,0.972512
170,1443973581327167714924022043427922410334336886476631,23,452,436,0.022981,0.009084,0.064083,0.087064,0.912936
170,1248251220039825096428185208030859202496488462447199,23,480,480,0.056652,0.056652,0.0,0.056652,0.943348
170,1485074191992056020325974520634552289818056666197811,23,431,431,0.02418,0.02418,0.0,0.02418,0.97582
170,1254247931868399620218293166952069391063175723231013,23,515,502,0.060479,0.059833,0.126012,0.18649100000000002,0.813509
170,1257669066486116581118684542985264257389351752099207,23,336,336,0.067056,0.067056,0.0,0.067056,0.932944
170,938770475414108901814693140661602364827961258856599,23,363,359,0.038823,0.054376,0.054376,0.093199,0.906801
170,1066007335410228423895411628779579916508643551606013,23,442,440,0.050131,0.035378,0.035378,0.085509,0.9144909999999999
170,1055641473154584299321451059456907378615225873359927,23,466,466,0.09781999999999999,0.09781999999999999,0.0,0.09781999999999999,0.90218
170,1450909537806030357996742850817171901677376101936973,23,352,349,0.048834,0.020426,0.049821,0.09865499999999999,0.9013450000000001
171,2320628485992640066699844867503781431624090632616007,23,420,409,0.066651,0.055941,0.055941,0.122592,0.877408
171,2687357138509969949945838036658262421119489089392571,23,398,392,0.002866,0.0051,0.0051,0.007966,0.992034
171,2179890418570410841271805505892530931206234443075251,23,499,499,0.061276,0.061276,0.0,0.061276,0.938724
171,2643553863724729454040982582317963102955115497112137,23,664,659,0.026962000000000003,0.010045,0.016243,0.04320500000000001,0.956795
171,2460627882183105189199201566900305707431196028435837,23,483,483,0.027727,0.027727,0.0,0.027727,0.9722729999999999
171,2339826321982801679364695234505710301355859790744791,23,685,685,0.009468,0.009468,0.0,0.009468,0.990532
171,2758900339445195828507819823171495863952057663997793,23,372,372,0.072926,0.072926,0.0,0.072926,0.927074
171,1842882812388021598690092464110026835556610550203901,23,687,664,0.009342,0.019229,0.051692999999999996,0.06103499999999999,0.938965
171,2527348162893818585716726864029885307488142009814867,23,378,352,0.021271,0.013792,0.035688000000000004,0.05695900000000001,0.943041
171,2837554568622031909115383188427508045834871248866231,23,390,390,0.157607,0.157607,0.0,0.157607,0.842393
171,1980107624548085725945997103475068875829188531206579,23,895,895,0.080876,0.080876,0.0,0.080876,0.919124
171,2569544928058170304082873120455860591460518083182909,23,515,515,0.027566,0.027566,0.0,0.027566,0.972434
171,2690941433828007792933739463035154894668803736090667,23,360,356,0.043357,0.061752,0.061752,0.10510900000000001,0.894891
171,2790043200701068932081541267461948287073389647656629,23,317,317,0.066517,0.066517,0.0,0.066517,0.933483
171,2090916108644774601950745809429826244133327238488009,23,444,425,0.039156,0.063129,0.063129,0.10228500000000001,0.897715
171,2565736058589956952109798640055629482853606450052707,23,494,488,0.043846,0.029876,0.029876,0.07372200000000001,0.9262779999999999
171,2857998842268811336179375833801691573922890863274847,23,686,686,0.036064,0.036064,0.0,0.036064,0.963936
171,2396493466906125285828056384566870470681794130877669,23,441,441,0.039216,0.039216,0.0,0.039216,0.960784
171,2690381636823230507251275613355703537300523990202027,23,567,546,0.042932,0.020836,0.10255199999999999,0.145484,0.854516
171,2534044398151279155788338071872494168885731333317717,23,517,517,0.02783,0.02783,0.0,0.02783,0.97217
172,4462022261486228276470696903183179974341102550314813,23,589,579,0.033729,0.026082,0.089747,0.123476,0.876524
172,4973934130046512061706003746504778764546358353047069,23,483,469,0.02622,0.012658,0.058131,0.08435100000000001,0.9156489999999999
172,5648094522288795174255363457633460814882962588225833,23,595,573,0.007512,0.009084,0.08572299999999998,0.09323499999999998,0.906765
172,4726592204009198207872992689944913141786425094656837,23,812,812,0.042269,0.042269,0.0,0.042269,0.957731
172,5594622054792930920033030420069168546546514996297059,23,375,375,0.036148,0.036148,0.0,0.036148,0.963852
172,5195538082333779164457732930160988690944352296084861,23,419,402,0.043836,0.027482,0.180986,0.22482200000000002,0.7751779999999999
172,4025284698876107182620642633377455297801856255767501,23,452,452,0.024885,0.024885,0.0,0.024885,0.975115
172,4383786029746298282865883459946099335415639923579151,23,540,527,0.059102999999999996,0.047591,0.047591,0.106694,0.893306
172,4240211809755560196715516460800231502364014252588639,23,428,423,0.053215,0.047563,0.047563,0.100778,0.899222
172,5548533853252799042694444930927799861408846535815007,23,419,411,0.02242,0.014785,0.036723,0.059143,0.940857
172,5437902847130435025801669508069442332314935248409143,23,460,451,0.031843,0.032979,0.051995,0.083838,0.916162
172,4141743792397074660421973109728086317758715931017277,23,427,423,0.017893,0.070225,0.070225,0.088118,0.911882
172,4778987191980938572456617933856060465243353739312487,23,499,465,0.017548,0.009489,0.10003300000000001,0.11758100000000002,0.882419
172,4739381656678028395979571409181320777773237194812847,23,415,399,0.022308,0.070644,0.190078,0.212386,0.787614
172,4804326313493129486456115335738865566041096602990667,23,728,728,0.03404,0.03404,0.0,0.03404,0.96596
172,4104752537262135739627532234359506058920546702141581,23,409,409,0.060275,0.060275,0.0,0.060275,0.939725
172,3803744058813253158320678543084926588928670333519661,23,428,428,0.04778,0.04778,0.0,0.04778,0.95222
172,4385465259125919643879994689875257236736934784890611,23,483,478,0.00556,0.012717,0.012717,0.018276999999999998,0.981723
172,5279890751954713468197389506413223751577777606451787,23,424,424,0.163993,0.163993,0.0,0.163993,0.836007
172,4160916851387881458666582220339040710916709604934989,23,458,458,0.02446,0.02446,0.0,0.02446,0.97554
173,10923792501645012754794107569655030715119609536422907,23,415,415,0.024129,0.024129,0.0,0.024129,0.975871
173,10049473751846112538141515321974984014498020571782187,23,361,361,0.109476,0.109476,0.0,0.109476,0.890524
173,11478453237002096953758919917104639903243507350422841,23,640,640,0.022256,0.022256,0.0,0.022256,0.977744
173,10169455292752448241266658515571649753093170083937973,23,376,376,0.024451,0.024451,0.0,0.024451,0.975549
173,11141435091489660417203162826279290403361648348555217,23,404,404,0.048535,0.048535,0.0,0.048535,0.951465
173,11845946756557169576442319415563300804632186316185761,23,359,359,0.059254,0.059254,0.0,0.059254,0.940746
173,6606020196711476677748380921663035663590800650212861,23,496,496,0.031659,0.031659,0.0,0.031659,0.968341
173,9223304994372936325365139311788951438575340466147653,23,358,358,0.028624,0.028624,0.0,0.028624,0.971376
173,9937936138453613172200974798887957858538887333434453,23,453,449,0.00543,0.003488,0.003488,0.008918,0.991082
173,11559606582085509839598371324267429245568074606311239,23,375,372,0.044734,0.025432,0.025432,0.070166,0.929834
173,8567518689055579897923237570331424934191919130124683,23,408,392,0.044025,0.012422,0.036012,0.080037,0.919963
173,7757833041287954123219330741833398980401403365844671,23,521,514,0.022521,0.017091,0.037734000000000004,0.060255,0.939745
173,9316049178944443793561813909420289680048038873209887,23,711,711,0.064138,0.064138,0.0,0.064138,0.935862
173,9928833671075698004690547493411708722996168864524191,23,442,442,0.089434,0.089434,0.0,0.089434,0.910566
173,8082599286688078272326597296230019194455017969460353,23,403,397,0.021605,0.015568,0.015568,0.037173,0.962827
173,11722980560595969629675859144256076147885119391535181,23,573,573,0.052594,0.052594,0.0,0.052594,0.947406
173,9593608908661975634163739787876317382759712663032617,23,807,807,0.012694,0.012694,0.0,0.012694,0.987306
173,7514341258039837561785554369913705517231217351886269,23,514,501,0.04297,0.045325,0.045325,0.088295,0.911705
173,10788110854762710095666872487306279223201853493970649,23,448,441,0.012863,0.0121,0.0121,0.024963,0.975037
173,10830515307409583755599110009630409242843757129551833,23,435,416,0.075435,0.06206,0.102004,0.177439,0.822561
174,22104611793997230117343176470598753099597657699857767,23,364,364,0.082264,0.082264,0.0,0.082264,0.917736
174,18763942404536135019296013058405167365237739426352961,23,382,382,0.121744,0.121744,0.0,0.121744,0.878256
174,14688504101174039979833028914301622192512344235844163,23,530,530,0.03584,0.03584,0.0,0.03584,0.96416
174,16722058225437982034822488549751786303201587785473951,23,460,460,0.077768,0.077768,0.0,0.077768,0.9222319999999999
174,21509336382097775444053571500023183533792843315954141,23,668,668,0.026395,0.026395,0.0,0.026395,0.973605
174,22850977655225044606098189565776865301144522899108753,23,373,373,0.10317,0.10317,0.0,0.10317,0.89683
174,17279223071662642072680635911044372251032271203557523,23,391,391,0.024657,0.024657,0.0,0.024657,0.975343
174,22947441514018658653094720368483897068968757283032113,23,369,362,0.010966,0.006555,0.01345,0.024416,0.975584
174,18341314976728685056786009125261875389901729222197411,23,524,500,0.013757,0.030105,0.053708,0.067465,0.932535
174,21198313883423610607647845217061584129219727405462807,23,699,693,0.079332,0.006325,0.087931,0.167263,0.8327370000000001
174,12839400785843164820295834351653620428577969094536553,23,545,513,0.057915999999999995,0.022535,0.053463000000000004,0.111379,0.888621
174,23322450000830661268788758752052782250935597472051533,23,357,342,0.028553,0.016051,0.016051,0.044604,0.955396
174,16333148817978325754024309091523862744059567919963111,23,543,543,0.076454,0.076454,0.0,0.076454,0.923546
174,14462970911237542989272454421381604521266425359311389,23,536,536,0.03089,0.03089,0.0,0.03089,0.96911
174,18949560281665792004413178756295887592891979934348561,23,364,364,0.0417,0.0417,0.0,0.0417,0.9583
174,21408407116291656012109167833580671913503017751545967,23,495,495,0.018107,0.018107,0.0,0.018107,0.981893
174,22631651939782172827484157664433587783833485119069961,23,456,456,0.034108,0.034108,0.0,0.034108,0.965892
174,21837034941512546186024799051115680122246295015518093,23,436,436,0.013431,0.013431,0.0,0.013431,0.986569
174,23437804484573336991839150008388329128133779513222523,23,705,705,0.017567,0.017567,0.0,0.017567,0.982433
174,21670228153893009427879223165719671325428625794224927,23,378,378,0.126475,0.126475,0.0,0.126475,0.873525
175,40488067071432624121676494427962676744307992814206389,23,495,495,0.025708,0.025708,0.0,0.025708,0.974292
175,47880832610030432571309186253738451904700554037260907,23,391,391,0.127679,0.127679,0.0,0.127679,0.872321
175,45878748309865752441663931039655772029562012040164497,23,421,418,0.041414,0.036478,0.036478,0.07789199999999999,0.922108
175,44519607957401945468255440685812779498238330725202451,23,714,714,0.01997,0.01997,0.0,0.01997,0.98003
175,38437122674547888080483896869357910936491022366930391,23,566,558,0.030814,0.033614,0.044799,0.075613,0.924387
175,47064113916853618606448841022057749802258231599045617,23,378,374,0.067943,0.083972,0.083972,0.15191500000000002,0.848085
175,38418920847258974395155918878755125806886124993281449,23,530,530,0.020001,0.020001,0.0,0.020001,0.979999
175,29860959886171008880417800461459339604720394693120859,23,525,491,0.006361,0.018702,0.18854200000000004,0.19490300000000005,0.805097
175,47523346294694090590598436816448664799865583071536947,23,397,397,0.022850000000000002,0.022850000000000002,0.0,0.022850000000000002,0.97715
175,40430147177650634814659419575820969943704601075586779,23,488,488,0.035656,0.035656,0.0,0.035656,0.964344
175,30673381581036186694644718658867052922438672540632679,23,377,360,0.009355,0.020425,0.020425,0.02978,0.97022
175,46321511197924674401868707445937064255819847549207181,23,566,552,0.025398,0.009103,0.026272999999999998,0.051670999999999995,0.948329
175,40793108447338904457818158698839208728924655609269741,23,496,480,0.025592,0.042559,0.042559,0.068151,0.931849
175,47563799216222959471208717042267403920241999763230907,23,392,392,0.042282,0.042282,0.0,0.042282,0.957718
175,44747799795754951639143084884684883018614820083166937,23,423,406,0.012409,0.010904,0.029312,0.041721,0.958279
175,46867320328474189488708379756417548186877640469492347,23,448,448,0.09119,0.09119,0.0,0.09119,0.90881
175,46542356956969036203230698142264416107162071627147053,23,396,396,0.024558,0.024558,0.0,0.024558,0.975442
175,45701878003472651488780363802977956628041054016481659,23,495,495,0.088328,0.088328,0.0,0.088328,0.911672
175,25458726975309530242094669164823103336392162094875803,23,423,423,0.065271,0.065271,0.0,0.065271,0.934729
175,39959523049873920871877996128842998488581987804339877,23,420,420,0.007422,0.007422,0.0,0.007422,0.992578
176,87990886338847859195592642389102593039937487082558279,24,489,489,0.036257,0.036257,0.0,0.036257,0.963743
176,92564124955148991262968874807483374435803628161108999,24,934,925,0.014319,0.015758,0.021490000000000002,0.035809,0.964191
176,94129007589456961191977269147297543003266132666549953,24,395,395,0.027294,0.027294,0.0,0.027294,0.972706
176,93819484016161644344551753829300322151041926203410181,24,435,435,0.011704,0.011704,0.0,0.011704,0.988296
176,73157616268457907406971375723178615684280166706710493,24,398,398,0.11942,0.11942,0.0,0.11942,0.88058
176,61542774938750705714463225629776244056185970967253653,24,496,486,0.020773,0.031256,0.031256,0.052029,0.947971
176,71800771048867515580859417044203063847762338647077403,24,390,390,0.122672,0.122672,0.0,0.122672,0.877328
176,77258340421405866522724393177859419720883968347782627,24,536,524,0.011561,0.009775,0.055755,0.067316,0.932684
176,89837078281524964039898044063254336032471057480771579,24,709,698,0.011008999999999998,0.003354,0.026343000000000002,0.037351999999999996,0.962648
176,67631371474217585591492093931057414532556760623695867,24,387,387,0.02041,0.02041,0.0,0.02041,0.97959
176,89832926575159265651841476273066740015357110318540347,24,639,610,0.007882,0.00571,0.05678799999999999,0.06466999999999999,0.93533
176,67118204137332948793553589627698826319196161548428537,24,400,382,0.029329,0.033653,0.075127,0.104456,0.895544
176,87774156256777768160436756789989062372701963996758741,24,553,549,0.059718,0.042988,0.042988,0.10270599999999999,0.897294
176,70572719969624332011199901351228566052874877227465031,24,467,467,0.009322,0.009322,0.0,0.009322,0.990678
176,86250046064114433343982710398437258754379418231496971,24,405,405,0.036981,0.036981,0.0,0.036981,0.963019
176,87134348646583113354803029928666774546954085244353883,24,368,358,0.025762,0.017845,0.017845,0.043607,0.956393
176,71901633824806274691548687743309648812921855456127637,24,391,391,0.04935,0.04935,0.0,0.04935,0.95065
176,90150270285363435056040734184802693760325360863282387,24,527,509,0.00912,0.012506,0.033208,0.042328000000000005,0.957672
176,94046017590480304561168089303295538090394575865219973,24,523,506,0.025416,0.021878,0.034787,0.060203,0.939797
176,64190892782173257959767693618630438907905705925983597,24,432,432,0.045264,0.045264,0.0,0.045264,0.954736
177,119125070369688751792163725903852573808324382853761851,24,514,514,0.032178,0.032178,0.0,0.032178,0.967822
177,182726819299327515165849812245648871121491177942129611,24,527,511,0.0206,0.020086,0.031789,0.052389,0.947611
177,188893960779618570376876195763394634184667143767990939,24,479,479,0.034625,0.034625,0.0,0.034625,0.965375
177,177226234109374423417710011618572758541886871555971773,24,509,509,0.095561,0.095561,0.0,0.095561,0.904439
177,170417219917741538865104682908758540815889415996081587,24,501,478,0.011482,0.037679,0.054421,0.06590299999999999,0.934097
177,184456472780322533717507274449727396706948277959651997,24,726,726,0.025416,0.025416,0.0,0.025416,0.974584
177,172591822599216441031826476355149233765150072380634947,24,451,451,0.020778,0.020778,0.0,0.020778,0.979222
177,160262516696147396603234199689194202325829336961400089,24,439,424,0.016734,0.039084,0.054918,0.071652,0.928348
177,189488332491885140927092409494182632690603024073949519,24,476,457,0.024922,0.008847,0.068581,0.093503,0.906497
177,158860589548227817116386228914199311016251079037823631,24,427,426,0.038765,0.022727,0.022727,0.061492000000000005,0.938508
177,131023867650554721773986626498755865101732014114852169,24,538,522,0.03563,0.04659,0.108201,0.14383100000000001,0.856169
177,185419546061793924107275707453523293583979540373323441,24,435,427,0.037183,0.081846,0.21555,0.252733,0.747267
177,130739606859025377984032427604557137652684751978400777,24,513,508,0.048452,0.063562,0.063562,0.112014,0.8879859999999999
177,148738595022486208740372312134935505218833565972371451,24,439,439,0.074553,0.074553,0.0,0.074553,0.925447
177,167245458534901805246177899856773690854765016929409441,24,602,588,0.004333,0.004719,0.043907999999999996,0.04824099999999999,0.951759
177,167743233925335463625480222303950384908571933339861327,24,429,429,0.032696,0.032696,0.0,0.032696,0.9673039999999999
177,127846725145209783213161083219697857237418143943954471,24,572,572,0.037247,0.037247,0.0,0.037247,0.962753
177,175371321030994867998753692974243811078511522480617843,24,432,432,0.078888,0.078888,0.0,0.078888,0.921112
177,116000582161408742104082789047643826044722595827305757,24,517,508,0.011053,0.011239,0.034695000000000004,0.045748000000000004,0.954252
177,170372630777230523245695634046185057408362313049454403,24,634,627,0.003727,0.005631,0.009322,0.013049,0.986951
178,326370916554170909248800565447441227366364752100439299,24,363,363,0.045205,0.045205,0.0,0.045205,0.954795
178,351133543531254740082619452808507153835828169762359977,24,363,363,0.009779,0.009779,0.0,0.009779,0.990221
178,336454357966569634923263904170681101591018051550982463,24,507,507,0.139775,0.139775,0.0,0.139775,0.860225
178,287084766998192650266030523003134421022082997050134521,24,478,478,0.013809,0.013809,0.0,0.013809,0.986191
178,352927538094715815006260624760445835128691040320016481,24,436,436,0.041524,0.041524,0.0,0.041524,0.958476
178,338358782479052619339175922612376094187822886673941721,24,584,584,0.004839,0.004839,0.0,0.004839,0.995161
178,350983244504690877302934108411058885737259142622352279,24,404,404,0.025862,0.025862,0.0,0.025862,0.974138
178,362113241669248116131584645381866273037844314273508653,24,848,837,0.005178,0.002408,0.017525000000000002,0.022703,0.977297
178,354699753705738888969549737288396049484417614825528751,24,539,539,0.03815,0.03815,0.0,0.03815,0.96185
178,331690661156431736210765004245137972208022366664402553,24,1003,1000,0.010447,0.016697,0.016697,0.027144,0.9728559999999999
178,332675546545853496255458413537230392333963633325833083,24,397,397,0.008814,0.008814,0.0,0.008814,0.991186
178,313703344571742936697405437124510360823965169983069999,24,975,967,0.016753,0.01281,0.01281,0.029563,0.970437
178,380254134293999860410999253285210970240457628198742663,24,456,456,0.022012,0.022012,0.0,0.022012,0.977988
178,360641711799225046890015181472030377655985832139240759,24,615,615,0.059345,0.059345,0.0,0.059345,0.940655
178,263917085618902017901372402907639485241329433989841083,24,528,528,0.062403,0.062403,0.0,0.062403,0.937597
178,266288106436622503269927529785703488384905659026805291,24,519,474,0.021124999999999998,0.023981,0.064687,0.085812,0.914188
178,344304805683409519331394242367711732435948148819916561,24,514,514,0.046936,0.046936,0.0,0.046936,0.953064
178,341709744235492519708940578050014342971004111389339661,24,349,349,0.157798,0.157798,0.0,0.157798,0.842202
178,310967967663884862956076583774857977926596023977520621,24,718,718,0.084878,0.084878,0.0,0.084878,0.915122
178,327279608257895351469611029322246368521417106545791761,24,737,717,0.015166,0.010859,0.026709,0.041875,0.958125
179,558936428874945996924383768356203135254350439671785479,24,379,379,0.146734,0.146734,0.0,0.146734,0.853266
179,674926639517348090731177770827913991101246148882287283,24,1000,992,0.017168,0.004894,0.004894,0.022062,0.977938
179,520778796933569712475497803976339448328715986002072523,24,580,575,0.014203,0.027027,0.027027,0.04123,0.95877
179,748335037461936801408133793949275373189490397012798993,24,583,583,0.099531,0.099531,0.0,0.099531,0.900469
179,750121838409245984074572114070043722336783466522324083,24,521,521,0.0534,0.0534,0.0,0.0534,0.9466
179,652699193242756150846355283234498871767984936149202997,24,366,366,0.050865,0.050865,0.0,0.050865,0.949135
179,701012462554551393326136469593585664907414625879938377,24,574,556,0.020874,0.098538,0.098538,0.119412,0.880588
179,651811943098199803843122079676572375058573432081265941,24,338,338,0.029269,0.029269,0.0,0.029269,0.970731
179,551025100698026169975841797211316492193395216233257361,24,703,697,0.029027,0.012427,0.012427,0.041454000000000005,0.958546
179,568232849243253819024806302642399573345242309126608059,24,478,459,0.052346,0.059799,0.110163,0.162509,0.837491
179,639820098139219068308973252189078237340004822241496393,24,355,355,0.106011,0.106011,0.0,0.106011,0.893989
179,761792849352011360883518708616350161974544759945523083,24,445,445,0.028222,0.028222,0.0,0.028222,0.971778
179,628942419048318189765862150028221450462352308232102681,24,384,384,0.043381,0.043381,0.0,0.043381,0.956619
179,566889538234990454641052189675936791837860452121325949,24,481,481,0.023134,0.023134,0.0,0.023134,0.976866
179,716452162573779008868293903020235512769764173696217249,24,657,637,0.027179000000000002,0.022078,0.045809,0.072988,0.927012
179,621413530195004739611180163225538908969413935549872629,24,930,924,0.012043,0.01137,0.016981,0.029024,0.970976
179,645609036446719663018922094515491080262538063860555597,24,428,380,0.022941000000000003,0.04628,0.145087,0.168028,0.8319719999999999
179,555489032258653592242576233173121867113539610787783833,24,418,418,0.106876,0.106876,0.0,0.106876,0.893124
179,535750173793033032362966709603096420101001099801784643,24,550,550,0.011595,0.011595,0.0,0.011595,0.988405
179,456506540313436296309522192769161449949543126587051023,24,424,424,0.048456,0.048456,0.0,0.048456,0.951544
180,1358996782341013393471064892946133021632416224066738371,24,781,757,0.007235,0.008419,0.055755,0.06299,0.93701
180,1147190830767755812327995081041386320310165753132541849,24,648,648,0.017569,0.017569,0.0,0.017569,0.982431
180,1403925300691032372140940928473865553985310895500181911,24,464,464,0.057434,0.057434,0.0,0.057434,0.942566
180,1495775451737959760457511687274350579183536185139242641,24,434,434,0.030279,0.030279,0.0,0.030279,0.969721
180,1110739563446777289531838627303749633950291508344598743,24,503,503,0.022426,0.022426,0.0,0.022426,0.9775739999999999
180,1194024369143971552927889417542591741693717575625673111,24,507,483,0.018346,0.022315,0.086886,0.105232,0.894768
180,1260166637346508034925373413900190230508510171798948477,24,759,759,0.020782,0.020782,0.0,0.020782,0.979218
180,1455316476136829091460607052510092178765985268783561317,24,513,513,0.038584,0.038584,0.0,0.038584,0.961416
180,1309093992710635640836698146159549405123972272927404881,24,496,496,0.018182,0.018182,0.0,0.018182,0.981818
180,1390894799146412153168495467213932724874405876411579611,24,474,474,0.262582,0.262582,0.0,0.262582,0.737418
180,1520134781616046526108129582711299483597548910524846853,24,479,459,0.019893,0.029241,0.15060400000000002,0.170497,0.829503
180,1505439219343167470373459269572451082957623944381924673,24,436,436,0.093665,0.093665,0.0,0.093665,0.906335
180,1057025848491395991324830754425862907965800790964989169,24,403,403,0.167567,0.167567,0.0,0.167567,0.832433
180,1022335052507123413464678276586097658581994406812064513,24,433,433,0.02881,0.02881,0.0,0.02881,0.97119
180,986820806071662897465598796288744366007908716888546481,24,788,788,0.044765,0.044765,0.0,0.044765,0.9552350000000001
180,1524644692974396926561992448558626212968367576768526879,24,427,417,0.062866,0.035831,0.09695599999999999,0.159822,0.840178
180,1314131625546751137305337304108371769311553500059572603,24,429,429,0.018046,0.018046,0.0,0.018046,0.981954
180,1159287238259464432648787656029088912397674342457115643,24,446,446,0.02633,0.02633,0.0,0.02633,0.97367
180,1475197377405499619513187533655878473208974647166678079,24,436,427,0.013144,0.004343,0.031225999999999997,0.04436999999999999,0.95563
180,1092513974848862293580063101113260203144966532297855803,24,591,585,0.0248,0.010379,0.010379,0.035179,0.964821
181,2146755962617820701939724558369889009769651618593397373,24,498,498,0.033601,0.033601,0.0,0.033601,0.966399
181,2072316348390379785942053767435731590279096222618626363,24,505,503,0.027325,0.006161,0.006161,0.033486,0.966514
181,2877046995656031836501313697137912148919872998967745519,24,568,561,0.007722,0.005878,0.005878,0.013600000000000001,0.9863999999999999
181,2880369969123252961817754651476818952571924308651017163,24,482,482,0.020335,0.020335,0.0,0.020335,0.979665
181,2861708897811122498028015229576663189712718130603358513,24,585,580,0.022516,0.023231,0.023231,0.045747,0.954253
181,2806788267767978306991980520946809467457007629229500787,24,679,679,0.017091,0.017091,0.0,0.017091,0.982909
181,2302747288573481437114058572318921809401333842388506063,24,568,568,0.015094,0.015094,0.0,0.015094,0.984906
181,2533946943181812616782556407056335292416812676112585527,24,436,433,0.015664,0.054567,0.054567,0.070231,0.929769
181,2487771293557144436196457222451407643840343448896262201,24,427,418,0.060129,0.012308,0.08086,0.140989,0.859011
181,2345607456560758996293272875237597113634991575593930503,24,426,408,0.054935,0.021817,0.021817,0.076752,0.923248
181,2451877345078985122707203168343312742955044811033249477,24,515,515,0.017145,0.017145,0.0,0.017145,0.982855
181,2340974696399471038404420962322551749504771560040272007,24,536,536,0.03237,0.03237,0.0,0.03237,0.96763
181,2477342015750519040996010692078739219032174672206011307,24,580,580,0.0643,0.0643,0.0,0.0643,0.9357
181,2296086844355268411990274677061153842585626962159704019,24,428,428,0.062954,0.062954,0.0,0.062954,0.937046
181,2857327712261479603462914395058626994702465220337337739,24,597,571,0.004826,0.016129,0.048609000000000006,0.05343500000000001,0.946565
181,1869241629214427269662931336533353684013970622159921317,24,527,526,0.035562,0.030028,0.030028,0.06559000000000001,0.93441
181,2136463886038630304242691639030926383783507376355925571,24,424,424,0.039156,0.039156,0.0,0.039156,0.960844
181,2877127110897588495873508614076070239692397854333669421,24,886,868,0.009199,0.010294,0.034265,0.043463999999999996,0.956536
181,2391506213382517426158791151215598942262031718622544827,24,538,495,0.030599,0.019189,0.050724000000000005,0.081323,0.918677
181,2948841039361971531410668839665611640358315799683010259,24,559,559,0.018577,0.018577,0.0,0.018577,0.981423
182,4191292476346020518783656275665657989599723159847851667,24,581,560,0.013719,0.04625,0.115474,0.129193,0.870807
182,4368915889305698991841916329930420223695538711679696073,24,425,404,0.026818,0.022564,0.042745000000000005,0.06956300000000001,0.930437
182,4603173397210774045412589779080265237568427782430487923,24,624,624,0.02145,0.02145,0.0,0.02145,0.97855
182,4412747380103085417736789338590629677444833420942921431,24,640,640,0.018738,0.018738,0.0,0.018738,0.981262
182,5274862496484527199284351082466041501734256417850671079,24,353,353,0.056361,0.056361,0.0,0.056361,0.943639
182,4800792925814278444401434125143406347751419932688595051,24,418,407,0.017578,0.019477,0.035302,0.052879999999999996,0.94712
182,3653812005152759308354861844496272098804036966408036451,24,539,531,0.023724,0.0452,0.0452,0.068924,0.931076
182,4646737653138437262079866979167515682324029521366613887,24,632,632,0.035607,0.035607,0.0,0.035607,0.9643930000000001
182,5244063665198047536361296769370401123699361439281027921,24,406,403,0.019563,0.078372,0.078372,0.097935,0.902065
182,5043512217423355819857280369022042682912863299358815427,24,588,588,0.043462,0.043462,0.0,0.043462,0.956538
182,5381424364337562423689277556082862960704173067855407963,24,416,413,0.075078,0.033402,0.033402,0.10848000000000001,0.89152
182,5605622646710231703717995108618170373087268192211651819,24,486,451,0.004682,0.020577,0.160768,0.16544999999999999,0.83455
182,5372876402521245557172885073810823234220306537484862171,24,555,530,0.015118,0.013661,0.10905999999999999,0.12417799999999998,0.875822
182,5193787393634226710856637245122360855837884143711668923,24,430,426,0.012956,0.029342,0.035998,0.048954000000000004,0.951046
182,4901526449801380100603842024908873735304969564340783837,24,576,546,0.047205000000000004,0.003223,0.14920300000000003,0.19640800000000003,0.803592
182,6116842254080121661991651815972543754648149039661461711,24,552,543,0.056228,0.034572,0.047508999999999996,0.103737,0.896263
182,4848300292233620118117558303318082764588214458439723993,24,716,703,0.008902,0.016119,0.05656800000000001,0.06547,0.93453
182,5455870824923288995533498136798277725990387457579154641,24,392,392,0.009014,0.009014,0.0,0.009014,0.990986
182,3785938512649873423258671464276287016184708730225383793,24,424,412,0.044945,0.08431,0.126581,0.171526,0.8284739999999999
182,4491160981645514588938837869554023508980963008773065231,24,596,596,0.014566,0.014566,0.0,0.014566,0.985434
183,9166723778901347230936039451531749253767512951187044911,24,358,358,0.085596,0.085596,0.0,0.085596,0.914404
183,10455930224123599063565031820487918262028421842464564737,24,976,976,0.037106,0.037106,0.0,0.037106,0.962894
183,7427674099806058459503172382903188275128363209564310927,24,365,365,0.053905,0.053905,0.0,0.053905,0.946095
183,10617285421144533269412481609230267820807269357289585027,24,495,495,0.025516,0.025516,0.0,0.025516,0.974484
183,11010471763583359046491348791311818146317648218012267883,24,592,591,0.007008,0.013822,0.013822,0.02083,0.97917
183,10332376251302120495254834326196282275734767686242549761,24,391,371,0.025612000000000003,0.0133,0.16065200000000002,0.186264,0.813736
183,11749977713551691032971054523891664935137255323436579743,24,635,635,0.063533,0.063533,0.0,0.063533,0.9364669999999999
183,10038010870002094481651798134300472801725442018653785307,24,522,486,0.015074,0.020189,0.18026899999999998,0.195343,0.804657
183,10982511715433447835689163250582120464921150302579077343,24,407,407,0.043372,0.043372,0.0,0.043372,0.956628
183,8953983959087052116701047035345005923200525137226524679,24,574,543,0.015946,0.035128,0.098806,0.114752,0.885248
183,8876846022270762570247578740470934525848460110861548643,24,716,706,0.042214,0.033476,0.033476,0.07569000000000001,0.92431
183,7272641689296160343480501161670052491504793391277318831,24,468,468,0.053614,0.053614,0.0,0.053614,0.946386
183,12244318449419593826201370835952825834440723200097525199,24,587,585,0.015913,0.013948,0.013948,0.029861,0.970139
183,11599990885992088420849467859622548958581504884697039151,24,534,523,0.003686,0.010882,0.043362,0.047048,0.952952
183,7605813317180000005669607627882043830747996242518578099,24,601,601,0.014235,0.014235,0.0,0.014235,0.985765
183,12182702859135303445823465643541896884548888148712896953,24,386,386,0.019965,0.019965,0.0,0.019965,0.980035
183,9709983608535670096749131929304035374023228870737229987,24,528,516,0.012608,0.044396,0.044396,0.057004,0.942996
183,10464773632474194098893561476862794550508738502141675107,24,606,606,0.010967,0.010967,0.0,0.010967,0.989033
183,9586059037733377655369346899873870070324449037164235107,24,359,359,0.0503,0.0503,0.0,0.0503,0.9497
183,9699446562764165401251791317533912674237385429964214831,24,440,433,0.022187,0.014797,0.038306999999999994,0.06049399999999999,0.939506
184,18626849292167387044123969723309390925329349903285206507,24,405,383,0.013456,0.029114,0.09442999999999999,0.10788599999999998,0.8921140000000001
184,18804282751054831530309800753579061511332519271103678431,24,554,554,0.023752,0.023752,0.0,0.023752,0.976248
184,18252028929067861875789984563223162861221576906848127717,24,664,664,0.00746,0.00746,0.0,0.00746,0.99254
184,24181446627067838775417564967666980419690582548365581197,24,507,507,0.021723,0.021723,0.0,0.021723,0.978277
184,23005878760564119588403003965951554728473230184759392953,24,637,605,0.013731,0.003386,0.08749100000000003,0.10122200000000003,0.898778
184,23936510072986768214421716184424106299398221539866239897,24,504,500,0.030908,0.013191,0.013191,0.044099,0.955901
184,16234034926709714462589794505359125056267838558020716281,24,674,664,0.011818,0.01943,0.01943,0.031247999999999998,0.9687520000000001
184,23428690111692592128116212619775791367144015582938967239,24,463,456,0.075331,0.045492,0.067572,0.142903,0.857097
184,18912759825437398136803515023873579742325104166174841671,24,487,487,0.017527,0.017527,0.0,0.017527,0.982473
184,19927044154018425176840956388997557677674288593187597089,24,444,444,0.009385,0.009385,0.0,0.009385,0.990615
184,19536799308159701904048108852677303754701680967104128127,24,467,451,0.015897,0.026115,0.043353,0.059250000000000004,0.94075
184,19071823677149723706403511825275713145306081300414131937,24,611,608,0.005799,0.010482,0.010482,0.016281,0.983719
184,20612269609108741202241460271673864594887702871452882101,24,472,461,0.02445,0.019561,0.055025,0.07947499999999999,0.920525
184,18920239559229041789878510751170285007946834591953601329,24,707,689,0.025867,0.004195,0.076498,0.102365,0.897635
184,22611644979880324889689047625329907958432993333469481211,24,423,423,0.02962,0.02962,0.0,0.02962,0.97038
184,22464664451229199112637114050957084764371480284978460343,24,438,427,0.007994,0.01206,0.017183999999999998,0.025178,0.974822
184,20229563940142821382398535762812188204560973744420706551,24,554,554,0.02559,0.02559,0.0,0.02559,0.97441
184,14302906747822375527736225805395822106070407268478927343,24,463,463,0.01537,0.01537,0.0,0.01537,0.98463
184,22648934796018516144639607669733048190885481628018590453,24,502,495,0.018783,0.010929,0.010929,0.029712000000000002,0.970288
184,15697907949934382447029781871211500370846936672724531567,24,482,463,0.007958,0.015526,0.085522,0.09348000000000001,0.90652
185,39302817494925418904731805103331681348585472258348444957,25,627,624,0.032269,0.037794,0.037794,0.070063,0.929937
185,39163563717688705635413025356219451066821712937228964227,25,522,519,0.023771,0.007572,0.013326,0.037097,0.962903
185,43686826810459062412827238710551696728616518667617692019,25,620,600,0.004844,0.004193,0.04214500000000001,0.04698900000000001,0.9530109999999999
185,44530085274113978279620207534979690950635532686975502813,25,358,358,0.106363,0.106363,0.0,0.106363,0.893637
185,43570715964626102904381136448155751424171061828655209841,25,511,503,0.017825,0.0449,0.0449,0.062725,0.937275
185,42847627148824300921093636376913601640563740728623558181,25,766,764,0.008356,0.006578,0.006578,0.014934,0.985066
185,32083703321789764487338768250718421793945445188847533027,24,724,709,0.033587,0.02912,0.044968,0.078555,0.921445
185,33014805666036752589259540494640708288963751747621341763,25,580,580,0.018643,0.018643,0.0,0.018643,0.981357
185,41464335276070540341399584119313180727925975932568415057,25,443,411,0.013833,0.008396,0.05363300000000001,0.06746600000000001,0.932534
185,33861582902426483337301296118131448522568614203251711863,25,482,476,0.025838,0.032227,0.062463,0.08830099999999999,0.911699
185,46071639138339644800558097284225066199315293701982806079,25,869,869,0.016004,0.016004,0.0,0.016004,0.983996
185,37936033159136473000212002322269943296231496368568922549,25,391,391,0.018925,0.018925,0.0,0.018925,0.981075
185,48350569892826986379872186809679223015058022521047573871,25,531,531,0.07513800000000001,0.07513800000000001,0.0,0.07513800000000001,0.924862
185,41198097084082663709570476103319690345818375254249026263,25,455,455,0.004795,0.004795,0.0,0.004795,0.995205
185,45101352016751018053319721236302099399595057715497241929,25,497,471,0.014110999999999999,0.009688,0.032691,0.046801999999999996,0.953198
185,42065769993861888778368368385451592776021006938027669583,25,914,914,0.027711,0.027711,0.0,0.027711,0.972289
185,41907847300045853777854516119774591215451371041706482459,25,656,656,0.022705,0.022705,0.0,0.022705,0.977295
185,48828218167552081470122749610887068068091405463826001571,25,429,429,0.03139,0.03139,0.0,0.03139,0.96861
185,41321776714362126833330727735907708762522999908493584631,25,507,500,0.024937,0.007918,0.007918,0.032855,0.967145
185,45383217518804476499152706989070758316114620859553366943,25,365,365,0.036236,0.036236,0.0,0.036236,0.963764
186,91860233843352511299828307727646362358888480420031170413,25,666,666,0.044816,0.044816,0.0,0.044816,0.955184
186,80310109483483183267313583353855043236387938949945913511,25,366,366,0.073023,0.073023,0.0,0.073023,0.9269769999999999
186,80341684383462084364790814145428006802552449749708478169,25,644,644,0.011173,0.011173,0.0,0.011173,0.988827
186,94274586636737974618847930138230885567012445571032348059,25,563,562,0.013119,0.023369,0.023369,0.036488,0.963512
186,85286064753422311838018802719562606418460845712040300179,25,456,456,0.078635,0.078635,0.0,0.078635,0.921365
186,95824663807095715873047831217240459086791279500036727837,25,557,557,0.030475,0.030475,0.0,0.030475,0.969525
186,80600641280005619173439191411717632606164953443740925413,25,666,666,0.006005,0.006005,0.0,0.006005,0.993995
186,53363439485857552435882838625033101776848292903405327631,25,486,486,0.019709,0.019709,0.0,0.019709,0.980291
186,84360977267528679389916660229858829202359730331725108419,25,608,578,0.018229,0.038539,0.038539,0.056768,0.943232
186,79840201135431317961751024566665709261061070004618876607,25,415,399,0.017938,0.036562,0.036562,0.05449999999999999,0.9455
186,86866046861802039662583542752660385034769683216166980061,25,705,705,0.018265,0.018265,0.0,0.018265,0.981735
186,86323619254797487920466332795791126216445907418620989923,25,549,527,0.011562,0.002746,0.029163,0.040725,0.959275
186,96229941655765770007029825039522376331365113196946498957,25,456,456,0.011774,0.011774,0.0,0.011774,0.988226
186,68612351526722038739277226442469049931568086799744053797,25,516,483,0.019178,0.01778,0.107953,0.127131,0.872869
186,68105415306841011876975324285506148265126787018204059721,25,698,698,0.022477,0.022477,0.0,0.022477,0.977523
186,82153452353776642549718572430278706898613500637862573111,25,591,591,0.041077,0.041077,0.0,0.041077,0.958923
186,58260742770043455753114412466166256900662844348827175237,25,675,669,0.011225,0.015326,0.015326,0.026550999999999998,0.973449
186,92398084669964916514251013016603556504210733394779182767,25,387,362,0.006858,0.042563,0.18431099999999997,0.19116899999999998,0.8088310000000001
186,85070111672001330371958789558357340118850688442337853217,25,418,418,0.019715,0.019715,0.0,0.019715,0.980285
186,77006883355586853676151730714225091231991247740864640619,25,452,452,0.031835,0.031835,0.0,0.031835,0.9681649999999999
187,185702567469454758545522669141358609758902348939813864093,25,552,552,0.026854,0.026854,0.0,0.026854,0.973146
187,179941892859217785606681885687143742888315889414346363689,25,1050,1050,0.008658,0.008658,0.0,0.008658,0.991342
187,181526373319561920706249179904543072763946711556143801553,25,556,556,0.052249,0.052249,0.0,0.052249,0.947751
187,167429568427479950155810682841163388259872915659211758439,25,440,428,0.013927,0.021538,0.021538,0.035465,0.964535
187,186979504018673334316662054121094588580490052795915527519,25,598,594,0.028934,0.009838,0.009838,0.038772,0.961228
187,145169698815553753950995436308896640554249031871232995529,25,616,616,0.007172,0.007172,0.0,0.007172,0.992828
187,189461310023527313299690027067741970827568893636258377063,25,791,791,0.007398,0.007398,0.0,0.007398,0.992602
187,195549547224884539368396804380565596304971046728434683161,25,445,439,0.029566,0.017367,0.017367,0.046933,0.953067
187,178245846474078559274688392189915797290638577194576694293,25,467,467,0.044162,0.044162,0.0,0.044162,0.955838
187,140252436907018775044357018689165543420042260373871440727,25,544,532,0.007881,0.014895,0.06626,0.074141,0.925859
187,192105990641511042361486580149859043063803753731838318981,25,861,825,0.025185,0.021005,0.14039400000000002,0.16557900000000003,0.834421
187,178454889426021172984526500874394848133697897783899319511,25,1017,996,0.076005,0.02081,0.029802999999999996,0.105808,0.894192
187,147793902755095806954444489354226029687835800736294743133,25,654,654,0.053655,0.053655,0.0,0.053655,0.946345
187,181066564675332279473924972484406057203667755771628163519,25,433,427,0.017692,0.014941,0.014941,0.032632999999999995,0.967367
187,168818801318777087057170297997195516793375607488939767557,25,507,472,0.022942,0.010279,0.063648,0.08659,0.91341
187,163084686989748233415040348211861253938756903626114968719,25,430,430,0.008052,0.008052,0.0,0.008052,0.991948
187,188075731576689556162612507442726713223245640460883288489,25,608,600,0.022253,0.026632,0.059131,0.081384,0.918616
187,132226185708852638537764772743714220747210366978910886177,25,497,492,0.004874,0.015056,0.024286000000000002,0.029160000000000002,0.97084
187,194698576701919400115040833966319106090888842928840082833,25,487,487,0.015963,0.015963,0.0,0.015963,0.984037
187,125253423035716542158322394161648453041038946552062725559,25,507,507,0.01411,0.01411,0.0,0.01411,0.98589
188,314224750521702231589078779205748577487125730214151848227,25,477,477,0.064877,0.064877,0.0,0.064877,0.935123
188,214725867801677657763150716044378228025925022271604157093,25,381,381,0.015717,0.015717,0.0,0.015717,0.984283
188,337786569927761505444410838242068306234426938889367376089,25,438,438,0.106728,0.106728,0.0,0.106728,0.893272
188,360223106477640603715939086025088234494108141240755800321,25,461,461,0.010849,0.010849,0.0,0.010849,0.989151
188,374124987525817520307508964115960865602386918837898179827,25,671,671,0.05802,0.05802,0.0,0.05802,0.94198
188,361989780913006793919620222968747185160737595989089084909,25,463,454,0.01196,0.004023,0.044076000000000004,0.056036,0.943964
188,317559581118592945343728270732523067627215982144611637637,25,424,409,0.021585,0.02757,0.040585,0.06217,0.9378299999999999
188,379999621526733814982174866558604085395375086537465979591,25,411,411,0.009586,0.009586,0.0,0.009586,0.990414
188,366021560344730588643709636731405132352498915207181378779,25,433,433,0.075201,0.075201,0.0,0.075201,0.924799
188,387944003533460640819952009732254475678414088984486177033,25,657,657,0.011412,0.011412,0.0,0.011412,0.988588
188,374845489005902740783352118914562105030081362850475258007,25,684,681,0.009681,0.022338,0.022338,0.032019,0.967981
188,386515816923087548415772467909907858268131406963172669599,25,549,548,0.067979,0.014645,0.014645,0.082624,0.917376
188,221106737983069547058303874626625601611876932304469714993,25,470,470,0.032511,0.032511,0.0,0.032511,0.967489
188,240210128646608330322236250926839186745574038027417949109,25,557,555,0.049012,0.0082,0.0082,0.057212,0.942788
188,318351913440867881282887107239336403432896585513539162139,25,495,473,0.020046,0.014219,0.036488,0.056534,0.943466
188,378635620380227758123177463104203120047480633879439638329,25,474,474,0.027948,0.027948,0.0,0.027948,0.972052
188,319199732197973078769687558220972231917492453889455575179,25,475,475,0.047072,0.047072,0.0,0.047072,0.952928
188,381980473612089531334196860824416470009021634012423067737,25,457,457,0.01529,0.01529,0.0,0.01529,0.98471
188,256586033541357135375485125099595006467144223152458416503,25,378,378,0.066495,0.066495,0.0,0.066495,0.933505
188,353636550421510722509208696720104070107782240230147107101,25,526,526,0.027459,0.027459,0.0,0.027459,0.972541
189,408589902288642681578344276763041902416284671692080986377,25,440,407,0.004991,0.014737,0.076191,0.08118199999999999,0.918818
189,646628678273258141372517202145221034603557799378124614201,25,559,559,0.003061,0.003061,0.0,0.003061,0.996939
189,592635606571861287284224295593110454631652264655249578353,25,530,528,0.006096,0.004223,0.004223,0.010319,0.989681
189,650208432524537748605744087782608274999617116493579199513,25,627,618,0.014186,0.010951,0.018028000000000002,0.032214000000000007,0.967786
189,599419609079700662276957964472775050611343385405910300163,25,797,783,0.007254,0.004445,0.037298000000000005,0.04455200000000001,0.955448
189,591139658903332237066666950704418695507871569867166356959,25,517,517,0.022796,0.022796,0.0,0.022796,0.977204
189,759303095841708533868206131077305245572712516145789616107,25,440,440,0.043899,0.043899,0.0,0.043899,0.956101
189,723374087894581884780114042666006439305170047096296570421,25,441,420,0.004436,0.016529,0.037037999999999995,0.041474,0.958526
189,642089268364349919722039425710377324200681378773618660631,25,544,544,0.008575,0.008575,0.0,0.008575,0.991425
189,493458509028245692711455247191997853201057771326056542803,25,816,801,0.046561,0.023776,0.023776,0.070337,0.929663
189,775267771444101410063934578993845769575953505357992661799,25,822,822,0.045786,0.045786,0.0,0.045786,0.954214
189,525214235994067347101638348805237964788334546789415420243,25,655,648,0.003036,0.003012,0.003012,0.0060479999999999996,0.993952
189,510228484199873332122049098813102378921923672052464278333,25,443,443,0.051038,0.051038,0.0,0.051038,0.948962
189,630121824338129668949919059009823882545840337934822277567,25,715,699,0.028489,0.010238,0.056192000000000006,0.084681,0.915319
189,755634779781799121353112557954459602771587484582257255551,25,411,411,0.007417,0.007417,0.0,0.007417,0.992583
189,612172740703460905652990412541931502012476806243188854431,25,635,629,0.013155,0.007397,0.033,0.046155,0.953845
189,530704707601162495384297467780173501132805319654798984003,25,458,433,0.01987,0.011405,0.042891000000000006,0.06276100000000001,0.9372389999999999
189,756916004872319657418986856461653189263814971681663763573,25,577,572,0.05304,0.03399,0.03399,0.08703,0.9129700000000001
189,490921607897052107753246264180398217237973784027521089099,25,450,445,0.00918,0.018052,0.035545,0.044725,0.955275
189,767702133245506513310164240704062695141079949461903447479,25,508,499,0.020165,0.006887,0.021832,0.041997,0.958003
190,1107697980005560535935691181882881481298971577503883545431,25,513,511,0.036891,0.019444,0.019444,0.056334999999999996,0.943665
190,1447718595714448727207173851527167403200700108585820235931,25,401,401,0.070459,0.070459,0.0,0.070459,0.929541
190,1067595819970828694093593212927706218036137678171084438953,25,506,479,0.018045,0.021409,0.12294500000000001,0.14099,0.85901
190,1236956916814563958009976698763228455869309463346857145209,25,444,424,0.013069,0.013395,0.12573099999999998,0.13879999999999998,0.8612
190,1303595662239872394152630143462469139534875953977955173719,25,959,953,0.025672,0.013766,0.028224,0.053896,0.9461040000000001
190,1436728764183159269584547372484560757421757510937607299719,25,426,426,0.077573,0.077573,0.0,0.077573,0.922427
190,1358738873900145804437909196195927584579190583894624729549,25,522,518,0.043591,0.015041,0.015041,0.058632,0.941368
190,1309414713325066973570726305039978280113478833538624990717,25,689,689,0.004408,0.004408,0.0,0.004408,0.995592
190,1119233946195882068749589393936438955574244336504433599743,25,534,534,0.071804,0.071804,0.0,0.071804,0.928196
190,1391390333131732070825024754648255205953706845753859235761,25,876,876,0.024294,0.024294,0.0,0.024294,0.975706
190,1219405195991088602219964475590713847204090579216876133247,25,688,688,0.014765,0.014765,0.0,0.014765,0.985235
190,1285952433782265124699401960911465263241667818151785942989,25,502,469,0.037437000000000005,0.016097,0.125659,0.163096,0.836904
190,936281692826227408663886118472398327211075139996831483807,25,467,460,0.04468,0.010925,0.010925,0.055605,0.944395
190,1495152348884655255748854019985088902044523205603769307549,25,506,506,0.040897,0.040897,0.0,0.040897,0.959103
190,1543054376408543181151756345226381442258117792563593031941,25,481,481,0.017022,0.017022,0.0,0.017022,0.982978
190,1197900039859831281860297786593556759105357856705065296097,25,369,369,0.112814,0.112814,0.0,0.112814,0.887186
190,1325762643789188253480076014106355323863094856768820242033,25,414,414,0.103946,0.103946,0.0,0.103946,0.896054
190,1549503894836788136271053205345052692884272523599834807513,25,515,513,0.029075,0.037274,0.037274,0.066349,0.933651
190,1371820001327266974371651800423316814650750283162857664521,25,384,384,0.059256,0.059256,0.0,0.059256,0.940744
190,1319759631078608755615705806993244756656084597458744780879,25,521,500,0.013928,0.010179,0.053384999999999995,0.067313,0.932687
191,2180877054471620294689724695606846212849552332318992940407,25,497,497,0.0467,0.0467,0.0,0.0467,0.9533
191,1606385381360148813307516689773707722363849418834436678389,25,418,418,0.022854,0.022854,0.0,0.022854,0.977146
191,2738991831553984659353836548560279154535043688289688027603,25,465,458,0.010337,0.011054,0.016515,0.026852,0.973148
191,2021640631374636353782008830324840969777513038468864748759,25,652,648,0.01254,0.012314,0.012314,0.024854,0.975146
191,2105598972222103150968007207241144213000505023620025661667,25,422,422,0.030002,0.030002,0.0,0.030002,0.969998
191,2954552227750152336095183292848417913001395070298811029879,25,615,609,0.021637,0.003825,0.003825,0.025462,0.974538
191,2604823021534871940153658516882468145972589783978202484923,25,499,499,0.034886,0.034886,0.0,0.034886,0.965114
191,2697799617327879157081712621189446951709202892838110789249,25,1093,1093,0.035598,0.035598,0.0,0.035598,0.964402
191,2749750578464362511041140809468842163052814508247072125809,25,709,702,0.005901,0.018028,0.018028,0.023929,0.976071
191,2810254725646498720414994000029322939731083303115400227283,25,624,595,0.0132,0.009174,0.06706300000000001,0.08026300000000001,0.919737
191,2919723125927389511356972449231841889026550065177689782341,25,632,606,0.041043,0.013397,0.120049,0.161092,0.838908
191,2384759410471810319375657922573509817577252181814221416381,25,543,543,0.057397,0.057397,0.0,0.057397,0.942603
191,2870902859138464144898136609805487079043674281379484515257,25,565,564,0.01157,0.006502,0.006502,0.018072,0.981928
191,2531428612228677358426023750691561085464553004835817283823,25,685,685,0.024291,0.024291,0.0,0.024291,0.975709
191,2569199376454128229458263634674647272803671413063904093681,25,483,469,0.018242,0.013086,0.028594,0.046836,0.953164
191,2077139403037075257284520813457747381680630617898050789129,25,582,582,0.015317,0.015317,0.0,0.015317,0.984683
191,2599527300982831600647840629042688948539972657946504879419,25,743,739,0.011725,0.006623,0.006623,0.018348,0.981652
191,2939945259852704861237884063321703407639606324099970984489,25,520,520,0.06797,0.06797,0.0,0.06797,0.93203
191,2806787067261975292631801717103764100516337005958274854877,25,907,904,0.011804,0.005127,0.018222000000000002,0.030026000000000004,0.969974
191,3102854422286895681399386946361481173908793767638701190957,25,535,535,0.052427,0.052427,0.0,0.052427,0.947573
192,6053136549975215707114861824618604186550967571524618556511,25,587,574,0.034738,0.037271,0.064343,0.099081,0.900919
192,5772223899679240100865858833866067485733365743633882768503,25,429,417,0.013525,0.041374,0.103592,0.117117,0.882883
192,4939008137476552065240184537828644764133517214756158762829,25,496,490,0.018765,0.025051,0.05982,0.078585,0.921415
192,6212435194276394115763543059243494938563033646586224859629,25,574,559,0.020538,0.017307,0.04687,0.067408,0.932592
192,3874204338182140753502701838530384426297759523506113427483,25,628,628,0.033601,0.033601,0.0,0.033601,0.966399
192,3347208880492337566130653746802735549578109517894379499733,25,785,784,0.03059,0.008489,0.008489,0.039079,0.960921
192,4306083721119286908591380042584606571729048503575164227711,25,507,496,0.017803,0.018658,0.051472000000000004,0.069275,0.930725
192,5163763031624406920207830805702663059843081289928205028959,25,626,626,0.030438,0.030438,0.0,0.030438,0.969562
192,6130364660359904866071451106195076205876004972250032444803,25,494,494,0.007155,0.007155,0.0,0.007155,0.992845
192,6254696907579855069014156880599952401895926775151729298633,25,580,580,0.030379999999999997,0.030379999999999997,0.0,0.030379999999999997,0.96962
192,4873661477686905481674696353544486097679453418713697857441,25,1093,1093,0.026767,0.026767,0.0,0.026767,0.973233
192,5412175546964427994074789034451167835889491793324688758467,25,799,789,0.007876,0.011459,0.018241,0.026117,0.973883
192,5910884209390437413999109263981667425861292837036749005609,25,578,576,0.021926,0.015575,0.015575,0.037501,0.962499
192,4621285287029859947459316813570982113322073918209718266019,25,559,559,0.06371,0.06371,0.0,0.06371,0.93629
192,5696283951894185144007889520249234417647198158940715431933,25,440,440,0.022973,0.022973,0.0,0.022973,0.977027
192,3683958575511235413756595798246241035800834295791075521963,25,463,463,0.039249,0.039249,0.0,0.039249,0.960751
192,4468006165118885684913086683109597497945491118316503789123,25,1043,1002,0.010433999999999999,0.007857,0.09942299999999997,0.10985699999999997,0.890143
192,5488497809815368048793079212529624026388526869419621039691,25,562,550,0.016634,0.006323,0.112946,0.12958,0.87042
192,5659542164522658766094858453465847140623734081033257305487,25,457,457,0.013013,0.013013,0.0,0.013013,0.986987
192,6149807903410653285967321465976396749348286539647506887699,25,638,635,0.025414,0.030614,0.030614,0.056027999999999994,0.943972
193,9905013207931875527529191960135739218017812814063208578531,25,663,629,0.023334,0.012757,0.100289,0.12362300000000001,0.876377
193,10100483858506872648422975068896319443064533148276380832169,25,694,674,0.013294,0.023554,0.073245,0.086539,0.913461
193,11663540999446197162723452607497563376895758675776898312369,25,546,534,0.039955000000000004,0.075749,0.100227,0.140182,0.859818
193,10897749645060145624874358483865606849691424744321528304937,25,565,562,0.014671,0.004923,0.009637,0.024308,0.975692
193,10565624405515099844116517970763527091130891790570283157137,25,488,488,0.078678,0.078678,0.0,0.078678,0.921322
193,12070921450587575263287627747872390786879378063838490617043,25,697,697,0.025527,0.025527,0.0,0.025527,0.974473
193,9664634974777947645604027278555623329607100282762834013441,25,509,509,0.016005,0.016005,0.0,0.016005,0.983995
193,12322960193874180073992358693327396906594292112230707610489,25,648,614,0.004549,0.005242,0.061091999999999994,0.06564099999999999,0.934359
193,8099708654360452993215966572101668396566826381629301683063,25,608,570,0.025568,0.024056,0.158819,0.184387,0.815613
193,11214351833369361189026414622248506634769198922661651441293,25,527,527,0.023237,0.023237,0.0,0.023237,0.976763
193,9128073803947130372484141505624445498586637123573747380151,25,441,441,0.026086,0.026086,0.0,0.026086,0.973914
193,11312813665303613237304198878301422628970319071234047845347,25,719,700,0.004658,0.003635,0.008502,0.013159999999999998,0.98684
193,11023902979621732752907862575267849055507922142544485438789,25,571,562,0.005097,0.008704,0.021729,0.026826,0.973174
193,11262927042730954176015822824963334235937052626560568007419,25,567,567,0.006892,0.006892,0.0,0.006892,0.993108
193,10857095320997612707420637232964945337144528989105797131153,25,816,816,0.026793,0.026793,0.0,0.026793,0.973207
193,10494271519339392909894195833014476236187539413566084429379,25,584,584,0.013367,0.013367,0.0,0.013367,0.986633
193,12278064626184964589595523842860542425676931971855436832259,25,610,610,0.016489,0.016489,0.0,0.016489,0.983511
193,8482872608322654051369609585269639790901351219221511846733,25,497,497,0.023965,0.023965,0.0,0.023965,0.976035
193,7306887098618586073076594877395470343989113832174839245017,25,574,555,0.017628,0.016784,0.016784,0.034412,0.965588
193,12409265929614063311478379725438459124196359168832063103151,25,479,478,0.056349,0.048225,0.048225,0.104574,0.895426
194,20683260459467499029277828805303888053838228828420773810227,25,676,674,0.007134,0.007555,0.007555,0.014689,0.985311
194,21350469721329597074134362589876985354717072338210358108849,26,398,398,0.056752,0.056752,0.0,0.056752,0.943248
194,18942954816325570836124528681131878336599202626159580306777,25,469,463,0.024144,0.021053,0.042148,0.06629199999999999,0.933708
194,24458941949583565962792372221933150989311549041638920536113,26,689,675,0.020661,0.01043,0.06818199999999999,0.08884299999999999,0.911157
194,21076672769905977070352813226874932564034530295953191284753,25,535,535,0.00808,0.00808,0.0,0.00808,0.99192
194,22249362777783306049117932825890593656249535237757916625729,26,442,418,0.026652,0.026942,0.046111,0.072763,0.927237
194,23203422452949787679074210878498136594954609999835899906157,26,610,603,0.016496,0.014089,0.02211,0.038606,0.961394
194,20868115815896194713106525621357671273079634596135616425361,25,625,619,0.023361,0.03252,0.049363000000000004,0.07272400000000001,0.927276
194,23192686299066524320738010687390362447126038875074169556253,26,613,605,0.010285,0.007887,0.03352,0.043805000000000004,0.956195
194,22340054129412896419322214973520037370083718012993281910367,26,418,418,0.006119,0.006119,0.0,0.006119,0.993881
194,23181673086820734631906360554899103585708564817833096064921,26,1289,1289,0.020693,0.020693,0.0,0.020693,0.979307
194,24582599091151675799091021479482934414662039688624223437687,26,426,426,0.01082,0.01082,0.0,0.01082,0.98918
194,25065435242975997360701202808292864499688676903327335870541,26,495,495,0.017498,0.017498,0.0,0.017498,0.982502
194,18390454080376419958677765335623388001794346466558675435283,25,548,544,0.018227,0.010005,0.010005,0.028232,0.971768
194,22922786508061659363842923473806512470282966011733435851431,26,1073,1042,0.000941,0.001678,0.005067,0.006008,0.993992
194,17061387184720152302891304554226083544383293835520188213651,25,467,443,0.082244,0.010812,0.14491500000000002,0.227159,0.772841
194,18618516616598255372519874377476542080222536021373325270311,25,464,464,0.128047,0.128047,0.0,0.128047,0.871953
194,21282237135538130116514856262480953933294724963389201954481,26,554,551,0.010537,0.015574999999999999,0.015574999999999999,0.026111999999999996,0.973888
194,20522969516655873169000695377445575228468042248954518479057,25,565,536,0.006597,0.005751,0.042832999999999996,0.049429999999999995,0.95057
194,14989350088210543607482262847185984320363092765497004877451,25,647,639,0.006095,0.005924,0.005924,0.012018999999999998,0.987981
195,43040604789452163741387408621112136409598757059035661677893,26,584,578,0.033546,0.015308,0.030612,0.06415799999999999,0.9358420000000001
195,49088991794939140574010539690236171966040109026993415914269,26,445,442,0.082375,0.039397,0.039397,0.121772,0.878228
195,48300749567102905436273718192442740995408307546941115427897,26,494,482,0.032803,0.040957,0.040957,0.07375999999999999,0.92624
195,48906073225085902924815189872988257194974124450370814611651,26,421,421,0.057568999999999995,0.057568999999999995,0.0,0.057568999999999995,0.942431
195,36863086582293400960306820600939234657564365893479938560799,26,734,706,0.003491,0.007727,0.033603,0.037094,0.962906
195,39520094337921324612196662792851626492332520911673811699729,26,885,885,0.005504,0.005504,0.0,0.005504,0.994496
195,48712327583936410948919472729136236367597407084610635272833,26,458,458,0.00887,0.00887,0.0,0.00887,0.99113
195,40655326120160876332407096732056168721873529846326635963177,26,449,435,0.016633,0.015049,0.065872,0.082505,0.917495
195,49535766793358394398954575009134138350900646325935636614543,26,585,573,0.049402,0.052819,0.08688699999999999,0.136289,0.863711
195,41862719142251391308296850055406978004299551713109836123227,26,582,576,0.019348,0.010493,0.010493,0.029841,0.970159
195,39425775947292327135017849550127493358385136125831647180659,26,469,456,0.021173,0.041147,0.041147,0.06232,0.93768
195,40030915462863037646967083275653053673838289093488559065567,26,612,598,0.027263000000000003,0.02576,0.02576,0.053023,0.946977
195,40570734708690516020996671408225641495385595046735671957119,26,459,459,0.031046,0.031046,0.0,0.031046,0.968954
195,40934085183179492462123851985126002111578252845347853305697,26,486,486,0.107826,0.107826,0.0,0.107826,0.892174
195,35128682060529629825193792168573153198841552039371874266881,26,455,446,0.010681,0.009417,0.009417,0.020097999999999998,0.979902
195,33386520498533519946398383478624977467807699443830033789513,26,580,580,0.026923,0.026923,0.0,0.026923,0.973077
195,40141148770606288794672640695647670636575757821310805897243,26,516,516,0.02349,0.02349,0.0,0.02349,0.97651
195,40490518455055723132909066555944613680023787528271085543291,26,564,564,0.042702,0.042702,0.0,0.042702,0.957298
195,47614627301874134935455529116186115164906112363136503150483,26,654,654,0.034126,0.034126,0.0,0.034126,0.965874
195,34473817038037491202068900808519350419613875057302440357481,26,602,602,0.003726,0.003726,0.0,0.003726,0.996274
196,95168415107121660560916881793289203952418490854465168975321,26,685,685,0.010553,0.010553,0.0,0.010553,0.989447
196,90009791547499984548910278716753576073152720702817059055901,26,511,498,0.03739,0.033583,0.033583,0.07097300000000001,0.929027
196,87459073763838296701927301523704259554148918532862184975629,26,551,551,0.026458,0.026458,0.0,0.026458,0.973542
196,70309503501777340343079821334567642537559966663221390472973,26,501,477,0.008209,0.03489,0.08205599999999999,0.09026499999999998,0.909735
196,95305038515393842196007534454562012255827385548443606952501,26,605,597,0.003551,0.004471,0.026225,0.029775999999999997,0.970224
196,82858880649466251495449216071414702109906561191821038787641,26,397,397,0.027979,0.027979,0.0,0.027979,0.972021
196,97083793852684433813008089400054003385653724507596918274297,26,684,663,0.004814,0.010377,0.035708000000000004,0.040522,0.959478
196,99466774561138218293682307547255032274447325955533021392447,26,486,486,0.025486,0.025486,0.0,0.025486,0.974514
196,62333097639089791343889610479116623630492359496474506120427,26,844,829,0.00637,0.004385,0.037794999999999995,0.044164999999999996,0.955835
196,98202769533374705029605057892210661368086364721024686834069,26,593,593,0.013039,0.013039,0.0,0.013039,0.986961
196,76205915167282914218102341674425274873438928127960827493699,26,787,784,0.05145,0.029483,0.029483,0.080933,0.919067
196,99735781901275954167800573841902347907225001572434442739617,26,680,680,0.030885,0.030885,0.0,0.030885,0.969115
196,75523924234554614323219474180414139839611222725124775536109,26,469,469,0.030375,0.030375,0.0,0.030375,0.969625
196,98856416133856584127753735193005691636012090201233990732729,26,443,428,0.026903,0.035906,0.07782,0.104723,0.895277
196,74465721503975476013420915082380026622357493970492148475923,26,621,621,0.032392,0.032392,0.0,0.032392,0.967608
196,93695083979722113939155057731935369089046162236564738423191,26,541,537,0.015839,0.014963,0.014963,0.030802,0.969198
196,77879392079591903526474505876698267670805166486636028530899,26,494,472,0.034783,0.01498,0.01498,0.049763,0.950237
196,84229306643800747300264590699152695007580757244203842094811,26,552,552,0.034622,0.034622,0.0,0.034622,0.965378
196,94030668663190317444347187347006250211939496898445186865789,26,840,817,0.004784,0.010057,0.021966,0.02675,0.97325
196,100248369583162082393739261464041339014101482772776091948201,26,438,431,0.021576,0.01932,0.04358,0.065156,0.934844
197,167659105655698882339508182915480992256595774433903924122623,26,1544,1534,0.008758,0.005061,0.029325999999999998,0.038084,0.961916
197,122449747198975822084132001235051055769374123302428745305941,26,652,652,0.012578,0.012578,0.0,0.012578,0.987422
197,157771390213784769025733801475620067885551276043484431320057,26,522,522,0.035709,0.035709,0.0,0.035709,0.964291
197,195362636325845913268639913567995093493514004135984307800363,26,573,551,0.045815,0.005303,0.15072900000000003,0.19654400000000002,0.803456
197,160328182105787324869078655378810538500450812696259544941773,26,496,496,0.071187,0.071187,0.0,0.071187,0.928813
197,184970800291752440068635983309521468062368504646083676644033,26,648,648,0.016598,0.016598,0.0,0.016598,0.983402
197,164144776080649194883406513297516553025716555924591056615183,26,435,431,0.022215,0.012083,0.021015,0.04323,0.95677
197,140818764650826975296987375129283355966942621459853255150479,26,564,564,0.013773,0.013773,0.0,0.013773,0.986227
197,189022387984517778950705123442972032908094852334290657306231,26,449,449,0.041264,0.041264,0.0,0.041264,0.958736
197,172220763612696405396243073018306035394484382521705030045911,26,445,438,0.012278,0.009149,0.023492,0.035769999999999996,0.96423
197,154481106607181704446691691500013964555830349483415881254479,26,744,743,0.016845,0.026286999999999998,0.026286999999999998,0.043132,0.956868
197,138116520840863501578382275910208792542013786200119809943421,26,465,465,0.018153,0.018153,0.0,0.018153,0.981847
197,128167436666847967508432921399395745683533771986744909507099,26,467,467,0.03139,0.03139,0.0,0.03139,0.96861
197,179430245545432323474984038609312519060231752952330260578973,26,644,644,0.007351,0.007351,0.0,0.007351,0.992649
197,164907321185035410613697079130730386934791247649211425433501,26,643,616,0.002658,0.003545,0.034831,0.037489,0.962511
197,149559974584198894049055200074096371180280008283748787845411,26,446,432,0.128371,0.037776,0.037776,0.16614700000000002,0.833853
197,141960287108387193832375793429518062558146806429474522246723,26,506,506,0.033486,0.033486,0.0,0.033486,0.966514
197,117962418323306660486403773161381103053143923297611666689523,26,462,462,0.012217,0.012217,0.0,0.012217,0.987783
197,159003940652452327574248903060253950134870172438916155070369,26,723,688,0.019787,0.008578,0.2711390000000001,0.2909260000000001,0.709074
197,186310928751907307724815625865601039478473930304908425333493,26,812,812,0.016017,0.016017,0.0,0.016017,0.983983
198,358800385741478548379741226608716034844371071935561085305833,26,623,617,0.022208,0.021257,0.021257,0.043465000000000004,0.956535
198,361832547229010809777991703475089455145922714751449984988413,26,419,415,0.067148,0.036235,0.036235,0.103383,0.896617
198,366234672716741757435258864069198637471462810470347219616629,26,688,679,0.00758,0.008046,0.013141,0.020721,0.979279
198,381944248262064685581254962871209750407378184907165945167889,26,559,559,0.016497,0.016497,0.0,0.016497,0.983503
198,354687072527494597410093290280585584399421663969934020853223,26,598,598,0.049158,0.049158,0.0,0.049158,0.950842
198,379245416457437245542302776449664948360818185536921628076539,26,432,432,0.026667,0.026667,0.0,0.026667,0.973333
198,276003453857523809899467677088049878845070200584331936691041,26,534,534,0.021676,0.021676,0.0,0.021676,0.978324
198,209990048987204577494427221770767574738889930041728156874193,26,577,577,0.027473,0.027473,0.0,0.027473,0.972527
198,256901948110234610129862767369945243180538397102365122358427,26,484,483,0.015933,0.06446099999999999,0.06446099999999999,0.080394,0.919606
198,392896855902880253325160541666344098709384930507930453171681,26,468,468,0.010382,0.010382,0.0,0.010382,0.989618
198,261148592887412956171116968549303549257459540886776423198739,26,509,508,0.007338,0.010581,0.010581,0.017919,0.982081
198,380307295207752593087679241538739081357344508076536875023627,26,597,574,0.047381,0.053713,0.113421,0.160802,0.839198
198,388299617663319746972489463784551990330983404458676571447693,26,517,496,0.009793,0.007897,0.040148,0.049941,0.950059
198,328573357774619762260295479993442675189590010826879831896677,26,534,519,0.00551,0.016177,0.020987,0.026497,0.973503
198,345095965742713044505246800463174842475462680793869138019261,26,453,453,0.03326,0.03326,0.0,0.03326,0.96674
198,292581670931790651470491827458218900376775743841380672403887,26,503,503,0.016734,0.016734,0.0,0.016734,0.983266
198,390539114582262272077001713638342490864897532470034331261247,26,491,473,0.060377,0.062621,0.062621,0.122998,0.8770020000000001
198,360504086773559647539204736208829484928785732049355565383643,26,395,395,0.019366,0.019366,0.0,0.019366,0.980634
198,235950558879078260282437419803935172239069320587333159451019,26,530,530,0.01436,0.01436,0.0,0.01436,0.98564
198,398227691324642613283526129594013507506766970246599454997939,26,659,643,0.020686,0.008465,0.014672000000000001,0.035358,0.964642
199,754357335704061312767906283574368857849729996361323767853021,26,540,540,0.085824,0.085824,0.0,0.085824,0.914176
199,740449135866891063702563724186205751814739503564925633250647,26,478,453,0.017785,0.016472,0.038812,0.056596999999999995,0.943403
199,783572025208462059459081331520531102495696274404533915350617,26,510,493,0.019953,0.022011,0.058241,0.078194,0.921806
199,689619749063096498116944459976173154436509257531702365821471,26,624,613,0.023329,0.014833,0.022507000000000003,0.045836,0.954164
199,792261444591087612509889756571590671010253289767476929883959,26,692,692,0.034773,0.034773,0.0,0.034773,0.9652270000000001
199,485165244720747932715066275346273892339756962905587028338027,26,452,452,0.068744,0.068744,0.0,0.068744,0.931256
199,701425127964276666799904563003747018572056891360383272760451,26,1119,1102,0.013014,0.041426,0.041426,0.054439999999999995,0.94556
199,790893896840481035276180066252113476643190200344778153065643,26,924,924,0.054235,0.054235,0.0,0.054235,0.945765
199,763536298621525364342165189094083117188952849209780027677679,26,601,593,0.035047,0.015546,0.04242900000000001,0.07747600000000002,0.922524
199,613617912594322713495151233564022371433770815044783317065269,26,827,827,0.015987,0.015987,0.0,0.015987,0.984013
199,701969238772333138157522384223588554623546191713496616248319,26,475,475,0.056026,0.056026,0.0,0.056026,0.943974
199,659743727985962787654640554658683537620374805989756454087933,26,679,679,0.01275,0.01275,0.0,0.01275,0.98725
199,690360274208079369250317450856211794224002008122073050016637,26,522,522,0.041311,0.041311,0.0,0.041311,0.958689
199,500887070634424955740905032565576942995006631697841024678317,26,521,521,0.01953,0.01953,0.0,0.01953,0.98047
199,562515533415072305976115813906881843805019952700501666255663,26,510,509,0.010298,0.007307,0.007307,0.017605,0.982395
199,687386421009493082281833809951506042909624825066468351426301,26,451,437,0.054985,0.017888,0.026915,0.0819,0.9181
199,627831828857047974697867855909832323916998184071016955354641,26,557,557,0.065986,0.065986,0.0,0.065986,0.934014
199,531493718748199409115070187956201803475378862922781030803881,26,499,499,0.024218,0.024218,0.0,0.024218,0.975782
199,764298723870080571982440894112670628624228896767629734930611,26,441,425,0.030027,0.039084,0.039084,0.069111,0.930889
199,563561550095967293743840793623207928679303836705271230763571,26,769,762,0.011929,0.009654,0.023918000000000002,0.035847000000000004,0.964153
200,1295789132477604807715877944458947246775511838525972200835657,26,631,631,0.035914,0.035914,0.0,0.035914,0.964086
200,1580265433117145949318612574335473147379586407902007615572209,26,560,553,0.007873,0.017813,0.017813,0.025686,0.974314
200,1031264165415914398404034296717937295434353057321618942293977,26,686,662,0.023859,0.023065,0.08719099999999999,0.11105,0.88895
200,942274183107708126744367799889859979943002828490182769563693,26,743,715,0.0069960000000000005,0.025991,0.19163399999999997,0.19862999999999997,0.80137
200,1243256742262564810336975229173603901549307573958804818142771,26,585,568,0.020193,0.010729,0.019371,0.039564,0.960436
200,1332260463557925975266900697251791362056896106900938778652773,26,696,696,0.008265,0.008265,0.0,0.008265,0.991735
200,1534546510819566200886924830244913417667526810936895301477933,26,457,452,0.055890999999999996,0.010298,0.027797000000000002,0.083688,0.916312
200,1457315434423192483527568367362496447605043071246754450536801,26,567,567,0.039929,0.039929,0.0,0.039929,0.960071
200,1515478547137402687976907484166669091143375006869904371011019,26,580,580,0.035102,0.035102,0.0,0.035102,0.964898
200,1328401728722624823335450602027897002059084341229046226740677,26,501,500,0.008335,0.006301,0.006301,0.014636,0.985364
200,1069405338840333297089210313682851116995000495488370707114107,26,868,865,0.017745,0.006523,0.006523,0.024268,0.975732
200,1577668914616112972976239927299568044527242009386300299995513,26,993,993,0.0286,0.0286,0.0,0.0286,0.9714
200,924932144930952159695588929751342486737404577556159754527249,26,444,435,0.021828,0.02007,0.02007,0.041898000000000005,0.958102
200,1430455149298665257668430782969274466789353299446322896956953,26,484,475,0.004125,0.002907,0.012268999999999999,0.016394,0.983606
200,1471759896903796862187242593818058236014421372969552658348613,26,837,837,0.158163,0.158163,0.0,0.158163,0.841837
200,1024997524686414507856278528573582273997937245288256214142637,26,547,547,0.016079,0.016079,0.0,0.016079,0.983921
200,1269662956978065591146754145192337292773571460456699566030607,26,531,531,0.036188,0.036188,0.0,0.036188,0.963812
200,1251023694717248924976673861910298094342092199701445949798563,26,706,706,0.009553,0.009553,0.0,0.009553,0.990447
200,1165094867829338354631660035180329869977597764175158753523867,26,548,548,0.133369,0.133369,0.0,0.133369,0.866631
200,1245161625256545119714043746004026254459007086115269518670777,26,662,661,0.00659,0.021146,0.021146,0.027736000000000004,0.972264
