Bit_length,N,Lattice_dimension,|b_op - t|^2,|vbest - t|^2,P(b_op),P(vbest),P(|vnew - t|^2 < |b_op - t|^2),P(|vnew - t|^2 <= |b_op - t|^2),P(|vnew - t|^2 > |b_op - t|^2)
150.0,1268771206145175299492684899681878877410684841,21.0,724.0,722.0,0.059635,0.025406,0.025406,0.085041,0.914959
150.0,1403762530472620237905076428332939916844331359,21.0,260.0,260.0,0.26009,0.26009,0.0,0.26009,0.7399100000000001
150.0,918882917500502786903408324526441238854631741,21.0,383.0,376.0,0.046017,0.036684,0.12197500000000001,0.16799200000000003,0.832008
150.0,1044411862674117053622929515451672202864979129,21.0,396.0,379.0,0.041412,0.055525,0.318182,0.359594,0.640406
150.0,1199592981228806239321120961178599459097610483,21.0,596.0,596.0,0.126585,0.126585,0.0,0.126585,0.873415
150.0,912632394066698132144971044037258218777602291,21.0,352.0,352.0,0.093691,0.093691,0.0,0.093691,0.906309
150.0,1033085278351720441874660444922199074374033881,21.0,429.0,429.0,0.064997,0.064997,0.0,0.064997,0.935003
150.0,1039667922595230805682141254323399644574814367,21.0,689.0,689.0,0.07108300000000001,0.07108300000000001,0.0,0.07108300000000001,0.928917
150.0,1076261801716221769627743498540654753005411033,21.0,569.0,569.0,0.28861000000000003,0.28861000000000003,0.0,0.28861000000000003,0.71139
150.0,868981675879730421007669707059890716656754209,21.0,380.0,380.0,0.062428000000000004,0.062428000000000004,0.0,0.062428000000000004,0.937572
150.0,1198940008513470371886998720870433706529677289,21.0,286.0,285.0,0.035255,0.030563,0.030563,0.065818,0.934182
150.0,1001065868810988745766471076060380006588792189,21.0,391.0,390.0,0.020809,0.052652,0.052652,0.073461,0.926539
150.0,1018523197675518130041140861676478171959383813,21.0,330.0,314.0,0.135953,0.029522,0.18121700000000002,0.31717,0.68283
150.0,999406335763551690568793874408994581594369181,21.0,293.0,293.0,0.122621,0.122621,0.0,0.122621,0.877379
150.0,1386649915270975663546803936212330370020386207,21.0,322.0,322.0,0.045308,0.045308,0.0,0.045308,0.954692
150.0,1252835724482748605844023934169349660374906087,21.0,379.0,379.0,0.047092,0.047092,0.0,0.047092,0.952908
150.0,1420753685420564064872708676390123998125705549,21.0,325.0,323.0,0.141429,0.086238,0.086238,0.227667,0.7723329999999999
150.0,1076920912535396901213842625717381087368331181,21.0,388.0,388.0,0.033677,0.033677,0.0,0.033677,0.966323
150.0,1124397583306701037985991208303905429810161357,21.0,362.0,352.0,0.0284,0.026608,0.204272,0.23267200000000002,0.767328
150.0,1130353955473240791783568532060655958732460941,21.0,392.0,369.0,0.034986,0.032978,0.21230100000000002,0.24728700000000003,0.752713
151.0,2363319035074246419340419055739401443130238059,21.0,484.0,484.0,0.062128,0.062128,0.0,0.062128,0.937872
151.0,2471201957583473321167345886570639941825218311,21.0,363.0,363.0,0.137123,0.137123,0.0,0.137123,0.862877
151.0,2315715608364087921901708175621836301416617007,21.0,256.0,256.0,0.118835,0.118835,0.0,0.118835,0.881165
151.0,2763171157217537386323259861099914830334818519,21.0,580.0,580.0,0.255068,0.255068,0.0,0.255068,0.7449319999999999
151.0,1758775630326182635026447808028302358291781499,21.0,276.0,265.0,0.185987,0.198904,0.23485699999999998,0.420844,0.579156
151.0,2188378164211148987192836592303698338909975503,21.0,309.0,309.0,0.086298,0.086298,0.0,0.086298,0.913702
151.0,1829627983140478483810934234803641664206450619,21.0,357.0,346.0,0.203532,0.088726,0.088726,0.292258,0.707742
151.0,1569735030968914361557174823910579735657956107,21.0,275.0,275.0,0.196044,0.196044,0.0,0.196044,0.803956
151.0,2843239852874861508784440371081621911410347591,21.0,564.0,551.0,0.10242799999999999,0.034478,0.065151,0.16757899999999998,0.8324210000000001
151.0,2624675574003230296718034974584383454961661761,21.0,604.0,574.0,0.035149,0.033265,0.263189,0.298338,0.701662
151.0,1746328694271824837631752461766830788699201941,21.0,491.0,491.0,0.080078,0.080078,0.0,0.080078,0.919922
151.0,2456234120258232727729365675070691784694223131,21.0,627.0,627.0,0.066837,0.066837,0.0,0.066837,0.933163
151.0,2689914182894566195371701173819301836708498979,21.0,375.0,375.0,0.022784,0.022784,0.0,0.022784,0.977216
151.0,2472879649799491864465871187917726124213054643,21.0,370.0,356.0,0.016619,0.018808,0.042543,0.05916199999999999,0.9408380000000001
151.0,2641928437820330089399895839369416426912654047,21.0,586.0,580.0,0.056769,0.032976,0.10269999999999999,0.15946899999999997,0.840531
151.0,2217024583566038902931835040749210710155293863,21.0,311.0,308.0,0.053387,0.02842,0.052805000000000005,0.10619200000000001,0.8938079999999999
151.0,2795955547593262531562466415054318143278579719,21.0,370.0,368.0,0.044258,0.020932,0.020932,0.06519,0.93481
151.0,2754384674264655946791346511962590129499967297,21.0,526.0,523.0,0.070622,0.049195,0.049195,0.119817,0.8801829999999999
151.0,1922698035563121141756137662031262831101446511,21.0,278.0,278.0,0.496974,0.496974,0.0,0.496974,0.503026
151.0,2578633082003778088940013102956628479805360761,21.0,498.0,498.0,0.081036,0.081036,0.0,0.081036,0.918964
152.0,3650146379785934850995660671580553841765454981,21.0,277.0,277.0,0.032944,0.032944,0.0,0.032944,0.967056
152.0,4447694107941335768274189003948589146948883409,21.0,404.0,401.0,0.152253,0.085569,0.18777500000000003,0.340028,0.659972
152.0,5304044781028480773455459789567804501864780699,21.0,371.0,371.0,0.200663,0.200663,0.0,0.200663,0.799337
152.0,5225791236691602749703859113684043992716841463,21.0,412.0,399.0,0.09023199999999999,0.057553,0.16679000000000002,0.25702200000000003,0.7429779999999999
152.0,5425403301002418901669361546561888615280596761,21.0,371.0,363.0,0.137842,0.184705,0.184705,0.32254700000000003,0.677453
152.0,5202335230032226630491022567996748864390119873,21.0,420.0,420.0,0.066046,0.066046,0.0,0.066046,0.933954
152.0,4003774395708740189647636396775460720094087057,21.0,316.0,316.0,0.065108,0.065108,0.0,0.065108,0.9348920000000001
152.0,5276249290787396224699127825641594167433771223,21.0,338.0,338.0,0.148702,0.148702,0.0,0.148702,0.851298
152.0,4381176969443188923764265381058182084891594073,21.0,467.0,467.0,0.020886,0.020886,0.0,0.020886,0.979114
152.0,5541991812747053012003965966406093820220699999,21.0,288.0,288.0,0.120277,0.120277,0.0,0.120277,0.879723
152.0,5648300508047326241541247933495397085050508533,21.0,375.0,350.0,0.080215,0.163568,0.46637800000000007,0.5465930000000001,0.4534069999999999
152.0,4837654055687374110886315087296888936559582543,21.0,298.0,291.0,0.194106,0.035598,0.07223299999999999,0.266339,0.733661
152.0,3169527753809835033737422227494034075208154897,21.0,347.0,347.0,0.064933,0.064933,0.0,0.064933,0.935067
152.0,4751384359859390003700613749548751936187354063,21.0,344.0,344.0,0.058982,0.058982,0.0,0.058982,0.941018
152.0,5115713692797196694227360148049458957592665221,21.0,309.0,295.0,0.086459,0.07925,0.18283500000000003,0.26929400000000003,0.730706
152.0,5377906651632174967507002058972880963848446937,21.0,441.0,441.0,0.038244,0.038244,0.0,0.038244,0.961756
152.0,4794192939950703723191510856383251915586655239,21.0,370.0,370.0,0.266538,0.266538,0.0,0.266538,0.7334620000000001
152.0,4098436965705153817981088577951066512799793241,21.0,464.0,464.0,0.161854,0.161854,0.0,0.161854,0.8381460000000001
152.0,4397317578261604652631366972202456990923173239,21.0,585.0,585.0,0.119876,0.119876,0.0,0.119876,0.880124
152.0,5641409895201969238429625932613600677431973529,21.0,367.0,341.0,0.041110999999999995,0.053551,0.4061889999999999,0.4472999999999999,0.5527000000000001
153.0,7688734886215973313958737522072259896979469359,21.0,478.0,468.0,0.007061,0.040462,0.066544,0.073605,0.926395
153.0,9965367899123149749669237053467022764500819709,21.0,296.0,296.0,0.31556,0.31556,0.0,0.31556,0.6844399999999999
153.0,8648715940089396413954292296253489279668879831,21.0,325.0,325.0,0.135719,0.135719,0.0,0.135719,0.864281
153.0,9992486217185404533285574560152593379868586411,21.0,283.0,283.0,0.281105,0.281105,0.0,0.281105,0.7188950000000001
153.0,8752395201001776336645971436266201719253038903,21.0,281.0,273.0,0.086385,0.062297,0.278057,0.364442,0.6355580000000001
153.0,10307828778112676279744687232183733883997747787,21.0,309.0,296.0,0.183933,0.059412,0.085337,0.26927,0.73073
153.0,8927473020776419491333060829150295244420281503,21.0,458.0,458.0,0.021085,0.021085,0.0,0.021085,0.978915
153.0,7853849523366438727173539795218496833560636149,21.0,456.0,456.0,0.075314,0.075314,0.0,0.075314,0.924686
153.0,8674604146514496475964987674111780570888473743,21.0,264.0,264.0,0.164785,0.164785,0.0,0.164785,0.835215
153.0,8982522494550749295857332138146435777716539013,21.0,316.0,315.0,0.204367,0.0994,0.0994,0.303767,0.696233
153.0,7465338556163117004724110416934405812498881597,21.0,415.0,415.0,0.275571,0.275571,0.0,0.275571,0.724429
153.0,9002256784614521734062834292945636253381789701,21.0,459.0,459.0,0.089466,0.089466,0.0,0.089466,0.910534
153.0,9730043924092499024899737640031060516457357727,21.0,508.0,503.0,0.077559,0.065915,0.065915,0.143474,0.856526
153.0,7772785559916630760629013439531712505833223283,21.0,334.0,334.0,0.204198,0.204198,0.0,0.204198,0.795802
153.0,6331403492532550906969515225158616949065412553,21.0,329.0,320.0,0.033926,0.013675,0.055517,0.089443,0.9105570000000001
153.0,9499729964075602707801866275682306216169333647,21.0,577.0,559.0,0.078863,0.047809,0.232993,0.311856,0.688144
153.0,10623137933847890583214243354934109612727566337,21.0,389.0,378.0,0.046604,0.108225,0.21186300000000002,0.258467,0.741533
153.0,8298489176359263229418112630907164868713161869,21.0,436.0,434.0,0.03091,0.069333,0.10394600000000001,0.134856,0.865144
153.0,10423403876173039960502215978962041272294895987,21.0,347.0,342.0,0.085299,0.129187,0.251234,0.336533,0.663467
153.0,11331438524408402513759859710883003140234689001,21.0,537.0,536.0,0.14672,0.072978,0.072978,0.219698,0.780302
154.0,20144352470088160067192230120293841747066127093,21.0,375.0,374.0,0.24621,0.226189,0.226189,0.472399,0.527601
154.0,13741129409913179912586613425642421907057677927,21.0,315.0,315.0,0.201017,0.201017,0.0,0.201017,0.798983
154.0,22555697926472858658256090868373281917048139777,21.0,452.0,452.0,0.047708,0.047708,0.0,0.047708,0.952292
154.0,21622466558921334027105350728738281221011715713,21.0,462.0,457.0,0.122002,0.054348,0.104823,0.226825,0.773175
154.0,22717282832414613486487854671615889194348202509,21.0,420.0,418.0,0.07117,0.064447,0.13125599999999998,0.202426,0.797574
154.0,15553662272752172389304818266535674850670048197,21.0,315.0,315.0,0.278638,0.278638,0.0,0.278638,0.7213620000000001
154.0,16287234057599780494928529944429983938735953333,21.0,317.0,317.0,0.307185,0.307185,0.0,0.307185,0.692815
154.0,20227306669577710217883266196429106847542507013,21.0,597.0,597.0,0.097419,0.097419,0.0,0.097419,0.902581
154.0,18361999857484992568400964915559137162309312233,21.0,348.0,348.0,0.057203,0.057203,0.0,0.057203,0.942797
154.0,17615067981495998635949724796624661825505231481,21.0,451.0,451.0,0.092734,0.092734,0.0,0.092734,0.907266
154.0,16965780184675510815549338206501125311473383031,21.0,364.0,364.0,0.221798,0.221798,0.0,0.221798,0.7782020000000001
154.0,17145713058305669983102778787612006911670513347,21.0,448.0,442.0,0.110666,0.065407,0.065407,0.176073,0.823927
154.0,20285317985568063024579677341972941193428143231,21.0,291.0,291.0,0.346436,0.346436,0.0,0.346436,0.653564
154.0,19892574816341431255761561129070142233703448899,21.0,486.0,481.0,0.102169,0.072462,0.162078,0.264247,0.735753
154.0,14482484907695104154754286426816369245597742123,21.0,405.0,405.0,0.21597,0.21597,0.0,0.21597,0.78403
154.0,21308599822779449843544699903616188167691769657,21.0,402.0,402.0,0.146083,0.146083,0.0,0.146083,0.853917
154.0,19652552707990061015357354059734076466348869901,21.0,360.0,360.0,0.23407,0.23407,0.0,0.23407,0.76593
154.0,15836062588559999481222001755306755400249974411,21.0,319.0,319.0,0.174367,0.174367,0.0,0.174367,0.8256330000000001
154.0,17640605793899812190237760431948486244893089589,21.0,377.0,372.0,0.017136,0.047992,0.047992,0.06512799999999999,0.934872
154.0,13200322048523091361380223530828151918467232499,21.0,268.0,265.0,0.125856,0.053384,0.135098,0.260954,0.739046
155.0,31340595875958809044343360964929799034189512361,21.0,445.0,425.0,0.099552,0.063673,0.43616299999999997,0.5357149999999999,0.46428500000000006
155.0,33883679322606457824492978417378120332359598171,21.0,337.0,333.0,0.130165,0.052832,0.092733,0.22289799999999999,0.777102
155.0,38431961138800983210425437779183955699273663877,21.0,543.0,535.0,0.04627,0.09390200000000001,0.21193800000000002,0.258208,0.741792
155.0,44842574992398006827792831817449122409176524571,21.0,356.0,354.0,0.044813,0.026765,0.026765,0.071578,0.928422
155.0,44479412022428483167051033854365771430317272061,21.0,537.0,525.0,0.054304,0.035111,0.17976,0.234064,0.765936
155.0,39653904137769014668557378511260469269135182431,21.0,298.0,298.0,0.150833,0.150833,0.0,0.150833,0.849167
155.0,36615548944643269126239193831815135044946113087,21.0,288.0,288.0,0.433712,0.433712,0.0,0.433712,0.566288
155.0,35728624388846244763032748679732750007278619919,21.0,326.0,326.0,0.129578,0.129578,0.0,0.129578,0.870422
155.0,39471143362465673450737740007926815837598407923,21.0,418.0,409.0,0.024536000000000002,0.023458,0.048108,0.072644,0.927356
155.0,43620356160753924413764228467447052158522613007,21.0,423.0,423.0,0.121053,0.121053,0.0,0.121053,0.878947
155.0,29666396188587728462615862057347321613786496027,21.0,540.0,521.0,0.036801,0.053201,0.21324900000000002,0.25005,0.74995
155.0,41677893527522320684434778067984642792936350873,21.0,482.0,482.0,0.147294,0.147294,0.0,0.147294,0.852706
155.0,32675536969479286942701324674137910119680337459,21.0,314.0,314.0,0.055064,0.055064,0.0,0.055064,0.944936
155.0,44919866654372607559021538428305729263662282117,21.0,525.0,525.0,0.049444,0.049444,0.0,0.049444,0.950556
155.0,36452200589072916411983425394632165549777886227,21.0,476.0,452.0,0.061704999999999996,0.025542,0.41884000000000005,0.48054500000000006,0.519455
155.0,33203524258924130270853246380045741567145994259,21.0,434.0,428.0,0.070092,0.042132,0.12104400000000001,0.19113600000000003,0.808864
155.0,36946503351030864812990481678628454987070959527,21.0,346.0,346.0,0.084216,0.084216,0.0,0.084216,0.915784
155.0,44458044889519333576801527839740244268692202469,21.0,621.0,603.0,0.033205,0.087583,0.251925,0.28513,0.71487
155.0,36744155090184780124393526442075144163055399837,21.0,359.0,359.0,0.443248,0.443248,0.0,0.443248,0.556752
155.0,32611265262434541992311659835491097552848382807,21.0,275.0,275.0,0.121087,0.121087,0.0,0.121087,0.878913
156.0,58842411492108631901824870167723622565249820361,21.0,539.0,538.0,0.075958,0.116306,0.116306,0.192264,0.807736
156.0,58647263901409677188415888297848821138605832667,21.0,340.0,340.0,0.096901,0.096901,0.0,0.096901,0.903099
156.0,60691833191625566815713087621249445278906020923,21.0,440.0,435.0,0.16695300000000002,0.044693,0.044693,0.211646,0.788354
156.0,83500911560012017920943706628836329963659227611,21.0,397.0,397.0,0.181135,0.181135,0.0,0.181135,0.818865
156.0,79699952235555146846014724188269022467857700953,21.0,420.0,420.0,0.235467,0.235467,0.0,0.235467,0.764533
156.0,68617923715717279114730426060969764483412652871,21.0,561.0,551.0,0.016283,0.070814,0.070814,0.08709700000000001,0.912903
156.0,70292815550175575334435593661308688973972707499,21.0,303.0,303.0,0.087665,0.087665,0.0,0.087665,0.912335
156.0,88395906091853951743306426033388820009527178553,21.0,318.0,310.0,0.093079,0.048335,0.048335,0.14141399999999998,0.8585860000000001
156.0,58490997193338963447736793476829606786651843411,21.0,333.0,324.0,0.1186,0.099787,0.20723199999999997,0.32583199999999995,0.6741680000000001
156.0,88153376653160901709431525294744255033299399513,21.0,438.0,423.0,0.130491,0.069324,0.069324,0.199815,0.800185
156.0,83749952449871415989936799658384575288153567857,21.0,494.0,494.0,0.024945,0.024945,0.0,0.024945,0.975055
156.0,63215896343305696798861673825073441341593157323,21.0,277.0,277.0,0.166583,0.166583,0.0,0.166583,0.833417
156.0,68367618624389291832609274122568807692737410747,21.0,322.0,322.0,0.097691,0.097691,0.0,0.097691,0.902309
156.0,85976042848566498516350067546598036064176697617,21.0,449.0,449.0,0.065996,0.065996,0.0,0.065996,0.9340040000000001
156.0,77050956204250174763972617362140681574229342091,21.0,722.0,722.0,0.135025,0.135025,0.0,0.135025,0.864975
156.0,67397778703558464646892241700035691887301648579,21.0,534.0,530.0,0.036067,0.018678,0.06379699999999999,0.099864,0.900136
156.0,82158015067987949738815070788850184671973579587,21.0,409.0,371.0,0.045842999999999995,0.033885,0.28094,0.32678300000000005,0.673217
156.0,55015423047501982644190563451191716439122432951,21.0,383.0,382.0,0.063077,0.060305,0.060305,0.12338199999999999,0.876618
156.0,85336908532608541436048263259686225667526362047,21.0,587.0,582.0,0.070244,0.050335,0.050335,0.12057899999999999,0.879421
156.0,56731211956952175175952662358019177731725234237,21.0,354.0,354.0,0.242035,0.242035,0.0,0.242035,0.757965
157.0,120282166308024689728299980121863747670916310267,21.0,413.0,413.0,0.146373,0.146373,0.0,0.146373,0.853627
157.0,120820017068622794622130921127946349513431310843,21.0,495.0,483.0,0.050029,0.03909,0.097376,0.147405,0.852595
157.0,160354239376266933764514100701359388571858132879,22.0,394.0,394.0,0.089954,0.089954,0.0,0.089954,0.910046
157.0,178540342865713130388740603822271194677254392441,22.0,381.0,376.0,0.034998,0.099813,0.099813,0.13481100000000001,0.865189
157.0,133758242352280888913921190835052846329897153133,21.0,467.0,467.0,0.089827,0.089827,0.0,0.089827,0.910173
157.0,119751792167523699090520105500834166573709024723,21.0,335.0,328.0,0.082931,0.037614,0.037614,0.12054500000000001,0.879455
157.0,142866301722166299614859219990227501097218329553,21.0,386.0,386.0,0.096861,0.096861,0.0,0.096861,0.903139
157.0,159460056477105651797755450704992108220297439993,22.0,320.0,312.0,0.055188,0.067672,0.102082,0.15727000000000002,0.84273
157.0,129765827297228317584448178357227745213663923673,21.0,444.0,429.0,0.09754499999999999,0.06478,0.150753,0.248298,0.751702
157.0,153041151061952724068377978141007513960278537129,21.0,492.0,491.0,0.189626,0.073272,0.073272,0.26289799999999997,0.737102
157.0,112556148137934308610401610728139436816885032007,21.0,319.0,319.0,0.096675,0.096675,0.0,0.096675,0.903325
157.0,155016348949192392834761783400231900623445364769,21.0,506.0,495.0,0.027541,0.040904,0.167477,0.195018,0.804982
157.0,165332485530732496445379876290371501984439220227,22.0,400.0,394.0,0.07738400000000001,0.08815700000000001,0.127865,0.20524900000000001,0.794751
157.0,173008319555191101708826910175525434497734262397,22.0,280.0,280.0,0.154784,0.154784,0.0,0.154784,0.845216
157.0,143078279358113528954735774091416278002769110083,21.0,551.0,545.0,0.177137,0.024005,0.024005,0.201142,0.7988580000000001
157.0,139537309577365933739952691194841985292959417899,21.0,295.0,295.0,0.146177,0.146177,0.0,0.146177,0.853823
157.0,150381007425703993922643997626233047809831195563,21.0,289.0,289.0,0.114126,0.114126,0.0,0.114126,0.885874
157.0,125414534553540336555987249708054473022979850233,21.0,357.0,342.0,0.068922,0.051018,0.11806000000000001,0.186982,0.813018
157.0,100495160702135079890032717344114075262462068991,21.0,321.0,319.0,0.077939,0.020527,0.020527,0.098466,0.9015340000000001
157.0,126081296153973360472994917714723398699218116441,21.0,755.0,751.0,0.031011,0.056566,0.096275,0.127286,0.872714
158.0,244084876567438940415979589793753210761831799169,22.0,357.0,351.0,0.15329900000000002,0.039311,0.039311,0.19261,0.80739
158.0,311889364802148711770367329783808121108240984963,22.0,419.0,419.0,0.28203,0.28203,0.0,0.28203,0.71797
158.0,315552892616518612169009766705743992617805242163,22.0,286.0,283.0,0.21143699999999999,0.086054,0.21733600000000003,0.428773,0.5712269999999999
158.0,364568451629159625851465545891850771901219214163,22.0,388.0,374.0,0.053342,0.083278,0.267984,0.321326,0.678674
158.0,213880798395599609631736184456759089379285659049,22.0,416.0,415.0,0.008227,0.013948,0.013948,0.022175,0.9778249999999999
158.0,364596676892949119436289041863521153445811753029,22.0,516.0,513.0,0.074612,0.098784,0.098784,0.173396,0.826604
158.0,215840103126036545942721515629965329944602697057,22.0,544.0,539.0,0.14602600000000002,0.030241,0.103462,0.24948800000000002,0.750512
158.0,259043540185824666457272444893607678141566205487,22.0,341.0,341.0,0.049355,0.049355,0.0,0.049355,0.950645
158.0,311426830077414386887481553693471517445014703609,22.0,348.0,340.0,0.029917,0.031976,0.031976,0.061893,0.938107
158.0,220678872755010770809359894948879428023872635453,22.0,348.0,346.0,0.076998,0.104158,0.104158,0.18115599999999998,0.818844
158.0,324273864736092445034262802970079797120470198979,22.0,411.0,411.0,0.141208,0.141208,0.0,0.141208,0.858792
158.0,335973439137660892963362517099047189556286786761,22.0,301.0,301.0,0.042483,0.042483,0.0,0.042483,0.957517
158.0,282449349227109527988465852865060163003324312407,22.0,331.0,326.0,0.071396,0.136249,0.136249,0.20764500000000002,0.7923549999999999
158.0,208746167169143822300193643710778500356712398063,22.0,467.0,448.0,0.027998,0.013622,0.22495400000000004,0.25295200000000007,0.7470479999999999
158.0,334111037801880478290657958251924991420673909189,22.0,475.0,475.0,0.232666,0.232666,0.0,0.232666,0.767334
158.0,278758463930102758470340608089823158233270489379,22.0,309.0,309.0,0.292339,0.292339,0.0,0.292339,0.707661
158.0,334359694784871699894821359716571301393005547539,22.0,363.0,363.0,0.155951,0.155951,0.0,0.155951,0.844049
158.0,266330340319030988935371369155445034828168547083,22.0,345.0,345.0,0.021599,0.021599,0.0,0.021599,0.978401
158.0,304296786548695733429639288499877719781617137947,22.0,576.0,572.0,0.043069,0.026125,0.026125,0.069194,0.930806
158.0,363187749995613157299748064319278147359621272623,22.0,645.0,645.0,0.1654,0.1654,0.0,0.1654,0.8346
159.0,686564447258462630098219799118347627120122126259,22.0,503.0,492.0,0.045576,0.059057,0.16689199999999998,0.212468,0.787532
159.0,589551271893462661314759463097397605089591304053,22.0,488.0,488.0,0.099981,0.099981,0.0,0.099981,0.900019
159.0,631182522272441179585206326884145264567358144641,22.0,291.0,287.0,0.159238,0.153049,0.20655199999999999,0.36578999999999995,0.63421
159.0,436106084503182412560423534629337392438805726397,22.0,489.0,484.0,0.121435,0.043777,0.043777,0.165212,0.834788
159.0,614365874960561724255698902936314085451009978123,22.0,417.0,417.0,0.216893,0.216893,0.0,0.216893,0.783107
159.0,652808814800014009591626662453549818193223047839,22.0,670.0,670.0,0.046514,0.046514,0.0,0.046514,0.9534860000000001
159.0,431497693573687811342235449780503037093880478249,22.0,421.0,421.0,0.015942,0.015942,0.0,0.015942,0.984058
159.0,641417960009003073536715539762385574694132608057,22.0,297.0,297.0,0.274872,0.274872,0.0,0.274872,0.725128
159.0,556755493522333610334550996104356886728067513937,22.0,453.0,452.0,0.081901,0.13785799999999998,0.13785799999999998,0.21975899999999998,0.780241
159.0,518738300042543123329242792010704876266634471203,22.0,512.0,509.0,0.091294,0.054975,0.054975,0.146269,0.853731
159.0,622775601463755434010798895296308923399679148479,22.0,345.0,340.0,0.034578,0.097675,0.126136,0.160714,0.839286
159.0,721092743353983610239239300767561842232656810121,22.0,367.0,367.0,0.048977,0.048977,0.0,0.048977,0.951023
159.0,725700541872878647978311987906512435448724917323,22.0,306.0,306.0,0.068984,0.068984,0.0,0.068984,0.931016
159.0,680792306276738068787445684933623704836521586517,22.0,385.0,385.0,0.20491,0.20491,0.0,0.20491,0.79509
159.0,609838293034917899422422535971964737888944079431,22.0,549.0,536.0,0.032104,0.045647,0.147112,0.179216,0.820784
159.0,500003566005968344293642166685142120533963613397,22.0,365.0,358.0,0.050852999999999995,0.015273,0.050036000000000004,0.100889,0.899111
159.0,672585552363075626030436013518741587083784197091,22.0,926.0,926.0,0.014599,0.014599,0.0,0.014599,0.985401
159.0,667853203575891446356676483576275288677930218477,22.0,335.0,335.0,0.050383,0.050383,0.0,0.050383,0.949617
159.0,452729177399062213984412625994093209513957053659,22.0,474.0,474.0,0.103023,0.103023,0.0,0.103023,0.896977
159.0,718517666115847144224280227758502807408113808437,22.0,572.0,572.0,0.131514,0.131514,0.0,0.131514,0.868486
160.0,1115913240165002032294944939882858364194015937199,22.0,333.0,322.0,0.047516,0.115361,0.227605,0.275121,0.724879
160.0,1440912770676709848638629792376134253525608074541,22.0,585.0,585.0,0.059308,0.059308,0.0,0.059308,0.940692
160.0,933815358984064483011197510331330335221655664157,22.0,366.0,366.0,0.121959,0.121959,0.0,0.121959,0.878041
160.0,969243323728712475535486623630623651719920512731,22.0,379.0,372.0,0.078731,0.051731,0.083614,0.162345,0.837655
160.0,1076466504888089627494905309713319219664710433643,22.0,364.0,356.0,0.072114,0.095316,0.16827599999999998,0.24039,0.75961
160.0,1421116437931458286969196379690998986504855152749,22.0,547.0,543.0,0.04273299999999999,0.04524,0.106794,0.149527,0.850473
160.0,1172553592352544090305146581654443943982800468347,22.0,372.0,363.0,0.064812,0.028898,0.10730200000000001,0.172114,0.827886
160.0,909793617870750937141425081136809004936031725807,22.0,854.0,828.0,0.027402999999999997,0.048616,0.24223099999999997,0.269634,0.7303660000000001
160.0,1057437110620229076506102833609193814696668318251,22.0,403.0,388.0,0.074373,0.029329,0.206057,0.28042999999999996,0.71957
160.0,1272489506939449407441353102540516266393948251787,22.0,375.0,375.0,0.192333,0.192333,0.0,0.192333,0.807667
160.0,1080313044916089688695708805273339794814591207951,22.0,324.0,324.0,0.258276,0.258276,0.0,0.258276,0.741724
160.0,1149353867679185877473020663684612261737991945873,22.0,307.0,307.0,0.082454,0.082454,0.0,0.082454,0.917546
160.0,983949157142389589790721652739207946878875195771,22.0,343.0,343.0,0.038936,0.038936,0.0,0.038936,0.961064
160.0,1361143599389480694086689546211220334021828686817,22.0,408.0,396.0,0.004491,0.094295,0.260781,0.265272,0.734728
160.0,1021091838147883904869937336936298707335596006313,22.0,426.0,424.0,0.113907,0.044611,0.044611,0.158518,0.8414820000000001
160.0,1294988162211010208686476509915675738782236322669,22.0,396.0,396.0,0.165083,0.165083,0.0,0.165083,0.834917
160.0,1122941529731570548110403398235866601161586536011,22.0,347.0,347.0,0.084953,0.084953,0.0,0.084953,0.9150469999999999
160.0,1432805530443255062195929071604085524855630107221,22.0,320.0,320.0,0.119491,0.119491,0.0,0.119491,0.880509
160.0,1153032896620140114746318270771321999716861546507,22.0,421.0,421.0,0.053507,0.053507,0.0,0.053507,0.946493
160.0,964310714558373662737593657033125267637818078167,22.0,351.0,351.0,0.089998,0.089998,0.0,0.089998,0.910002
161.0,2549342994142969438502207735324263431486603124709,22.0,338.0,338.0,0.17713,0.17713,0.0,0.17713,0.82287
161.0,2681100216348215889829625802961254331665674276717,22.0,392.0,392.0,0.028482,0.028482,0.0,0.028482,0.971518
161.0,2880298692764464678292391755309173496702002183049,22.0,447.0,447.0,0.01042,0.01042,0.0,0.01042,0.98958
161.0,1772591985057680454231176923477927954936575167497,22.0,298.0,298.0,0.29429,0.29429,0.0,0.29429,0.7057100000000001
161.0,2083705746610030102470078930728254734269258767559,22.0,404.0,400.0,0.06322,0.0824,0.15154800000000002,0.21476800000000001,0.7852319999999999
161.0,2592051223899969308896255211589583595849607840917,22.0,519.0,503.0,0.085561,0.061583,0.22097599999999998,0.30653699999999995,0.693463
161.0,1964444950659050423101133436896095725128026615861,22.0,323.0,286.0,0.051637,0.233349,0.5880470000000001,0.6396840000000001,0.36031599999999986
161.0,2664894503748551145754658751022334263049302504109,22.0,396.0,396.0,0.055583,0.055583,0.0,0.055583,0.944417
161.0,2890667027374661591725712210164725411830649644971,22.0,457.0,456.0,0.04252,0.019722,0.019722,0.062242000000000006,0.937758
161.0,2315237919643127678001317504649602348775135239989,22.0,410.0,410.0,0.058386,0.058386,0.0,0.058386,0.941614
161.0,2263615665739021443959839330064499024174205984757,22.0,356.0,354.0,0.059542,0.073257,0.131019,0.19056099999999998,0.809439
161.0,2715737041694779962072587570440702427479596688267,22.0,368.0,368.0,0.175508,0.175508,0.0,0.175508,0.824492
161.0,2242913431855633380375884470582819076336280851693,22.0,555.0,551.0,0.039041,0.045692,0.088273,0.127314,0.872686
161.0,2196055705110050413211594819707917380387387874647,22.0,488.0,481.0,0.08641,0.053175,0.08756800000000001,0.17397800000000002,0.826022
161.0,2386559963764208317133465196705396071874399113177,22.0,442.0,442.0,0.280811,0.280811,0.0,0.280811,0.7191890000000001
161.0,2496018222066887071360307538619052262154796275933,22.0,441.0,441.0,0.339547,0.339547,0.0,0.339547,0.660453
161.0,2643999513168057204584957107582487653622472397817,22.0,464.0,464.0,0.106743,0.106743,0.0,0.106743,0.893257
161.0,2635743115320503461112643487699959884803825828717,22.0,392.0,392.0,0.046438,0.046438,0.0,0.046438,0.953562
161.0,2825605982926347409937517778879057613012900909681,22.0,419.0,419.0,0.104125,0.104125,0.0,0.104125,0.895875
161.0,1945681273593238791686785823639092496168175333883,22.0,416.0,416.0,0.116175,0.116175,0.0,0.116175,0.883825
162.0,5142726192263316119305765044724202366191059020131,22.0,400.0,392.0,0.121626,0.02043,0.02043,0.142056,0.857944
162.0,4356714020119985091707387224305757015484033268083,22.0,365.0,334.0,0.006081,0.056459,0.4408419999999999,0.4469229999999999,0.553077
162.0,5760088733269586802798761031015562375783053998981,22.0,396.0,384.0,0.034213,0.020518,0.020518,0.054731,0.945269
162.0,5126536210830929842911126218863559555593079772241,22.0,439.0,432.0,0.155962,0.008142,0.029182,0.18514399999999998,0.814856
162.0,4355984306317180250941284630714493550289288293197,22.0,531.0,525.0,0.031973,0.074929,0.074929,0.106902,0.893098
162.0,5372238624316637074604877264416233805336449398107,22.0,363.0,363.0,0.066037,0.066037,0.0,0.066037,0.933963
162.0,3370953511586955617438834489704567964510236112387,22.0,319.0,319.0,0.007745,0.007745,0.0,0.007745,0.992255
162.0,5654048134438701321190467092520015125597334765619,22.0,896.0,896.0,0.092238,0.092238,0.0,0.092238,0.907762
162.0,5347560175544712010315634817224870510859508906709,22.0,429.0,421.0,0.038686,0.035173,0.17324900000000001,0.211935,0.788065
162.0,5736419416140119735836049169364015628764346059723,22.0,781.0,769.0,0.014553,0.007158,0.10440500000000001,0.11895800000000001,0.881042
162.0,4650109252981784028797300655435682334415722439709,22.0,485.0,485.0,0.10711,0.10711,0.0,0.10711,0.89289
162.0,4851575313540019468754262146798472592699356416503,22.0,446.0,440.0,0.073609,0.037026,0.184312,0.257921,0.7420789999999999
162.0,4620052361353557581946034404083231874642184874639,22.0,448.0,448.0,0.084146,0.084146,0.0,0.084146,0.915854
162.0,5522800988337253824728791418632480547260333713827,22.0,416.0,410.0,0.016293,0.010742,0.010742,0.027034999999999997,0.972965
162.0,5499586014822265836968576304450001678297022377393,22.0,653.0,653.0,0.077588,0.077588,0.0,0.077588,0.922412
162.0,3564133393297332356275713734544213713680389996917,22.0,367.0,367.0,0.053936,0.053936,0.0,0.053936,0.946064
162.0,5515322111725050184603784308918954761722437406837,22.0,388.0,388.0,0.048784,0.048784,0.0,0.048784,0.951216
162.0,4485461183490214672847356727639397071039303926699,22.0,353.0,353.0,0.080698,0.080698,0.0,0.080698,0.919302
162.0,5195480640606091839263058107075820094394110075261,22.0,376.0,364.0,0.031061,0.079401,0.194484,0.225545,0.774455
162.0,5741107958946558148650160180297387601202820663099,22.0,476.0,465.0,0.069737,0.071376,0.12393699999999999,0.19367399999999999,0.806326
163.0,9747578468936317254902406784741698921811080904511,22.0,383.0,374.0,0.135085,0.030606,0.081745,0.21683000000000002,0.7831699999999999
163.0,10111701947436338618707597112719816959644907307921,22.0,489.0,489.0,0.057421,0.057421,0.0,0.057421,0.9425790000000001
163.0,9500974977324321481710304769960767745184067228853,22.0,360.0,360.0,0.16836,0.16836,0.0,0.16836,0.8316399999999999
163.0,10923265258610933252939304751090963667320491815059,22.0,360.0,360.0,0.111914,0.111914,0.0,0.111914,0.888086
163.0,6277296598420519157375291811600475171257085054819,22.0,292.0,292.0,0.098619,0.098619,0.0,0.098619,0.901381
163.0,9231618602773719751425117097585869209969078112883,22.0,451.0,451.0,0.111112,0.111112,0.0,0.111112,0.888888
163.0,10035352768951452538707551978057565508665635317309,22.0,447.0,447.0,0.02847,0.02847,0.0,0.02847,0.97153
163.0,7654209071367977951897371689264431599631570961337,22.0,332.0,331.0,0.17105499999999998,0.030299,0.030299,0.20135399999999998,0.798646
163.0,10824194889247063645916265364865318315163275587691,22.0,333.0,333.0,0.24910700000000002,0.24910700000000002,0.0,0.24910700000000002,0.750893
163.0,7007067855178084077334907729020251703138388423407,22.0,589.0,589.0,0.057108,0.057108,0.0,0.057108,0.942892
163.0,11563629162960767561469993435982566900206290797341,22.0,329.0,325.0,0.133354,0.143048,0.143048,0.27640200000000004,0.723598
163.0,10432647582007091942814866236806348920448169897081,22.0,379.0,379.0,0.14623,0.14623,0.0,0.14623,0.85377
163.0,11013321740409425001654829975108773198879722323169,22.0,488.0,486.0,0.082821,0.125118,0.125118,0.207939,0.792061
163.0,11388208541060705561819087229232095358667380786273,22.0,550.0,544.0,0.010533,0.030466,0.044973,0.055506,0.944494
163.0,11103735522688372546281614770298463681690271542443,22.0,490.0,490.0,0.131127,0.131127,0.0,0.131127,0.868873
163.0,8215686036974456744106483973928387713743004968589,22.0,435.0,428.0,0.033126,0.089472,0.089472,0.122598,0.877402
163.0,10366420373188722818237768081269384282174284586279,22.0,496.0,496.0,0.108065,0.108065,0.0,0.108065,0.891935
163.0,9887493049291697627584648336712714992824228820507,22.0,392.0,371.0,0.019588,0.060811,0.08085099999999999,0.100439,0.899561
163.0,11291772697596805962306082330181863662191216703401,22.0,662.0,662.0,0.032621,0.032621,0.0,0.032621,0.967379
163.0,8629299483287912574962165393081179705241759373329,22.0,516.0,510.0,0.009265,0.046114,0.046114,0.055379000000000005,0.944621
164.0,20210344270042780228524473590981781384374263250651,22.0,682.0,673.0,0.014565,0.02277,0.088788,0.103353,0.896647
164.0,17385754946083473907588211247263282920082635440931,22.0,454.0,454.0,0.083786,0.083786,0.0,0.083786,0.916214
164.0,15065200337324516365624234372840728893791849883677,22.0,517.0,517.0,0.108929,0.108929,0.0,0.108929,0.891071
164.0,20001274208685757373389824972298109151192644683421,22.0,441.0,441.0,0.197682,0.197682,0.0,0.197682,0.802318
164.0,23206373050027225840725924288883018652907266761573,22.0,379.0,379.0,0.067856,0.067856,0.0,0.067856,0.932144
164.0,22025345891505684794425190360346292788092251835117,22.0,311.0,311.0,0.084777,0.084777,0.0,0.084777,0.915223
164.0,17433500709489283073258616221836367960841092957683,22.0,420.0,416.0,0.149634,0.057672,0.23027500000000004,0.37990900000000005,0.620091
164.0,20619243792726008996626054260855579390889646661671,22.0,506.0,498.0,0.011914,0.006113,0.039474,0.051388,0.948612
164.0,17851954102483708548111820947964979316071559518321,22.0,496.0,489.0,0.075949,0.054248,0.054248,0.130197,0.869803
164.0,15520227091786292775179646082304899324457570987803,22.0,414.0,409.0,0.152737,0.011752,0.082293,0.23503000000000002,0.7649699999999999
164.0,21025509716353739955780362583473341923163070100707,22.0,489.0,489.0,0.131898,0.131898,0.0,0.131898,0.868102
164.0,14498146431977835998639783360838649091026316741701,22.0,502.0,500.0,0.096188,0.057205,0.057205,0.153393,0.846607
164.0,19111791960401045569879778943278968002523890458231,22.0,312.0,305.0,0.098625,0.029055,0.092766,0.191391,0.808609
164.0,16530301572124410378960034538876085010836459672467,22.0,301.0,301.0,0.122469,0.122469,0.0,0.122469,0.8775310000000001
164.0,18221873864190480631751119997397311265906143427919,22.0,639.0,624.0,0.050064000000000004,0.074567,0.357234,0.407298,0.5927020000000001
164.0,19509002958117864345830026901941875949728480482351,22.0,651.0,645.0,0.239652,0.031951,0.031951,0.271603,0.728397
164.0,22672286378997470934496964350911104497412505665789,22.0,431.0,421.0,0.055126,0.064601,0.064601,0.119727,0.880273
164.0,23046477364042922130498611236049763734841923672321,22.0,558.0,546.0,0.019752,0.051777,0.098681,0.11843300000000001,0.881567
164.0,17549286263321631100185248104947257910955608889553,22.0,367.0,367.0,0.169857,0.169857,0.0,0.169857,0.830143
164.0,21059636316678691840527110401614339175235554714931,22.0,487.0,486.0,0.016476,0.022247,0.022247,0.038723,0.961277
165.0,41832933592112304400801943026671467969363831087923,22.0,334.0,334.0,0.209981,0.209981,0.0,0.209981,0.790019
165.0,35682862411294951100561921127821057964487467339443,22.0,394.0,391.0,0.048611,0.060824,0.060824,0.109435,0.890565
165.0,42835312913720678185448545784074783359123970744159,22.0,379.0,367.0,0.027333,0.028161,0.051372,0.078705,0.921295
165.0,40881659780738625128558353749592964839279265435171,22.0,339.0,339.0,0.048358,0.048358,0.0,0.048358,0.951642
165.0,45322494471102900510547891895971824081862698563281,22.0,343.0,343.0,0.029877,0.029877,0.0,0.029877,0.970123
165.0,45929128788840959205376511336193947297685265640951,22.0,942.0,934.0,0.130041,0.051582,0.051582,0.18162299999999998,0.818377
165.0,44489998373490387700600426834275888436763809873019,22.0,804.0,804.0,0.038042,0.038042,0.0,0.038042,0.961958
165.0,35790092378947652923809024031202004014344249255817,22.0,461.0,460.0,0.058325,0.014857,0.014857,0.073182,0.926818
165.0,45161106773899709982331683988937842529673051859151,22.0,505.0,505.0,0.134782,0.134782,0.0,0.134782,0.865218
165.0,41611075822328138418773040753161992670148754649183,22.0,399.0,399.0,0.036036,0.036036,0.0,0.036036,0.963964
165.0,43893688025396579244143003549941949711112694897597,22.0,592.0,577.0,0.00759,0.008728,0.2231170000000001,0.2307070000000001,0.7692929999999999
165.0,38949108443317524477011125919734633057707138102373,22.0,444.0,444.0,0.162276,0.162276,0.0,0.162276,0.837724
165.0,44506757530726502698455041633661918108484228681201,22.0,572.0,567.0,0.029727,0.015791,0.015791,0.045518,0.954482
165.0,45700176760813962794447132804379570073089321130619,22.0,410.0,410.0,0.229457,0.229457,0.0,0.229457,0.770543
165.0,36717319074712975178793976563482551630954666600147,22.0,490.0,490.0,0.402715,0.402715,0.0,0.402715,0.5972850000000001
165.0,40081717737177734357477768258828819203380673838299,22.0,454.0,449.0,0.069408,0.047282,0.047282,0.11668999999999999,0.88331
165.0,42668271582757088828333733690941986896240697265291,22.0,337.0,337.0,0.021434,0.021434,0.0,0.021434,0.978566
165.0,42066162699265700510000155471171171993026790897181,22.0,335.0,325.0,0.08128700000000001,0.043997,0.056894,0.138181,0.861819
165.0,43079437256800894081452117481597778557867932256481,22.0,712.0,710.0,0.103673,0.01881,0.01881,0.12248300000000001,0.877517
165.0,39639751732104952918265482468837059446746603506727,22.0,423.0,422.0,0.132946,0.067645,0.067645,0.20059100000000002,0.799409
166.0,64455071458380183185819126791305562795840205337607,22.0,530.0,530.0,0.047954,0.047954,0.0,0.047954,0.952046
166.0,90075771203582122330247262323941154266135655067703,23.0,589.0,575.0,0.038029,0.064947,0.152802,0.190831,0.809169
166.0,72228823129784081606691745887439926673012583025583,22.0,600.0,598.0,0.106739,0.200083,0.200083,0.30682200000000004,0.693178
166.0,69837432774442923128016482628855170461287372899371,22.0,397.0,397.0,0.053559,0.053559,0.0,0.053559,0.946441
166.0,89244922194937743144971782767253188914316795885797,23.0,496.0,496.0,0.039251,0.039251,0.0,0.039251,0.960749
166.0,88746453267789363020668583643470490537450658613921,23.0,420.0,417.0,0.025184,0.054168,0.054168,0.079352,0.920648
166.0,88713786474705850221237608801094392192327303798911,23.0,366.0,366.0,0.06187,0.06187,0.0,0.06187,0.93813
166.0,87557406481398096612837568774546924908523956472679,22.0,481.0,481.0,0.078593,0.078593,0.0,0.078593,0.921407
166.0,83804917377281198336877975468864158449629337119497,22.0,411.0,411.0,0.136881,0.136881,0.0,0.136881,0.863119
166.0,81569638913156092214718111347132660641468885512997,22.0,377.0,376.0,0.183688,0.072326,0.072326,0.25601399999999996,0.743986
166.0,52608719657148563796512530136536674250280158137673,22.0,590.0,590.0,0.043747,0.043747,0.0,0.043747,0.956253
166.0,89221264190598117801701321295581964396857406691793,23.0,366.0,366.0,0.06625,0.06625,0.0,0.06625,0.93375
166.0,91421352408629645983856436933886907626516790327531,23.0,393.0,393.0,0.216138,0.216138,0.0,0.216138,0.7838620000000001
166.0,92354408607697290294087669975129842220424154225839,23.0,336.0,335.0,0.056881,0.012569,0.012569,0.06945,0.93055
166.0,90307244958886521065070588400571519599452170426827,23.0,429.0,416.0,0.105532,0.086569,0.10747799999999999,0.21300999999999998,0.7869900000000001
166.0,61951676507642868191945772939153670793162317140439,22.0,651.0,638.0,0.007847,0.091124,0.31655399999999995,0.32440099999999994,0.6755990000000001
166.0,57096092534835312898852423687190032724229132615371,22.0,408.0,397.0,0.046901,0.120502,0.214384,0.261285,0.738715
166.0,77734094079183033282661848210260105535011878058221,22.0,407.0,407.0,0.128127,0.128127,0.0,0.128127,0.871873
166.0,61439716290799937763975920406477923341938046630307,22.0,504.0,504.0,0.439231,0.439231,0.0,0.439231,0.5607690000000001
166.0,92944946903546196014112302841886638418369209076507,23.0,302.0,302.0,0.092833,0.092833,0.0,0.092833,0.9071670000000001
167.0,185191770581306272864194984747884925328034141094049,23.0,352.0,348.0,0.057585,0.043588,0.043588,0.101173,0.898827
167.0,150753299534321728385042450116986328932503586710791,23.0,384.0,384.0,0.024269,0.024269,0.0,0.024269,0.975731
167.0,122185038003700368219528064449236784866763422689417,23.0,378.0,370.0,0.17692799999999997,0.066691,0.106458,0.28338599999999997,0.7166140000000001
167.0,178235118269758334366445181520116909697869973267843,23.0,420.0,409.0,0.033607,0.031901,0.054685,0.088292,0.911708
167.0,125101284926137051500851455837556179024574472599693,23.0,373.0,373.0,0.029486,0.029486,0.0,0.029486,0.970514
167.0,183608279157579728300471834586610846132033916363009,23.0,423.0,421.0,0.05471,0.024265,0.024265,0.078975,0.921025
167.0,123823837425211259366602079641341299640350463304427,23.0,444.0,444.0,0.052665000000000003,0.052665000000000003,0.0,0.052665000000000003,0.947335
167.0,182738591737141364288038096817725089299414242881199,23.0,346.0,342.0,0.051806,0.197826,0.197826,0.249632,0.750368
167.0,144881986800772159131971678194070421363231610326503,23.0,493.0,486.0,0.05079,0.016952,0.17208199999999998,0.222872,0.777128
167.0,169113029671003783909165383403390189332006078766403,23.0,740.0,728.0,0.034583,0.030691,0.068101,0.102684,0.897316
167.0,180203454172404433999728807424822530543427009853893,23.0,587.0,587.0,0.123022,0.123022,0.0,0.123022,0.876978
167.0,176740473075257510677017027826065071164478066806109,23.0,324.0,324.0,0.099131,0.099131,0.0,0.099131,0.900869
167.0,154708744984764752253150630606148953411120836248223,23.0,504.0,496.0,0.008693,0.013434,0.039261,0.047954,0.952046
167.0,185822038963156756154989463606402264231845142986571,23.0,509.0,503.0,0.07859,0.04179,0.132988,0.211578,0.788422
167.0,164713641976176077509064527913611509808492198546303,23.0,419.0,419.0,0.07916100000000001,0.07916100000000001,0.0,0.07916100000000001,0.920839
167.0,174143473517067658771245663523001506669684229251583,23.0,294.0,294.0,0.131326,0.131326,0.0,0.131326,0.868674
167.0,134875484299471317108685835177615212803568324951771,23.0,324.0,323.0,0.024664,0.169351,0.169351,0.194015,0.805985
167.0,182071589557326943011646537770784052720010679622671,23.0,437.0,435.0,0.05995,0.012205,0.043783,0.103733,0.896267
167.0,107723548795615044892707554332906198918982581905521,23.0,412.0,406.0,0.033631999999999995,0.030409,0.04978899999999999,0.083421,0.916579
167.0,110235062257219473750266489148464622602430677309023,23.0,440.0,437.0,0.18963,0.04935,0.04935,0.23898,0.76102
168.0,355867559027045347481742474164268313169270448267103,23.0,524.0,524.0,0.09117,0.09117,0.0,0.09117,0.90883
168.0,354354498343882825539049178202420048518235057099511,23.0,359.0,359.0,0.10767,0.10767,0.0,0.10767,0.89233
168.0,297316862371625606791660530918145246188551598375827,23.0,471.0,455.0,0.062944,0.020581,0.129894,0.192838,0.8071619999999999
168.0,251334070780906996792106667358010626199124871015193,23.0,377.0,375.0,0.047853,0.029516,0.029516,0.077369,0.922631
168.0,266089629335928959939990984219310389073099671366189,23.0,355.0,355.0,0.07683,0.07683,0.0,0.07683,0.92317
168.0,297312478520764466042800805099268401234237086618769,23.0,484.0,483.0,0.033325,0.01749,0.01749,0.050815,0.949185
168.0,252694597694857518298868919901861055603851696256479,23.0,383.0,383.0,0.02167,0.02167,0.0,0.02167,0.97833
168.0,286391540226265125508001191752822610514127971418977,23.0,449.0,441.0,0.041914,0.017268,0.048349,0.09026300000000001,0.909737
168.0,318688943619592236326261968753666579542852488008771,23.0,500.0,493.0,0.15220999999999998,0.02018,0.104009,0.256219,0.743781
168.0,348197322658922333549563681800422289216265150015297,23.0,494.0,494.0,0.104648,0.104648,0.0,0.104648,0.895352
168.0,368542669960002587168410129566818072485889583789247,23.0,481.0,467.0,0.08468500000000001,0.018251,0.074947,0.159632,0.840368
168.0,268548911990920458790785330758705695531710970965877,23.0,381.0,381.0,0.197671,0.197671,0.0,0.197671,0.802329
168.0,331941207943771650157715950616862772785852585230449,23.0,368.0,368.0,0.087647,0.087647,0.0,0.087647,0.912353
168.0,323877960143720182139921715509016936864755738538083,23.0,371.0,371.0,0.079417,0.079417,0.0,0.079417,0.920583
168.0,363122401231538903702884958200573978698665726858941,23.0,422.0,419.0,0.060229,0.063682,0.095488,0.155717,0.844283
168.0,308228420728279829232936597270463065825898054642939,23.0,353.0,353.0,0.083872,0.083872,0.0,0.083872,0.916128
168.0,283116060916231999061737214282503740357534622019947,23.0,371.0,371.0,0.061078,0.061078,0.0,0.061078,0.938922
168.0,281428688528495768940994883006958194198779974610219,23.0,478.0,472.0,0.121037,0.089311,0.1441,0.265137,0.734863
168.0,326678933726286291994787934645555743351568375175913,23.0,420.0,416.0,0.055007,0.006192,0.087478,0.142485,0.857515
168.0,242229774464479250019542042945875041752252033094853,23.0,751.0,751.0,0.111718,0.111718,0.0,0.111718,0.888282
169.0,549419723295960540447780008307906211005792776812829,23.0,472.0,472.0,0.154154,0.154154,0.0,0.154154,0.845846
169.0,664865469281161842324657652489314073194401709162263,23.0,607.0,607.0,0.068192,0.068192,0.0,0.068192,0.931808
169.0,526275837673483487444634125901789672050479746789367,23.0,443.0,427.0,0.111917,0.10655300000000001,0.18669500000000003,0.29861200000000004,0.7013879999999999
169.0,677970966743848576239473283142953742552801707940111,23.0,439.0,432.0,0.036225,0.024048,0.08491,0.12113499999999999,0.878865
169.0,657821691628060301322956147101670288895728662024039,23.0,411.0,411.0,0.105694,0.105694,0.0,0.105694,0.894306
169.0,715264587022453456200004920592343027582234072699119,23.0,681.0,667.0,0.061919,0.017724,0.129024,0.190943,0.809057
169.0,564263055842251392661877742982498545034787789672701,23.0,365.0,361.0,0.03254,0.044637,0.071773,0.104313,0.895687
169.0,709752893570015397017697204082578787464541589122757,23.0,337.0,337.0,0.043377,0.043377,0.0,0.043377,0.956623
169.0,655017367008869539322579634764112530246507710350587,23.0,431.0,431.0,0.035041,0.035041,0.0,0.035041,0.964959
169.0,657292182528951725976013293116638919927942739731969,23.0,348.0,347.0,0.083062,0.159817,0.159817,0.24287899999999998,0.757121
169.0,723786901355715251133499133823457447564442130316753,23.0,875.0,875.0,0.127125,0.127125,0.0,0.127125,0.8728750000000001
169.0,523829125978495822418790946811975528394043957096661,23.0,390.0,390.0,0.067252,0.067252,0.0,0.067252,0.932748
169.0,541477377066573582590059723667831900889584456117101,23.0,317.0,317.0,0.073816,0.073816,0.0,0.073816,0.926184
169.0,695788992079943252596035093883032289031003550676639,23.0,442.0,442.0,0.22273300000000001,0.22273300000000001,0.0,0.22273300000000001,0.7772669999999999
169.0,694333695686916638920533025197721880230919832136049,23.0,362.0,362.0,0.035006,0.035006,0.0,0.035006,0.964994
169.0,485822670269234256517166328139449043912746690035101,23.0,370.0,370.0,0.095084,0.095084,0.0,0.095084,0.904916
169.0,621048212309618498722906441939308335619301463127923,23.0,457.0,454.0,0.04444,0.012916,0.025215,0.069655,0.930345
169.0,471378305746743164537629288149409115192944188760511,23.0,382.0,382.0,0.084129,0.084129,0.0,0.084129,0.915871
169.0,679166054805478107698598400374518496104565906945673,23.0,330.0,327.0,0.162877,0.040353,0.040353,0.20323,0.79677
169.0,478874915531854708795103201026072431746838752011189,23.0,467.0,457.0,0.037957,0.039689,0.09675800000000001,0.134715,0.865285
170.0,1289318240951187150423696809121408247188110724374959,23.0,360.0,360.0,0.05241,0.05241,0.0,0.05241,0.94759
170.0,1317598680651458934736004969973115054629720267802427,23.0,410.0,401.0,0.07342499999999999,0.010409,0.08549200000000001,0.158917,0.841083
170.0,1387016971391792365767686427962070113773978808021599,23.0,419.0,410.0,0.00976,0.029004,0.153757,0.163517,0.836483
170.0,1301605848278604502292287990083848668281772339668443,23.0,494.0,491.0,0.088728,0.057967,0.057967,0.146695,0.853305
170.0,1454027346176602205583289937091731344133146246553801,23.0,541.0,539.0,0.068311,0.071391,0.071391,0.139702,0.860298
170.0,967653528079116878085780463103240904324567568232963,23.0,516.0,516.0,0.031592,0.031592,0.0,0.031592,0.968408
170.0,1261056843454978621289453730316681785701648409889253,23.0,481.0,473.0,0.035499,0.026648,0.17359,0.209089,0.790911
170.0,837639897222655440981696060794566569158254246200341,23.0,448.0,440.0,0.054245,0.024115,0.11089299999999999,0.165138,0.834862
170.0,1380352939133440466587651274847015029204065064236727,23.0,665.0,665.0,0.218334,0.218334,0.0,0.218334,0.781666
170.0,1470202321847100083182546960194231350823305902723733,23.0,454.0,454.0,0.119724,0.119724,0.0,0.119724,0.8802760000000001
170.0,1395451141662017337518566124235400507157510063162651,23.0,387.0,382.0,0.101392,0.033941,0.033941,0.13533299999999998,0.8646670000000001
170.0,1443973581327167714924022043427922410334336886476631,23.0,420.0,412.0,0.02876,0.021028,0.021028,0.049788,0.9502120000000001
170.0,1248251220039825096428185208030859202496488462447199,23.0,472.0,471.0,0.046314,0.022327,0.022327,0.06864100000000001,0.931359
170.0,1485074191992056020325974520634552289818056666197811,23.0,434.0,434.0,0.097262,0.097262,0.0,0.097262,0.902738
170.0,1254247931868399620218293166952069391063175723231013,23.0,507.0,492.0,0.034175,0.016609,0.141402,0.17557699999999998,0.824423
170.0,1257669066486116581118684542985264257389351752099207,23.0,331.0,331.0,0.181306,0.181306,0.0,0.181306,0.818694
170.0,938770475414108901814693140661602364827961258856599,23.0,331.0,331.0,0.319109,0.319109,0.0,0.319109,0.680891
170.0,1066007335410228423895411628779579916508643551606013,23.0,411.0,411.0,0.046914,0.046914,0.0,0.046914,0.953086
170.0,1055641473154584299321451059456907378615225873359927,23.0,445.0,445.0,0.086265,0.086265,0.0,0.086265,0.913735
170.0,1450909537806030357996742850817171901677376101936973,23.0,348.0,330.0,0.033509,0.076733,0.25872799999999996,0.29223699999999997,0.707763
171.0,2320628485992640066699844867503781431624090632616007,23.0,407.0,407.0,0.064531,0.064531,0.0,0.064531,0.935469
171.0,2687357138509969949945838036658262421119489089392571,23.0,379.0,379.0,0.066963,0.066963,0.0,0.066963,0.933037
171.0,2179890418570410841271805505892530931206234443075251,23.0,496.0,487.0,0.069331,0.009956,0.009956,0.079287,0.920713
171.0,2643553863724729454040982582317963102955115497112137,23.0,631.0,631.0,0.12819,0.12819,0.0,0.12819,0.87181
171.0,2460627882183105189199201566900305707431196028435837,23.0,479.0,479.0,0.050012,0.050012,0.0,0.050012,0.949988
171.0,2339826321982801679364695234505710301355859790744791,23.0,674.0,674.0,0.047798,0.047798,0.0,0.047798,0.952202
171.0,2758900339445195828507819823171495863952057663997793,23.0,368.0,368.0,0.137831,0.137831,0.0,0.137831,0.862169
171.0,1842882812388021598690092464110026835556610550203901,23.0,649.0,649.0,0.191115,0.191115,0.0,0.191115,0.808885
171.0,2527348162893818585716726864029885307488142009814867,23.0,346.0,346.0,0.067802,0.067802,0.0,0.067802,0.932198
171.0,2837554568622031909115383188427508045834871248866231,23.0,361.0,361.0,0.150376,0.150376,0.0,0.150376,0.8496239999999999
171.0,1980107624548085725945997103475068875829188531206579,23.0,892.0,892.0,0.117526,0.117526,0.0,0.117526,0.882474
171.0,2569544928058170304082873120455860591460518083182909,23.0,514.0,498.0,0.062664,0.062423,0.195226,0.25789,0.74211
171.0,2690941433828007792933739463035154894668803736090667,23.0,360.0,356.0,0.060458,0.069187,0.069187,0.129645,0.870355
171.0,2790043200701068932081541267461948287073389647656629,23.0,321.0,321.0,0.022019,0.022019,0.0,0.022019,0.977981
171.0,2090916108644774601950745809429826244133327238488009,23.0,415.0,415.0,0.12771,0.12771,0.0,0.12771,0.87229
171.0,2565736058589956952109798640055629482853606450052707,23.0,496.0,476.0,0.034407999999999994,0.022804,0.18721200000000002,0.22162,0.77838
171.0,2857998842268811336179375833801691573922890863274847,23.0,694.0,683.0,0.024749,0.026493,0.084516,0.109265,0.890735
171.0,2396493466906125285828056384566870470681794130877669,23.0,439.0,426.0,0.037906999999999996,0.050561,0.07384700000000001,0.111754,0.888246
171.0,2690381636823230507251275613355703537300523990202027,23.0,517.0,517.0,0.192138,0.192138,0.0,0.192138,0.807862
171.0,2534044398151279155788338071872494168885731333317717,23.0,508.0,508.0,0.097231,0.097231,0.0,0.097231,0.902769
172.0,4462022261486228276470696903183179974341102550314813,23.0,557.0,555.0,0.046761,0.098262,0.098262,0.145023,0.854977
172.0,4973934130046512061706003746504778764546358353047069,23.0,488.0,488.0,0.1472,0.1472,0.0,0.1472,0.8528
172.0,5648094522288795174255363457633460814882962588225833,23.0,534.0,534.0,0.061311,0.061311,0.0,0.061311,0.938689
172.0,4726592204009198207872992689944913141786425094656837,23.0,797.0,797.0,0.250276,0.250276,0.0,0.250276,0.7497240000000001
172.0,5594622054792930920033030420069168546546514996297059,23.0,374.0,357.0,0.07939199999999999,0.055651,0.11400099999999999,0.19339299999999998,0.8066070000000001
172.0,5195538082333779164457732930160988690944352296084861,23.0,378.0,375.0,0.191954,0.063548,0.063548,0.255502,0.744498
172.0,4025284698876107182620642633377455297801856255767501,23.0,456.0,447.0,0.158765,0.126491,0.126491,0.28525599999999995,0.714744
172.0,4383786029746298282865883459946099335415639923579151,23.0,509.0,507.0,0.14181100000000002,0.052696,0.052696,0.194507,0.805493
172.0,4240211809755560196715516460800231502364014252588639,23.0,406.0,406.0,0.057947,0.057947,0.0,0.057947,0.942053
172.0,5548533853252799042694444930927799861408846535815007,23.0,383.0,383.0,0.205745,0.205745,0.0,0.205745,0.7942549999999999
172.0,5437902847130435025801669508069442332314935248409143,23.0,451.0,449.0,0.109263,0.038957,0.038957,0.14822,0.85178
172.0,4141743792397074660421973109728086317758715931017277,23.0,409.0,409.0,0.038377,0.038377,0.0,0.038377,0.961623
172.0,4778987191980938572456617933856060465243353739312487,23.0,457.0,449.0,0.062653,0.037279,0.037279,0.09993199999999999,0.900068
172.0,4739381656678028395979571409181320777773237194812847,23.0,386.0,385.0,0.072231,0.027169,0.027169,0.0994,0.9006
172.0,4804326313493129486456115335738865566041096602990667,23.0,715.0,711.0,0.070136,0.046554,0.046554,0.11669,0.88331
172.0,4104752537262135739627532234359506058920546702141581,23.0,390.0,390.0,0.086816,0.086816,0.0,0.086816,0.913184
172.0,3803744058813253158320678543084926588928670333519661,23.0,411.0,411.0,0.089727,0.089727,0.0,0.089727,0.910273
172.0,4385465259125919643879994689875257236736934784890611,23.0,477.0,477.0,0.033212,0.033212,0.0,0.033212,0.966788
172.0,5279890751954713468197389506413223751577777606451787,23.0,429.0,419.0,0.0502,0.054624,0.054624,0.104824,0.895176
172.0,4160916851387881458666582220339040710916709604934989,23.0,456.0,456.0,0.045901,0.045901,0.0,0.045901,0.954099
173.0,10923792501645012754794107569655030715119609536422907,23.0,387.0,387.0,0.089691,0.089691,0.0,0.089691,0.910309
173.0,10049473751846112538141515321974984014498020571782187,23.0,341.0,341.0,0.083317,0.083317,0.0,0.083317,0.916683
173.0,11478453237002096953758919917104639903243507350422841,23.0,637.0,637.0,0.23354600000000003,0.23354600000000003,0.0,0.23354600000000003,0.766454
173.0,10169455292752448241266658515571649753093170083937973,23.0,357.0,346.0,0.14660299999999998,0.027452,0.060677999999999996,0.207281,0.792719
173.0,11141435091489660417203162826279290403361648348555217,23.0,404.0,404.0,0.255686,0.255686,0.0,0.255686,0.7443139999999999
173.0,11845946756557169576442319415563300804632186316185761,23.0,357.0,356.0,0.09500800000000001,0.031764,0.031764,0.126772,0.873228
173.0,6606020196711476677748380921663035663590800650212861,23.0,468.0,468.0,0.169406,0.169406,0.0,0.169406,0.830594
173.0,9223304994372936325365139311788951438575340466147653,23.0,363.0,363.0,0.025682,0.025682,0.0,0.025682,0.974318
173.0,9937936138453613172200974798887957858538887333434453,23.0,436.0,429.0,0.036037,0.037002,0.079739,0.115776,0.884224
173.0,11559606582085509839598371324267429245568074606311239,23.0,368.0,360.0,0.068227,0.072866,0.16200799999999999,0.23023499999999997,0.769765
173.0,8567518689055579897923237570331424934191919130124683,23.0,374.0,374.0,0.071628,0.071628,0.0,0.071628,0.928372
173.0,7757833041287954123219330741833398980401403365844671,23.0,495.0,483.0,0.033757999999999996,0.02194,0.07176400000000001,0.105522,0.894478
173.0,9316049178944443793561813909420289680048038873209887,23.0,692.0,692.0,0.122413,0.122413,0.0,0.122413,0.877587
173.0,9928833671075698004690547493411708722996168864524191,23.0,441.0,435.0,0.106782,0.101486,0.13072,0.237502,0.762498
173.0,8082599286688078272326597296230019194455017969460353,23.0,399.0,399.0,0.103183,0.103183,0.0,0.103183,0.896817
173.0,11722980560595969629675859144256076147885119391535181,23.0,580.0,554.0,0.03064,0.025685,0.166936,0.197576,0.802424
173.0,9593608908661975634163739787876317382759712663032617,23.0,800.0,800.0,0.012132,0.012132,0.0,0.012132,0.987868
173.0,7514341258039837561785554369913705517231217351886269,23.0,514.0,514.0,0.09903200000000001,0.09903200000000001,0.0,0.09903200000000001,0.900968
173.0,10788110854762710095666872487306279223201853493970649,23.0,417.0,417.0,0.106119,0.106119,0.0,0.106119,0.893881
173.0,10830515307409583755599110009630409242843757129551833,23.0,407.0,403.0,0.104398,0.099889,0.167549,0.271947,0.7280530000000001
174.0,22104611793997230117343176470598753099597657699857767,23.0,373.0,372.0,0.09741,0.097567,0.097567,0.194977,0.805023
174.0,18763942404536135019296013058405167365237739426352961,23.0,375.0,375.0,0.116373,0.116373,0.0,0.116373,0.8836269999999999
174.0,14688504101174039979833028914301622192512344235844163,23.0,539.0,531.0,0.072989,0.133769,0.17625000000000002,0.24923900000000002,0.750761
174.0,16722058225437982034822488549751786303201587785473951,23.0,450.0,450.0,0.108722,0.108722,0.0,0.108722,0.891278
174.0,21509336382097775444053571500023183533792843315954141,23.0,660.0,660.0,0.250356,0.250356,0.0,0.250356,0.749644
174.0,22850977655225044606098189565776865301144522899108753,23.0,365.0,365.0,0.032714,0.032714,0.0,0.032714,0.967286
174.0,17279223071662642072680635911044372251032271203557523,23.0,364.0,364.0,0.050646,0.050646,0.0,0.050646,0.949354
174.0,22947441514018658653094720368483897068968757283032113,23.0,355.0,350.0,0.043512,0.02242,0.02242,0.065932,0.934068
174.0,18341314976728685056786009125261875389901729222197411,23.0,502.0,495.0,0.101412,0.074395,0.120477,0.221889,0.778111
174.0,21198313883423610607647845217061584129219727405462807,23.0,696.0,696.0,0.032265,0.032265,0.0,0.032265,0.967735
174.0,12839400785843164820295834351653620428577969094536553,23.0,522.0,506.0,0.024939,0.021418,0.18073699999999998,0.20567599999999997,0.794324
174.0,23322450000830661268788758752052782250935597472051533,23.0,309.0,309.0,0.219933,0.219933,0.0,0.219933,0.7800670000000001
174.0,16333148817978325754024309091523862744059567919963111,23.0,541.0,541.0,0.073863,0.073863,0.0,0.073863,0.926137
174.0,14462970911237542989272454421381604521266425359311389,23.0,525.0,523.0,0.021781,0.007229,0.013073000000000001,0.034853999999999996,0.9651460000000001
174.0,18949560281665792004413178756295887592891979934348561,23.0,369.0,369.0,0.10073,0.10073,0.0,0.10073,0.89927
174.0,21408407116291656012109167833580671913503017751545967,23.0,458.0,458.0,0.104596,0.104596,0.0,0.104596,0.895404
174.0,22631651939782172827484157664433587783833485119069961,23.0,444.0,438.0,0.055358,0.059645,0.059645,0.115003,0.884997
174.0,21837034941512546186024799051115680122246295015518093,23.0,417.0,417.0,0.37760099999999996,0.37760099999999996,0.0,0.37760099999999996,0.622399
174.0,23437804484573336991839150008388329128133779513222523,23.0,684.0,684.0,0.217683,0.217683,0.0,0.217683,0.782317
174.0,21670228153893009427879223165719671325428625794224927,23.0,383.0,383.0,0.069113,0.069113,0.0,0.069113,0.930887
175.0,40488067071432624121676494427962676744307992814206389,23.0,490.0,490.0,0.135906,0.135906,0.0,0.135906,0.864094
175.0,47880832610030432571309186253738451904700554037260907,23.0,386.0,386.0,0.036332,0.036332,0.0,0.036332,0.963668
175.0,45878748309865752441663931039655772029562012040164497,23.0,431.0,417.0,0.02825,0.009907,0.255439,0.283689,0.7163109999999999
175.0,44519607957401945468255440685812779498238330725202451,23.0,700.0,700.0,0.026544,0.026544,0.0,0.026544,0.973456
175.0,38437122674547888080483896869357910936491022366930391,23.0,535.0,525.0,0.03747,0.039031,0.122364,0.159834,0.840166
175.0,47064113916853618606448841022057749802258231599045617,23.0,355.0,354.0,0.154654,0.102443,0.102443,0.257097,0.742903
175.0,38418920847258974395155918878755125806886124993281449,23.0,508.0,508.0,0.380177,0.380177,0.0,0.380177,0.619823
175.0,29860959886171008880417800461459339604720394693120859,23.0,493.0,472.0,0.033507,0.034194,0.28340899999999997,0.316916,0.683084
175.0,47523346294694090590598436816448664799865583071536947,23.0,385.0,373.0,0.130775,0.036022,0.138395,0.26917,0.73083
175.0,40430147177650634814659419575820969943704601075586779,23.0,483.0,475.0,0.064502,0.029275,0.082772,0.14727400000000002,0.852726
175.0,30673381581036186694644718658867052922438672540632679,23.0,351.0,343.0,0.092097,0.041508,0.041508,0.133605,0.866395
175.0,46321511197924674401868707445937064255819847549207181,23.0,549.0,542.0,0.017046,0.032329,0.08369,0.10073599999999999,0.8992640000000001
175.0,40793108447338904457818158698839208728924655609269741,23.0,465.0,465.0,0.125331,0.125331,0.0,0.125331,0.874669
175.0,47563799216222959471208717042267403920241999763230907,23.0,379.0,371.0,0.10266800000000001,0.088295,0.105446,0.20811400000000002,0.791886
175.0,44747799795754951639143084884684883018614820083166937,23.0,363.0,363.0,0.353009,0.353009,0.0,0.353009,0.646991
175.0,46867320328474189488708379756417548186877640469492347,23.0,459.0,447.0,0.092429,0.03536,0.03536,0.12778899999999999,0.8722110000000001
175.0,46542356956969036203230698142264416107162071627147053,23.0,398.0,381.0,0.053503,0.0188,0.060963,0.11446600000000001,0.885534
175.0,45701878003472651488780363802977956628041054016481659,23.0,473.0,473.0,0.11911,0.11911,0.0,0.11911,0.88089
175.0,25458726975309530242094669164823103336392162094875803,23.0,423.0,423.0,0.01225,0.01225,0.0,0.01225,0.98775
175.0,39959523049873920871877996128842998488581987804339877,23.0,427.0,414.0,0.024877999999999997,0.081652,0.081652,0.10653,0.89347
176.0,87990886338847859195592642389102593039937487082558279,24.0,476.0,463.0,0.014387,0.048677,0.111368,0.125755,0.8742449999999999
176.0,92564124955148991262968874807483374435803628161108999,24.0,928.0,925.0,0.017494,0.016638,0.016638,0.034131999999999996,0.965868
176.0,94129007589456961191977269147297543003266132666549953,24.0,394.0,391.0,0.013807,0.014993,0.014993,0.0288,0.9712
176.0,93819484016161644344551753829300322151041926203410181,24.0,422.0,422.0,0.245706,0.245706,0.0,0.245706,0.754294
176.0,73157616268457907406971375723178615684280166706710493,24.0,392.0,392.0,0.063308,0.063308,0.0,0.063308,0.936692
176.0,61542774938750705714463225629776244056185970967253653,24.0,490.0,489.0,0.039408,0.050321,0.050321,0.089729,0.910271
176.0,71800771048867515580859417044203063847762338647077403,24.0,359.0,359.0,0.041117,0.041117,0.0,0.041117,0.958883
176.0,77258340421405866522724393177859419720883968347782627,24.0,498.0,498.0,0.044476,0.044476,0.0,0.044476,0.955524
176.0,89837078281524964039898044063254336032471057480771579,24.0,663.0,663.0,0.157588,0.157588,0.0,0.157588,0.8424119999999999
176.0,67631371474217585591492093931057414532556760623695867,24.0,359.0,359.0,0.229575,0.229575,0.0,0.229575,0.770425
176.0,89832926575159265651841476273066740015357110318540347,24.0,617.0,600.0,0.039458,0.018619,0.21490399999999998,0.254362,0.745638
176.0,67118204137332948793553589627698826319196161548428537,24.0,371.0,371.0,0.117229,0.117229,0.0,0.117229,0.882771
176.0,87774156256777768160436756789989062372701963996758741,24.0,535.0,535.0,0.045711,0.045711,0.0,0.045711,0.9542889999999999
176.0,70572719969624332011199901351228566052874877227465031,24.0,448.0,448.0,0.118646,0.118646,0.0,0.118646,0.881354
176.0,86250046064114433343982710398437258754379418231496971,24.0,398.0,390.0,0.052294,0.030007,0.030007,0.082301,0.917699
176.0,87134348646583113354803029928666774546954085244353883,24.0,342.0,342.0,0.029652,0.029652,0.0,0.029652,0.970348
176.0,71901633824806274691548687743309648812921855456127637,24.0,391.0,391.0,0.211724,0.211724,0.0,0.211724,0.788276
176.0,90150270285363435056040734184802693760325360863282387,24.0,494.0,494.0,0.007716,0.007716,0.0,0.007716,0.992284
176.0,94046017590480304561168089303295538090394575865219973,24.0,477.0,462.0,0.02526,0.032601,0.046636,0.071896,0.928104
176.0,64190892782173257959767693618630438907905705925983597,24.0,430.0,430.0,0.069142,0.069142,0.0,0.069142,0.930858
177.0,119125070369688751792163725903852573808324382853761851,24.0,518.0,499.0,0.080352,0.062337,0.062337,0.142689,0.8573109999999999
177.0,182726819299327515165849812245648871121491177942129611,24.0,479.0,479.0,0.141303,0.141303,0.0,0.141303,0.858697
177.0,188893960779618570376876195763394634184667143767990939,24.0,463.0,463.0,0.06747,0.06747,0.0,0.06747,0.93253
177.0,177226234109374423417710011618572758541886871555971773,24.0,516.0,515.0,0.025727,0.021317,0.021317,0.047044,0.952956
177.0,170417219917741538865104682908758540815889415996081587,24.0,484.0,474.0,0.011842,0.015102,0.049634000000000005,0.061476,0.938524
177.0,184456472780322533717507274449727396706948277959651997,24.0,704.0,704.0,0.052928,0.052928,0.0,0.052928,0.947072
177.0,172591822599216441031826476355149233765150072380634947,24.0,438.0,438.0,0.024309,0.024309,0.0,0.024309,0.975691
177.0,160262516696147396603234199689194202325829336961400089,24.0,414.0,414.0,0.100952,0.100952,0.0,0.100952,0.899048
177.0,189488332491885140927092409494182632690603024073949519,24.0,433.0,432.0,0.021541,0.022815,0.022815,0.044356,0.955644
177.0,158860589548227817116386228914199311016251079037823631,24.0,400.0,400.0,0.029121,0.029121,0.0,0.029121,0.970879
177.0,131023867650554721773986626498755865101732014114852169,24.0,489.0,489.0,0.233928,0.233928,0.0,0.233928,0.766072
177.0,185419546061793924107275707453523293583979540373323441,24.0,422.0,410.0,0.024861,0.115471,0.27245400000000003,0.29731500000000005,0.702685
177.0,130739606859025377984032427604557137652684751978400777,24.0,503.0,501.0,0.008588,0.014566,0.029400000000000003,0.037988,0.962012
177.0,148738595022486208740372312134935505218833565972371451,24.0,442.0,441.0,0.033493,0.025958,0.025958,0.059451000000000004,0.940549
177.0,167245458534901805246177899856773690854765016929409441,24.0,561.0,549.0,0.07652600000000001,0.078218,0.12346199999999999,0.199988,0.800012
177.0,167743233925335463625480222303950384908571933339861327,24.0,421.0,421.0,0.063031,0.063031,0.0,0.063031,0.9369689999999999
177.0,127846725145209783213161083219697857237418143943954471,24.0,562.0,562.0,0.04013,0.04013,0.0,0.04013,0.95987
177.0,175371321030994867998753692974243811078511522480617843,24.0,485.0,435.0,0.014629,0.024867,0.5522629999999996,0.5668919999999996,0.4331080000000004
177.0,116000582161408742104082789047643826044722595827305757,24.0,489.0,489.0,0.033497,0.033497,0.0,0.033497,0.966503
177.0,170372630777230523245695634046185057408362313049454403,24.0,611.0,611.0,0.020497,0.020497,0.0,0.020497,0.979503
178.0,326370916554170909248800565447441227366364752100439299,24.0,358.0,358.0,0.056196,0.056196,0.0,0.056196,0.943804
178.0,351133543531254740082619452808507153835828169762359977,24.0,341.0,341.0,0.262631,0.262631,0.0,0.262631,0.7373689999999999
178.0,336454357966569634923263904170681101591018051550982463,24.0,517.0,517.0,0.052656,0.052656,0.0,0.052656,0.947344
178.0,287084766998192650266030523003134421022082997050134521,24.0,477.0,473.0,0.054588,0.066871,0.066871,0.121459,0.878541
178.0,352927538094715815006260624760445835128691040320016481,24.0,435.0,430.0,0.067686,0.030954,0.049939,0.117625,0.882375
178.0,338358782479052619339175922612376094187822886673941721,24.0,575.0,575.0,0.149858,0.149858,0.0,0.149858,0.850142
178.0,350983244504690877302934108411058885737259142622352279,24.0,403.0,400.0,0.085825,0.125227,0.125227,0.21105200000000002,0.788948
178.0,362113241669248116131584645381866273037844314273508653,24.0,813.0,807.0,0.055262,0.069667,0.152571,0.20783300000000002,0.792167
178.0,354699753705738888969549737288396049484417614825528751,24.0,515.0,515.0,0.090535,0.090535,0.0,0.090535,0.909465
178.0,331690661156431736210765004245137972208022366664402553,24.0,993.0,988.0,0.00819,0.011665,0.038261,0.046451000000000006,0.953549
178.0,332675546545853496255458413537230392333963633325833083,24.0,393.0,393.0,0.039972,0.039972,0.0,0.039972,0.960028
178.0,313703344571742936697405437124510360823965169983069999,24.0,954.0,954.0,0.019386,0.019386,0.0,0.019386,0.980614
178.0,380254134293999860410999253285210970240457628198742663,24.0,448.0,448.0,0.053077,0.053077,0.0,0.053077,0.946923
178.0,360641711799225046890015181472030377655985832139240759,24.0,608.0,608.0,0.042154,0.042154,0.0,0.042154,0.957846
178.0,263917085618902017901372402907639485241329433989841083,24.0,513.0,513.0,0.051176,0.051176,0.0,0.051176,0.948824
178.0,266288106436622503269927529785703488384905659026805291,24.0,475.0,475.0,0.031412,0.031412,0.0,0.031412,0.968588
178.0,344304805683409519331394242367711732435948148819916561,24.0,486.0,486.0,0.165752,0.165752,0.0,0.165752,0.834248
178.0,341709744235492519708940578050014342971004111389339661,24.0,328.0,328.0,0.110349,0.110349,0.0,0.110349,0.889651
178.0,310967967663884862956076583774857977926596023977520621,24.0,700.0,700.0,0.176393,0.176393,0.0,0.176393,0.823607
178.0,327279608257895351469611029322246368521417106545791761,24.0,682.0,673.0,0.017604,0.015028,0.027902999999999997,0.045507,0.954493
179.0,558936428874945996924383768356203135254350439671785479,24.0,366.0,366.0,0.089131,0.089131,0.0,0.089131,0.910869
179.0,674926639517348090731177770827913991101246148882287283,24.0,980.0,974.0,0.015529,0.005717,0.040871,0.0564,0.9436
179.0,520778796933569712475497803976339448328715986002072523,24.0,554.0,547.0,0.046921,0.070202,0.070202,0.117123,0.882877
179.0,748335037461936801408133793949275373189490397012798993,24.0,587.0,587.0,0.293512,0.293512,0.0,0.293512,0.706488
179.0,750121838409245984074572114070043722336783466522324083,24.0,555.0,541.0,0.066783,0.010846,0.19159599999999996,0.25837899999999997,0.7416210000000001
179.0,652699193242756150846355283234498871767984936149202997,24.0,373.0,370.0,0.07717399999999999,0.031754,0.031754,0.108928,0.891072
179.0,701012462554551393326136469593585664907414625879938377,24.0,571.0,549.0,0.090773,0.047698,0.224236,0.315009,0.684991
179.0,651811943098199803843122079676572375058573432081265941,24.0,335.0,335.0,0.043415,0.043415,0.0,0.043415,0.956585
179.0,551025100698026169975841797211316492193395216233257361,24.0,688.0,681.0,0.033835,0.068402,0.068402,0.102237,0.897763
179.0,568232849243253819024806302642399573345242309126608059,24.0,453.0,453.0,0.059637,0.059637,0.0,0.059637,0.940363
179.0,639820098139219068308973252189078237340004822241496393,24.0,359.0,335.0,0.016217,0.129163,0.5112199999999999,0.5274369999999999,0.47256300000000007
179.0,761792849352011360883518708616350161974544759945523083,24.0,427.0,427.0,0.064805,0.064805,0.0,0.064805,0.935195
179.0,628942419048318189765862150028221450462352308232102681,24.0,346.0,346.0,0.219644,0.219644,0.0,0.219644,0.780356
179.0,566889538234990454641052189675936791837860452121325949,24.0,470.0,468.0,0.10917199999999999,0.054891,0.054891,0.164063,0.835937
179.0,716452162573779008868293903020235512769764173696217249,24.0,627.0,627.0,0.040759,0.040759,0.0,0.040759,0.959241
179.0,621413530195004739611180163225538908969413935549872629,24.0,896.0,896.0,0.037347,0.037347,0.0,0.037347,0.962653
179.0,645609036446719663018922094515491080262538063860555597,24.0,374.0,374.0,0.048891,0.048891,0.0,0.048891,0.951109
179.0,555489032258653592242576233173121867113539610787783833,24.0,386.0,386.0,0.130525,0.130525,0.0,0.130525,0.869475
179.0,535750173793033032362966709603096420101001099801784643,24.0,536.0,520.0,0.035843,0.043471,0.17903300000000003,0.214876,0.7851239999999999
179.0,456506540313436296309522192769161449949543126587051023,24.0,417.0,417.0,0.096158,0.096158,0.0,0.096158,0.903842
180.0,1358996782341013393471064892946133021632416224066738371,24.0,753.0,743.0,0.08324200000000001,0.021463,0.086046,0.169288,0.830712
180.0,1147190830767755812327995081041386320310165753132541849,24.0,638.0,638.0,0.031457,0.031457,0.0,0.031457,0.968543
180.0,1403925300691032372140940928473865553985310895500181911,24.0,459.0,459.0,0.043573,0.043573,0.0,0.043573,0.956427
180.0,1495775451737959760457511687274350579183536185139242641,24.0,427.0,414.0,0.033435,0.031518,0.176036,0.209471,0.790529
180.0,1110739563446777289531838627303749633950291508344598743,24.0,488.0,488.0,0.016803,0.016803,0.0,0.016803,0.983197
180.0,1194024369143971552927889417542591741693717575625673111,24.0,467.0,467.0,0.039504,0.039504,0.0,0.039504,0.960496
180.0,1260166637346508034925373413900190230508510171798948477,24.0,732.0,732.0,0.092476,0.092476,0.0,0.092476,0.907524
180.0,1455316476136829091460607052510092178765985268783561317,24.0,516.0,502.0,0.01378,0.017353,0.085375,0.09915500000000001,0.900845
180.0,1309093992710635640836698146159549405123972272927404881,24.0,496.0,484.0,0.11663,0.015596,0.039269,0.155899,0.844101
180.0,1390894799146412153168495467213932724874405876411579611,24.0,490.0,487.0,0.098162,0.046837,0.046837,0.144999,0.855001
180.0,1520134781616046526108129582711299483597548910524846853,24.0,425.0,425.0,0.045483,0.045483,0.0,0.045483,0.954517
180.0,1505439219343167470373459269572451082957623944381924673,24.0,411.0,407.0,0.029242,0.048697,0.048697,0.077939,0.922061
180.0,1057025848491395991324830754425862907965800790964989169,24.0,415.0,414.0,0.037392,0.027125,0.027125,0.064517,0.935483
180.0,1022335052507123413464678276586097658581994406812064513,24.0,412.0,412.0,0.044213,0.044213,0.0,0.044213,0.9557869999999999
180.0,986820806071662897465598796288744366007908716888546481,24.0,789.0,784.0,0.005978,0.019946,0.019946,0.025924,0.974076
180.0,1524644692974396926561992448558626212968367576768526879,24.0,397.0,387.0,0.032059,0.035041,0.05973200000000001,0.09179100000000001,0.908209
180.0,1314131625546751137305337304108371769311553500059572603,24.0,433.0,429.0,0.053764,0.050973,0.05745,0.11121400000000001,0.888786
180.0,1159287238259464432648787656029088912397674342457115643,24.0,445.0,441.0,0.136335,0.072683,0.072683,0.209018,0.790982
180.0,1475197377405499619513187533655878473208974647166678079,24.0,400.0,400.0,0.114131,0.114131,0.0,0.114131,0.885869
180.0,1092513974848862293580063101113260203144966532297855803,24.0,575.0,575.0,0.047248,0.047248,0.0,0.047248,0.952752
181.0,2146755962617820701939724558369889009769651618593397373,24.0,485.0,476.0,0.028242,0.041493,0.064921,0.09316300000000001,0.906837
181.0,2072316348390379785942053767435731590279096222618626363,24.0,495.0,491.0,0.035129,0.041815,0.083403,0.118532,0.881468
181.0,2877046995656031836501313697137912148919872998967745519,24.0,556.0,556.0,0.031249,0.031249,0.0,0.031249,0.968751
181.0,2880369969123252961817754651476818952571924308651017163,24.0,462.0,462.0,0.025188,0.025188,0.0,0.025188,0.974812
181.0,2861708897811122498028015229576663189712718130603358513,24.0,569.0,566.0,0.060425,0.035035,0.035035,0.09545999999999999,0.90454
181.0,2806788267767978306991980520946809467457007629229500787,24.0,673.0,668.0,0.101647,0.01709,0.09975300000000001,0.20140000000000002,0.7986
181.0,2302747288573481437114058572318921809401333842388506063,24.0,550.0,550.0,0.131852,0.131852,0.0,0.131852,0.868148
181.0,2533946943181812616782556407056335292416812676112585527,24.0,430.0,419.0,0.08313899999999999,0.047722,0.11542500000000001,0.19856400000000002,0.801436
181.0,2487771293557144436196457222451407643840343448896262201,24.0,391.0,391.0,0.023946,0.023946,0.0,0.023946,0.976054
181.0,2345607456560758996293272875237597113634991575593930503,24.0,409.0,398.0,0.036149,0.042522,0.07048399999999999,0.10663299999999999,0.893367
181.0,2451877345078985122707203168343312742955044811033249477,24.0,515.0,487.0,0.036534,0.164959,0.250384,0.286918,0.713082
181.0,2340974696399471038404420962322551749504771560040272007,24.0,512.0,512.0,0.118752,0.118752,0.0,0.118752,0.881248
181.0,2477342015750519040996010692078739219032174672206011307,24.0,595.0,595.0,0.042634,0.042634,0.0,0.042634,0.957366
181.0,2296086844355268411990274677061153842585626962159704019,24.0,405.0,404.0,0.050674,0.020797,0.020797,0.07147099999999999,0.928529
181.0,2857327712261479603462914395058626994702465220337337739,24.0,578.0,576.0,0.16577,0.071392,0.071392,0.23716199999999998,0.762838
181.0,1869241629214427269662931336533353684013970622159921317,24.0,523.0,515.0,0.040317,0.070001,0.08227399999999999,0.12259099999999998,0.877409
181.0,2136463886038630304242691639030926383783507376355925571,24.0,418.0,418.0,0.047191,0.047191,0.0,0.047191,0.952809
181.0,2877127110897588495873508614076070239692397854333669421,24.0,875.0,868.0,0.024893,0.014849000000000001,0.047623,0.072516,0.927484
181.0,2391506213382517426158791151215598942262031718622544827,24.0,488.0,478.0,0.062471,0.026201,0.057208999999999996,0.11968,0.88032
181.0,2948841039361971531410668839665611640358315799683010259,24.0,552.0,552.0,0.03626,0.03626,0.0,0.03626,0.96374
182.0,4191292476346020518783656275665657989599723159847851667,24.0,550.0,539.0,0.015948999999999998,0.019174,0.034237000000000004,0.050186,0.949814
182.0,4368915889305698991841916329930420223695538711679696073,24.0,405.0,397.0,0.030307,0.014249,0.014249,0.044556,0.955444
182.0,4603173397210774045412589779080265237568427782430487923,24.0,620.0,617.0,0.052635,0.02351,0.02351,0.076145,0.923855
182.0,4412747380103085417736789338590629677444833420942921431,24.0,630.0,630.0,0.051745,0.051745,0.0,0.051745,0.948255
182.0,5274862496484527199284351082466041501734256417850671079,24.0,331.0,331.0,0.097133,0.097133,0.0,0.097133,0.902867
182.0,4800792925814278444401434125143406347751419932688595051,24.0,401.0,391.0,0.05821,0.083168,0.083168,0.141378,0.858622
182.0,3653812005152759308354861844496272098804036966408036451,24.0,520.0,520.0,0.088232,0.088232,0.0,0.088232,0.911768
182.0,4646737653138437262079866979167515682324029521366613887,24.0,617.0,617.0,0.013018,0.013018,0.0,0.013018,0.986982
182.0,5244063665198047536361296769370401123699361439281027921,24.0,389.0,389.0,0.101852,0.101852,0.0,0.101852,0.898148
182.0,5043512217423355819857280369022042682912863299358815427,24.0,580.0,580.0,0.060686,0.060686,0.0,0.060686,0.939314
182.0,5381424364337562423689277556082862960704173067855407963,24.0,411.0,408.0,0.064951,0.105182,0.105182,0.17013299999999998,0.829867
182.0,5605622646710231703717995108618170373087268192211651819,24.0,429.0,429.0,0.149749,0.149749,0.0,0.149749,0.850251
182.0,5372876402521245557172885073810823234220306537484862171,24.0,519.0,519.0,0.034494,0.034494,0.0,0.034494,0.965506
182.0,5193787393634226710856637245122360855837884143711668923,24.0,418.0,402.0,0.011355,0.029426,0.15124500000000002,0.16260000000000002,0.8373999999999999
182.0,4901526449801380100603842024908873735304969564340783837,24.0,517.0,517.0,0.081455,0.081455,0.0,0.081455,0.918545
182.0,6116842254080121661991651815972543754648149039661461711,24.0,522.0,522.0,0.153687,0.153687,0.0,0.153687,0.846313
182.0,4848300292233620118117558303318082764588214458439723993,24.0,700.0,691.0,0.11177200000000001,0.148213,0.17567500000000003,0.287447,0.712553
182.0,5455870824923288995533498136798277725990387457579154641,24.0,369.0,369.0,0.140735,0.140735,0.0,0.140735,0.859265
182.0,3785938512649873423258671464276287016184708730225383793,24.0,371.0,371.0,0.070869,0.070869,0.0,0.070869,0.929131
182.0,4491160981645514588938837869554023508980963008773065231,24.0,572.0,572.0,0.095322,0.095322,0.0,0.095322,0.904678
183.0,9166723778901347230936039451531749253767512951187044911,24.0,351.0,351.0,0.219594,0.219594,0.0,0.219594,0.7804059999999999
183.0,10455930224123599063565031820487918262028421842464564737,24.0,942.0,940.0,0.023635,0.009696,0.009696,0.033331,0.966669
183.0,7427674099806058459503172382903188275128363209564310927,24.0,359.0,359.0,0.093043,0.093043,0.0,0.093043,0.906957
183.0,10617285421144533269412481609230267820807269357289585027,24.0,513.0,504.0,0.12585,0.08512,0.129364,0.255214,0.744786
183.0,11010471763583359046491348791311818146317648218012267883,24.0,587.0,580.0,0.038929,0.01681,0.039588,0.078517,0.921483
183.0,10332376251302120495254834326196282275734767686242549761,24.0,337.0,337.0,0.128256,0.128256,0.0,0.128256,0.871744
183.0,11749977713551691032971054523891664935137255323436579743,24.0,638.0,638.0,0.039067,0.039067,0.0,0.039067,0.960933
183.0,10038010870002094481651798134300472801725442018653785307,24.0,459.0,459.0,0.044271,0.044271,0.0,0.044271,0.955729
183.0,10982511715433447835689163250582120464921150302579077343,24.0,389.0,386.0,0.060048,0.023185,0.06644800000000001,0.126496,0.8735040000000001
183.0,8953983959087052116701047035345005923200525137226524679,24.0,548.0,548.0,0.029647,0.029647,0.0,0.029647,0.970353
183.0,8876846022270762570247578740470934525848460110861548643,24.0,716.0,707.0,0.126191,0.022104,0.022104,0.148295,0.8517049999999999
183.0,7272641689296160343480501161670052491504793391277318831,24.0,436.0,436.0,0.317851,0.317851,0.0,0.317851,0.682149
183.0,12244318449419593826201370835952825834440723200097525199,24.0,568.0,568.0,0.019927,0.019927,0.0,0.019927,0.980073
183.0,11599990885992088420849467859622548958581504884697039151,24.0,527.0,504.0,0.022399,0.092209,0.3307570000000001,0.3531560000000001,0.646844
183.0,7605813317180000005669607627882043830747996242518578099,24.0,586.0,586.0,0.040228,0.040228,0.0,0.040228,0.959772
183.0,12182702859135303445823465643541896884548888148712896953,24.0,367.0,367.0,0.013622,0.013622,0.0,0.013622,0.986378
183.0,9709983608535670096749131929304035374023228870737229987,24.0,501.0,501.0,0.052362,0.052362,0.0,0.052362,0.947638
183.0,10464773632474194098893561476862794550508738502141675107,24.0,591.0,588.0,0.119581,0.060896,0.060896,0.180477,0.819523
183.0,9586059037733377655369346899873870070324449037164235107,24.0,348.0,348.0,0.042263,0.042263,0.0,0.042263,0.957737
183.0,9699446562764165401251791317533912674237385429964214831,24.0,400.0,400.0,0.041512,0.041512,0.0,0.041512,0.958488
184.0,18626849292167387044123969723309390925329349903285206507,24.0,358.0,355.0,0.085169,0.04668,0.04668,0.131849,0.868151
184.0,18804282751054831530309800753579061511332519271103678431,24.0,547.0,547.0,0.069907,0.069907,0.0,0.069907,0.9300930000000001
184.0,18252028929067861875789984563223162861221576906848127717,24.0,679.0,670.0,0.053527000000000005,0.172579,0.4785649999999999,0.5320919999999999,0.4679080000000001
184.0,24181446627067838775417564967666980419690582548365581197,24.0,494.0,494.0,0.0274,0.0274,0.0,0.0274,0.9726
184.0,23005878760564119588403003965951554728473230184759392953,24.0,589.0,589.0,0.081465,0.081465,0.0,0.081465,0.918535
184.0,23936510072986768214421716184424106299398221539866239897,24.0,494.0,480.0,0.04057,0.02429,0.160493,0.201063,0.798937
184.0,16234034926709714462589794505359125056267838558020716281,24.0,650.0,636.0,0.011908,0.014401,0.078598,0.090506,0.909494
184.0,23428690111692592128116212619775791367144015582938967239,24.0,463.0,450.0,0.012321,0.010982,0.120812,0.133133,0.866867
184.0,18912759825437398136803515023873579742325104166174841671,24.0,477.0,477.0,0.069823,0.069823,0.0,0.069823,0.930177
184.0,19927044154018425176840956388997557677674288593187597089,24.0,431.0,431.0,0.062961,0.062961,0.0,0.062961,0.937039
184.0,19536799308159701904048108852677303754701680967104128127,24.0,441.0,432.0,0.013734,0.058996,0.165996,0.17973,0.82027
184.0,19071823677149723706403511825275713145306081300414131937,24.0,565.0,560.0,0.022023,0.012594,0.012594,0.034617,0.965383
184.0,20612269609108741202241460271673864594887702871452882101,24.0,445.0,445.0,0.028363,0.028363,0.0,0.028363,0.971637
184.0,18920239559229041789878510751170285007946834591953601329,24.0,656.0,656.0,0.059437,0.059437,0.0,0.059437,0.940563
184.0,22611644979880324889689047625329907958432993333469481211,24.0,427.0,412.0,0.055991,0.031427,0.23076200000000002,0.28675300000000004,0.713247
184.0,22464664451229199112637114050957084764371480284978460343,24.0,396.0,396.0,0.0434,0.0434,0.0,0.0434,0.9566
184.0,20229563940142821382398535762812188204560973744420706551,24.0,538.0,538.0,0.041567,0.041567,0.0,0.041567,0.958433
184.0,14302906747822375527736225805395822106070407268478927343,24.0,445.0,445.0,0.050028,0.050028,0.0,0.050028,0.949972
184.0,22648934796018516144639607669733048190885481628018590453,24.0,476.0,476.0,0.080362,0.080362,0.0,0.080362,0.919638
184.0,15697907949934382447029781871211500370846936672724531567,24.0,440.0,438.0,0.025572,0.048159,0.048159,0.073731,0.926269
185.0,39302817494925418904731805103331681348585472258348444957,25.0,616.0,606.0,0.013302,0.020737,0.049494,0.062796,0.937204
185.0,39163563717688705635413025356219451066821712937228964227,25.0,518.0,506.0,0.015371,0.059232,0.209215,0.224586,0.775414
185.0,43686826810459062412827238710551696728616518667617692019,25.0,584.0,584.0,0.031444,0.031444,0.0,0.031444,0.968556
185.0,44530085274113978279620207534979690950635532686975502813,25.0,352.0,352.0,0.041248,0.041248,0.0,0.041248,0.958752
185.0,43570715964626102904381136448155751424171061828655209841,25.0,479.0,479.0,0.049829,0.049829,0.0,0.049829,0.950171
185.0,42847627148824300921093636376913601640563740728623558181,25.0,769.0,763.0,0.020828,0.028661,0.107882,0.12871,0.87129
185.0,32083703321789764487338768250718421793945445188847533027,24.0,682.0,682.0,0.132476,0.132476,0.0,0.132476,0.867524
185.0,33014805666036752589259540494640708288963751747621341763,25.0,585.0,570.0,0.047002999999999996,0.015936,0.151645,0.198648,0.8013520000000001
185.0,41464335276070540341399584119313180727925975932568415057,25.0,402.0,402.0,0.064972,0.064972,0.0,0.064972,0.935028
185.0,33861582902426483337301296118131448522568614203251711863,25.0,464.0,464.0,0.056408,0.056408,0.0,0.056408,0.943592
185.0,46071639138339644800558097284225066199315293701982806079,25.0,873.0,869.0,0.059063,0.04149,0.04149,0.100553,0.899447
185.0,37936033159136473000212002322269943296231496368568922549,25.0,383.0,383.0,0.104745,0.104745,0.0,0.104745,0.895255
185.0,48350569892826986379872186809679223015058022521047573871,25.0,502.0,502.0,0.088923,0.088923,0.0,0.088923,0.911077
185.0,41198097084082663709570476103319690345818375254249026263,25.0,437.0,437.0,0.046353,0.046353,0.0,0.046353,0.953647
185.0,45101352016751018053319721236302099399595057715497241929,25.0,470.0,466.0,0.010932,0.037391,0.061564,0.072496,0.927504
185.0,42065769993861888778368368385451592776021006938027669583,25.0,898.0,898.0,0.026142,0.026142,0.0,0.026142,0.973858
185.0,41907847300045853777854516119774591215451371041706482459,25.0,653.0,653.0,0.045533,0.045533,0.0,0.045533,0.954467
185.0,48828218167552081470122749610887068068091405463826001571,25.0,420.0,400.0,0.021901,0.079319,0.19233400000000003,0.21423500000000004,0.7857649999999999
185.0,41321776714362126833330727735907708762522999908493584631,25.0,500.0,486.0,0.009707,0.023442,0.048245,0.057952000000000004,0.942048
185.0,45383217518804476499152706989070758316114620859553366943,25.0,340.0,340.0,0.035087,0.035087,0.0,0.035087,0.964913
186.0,91860233843352511299828307727646362358888480420031170413,25.0,647.0,647.0,0.202414,0.202414,0.0,0.202414,0.797586
186.0,80310109483483183267313583353855043236387938949945913511,25.0,362.0,362.0,0.080625,0.080625,0.0,0.080625,0.919375
186.0,80341684383462084364790814145428006802552449749708478169,25.0,648.0,637.0,0.01026,0.013318,0.048721,0.058981,0.941019
186.0,94274586636737974618847930138230885567012445571032348059,25.0,552.0,548.0,0.028153,0.075715,0.075715,0.103868,0.896132
186.0,85286064753422311838018802719562606418460845712040300179,25.0,455.0,455.0,0.036215,0.036215,0.0,0.036215,0.963785
186.0,95824663807095715873047831217240459086791279500036727837,25.0,563.0,559.0,0.034549,0.014816,0.086727,0.121276,0.8787240000000001
186.0,80600641280005619173439191411717632606164953443740925413,25.0,653.0,653.0,0.004576,0.004576,0.0,0.004576,0.995424
186.0,53363439485857552435882838625033101776848292903405327631,25.0,486.0,486.0,0.087451,0.087451,0.0,0.087451,0.912549
186.0,84360977267528679389916660229858829202359730331725108419,25.0,591.0,591.0,0.03894,0.03894,0.0,0.03894,0.96106
186.0,79840201135431317961751024566665709261061070004618876607,25.0,390.0,390.0,0.057898,0.057898,0.0,0.057898,0.942102
186.0,86866046861802039662583542752660385034769683216166980061,25.0,701.0,701.0,0.09179,0.09179,0.0,0.09179,0.90821
186.0,86323619254797487920466332795791126216445907418620989923,25.0,507.0,503.0,0.036432,0.021773,0.021773,0.058205,0.941795
186.0,96229941655765770007029825039522376331365113196946498957,25.0,439.0,424.0,0.053049,0.074252,0.16933700000000002,0.22238600000000003,0.777614
186.0,68612351526722038739277226442469049931568086799744053797,25.0,492.0,479.0,0.06271399999999999,0.033164,0.091091,0.153805,0.846195
186.0,68105415306841011876975324285506148265126787018204059721,25.0,684.0,681.0,0.035398,0.023228,0.023228,0.058626,0.941374
186.0,82153452353776642549718572430278706898613500637862573111,25.0,585.0,585.0,0.111699,0.111699,0.0,0.111699,0.888301
186.0,58260742770043455753114412466166256900662844348827175237,25.0,656.0,656.0,0.08545,0.08545,0.0,0.08545,0.91455
186.0,92398084669964916514251013016603556504210733394779182767,25.0,354.0,350.0,0.0624,0.082883,0.082883,0.145283,0.854717
186.0,85070111672001330371958789558357340118850688442337853217,25.0,406.0,406.0,0.047705,0.047705,0.0,0.047705,0.952295
186.0,77006883355586853676151730714225091231991247740864640619,25.0,409.0,409.0,0.113413,0.113413,0.0,0.113413,0.886587
187.0,185702567469454758545522669141358609758902348939813864093,25.0,539.0,539.0,0.109602,0.109602,0.0,0.109602,0.890398
187.0,179941892859217785606681885687143742888315889414346363689,25.0,1050.0,1050.0,0.075405,0.075405,0.0,0.075405,0.9245950000000001
187.0,181526373319561920706249179904543072763946711556143801553,25.0,573.0,565.0,0.021,0.096433,0.229,0.25,0.75
187.0,167429568427479950155810682841163388259872915659211758439,25.0,422.0,422.0,0.048792,0.048792,0.0,0.048792,0.951208
187.0,186979504018673334316662054121094588580490052795915527519,25.0,592.0,589.0,0.056159,0.013224,0.026379,0.082538,0.917462
187.0,145169698815553753950995436308896640554249031871232995529,25.0,614.0,610.0,0.064221,0.028551,0.028551,0.092772,0.907228
187.0,189461310023527313299690027067741970827568893636258377063,25.0,776.0,770.0,0.004319,0.00717,0.00717,0.011489,0.988511
187.0,195549547224884539368396804380565596304971046728434683161,25.0,428.0,428.0,0.095984,0.095984,0.0,0.095984,0.904016
187.0,178245846474078559274688392189915797290638577194576694293,25.0,442.0,442.0,0.077381,0.077381,0.0,0.077381,0.922619
187.0,140252436907018775044357018689165543420042260373871440727,25.0,521.0,518.0,0.053755,0.037832,0.037832,0.091587,0.908413
187.0,192105990641511042361486580149859043063803753731838318981,25.0,824.0,822.0,0.014079,0.038625,0.050695000000000004,0.064774,0.935226
187.0,178454889426021172984526500874394848133697897783899319511,25.0,990.0,977.0,0.016762,0.017971,0.047852,0.064614,0.935386
187.0,147793902755095806954444489354226029687835800736294743133,25.0,639.0,639.0,0.054715,0.054715,0.0,0.054715,0.945285
187.0,181066564675332279473924972484406057203667755771628163519,25.0,421.0,421.0,0.044805,0.044805,0.0,0.044805,0.955195
187.0,168818801318777087057170297997195516793375607488939767557,25.0,444.0,444.0,0.074606,0.074606,0.0,0.074606,0.925394
187.0,163084686989748233415040348211861253938756903626114968719,25.0,416.0,408.0,0.065803,0.11972,0.11972,0.185523,0.814477
187.0,188075731576689556162612507442726713223245640460883288489,25.0,585.0,585.0,0.111144,0.111144,0.0,0.111144,0.888856
187.0,132226185708852638537764772743714220747210366978910886177,25.0,472.0,470.0,0.13779,0.078109,0.078109,0.215899,0.7841009999999999
187.0,194698576701919400115040833966319106090888842928840082833,25.0,466.0,466.0,0.054857,0.054857,0.0,0.054857,0.945143
187.0,125253423035716542158322394161648453041038946552062725559,25.0,494.0,494.0,0.011978,0.011978,0.0,0.011978,0.988022
188.0,314224750521702231589078779205748577487125730214151848227,25.0,477.0,477.0,0.074999,0.074999,0.0,0.074999,0.925001
188.0,214725867801677657763150716044378228025925022271604157093,25.0,377.0,375.0,0.170321,0.077132,0.077132,0.247453,0.752547
188.0,337786569927761505444410838242068306234426938889367376089,25.0,415.0,415.0,0.093167,0.093167,0.0,0.093167,0.906833
188.0,360223106477640603715939086025088234494108141240755800321,25.0,449.0,449.0,0.210243,0.210243,0.0,0.210243,0.789757
188.0,374124987525817520307508964115960865602386918837898179827,25.0,668.0,648.0,0.047639,0.036241,0.10267299999999999,0.150312,0.849688
188.0,361989780913006793919620222968747185160737595989089084909,25.0,435.0,426.0,0.037492,0.130128,0.242236,0.279728,0.720272
188.0,317559581118592945343728270732523067627215982144611637637,25.0,399.0,399.0,0.13886,0.13886,0.0,0.13886,0.86114
188.0,379999621526733814982174866558604085395375086537465979591,25.0,408.0,408.0,0.052928,0.052928,0.0,0.052928,0.947072
188.0,366021560344730588643709636731405132352498915207181378779,25.0,441.0,425.0,0.050261,0.033193,0.056709999999999997,0.106971,0.893029
188.0,387944003533460640819952009732254475678414088984486177033,25.0,642.0,642.0,0.066887,0.066887,0.0,0.066887,0.933113
188.0,374845489005902740783352118914562105030081362850475258007,25.0,664.0,664.0,0.063695,0.063695,0.0,0.063695,0.9363049999999999
188.0,386515816923087548415772467909907858268131406963172669599,25.0,538.0,538.0,0.065862,0.065862,0.0,0.065862,0.934138
188.0,221106737983069547058303874626625601611876932304469714993,25.0,458.0,458.0,0.038054,0.038054,0.0,0.038054,0.961946
188.0,240210128646608330322236250926839186745574038027417949109,25.0,547.0,536.0,0.031484,0.036548,0.045864999999999996,0.077349,0.922651
188.0,318351913440867881282887107239336403432896585513539162139,25.0,458.0,458.0,0.156654,0.156654,0.0,0.156654,0.843346
188.0,378635620380227758123177463104203120047480633879439638329,25.0,488.0,480.0,0.01334,0.049662,0.049662,0.063002,0.936998
188.0,319199732197973078769687558220972231917492453889455575179,25.0,458.0,458.0,0.08287,0.08287,0.0,0.08287,0.91713
188.0,381980473612089531334196860824416470009021634012423067737,25.0,444.0,444.0,0.066207,0.066207,0.0,0.066207,0.933793
188.0,256586033541357135375485125099595006467144223152458416503,25.0,371.0,361.0,0.081502,0.046876,0.177459,0.258961,0.741039
188.0,353636550421510722509208696720104070107782240230147107101,25.0,514.0,514.0,0.046975,0.046975,0.0,0.046975,0.953025
189.0,408589902288642681578344276763041902416284671692080986377,25.0,403.0,403.0,0.015627000000000002,0.015627000000000002,0.0,0.015627000000000002,0.9843729999999999
189.0,646628678273258141372517202145221034603557799378124614201,25.0,539.0,539.0,0.056041,0.056041,0.0,0.056041,0.943959
189.0,592635606571861287284224295593110454631652264655249578353,25.0,514.0,508.0,0.023561,0.011064,0.037528,0.061089,0.938911
189.0,650208432524537748605744087782608274999617116493579199513,25.0,611.0,608.0,0.047684000000000004,0.012746,0.024666,0.07235,0.92765
189.0,599419609079700662276957964472775050611343385405910300163,25.0,770.0,760.0,0.008499,0.012196,0.017965000000000002,0.026464,0.973536
189.0,591139658903332237066666950704418695507871569867166356959,25.0,508.0,508.0,0.057672,0.057672,0.0,0.057672,0.942328
189.0,759303095841708533868206131077305245572712516145789616107,25.0,419.0,419.0,0.097331,0.097331,0.0,0.097331,0.9026689999999999
189.0,723374087894581884780114042666006439305170047096296570421,25.0,396.0,396.0,0.023159,0.023159,0.0,0.023159,0.976841
189.0,642089268364349919722039425710377324200681378773618660631,25.0,537.0,532.0,0.129044,0.026452,0.026452,0.155496,0.844504
189.0,493458509028245692711455247191997853201057771326056542803,25.0,779.0,779.0,0.152866,0.152866,0.0,0.152866,0.847134
189.0,775267771444101410063934578993845769575953505357992661799,25.0,823.0,808.0,0.014061,0.007154,0.08831800000000001,0.10237900000000001,0.897621
189.0,525214235994067347101638348805237964788334546789415420243,25.0,657.0,643.0,0.014237,0.022662,0.09471700000000001,0.10895400000000001,0.891046
189.0,510228484199873332122049098813102378921923672052464278333,25.0,424.0,424.0,0.050053,0.050053,0.0,0.050053,0.949947
189.0,630121824338129668949919059009823882545840337934822277567,25.0,697.0,688.0,0.033472,0.019658,0.129073,0.162545,0.8374550000000001
189.0,755634779781799121353112557954459602771587484582257255551,25.0,408.0,405.0,0.10028200000000001,0.058221,0.08554600000000001,0.18582800000000002,0.814172
189.0,612172740703460905652990412541931502012476806243188854431,25.0,623.0,622.0,0.067697,0.01462,0.01462,0.08231699999999999,0.917683
189.0,530704707601162495384297467780173501132805319654798984003,25.0,414.0,414.0,0.06177,0.06177,0.0,0.06177,0.93823
189.0,756916004872319657418986856461653189263814971681663763573,25.0,553.0,553.0,0.072132,0.072132,0.0,0.072132,0.927868
189.0,490921607897052107753246264180398217237973784027521089099,25.0,428.0,428.0,0.106012,0.106012,0.0,0.106012,0.893988
189.0,767702133245506513310164240704062695141079949461903447479,25.0,484.0,484.0,0.046094,0.046094,0.0,0.046094,0.953906
190.0,1107697980005560535935691181882881481298971577503883545431,25.0,512.0,512.0,0.158689,0.158689,0.0,0.158689,0.841311
190.0,1447718595714448727207173851527167403200700108585820235931,25.0,405.0,403.0,0.069724,0.012146,0.012146,0.08187,0.91813
190.0,1067595819970828694093593212927706218036137678171084438953,25.0,467.0,465.0,0.017211,0.015001,0.036204,0.053415000000000004,0.946585
190.0,1236956916814563958009976698763228455869309463346857145209,25.0,402.0,393.0,0.041567,0.033079,0.033079,0.07464599999999999,0.925354
190.0,1303595662239872394152630143462469139534875953977955173719,25.0,955.0,941.0,0.023482,0.011707,0.08174000000000002,0.10522200000000002,0.894778
190.0,1436728764183159269584547372484560757421757510937607299719,25.0,427.0,412.0,0.031793,0.022723,0.151739,0.18353200000000003,0.816468
190.0,1358738873900145804437909196195927584579190583894624729549,25.0,527.0,510.0,0.06292,0.034459,0.191167,0.254087,0.745913
190.0,1309414713325066973570726305039978280113478833538624990717,25.0,668.0,668.0,0.010163,0.010163,0.0,0.010163,0.989837
190.0,1119233946195882068749589393936438955574244336504433599743,25.0,548.0,533.0,0.063945,0.076545,0.269266,0.33321100000000003,0.666789
190.0,1391390333131732070825024754648255205953706845753859235761,25.0,871.0,868.0,0.011908,0.012019,0.012019,0.023927,0.976073
190.0,1219405195991088602219964475590713847204090579216876133247,25.0,696.0,687.0,0.064955,0.015637,0.108235,0.17319,0.82681
190.0,1285952433782265124699401960911465263241667818151785942989,25.0,459.0,459.0,0.07623,0.07623,0.0,0.07623,0.92377
190.0,936281692826227408663886118472398327211075139996831483807,25.0,448.0,439.0,0.120192,0.032305,0.117171,0.237363,0.762637
190.0,1495152348884655255748854019985088902044523205603769307549,25.0,498.0,498.0,0.012171,0.012171,0.0,0.012171,0.987829
190.0,1543054376408543181151756345226381442258117792563593031941,25.0,464.0,464.0,0.088692,0.088692,0.0,0.088692,0.911308
190.0,1197900039859831281860297786593556759105357856705065296097,25.0,371.0,371.0,0.071228,0.071228,0.0,0.071228,0.928772
190.0,1325762643789188253480076014106355323863094856768820242033,25.0,414.0,405.0,0.028415999999999997,0.018083,0.039109,0.067525,0.9324749999999999
190.0,1549503894836788136271053205345052692884272523599834807513,25.0,515.0,492.0,0.063065,0.022586,0.39691099999999996,0.45997599999999994,0.5400240000000001
190.0,1371820001327266974371651800423316814650750283162857664521,25.0,400.0,391.0,0.02381,0.063106,0.144821,0.168631,0.831369
190.0,1319759631078608755615705806993244756656084597458744780879,25.0,486.0,478.0,0.015409,0.023222,0.038054,0.053463,0.946537
191.0,2180877054471620294689724695606846212849552332318992940407,25.0,468.0,468.0,0.043716,0.043716,0.0,0.043716,0.956284
191.0,1606385381360148813307516689773707722363849418834436678389,25.0,425.0,413.0,0.076688,0.060211,0.17657599999999998,0.253264,0.7467360000000001
191.0,2738991831553984659353836548560279154535043688289688027603,25.0,420.0,420.0,0.12149,0.12149,0.0,0.12149,0.87851
191.0,2021640631374636353782008830324840969777513038468864748759,25.0,631.0,631.0,0.026179,0.026179,0.0,0.026179,0.973821
191.0,2105598972222103150968007207241144213000505023620025661667,25.0,425.0,422.0,0.022322,0.023613,0.023613,0.045935000000000004,0.9540649999999999
191.0,2954552227750152336095183292848417913001395070298811029879,25.0,585.0,585.0,0.022281,0.022281,0.0,0.022281,0.977719
191.0,2604823021534871940153658516882468145972589783978202484923,25.0,491.0,483.0,0.029389,0.027393,0.09957800000000001,0.128967,0.871033
191.0,2697799617327879157081712621189446951709202892838110789249,25.0,1094.0,1094.0,0.085177,0.085177,0.0,0.085177,0.9148229999999999
191.0,2749750578464362511041140809468842163052814508247072125809,25.0,688.0,688.0,0.065402,0.065402,0.0,0.065402,0.934598
191.0,2810254725646498720414994000029322939731083303115400227283,25.0,583.0,583.0,0.034823,0.034823,0.0,0.034823,0.965177
191.0,2919723125927389511356972449231841889026550065177689782341,25.0,584.0,584.0,0.010541,0.010541,0.0,0.010541,0.989459
191.0,2384759410471810319375657922573509817577252181814221416381,25.0,527.0,527.0,0.014895,0.014895,0.0,0.014895,0.985105
191.0,2870902859138464144898136609805487079043674281379484515257,25.0,535.0,532.0,0.091087,0.042214,0.042214,0.133301,0.866699
191.0,2531428612228677358426023750691561085464553004835817283823,25.0,664.0,662.0,0.013541,0.003244,0.014941000000000001,0.028482,0.971518
191.0,2569199376454128229458263634674647272803671413063904093681,25.0,459.0,459.0,0.016535,0.016535,0.0,0.016535,0.983465
191.0,2077139403037075257284520813457747381680630617898050789129,25.0,579.0,572.0,0.010679,0.029826,0.0588,0.069479,0.930521
191.0,2599527300982831600647840629042688948539972657946504879419,25.0,723.0,721.0,0.020835,0.063572,0.063572,0.08440700000000001,0.915593
191.0,2939945259852704861237884063321703407639606324099970984489,25.0,502.0,496.0,0.121265,0.10414200000000001,0.10414200000000001,0.22540700000000002,0.774593
191.0,2806787067261975292631801717103764100516337005958274854877,25.0,861.0,861.0,0.073071,0.073071,0.0,0.073071,0.926929
191.0,3102854422286895681399386946361481173908793767638701190957,25.0,526.0,526.0,0.109699,0.109699,0.0,0.109699,0.890301
192.0,6053136549975215707114861824618604186550967571524618556511,25.0,556.0,556.0,0.110712,0.110712,0.0,0.110712,0.889288
192.0,5772223899679240100865858833866067485733365743633882768503,25.0,383.0,383.0,0.034741,0.034741,0.0,0.034741,0.965259
192.0,4939008137476552065240184537828644764133517214756158762829,25.0,455.0,455.0,0.034477,0.034477,0.0,0.034477,0.965523
192.0,6212435194276394115763543059243494938563033646586224859629,25.0,544.0,544.0,0.0437,0.0437,0.0,0.0437,0.9563
192.0,3874204338182140753502701838530384426297759523506113427483,25.0,637.0,632.0,0.007663,0.011192,0.044655,0.052318,0.947682
192.0,3347208880492337566130653746802735549578109517894379499733,25.0,771.0,771.0,0.024695,0.024695,0.0,0.024695,0.975305
192.0,4306083721119286908591380042584606571729048503575164227711,25.0,496.0,467.0,0.05584000000000001,0.068571,0.20853400000000002,0.26437400000000005,0.7356259999999999
192.0,5163763031624406920207830805702663059843081289928205028959,25.0,633.0,615.0,0.011956,0.017056,0.060511,0.072467,0.9275329999999999
192.0,6130364660359904866071451106195076205876004972250032444803,25.0,501.0,493.0,0.032126,0.072892,0.072892,0.105018,0.8949819999999999
192.0,6254696907579855069014156880599952401895926775151729298633,25.0,574.0,562.0,0.027915,0.04139,0.13241,0.160325,0.839675
192.0,4873661477686905481674696353544486097679453418713697857441,25.0,1094.0,1082.0,0.068898,0.00914,0.05072,0.119618,0.880382
192.0,5412175546964427994074789034451167835889491793324688758467,25.0,782.0,774.0,0.066869,0.027059,0.027059,0.093928,0.906072
192.0,5910884209390437413999109263981667425861292837036749005609,25.0,552.0,552.0,0.074119,0.074119,0.0,0.074119,0.925881
192.0,4621285287029859947459316813570982113322073918209718266019,25.0,564.0,562.0,0.043586,0.012123,0.012123,0.055709,0.944291
192.0,5696283951894185144007889520249234417647198158940715431933,25.0,428.0,428.0,0.049928,0.049928,0.0,0.049928,0.950072
192.0,3683958575511235413756595798246241035800834295791075521963,25.0,460.0,460.0,0.039034,0.039034,0.0,0.039034,0.960966
192.0,4468006165118885684913086683109597497945491118316503789123,25.0,1002.0,997.0,0.013131,0.010996,0.010996,0.024127000000000003,0.975873
192.0,5488497809815368048793079212529624026388526869419621039691,25.0,550.0,531.0,0.02273,0.044619,0.14568599999999995,0.16841599999999995,0.8315840000000001
192.0,5659542164522658766094858453465847140623734081033257305487,25.0,435.0,435.0,0.055478,0.055478,0.0,0.055478,0.944522
192.0,6149807903410653285967321465976396749348286539647506887699,25.0,615.0,615.0,0.057664,0.057664,0.0,0.057664,0.942336
193.0,9905013207931875527529191960135739218017812814063208578531,25.0,627.0,627.0,0.052981,0.052981,0.0,0.052981,0.947019
193.0,10100483858506872648422975068896319443064533148276380832169,25.0,663.0,663.0,0.071368,0.071368,0.0,0.071368,0.928632
193.0,11663540999446197162723452607497563376895758675776898312369,25.0,496.0,496.0,0.098914,0.098914,0.0,0.098914,0.901086
193.0,10897749645060145624874358483865606849691424744321528304937,25.0,547.0,547.0,0.044643,0.044643,0.0,0.044643,0.955357
193.0,10565624405515099844116517970763527091130891790570283157137,25.0,473.0,473.0,0.030389,0.030389,0.0,0.030389,0.969611
193.0,12070921450587575263287627747872390786879378063838490617043,25.0,700.0,689.0,0.018298,0.008632,0.008632,0.02693,0.97307
193.0,9664634974777947645604027278555623329607100282762834013441,25.0,500.0,479.0,0.034114,0.033786,0.184516,0.21863000000000002,0.78137
193.0,12322960193874180073992358693327396906594292112230707610489,25.0,616.0,598.0,0.044894,0.013629,0.049139,0.094033,0.905967
193.0,8099708654360452993215966572101668396566826381629301683063,25.0,551.0,551.0,0.116738,0.116738,0.0,0.116738,0.883262
193.0,11214351833369361189026414622248506634769198922661651441293,25.0,487.0,487.0,0.129505,0.129505,0.0,0.129505,0.870495
193.0,9128073803947130372484141505624445498586637123573747380151,25.0,423.0,423.0,0.050384,0.050384,0.0,0.050384,0.949616
193.0,11312813665303613237304198878301422628970319071234047845347,25.0,701.0,701.0,0.013565,0.013565,0.0,0.013565,0.986435
193.0,11023902979621732752907862575267849055507922142544485438789,25.0,540.0,540.0,0.034914,0.034914,0.0,0.034914,0.965086
193.0,11262927042730954176015822824963334235937052626560568007419,25.0,549.0,549.0,0.054103,0.054103,0.0,0.054103,0.945897
193.0,10857095320997612707420637232964945337144528989105797131153,25.0,822.0,802.0,0.03067,0.034738,0.10734199999999999,0.138012,0.861988
193.0,10494271519339392909894195833014476236187539413566084429379,25.0,548.0,548.0,0.085551,0.085551,0.0,0.085551,0.914449
193.0,12278064626184964589595523842860542425676931971855436832259,25.0,609.0,609.0,0.034637,0.034637,0.0,0.034637,0.965363
193.0,8482872608322654051369609585269639790901351219221511846733,25.0,473.0,473.0,0.134318,0.134318,0.0,0.134318,0.8656820000000001
193.0,7306887098618586073076594877395470343989113832174839245017,25.0,538.0,538.0,0.091174,0.091174,0.0,0.091174,0.908826
193.0,12409265929614063311478379725438459124196359168832063103151,25.0,477.0,477.0,0.073182,0.073182,0.0,0.073182,0.926818
194.0,20683260459467499029277828805303888053838228828420773810227,25.0,658.0,653.0,0.046583,0.060579,0.060579,0.10716200000000001,0.892838
194.0,21350469721329597074134362589876985354717072338210358108849,26.0,392.0,391.0,0.062486,0.016946,0.016946,0.079432,0.920568
194.0,18942954816325570836124528681131878336599202626159580306777,25.0,449.0,449.0,0.013711,0.013711,0.0,0.013711,0.986289
194.0,24458941949583565962792372221933150989311549041638920536113,26.0,652.0,649.0,0.05457,0.079531,0.079531,0.134101,0.865899
194.0,21076672769905977070352813226874932564034530295953191284753,25.0,524.0,517.0,0.012821,0.009594,0.009594,0.022415,0.977585
194.0,22249362777783306049117932825890593656249535237757916625729,26.0,407.0,407.0,0.113382,0.113382,0.0,0.113382,0.886618
194.0,23203422452949787679074210878498136594954609999835899906157,26.0,596.0,591.0,0.021776,0.044168,0.044168,0.065944,0.934056
194.0,20868115815896194713106525621357671273079634596135616425361,25.0,601.0,601.0,0.058036,0.058036,0.0,0.058036,0.941964
194.0,23192686299066524320738010687390362447126038875074169556253,26.0,598.0,598.0,0.033573,0.033573,0.0,0.033573,0.966427
194.0,22340054129412896419322214973520037370083718012993281910367,26.0,411.0,409.0,0.042483,0.019939,0.019939,0.062422,0.937578
194.0,23181673086820734631906360554899103585708564817833096064921,26.0,1299.0,1282.0,0.017885,0.033231,0.143176,0.161061,0.838939
194.0,24582599091151675799091021479482934414662039688624223437687,26.0,405.0,405.0,0.064446,0.064446,0.0,0.064446,0.935554
194.0,25065435242975997360701202808292864499688676903327335870541,26.0,486.0,486.0,0.107925,0.107925,0.0,0.107925,0.892075
194.0,18390454080376419958677765335623388001794346466558675435283,25.0,538.0,535.0,0.055682,0.031982,0.031982,0.08766399999999999,0.912336
194.0,22922786508061659363842923473806512470282966011733435851431,26.0,1026.0,1026.0,0.060776,0.060776,0.0,0.060776,0.9392240000000001
194.0,17061387184720152302891304554226083544383293835520188213651,25.0,452.0,430.0,0.051061,0.042745,0.21826600000000004,0.26932700000000004,0.7306729999999999
194.0,18618516616598255372519874377476542080222536021373325270311,25.0,461.0,461.0,0.078214,0.078214,0.0,0.078214,0.921786
194.0,21282237135538130116514856262480953933294724963389201954481,26.0,510.0,510.0,0.044956,0.044956,0.0,0.044956,0.955044
194.0,20522969516655873169000695377445575228468042248954518479057,25.0,532.0,530.0,0.03452,0.060528,0.060528,0.095048,0.904952
194.0,14989350088210543607482262847185984320363092765497004877451,25.0,632.0,627.0,0.025449,0.037184,0.067784,0.093233,0.906767
195.0,43040604789452163741387408621112136409598757059035661677893,26.0,565.0,550.0,0.057367,0.020273,0.064114,0.121481,0.878519
195.0,49088991794939140574010539690236171966040109026993415914269,26.0,431.0,431.0,0.041087,0.041087,0.0,0.041087,0.958913
195.0,48300749567102905436273718192442740995408307546941115427897,26.0,488.0,482.0,0.038324,0.017154,0.017154,0.055478,0.944522
195.0,48906073225085902924815189872988257194974124450370814611651,26.0,413.0,406.0,0.070825,0.032685,0.052057,0.12288199999999999,0.8771180000000001
195.0,36863086582293400960306820600939234657564365893479938560799,26.0,702.0,695.0,0.02759,0.037102,0.037102,0.064692,0.935308
195.0,39520094337921324612196662792851626492332520911673811699729,26.0,878.0,861.0,0.010363,0.035869,0.077371,0.08773399999999999,0.912266
195.0,48712327583936410948919472729136236367597407084610635272833,26.0,459.0,459.0,0.025473,0.025473,0.0,0.025473,0.974527
195.0,40655326120160876332407096732056168721873529846326635963177,26.0,429.0,425.0,0.033201,0.070665,0.070665,0.10386600000000001,0.896134
195.0,49535766793358394398954575009134138350900646325935636614543,26.0,578.0,578.0,0.030590000000000003,0.030590000000000003,0.0,0.030590000000000003,0.96941
195.0,41862719142251391308296850055406978004299551713109836123227,26.0,553.0,553.0,0.025638,0.025638,0.0,0.025638,0.974362
195.0,39425775947292327135017849550127493358385136125831647180659,26.0,452.0,447.0,0.041413,0.012774,0.012774,0.054187,0.945813
195.0,40030915462863037646967083275653053673838289093488559065567,26.0,593.0,588.0,0.038573,0.052845,0.052845,0.091418,0.908582
195.0,40570734708690516020996671408225641495385595046735671957119,26.0,422.0,422.0,0.047208,0.047208,0.0,0.047208,0.952792
195.0,40934085183179492462123851985126002111578252845347853305697,26.0,476.0,476.0,0.066835,0.066835,0.0,0.066835,0.933165
195.0,35128682060529629825193792168573153198841552039371874266881,26.0,441.0,428.0,0.0203,0.025764,0.08536699999999998,0.10566699999999998,0.894333
195.0,33386520498533519946398383478624977467807699443830033789513,26.0,557.0,557.0,0.059374,0.059374,0.0,0.059374,0.940626
195.0,40141148770606288794672640695647670636575757821310805897243,26.0,508.0,505.0,0.022077,0.018592,0.027385,0.049462,0.950538
195.0,40490518455055723132909066555944613680023787528271085543291,26.0,555.0,555.0,0.022054,0.022054,0.0,0.022054,0.977946
195.0,47614627301874134935455529116186115164906112363136503150483,26.0,633.0,626.0,0.094473,0.116676,0.116676,0.211149,0.788851
195.0,34473817038037491202068900808519350419613875057302440357481,26.0,563.0,563.0,0.016933,0.016933,0.0,0.016933,0.983067
196.0,95168415107121660560916881793289203952418490854465168975321,26.0,661.0,661.0,0.084602,0.084602,0.0,0.084602,0.915398
196.0,90009791547499984548910278716753576073152720702817059055901,26.0,495.0,495.0,0.018034,0.018034,0.0,0.018034,0.981966
196.0,87459073763838296701927301523704259554148918532862184975629,26.0,521.0,521.0,0.050377,0.050377,0.0,0.050377,0.949623
196.0,70309503501777340343079821334567642537559966663221390472973,26.0,455.0,455.0,0.0548,0.0548,0.0,0.0548,0.9452
196.0,95305038515393842196007534454562012255827385548443606952501,26.0,565.0,565.0,0.035455,0.035455,0.0,0.035455,0.964545
196.0,82858880649466251495449216071414702109906561191821038787641,26.0,383.0,383.0,0.0378,0.0378,0.0,0.0378,0.9621999999999999
196.0,97083793852684433813008089400054003385653724507596918274297,26.0,649.0,649.0,0.063107,0.063107,0.0,0.063107,0.936893
196.0,99466774561138218293682307547255032274447325955533021392447,26.0,466.0,466.0,0.066033,0.066033,0.0,0.066033,0.933967
196.0,62333097639089791343889610479116623630492359496474506120427,26.0,804.0,800.0,0.033106,0.015706,0.015706,0.048811999999999994,0.951188
196.0,98202769533374705029605057892210661368086364721024686834069,26.0,574.0,572.0,0.024501000000000002,0.009665,0.016172,0.040673,0.959327
196.0,76205915167282914218102341674425274873438928127960827493699,26.0,784.0,784.0,0.017349,0.017349,0.0,0.017349,0.982651
196.0,99735781901275954167800573841902347907225001572434442739617,26.0,685.0,673.0,0.09236,0.065724,0.16492700000000002,0.25728700000000004,0.742713
196.0,75523924234554614323219474180414139839611222725124775536109,26.0,456.0,456.0,0.078676,0.078676,0.0,0.078676,0.921324
196.0,98856416133856584127753735193005691636012090201233990732729,26.0,418.0,418.0,0.065826,0.065826,0.0,0.065826,0.9341740000000001
196.0,74465721503975476013420915082380026622357493970492148475923,26.0,622.0,600.0,0.02103,0.045756,0.11581999999999999,0.13685,0.86315
196.0,93695083979722113939155057731935369089046162236564738423191,26.0,531.0,519.0,0.014849,0.026658,0.026658,0.041507,0.958493
196.0,77879392079591903526474505876698267670805166486636028530899,26.0,471.0,471.0,0.141452,0.141452,0.0,0.141452,0.858548
196.0,84229306643800747300264590699152695007580757244203842094811,26.0,543.0,537.0,0.024448,0.017699,0.017699,0.042147000000000004,0.957853
196.0,94030668663190317444347187347006250211939496898445186865789,26.0,808.0,808.0,0.045043,0.045043,0.0,0.045043,0.9549570000000001
196.0,100248369583162082393739261464041339014101482772776091948201,26.0,428.0,414.0,0.043404,0.094552,0.216649,0.260053,0.739947
197.0,167659105655698882339508182915480992256595774433903924122623,26.0,1512.0,1512.0,0.01314,0.01314,0.0,0.01314,0.98686
197.0,122449747198975822084132001235051055769374123302428745305941,26.0,656.0,652.0,0.003861,0.022628,0.022628,0.026489,0.973511
197.0,157771390213784769025733801475620067885551276043484431320057,26.0,498.0,498.0,0.036331,0.036331,0.0,0.036331,0.963669
197.0,195362636325845913268639913567995093493514004135984307800363,26.0,535.0,535.0,0.0484,0.0484,0.0,0.0484,0.9516
197.0,160328182105787324869078655378810538500450812696259544941773,26.0,475.0,475.0,0.048212,0.048212,0.0,0.048212,0.951788
197.0,184970800291752440068635983309521468062368504646083676644033,26.0,628.0,628.0,0.01159,0.01159,0.0,0.01159,0.98841
197.0,164144776080649194883406513297516553025716555924591056615183,26.0,428.0,428.0,0.02125,0.02125,0.0,0.02125,0.97875
197.0,140818764650826975296987375129283355966942621459853255150479,26.0,546.0,546.0,0.018275,0.018275,0.0,0.018275,0.981725
197.0,189022387984517778950705123442972032908094852334290657306231,26.0,426.0,426.0,0.325913,0.325913,0.0,0.325913,0.674087
197.0,172220763612696405396243073018306035394484382521705030045911,26.0,434.0,423.0,0.076256,0.036537,0.13883800000000002,0.215094,0.784906
197.0,154481106607181704446691691500013964555830349483415881254479,26.0,721.0,721.0,0.012828,0.012828,0.0,0.012828,0.987172
197.0,138116520840863501578382275910208792542013786200119809943421,26.0,467.0,467.0,0.039203,0.039203,0.0,0.039203,0.960797
197.0,128167436666847967508432921399395745683533771986744909507099,26.0,464.0,460.0,0.027252,0.044357,0.073268,0.10052,0.8994800000000001
197.0,179430245545432323474984038609312519060231752952330260578973,26.0,614.0,614.0,0.016498,0.016498,0.0,0.016498,0.983502
197.0,164907321185035410613697079130730386934791247649211425433501,26.0,622.0,609.0,0.023705,0.012966,0.057791999999999996,0.081497,0.918503
197.0,149559974584198894049055200074096371180280008283748787845411,26.0,410.0,410.0,0.265979,0.265979,0.0,0.265979,0.734021
197.0,141960287108387193832375793429518062558146806429474522246723,26.0,496.0,495.0,0.130533,0.046737,0.046737,0.17727,0.82273
197.0,117962418323306660486403773161381103053143923297611666689523,26.0,468.0,455.0,0.049471,0.042798,0.097073,0.146544,0.853456
197.0,159003940652452327574248903060253950134870172438916155070369,26.0,665.0,662.0,0.019167,0.059994,0.059994,0.079161,0.920839
197.0,186310928751907307724815625865601039478473930304908425333493,26.0,796.0,796.0,0.01123,0.01123,0.0,0.01123,0.98877
198.0,358800385741478548379741226608716034844371071935561085305833,26.0,586.0,586.0,0.064599,0.064599,0.0,0.064599,0.935401
198.0,361832547229010809777991703475089455145922714751449984988413,26.0,390.0,390.0,0.078365,0.078365,0.0,0.078365,0.921635
198.0,366234672716741757435258864069198637471462810470347219616629,26.0,679.0,667.0,0.010591,0.011091,0.011091,0.021682,0.978318
198.0,381944248262064685581254962871209750407378184907165945167889,26.0,573.0,553.0,0.01654,0.012162,0.11429700000000001,0.130837,0.869163
198.0,354687072527494597410093290280585584399421663969934020853223,26.0,573.0,564.0,0.022031,0.135357,0.441468,0.46349900000000005,0.5365009999999999
198.0,379245416457437245542302776449664948360818185536921628076539,26.0,397.0,397.0,0.063073,0.063073,0.0,0.063073,0.936927
198.0,276003453857523809899467677088049878845070200584331936691041,26.0,521.0,496.0,0.047872,0.039288,0.12234300000000001,0.170215,0.829785
198.0,209990048987204577494427221770767574738889930041728156874193,26.0,582.0,582.0,0.058045,0.058045,0.0,0.058045,0.941955
198.0,256901948110234610129862767369945243180538397102365122358427,26.0,463.0,449.0,0.032696,0.018637,0.018637,0.051333000000000004,0.948667
198.0,392896855902880253325160541666344098709384930507930453171681,26.0,458.0,452.0,0.052149,0.060999,0.124096,0.17624499999999999,0.823755
198.0,261148592887412956171116968549303549257459540886776423198739,26.0,491.0,483.0,0.028093,0.008627,0.033931,0.062024,0.937976
198.0,380307295207752593087679241538739081357344508076536875023627,26.0,558.0,558.0,0.086836,0.086836,0.0,0.086836,0.913164
198.0,388299617663319746972489463784551990330983404458676571447693,26.0,495.0,495.0,0.010471,0.010471,0.0,0.010471,0.989529
198.0,328573357774619762260295479993442675189590010826879831896677,26.0,516.0,516.0,0.024086,0.024086,0.0,0.024086,0.975914
198.0,345095965742713044505246800463174842475462680793869138019261,26.0,457.0,453.0,0.08139199999999999,0.058589,0.058589,0.139981,0.860019
198.0,292581670931790651470491827458218900376775743841380672403887,26.0,498.0,494.0,0.026483,0.007555,0.016702,0.043185,0.956815
198.0,390539114582262272077001713638342490864897532470034331261247,26.0,456.0,456.0,0.062968,0.062968,0.0,0.062968,0.937032
198.0,360504086773559647539204736208829484928785732049355565383643,26.0,386.0,386.0,0.14779,0.14779,0.0,0.14779,0.85221
198.0,235950558879078260282437419803935172239069320587333159451019,26.0,535.0,525.0,0.106918,0.021692,0.10336100000000001,0.210279,0.789721
198.0,398227691324642613283526129594013507506766970246599454997939,26.0,640.0,639.0,0.054185,0.017477,0.017477,0.071662,0.928338
199.0,754357335704061312767906283574368857849729996361323767853021,26.0,543.0,543.0,0.140144,0.140144,0.0,0.140144,0.859856
199.0,740449135866891063702563724186205751814739503564925633250647,26.0,442.0,442.0,0.058598,0.058598,0.0,0.058598,0.941402
199.0,783572025208462059459081331520531102495696274404533915350617,26.0,489.0,489.0,0.065579,0.065579,0.0,0.065579,0.934421
199.0,689619749063096498116944459976173154436509257531702365821471,26.0,572.0,572.0,0.028007,0.028007,0.0,0.028007,0.971993
199.0,792261444591087612509889756571590671010253289767476929883959,26.0,684.0,684.0,0.06742,0.06742,0.0,0.06742,0.93258
199.0,485165244720747932715066275346273892339756962905587028338027,26.0,448.0,444.0,0.067317,0.011296,0.011296,0.078613,0.921387
199.0,701425127964276666799904563003747018572056891360383272760451,26.0,1086.0,1072.0,0.027603000000000003,0.02067,0.080172,0.107775,0.892225
199.0,790893896840481035276180066252113476643190200344778153065643,26.0,913.0,913.0,0.004668,0.004668,0.0,0.004668,0.995332
199.0,763536298621525364342165189094083117188952849209780027677679,26.0,583.0,583.0,0.009286,0.009286,0.0,0.009286,0.990714
199.0,613617912594322713495151233564022371433770815044783317065269,26.0,811.0,808.0,0.029503,0.007539,0.007539,0.037042,0.962958
199.0,701969238772333138157522384223588554623546191713496616248319,26.0,461.0,457.0,0.01092,0.026762,0.026762,0.037682,0.962318
199.0,659743727985962787654640554658683537620374805989756454087933,26.0,677.0,668.0,0.022375,0.018299,0.051673,0.074048,0.925952
199.0,690360274208079369250317450856211794224002008122073050016637,26.0,512.0,512.0,0.225006,0.225006,0.0,0.225006,0.774994
199.0,500887070634424955740905032565576942995006631697841024678317,26.0,488.0,488.0,0.061359,0.061359,0.0,0.061359,0.9386410000000001
199.0,562515533415072305976115813906881843805019952700501666255663,26.0,474.0,474.0,0.026407,0.026407,0.0,0.026407,0.973593
199.0,687386421009493082281833809951506042909624825066468351426301,26.0,419.0,409.0,0.048538,0.027716,0.027716,0.076254,0.923746
199.0,627831828857047974697867855909832323916998184071016955354641,26.0,552.0,552.0,0.050534,0.050534,0.0,0.050534,0.949466
199.0,531493718748199409115070187956201803475378862922781030803881,26.0,503.0,493.0,0.024374,0.03688,0.166884,0.191258,0.808742
199.0,764298723870080571982440894112670628624228896767629734930611,26.0,420.0,420.0,0.094207,0.094207,0.0,0.094207,0.905793
199.0,563561550095967293743840793623207928679303836705271230763571,26.0,746.0,746.0,0.011865,0.011865,0.0,0.011865,0.988135
200.0,1295789132477604807715877944458947246775511838525972200835657,26.0,615.0,615.0,0.033803,0.033803,0.0,0.033803,0.966197
200.0,1580265433117145949318612574335473147379586407902007615572209,26.0,548.0,548.0,0.057110999999999995,0.057110999999999995,0.0,0.057110999999999995,0.942889
200.0,1031264165415914398404034296717937295434353057321618942293977,26.0,641.0,641.0,0.023242,0.023242,0.0,0.023242,0.976758
200.0,942274183107708126744367799889859979943002828490182769563693,26.0,704.0,704.0,0.012635,0.012635,0.0,0.012635,0.987365
200.0,1243256742262564810336975229173603901549307573958804818142771,26.0,583.0,576.0,0.002618,0.005922,0.01436,0.016978,0.983022
200.0,1332260463557925975266900697251791362056896106900938778652773,26.0,677.0,677.0,0.059455,0.059455,0.0,0.059455,0.940545
200.0,1534546510819566200886924830244913417667526810936895301477933,26.0,422.0,422.0,0.038758,0.038758,0.0,0.038758,0.961242
200.0,1457315434423192483527568367362496447605043071246754450536801,26.0,575.0,555.0,0.046824,0.047238,0.19631200000000004,0.24313600000000005,0.756864
200.0,1515478547137402687976907484166669091143375006869904371011019,26.0,566.0,561.0,0.032859,0.023394,0.052268,0.08512700000000001,0.914873
200.0,1328401728722624823335450602027897002059084341229046226740677,26.0,490.0,490.0,0.018573,0.018573,0.0,0.018573,0.981427
200.0,1069405338840333297089210313682851116995000495488370707114107,26.0,852.0,852.0,0.121496,0.121496,0.0,0.121496,0.878504
200.0,1577668914616112972976239927299568044527242009386300299995513,26.0,1004.0,995.0,0.027648,0.007873,0.020141,0.047789,0.952211
200.0,924932144930952159695588929751342486737404577556159754527249,26.0,431.0,431.0,0.01666,0.01666,0.0,0.01666,0.98334
200.0,1430455149298665257668430782969274466789353299446322896956953,26.0,446.0,446.0,0.014457,0.014457,0.0,0.014457,0.985543
200.0,1471759896903796862187242593818058236014421372969552658348613,26.0,844.0,844.0,0.02823,0.02823,0.0,0.02823,0.97177
200.0,1024997524686414507856278528573582273997937245288256214142637,26.0,547.0,547.0,0.084791,0.084791,0.0,0.084791,0.9152089999999999
200.0,1269662956978065591146754145192337292773571460456699566030607,26.0,523.0,523.0,0.022363,0.022363,0.0,0.022363,0.977637
200.0,1251023694717248924976673861910298094342092199701445949798563,26.0,692.0,688.0,0.022821,0.010459,0.010459,0.033280000000000004,0.96672
200.0,1165094867829338354631660035180329869977597764175158753523867,26.0,540.0,540.0,0.029077,0.029077,0.0,0.029077,0.970923
200.0,1245161625256545119714043746004026254459007086115269518670777,26.0,632.0,632.0,0.0274,0.0274,0.0,0.0274,0.9726
