Bit_length,N,Lattice_dimension,|b_op - t|^2,|vbest - t|^2,P(b_op),P(vbest),P(|vnew - t|^2 < |b_op - t|^2),P(|vnew - t|^2 <= |b_op - t|^2),P(|vnew - t|^2 > |b_op - t|^2)
150,1268771206145175299492684899681878877410684841,21,728,728,0.047343,0.047343,0.0,0.047343,0.952657
150,1403762530472620237905076428332939916844331359,21,310,297,0.055849,0.073042,0.118876,0.174725,0.825275
150,918882917500502786903408324526441238854631741,21,407,397,0.033289,0.024532,0.024532,0.057821,0.942179
150,1044411862674117053622929515451672202864979129,21,397,397,0.050875,0.050875,0.0,0.050875,0.949125
150,1199592981228806239321120961178599459097610483,21,601,601,0.009248,0.009248,0.0,0.009248,0.990752
150,912632394066698132144971044037258218777602291,21,384,384,0.074541,0.074541,0.0,0.074541,0.925459
150,1033085278351720441874660444922199074374033881,21,454,454,0.01711,0.01711,0.0,0.01711,0.98289
150,1039667922595230805682141254323399644574814367,21,704,702,0.061654,0.185738,0.185738,0.247392,0.7526079999999999
150,1076261801716221769627743498540654753005411033,21,605,584,0.0159,0.021149,0.20499,0.22089,0.77911
150,868981675879730421007669707059890716656754209,21,391,391,0.048139,0.048139,0.0,0.048139,0.951861
150,1198940008513470371886998720870433706529677289,21,318,309,0.031592,0.054284,0.225181,0.256773,0.7432270000000001
150,1001065868810988745766471076060380006588792189,21,391,391,0.039315,0.039315,0.0,0.039315,0.960685
150,1018523197675518130041140861676478171959383813,21,315,315,0.179274,0.179274,0.0,0.179274,0.8207260000000001
150,999406335763551690568793874408994581594369181,21,305,305,0.201413,0.201413,0.0,0.201413,0.7985869999999999
150,1386649915270975663546803936212330370020386207,21,333,333,0.040794,0.040794,0.0,0.040794,0.959206
150,1252835724482748605844023934169349660374906087,21,379,379,0.115729,0.115729,0.0,0.115729,0.884271
150,1420753685420564064872708676390123998125705549,21,349,349,0.120666,0.120666,0.0,0.120666,0.8793340000000001
150,1076920912535396901213842625717381087368331181,21,417,417,0.04124,0.04124,0.0,0.04124,0.9587600000000001
150,1124397583306701037985991208303905429810161357,21,352,352,0.063952,0.063952,0.0,0.063952,0.936048
150,1130353955473240791783568532060655958732460941,21,408,408,0.082197,0.082197,0.0,0.082197,0.917803
151,2363319035074246419340419055739401443130238059,21,544,505,0.0234,0.006254,0.21168299999999998,0.235083,0.7649170000000001
151,2471201957583473321167345886570639941825218311,21,396,396,0.027795,0.027795,0.0,0.027795,0.972205
151,2315715608364087921901708175621836301416617007,21,292,292,0.022476,0.022476,0.0,0.022476,0.977524
151,2763171157217537386323259861099914830334818519,21,613,595,0.023382,0.013203,0.013203,0.036585,0.963415
151,1758775630326182635026447808028302358291781499,21,296,296,0.053823,0.053823,0.0,0.053823,0.946177
151,2188378164211148987192836592303698338909975503,21,332,318,0.045837,0.033323,0.033323,0.07916000000000001,0.92084
151,1829627983140478483810934234803641664206450619,21,355,355,0.039433,0.039433,0.0,0.039433,0.960567
151,1569735030968914361557174823910579735657956107,21,310,304,0.160715,0.07866,0.07866,0.239375,0.760625
151,2843239852874861508784440371081621911410347591,21,581,581,0.030087,0.030087,0.0,0.030087,0.969913
151,2624675574003230296718034974584383454961661761,21,577,577,0.023495,0.023495,0.0,0.023495,0.976505
151,1746328694271824837631752461766830788699201941,21,497,492,0.019387,0.020924,0.02757,0.046957,0.953043
151,2456234120258232727729365675070691784694223131,21,661,651,0.032376,0.025955,0.044362,0.076738,0.923262
151,2689914182894566195371701173819301836708498979,21,414,397,0.051741,0.014281,0.14765399999999998,0.199395,0.800605
151,2472879649799491864465871187917726124213054643,21,388,383,0.013493,0.015286,0.015286,0.028779,0.971221
151,2641928437820330089399895839369416426912654047,21,603,596,0.049344,0.051091,0.051091,0.100435,0.899565
151,2217024583566038902931835040749210710155293863,21,329,329,0.065422,0.065422,0.0,0.065422,0.934578
151,2795955547593262531562466415054318143278579719,21,418,393,0.011514,0.018008,0.12875899999999998,0.14027299999999998,0.859727
151,2754384674264655946791346511962590129499967297,21,527,527,0.02178,0.02178,0.0,0.02178,0.97822
151,1922698035563121141756137662031262831101446511,21,321,321,0.009464,0.009464,0.0,0.009464,0.990536
151,2578633082003778088940013102956628479805360761,21,526,526,0.026995,0.026995,0.0,0.026995,0.973005
152,3650146379785934850995660671580553841765454981,21,332,327,0.03308,0.064373,0.112254,0.14533400000000002,0.8546659999999999
152,4447694107941335768274189003948589146948883409,21,397,397,0.139723,0.139723,0.0,0.139723,0.860277
152,5304044781028480773455459789567804501864780699,21,391,379,0.08667,0.016028,0.016028,0.102698,0.897302
152,5225791236691602749703859113684043992716841463,21,404,404,0.110307,0.110307,0.0,0.110307,0.889693
152,5425403301002418901669361546561888615280596761,21,404,374,0.042311,0.019445,0.152865,0.19517600000000002,0.804824
152,5202335230032226630491022567996748864390119873,21,446,446,0.102806,0.102806,0.0,0.102806,0.897194
152,4003774395708740189647636396775460720094087057,21,338,333,0.018955,0.004241,0.004241,0.023196,0.976804
152,5276249290787396224699127825641594167433771223,21,372,372,0.062121,0.062121,0.0,0.062121,0.937879
152,4381176969443188923764265381058182084891594073,21,455,455,0.074807,0.074807,0.0,0.074807,0.925193
152,5541991812747053012003965966406093820220699999,21,301,301,0.248564,0.248564,0.0,0.248564,0.751436
152,5648300508047326241541247933495397085050508533,21,379,379,0.094412,0.094412,0.0,0.094412,0.9055880000000001
152,4837654055687374110886315087296888936559582543,21,331,291,0.069092,0.033212,0.16164999999999996,0.23074199999999995,0.769258
152,3169527753809835033737422227494034075208154897,21,365,365,0.017224,0.017224,0.0,0.017224,0.982776
152,4751384359859390003700613749548751936187354063,21,353,353,0.110188,0.110188,0.0,0.110188,0.889812
152,5115713692797196694227360148049458957592665221,21,314,307,0.057367,0.032447,0.177398,0.234765,0.765235
152,5377906651632174967507002058972880963848446937,21,461,451,0.038021,0.012501,0.012501,0.050522,0.949478
152,4794192939950703723191510856383251915586655239,21,375,375,0.124192,0.124192,0.0,0.124192,0.875808
152,4098436965705153817981088577951066512799793241,21,486,467,0.110822,0.172767,0.172767,0.283589,0.716411
152,4397317578261604652631366972202456990923173239,21,607,602,0.024272,0.014347,0.014347,0.038619,0.961381
152,5641409895201969238429625932613600677431973529,21,369,358,0.096537,0.093836,0.19586299999999998,0.2924,0.7076
153,7688734886215973313958737522072259896979469359,21,488,488,0.050378,0.050378,0.0,0.050378,0.949622
153,9965367899123149749669237053467022764500819709,21,364,340,0.00676,0.012588,0.047291,0.054051,0.945949
153,8648715940089396413954292296253489279668879831,21,364,355,0.06930700000000001,0.069169,0.097865,0.167172,0.832828
153,9992486217185404533285574560152593379868586411,21,312,303,0.100688,0.037438,0.037438,0.138126,0.861874
153,8752395201001776336645971436266201719253038903,21,273,273,0.041086,0.041086,0.0,0.041086,0.958914
153,10307828778112676279744687232183733883997747787,21,304,304,0.080898,0.080898,0.0,0.080898,0.919102
153,8927473020776419491333060829150295244420281503,21,499,462,0.03608399999999999,0.004894,0.18722100000000003,0.22330500000000003,0.7766949999999999
153,7853849523366438727173539795218496833560636149,21,509,489,0.070896,0.014095,0.13893599999999998,0.20983199999999996,0.790168
153,8674604146514496475964987674111780570888473743,21,283,283,0.039446,0.039446,0.0,0.039446,0.960554
153,8982522494550749295857332138146435777716539013,21,326,326,0.055805,0.055805,0.0,0.055805,0.944195
153,7465338556163117004724110416934405812498881597,21,443,443,0.100333,0.100333,0.0,0.100333,0.899667
153,9002256784614521734062834292945636253381789701,21,482,471,0.060881,0.044572,0.044572,0.10545299999999999,0.894547
153,9730043924092499024899737640031060516457357727,21,518,518,0.154521,0.154521,0.0,0.154521,0.845479
153,7772785559916630760629013439531712505833223283,21,335,335,0.144156,0.144156,0.0,0.144156,0.855844
153,6331403492532550906969515225158616949065412553,21,348,340,0.038216,0.042473,0.042473,0.080689,0.919311
153,9499729964075602707801866275682306216169333647,21,580,580,0.05455,0.05455,0.0,0.05455,0.94545
153,10623137933847890583214243354934109612727566337,21,398,398,0.04891,0.04891,0.0,0.04891,0.95109
153,8298489176359263229418112630907164868713161869,21,425,425,0.090478,0.090478,0.0,0.090478,0.9095219999999999
153,10423403876173039960502215978962041272294895987,21,351,351,0.033087,0.033087,0.0,0.033087,0.966913
153,11331438524408402513759859710883003140234689001,21,566,555,0.005944,0.024742,0.08543600000000001,0.09138000000000002,0.90862
154,20144352470088160067192230120293841747066127093,21,398,394,0.023606,0.008855,0.008855,0.032461,0.967539
154,13741129409913179912586613425642421907057677927,21,331,331,0.304571,0.304571,0.0,0.304571,0.6954290000000001
154,22555697926472858658256090868373281917048139777,21,484,480,0.012185,0.003888,0.033106000000000003,0.045291000000000005,0.954709
154,21622466558921334027105350728738281221011715713,21,470,470,0.064699,0.064699,0.0,0.064699,0.9353009999999999
154,22717282832414613486487854671615889194348202509,21,432,432,0.048529,0.048529,0.0,0.048529,0.951471
154,15553662272752172389304818266535674850670048197,21,324,324,0.027937,0.027937,0.0,0.027937,0.972063
154,16287234057599780494928529944429983938735953333,21,356,338,0.034736,0.009092,0.036864,0.0716,0.9284
154,20227306669577710217883266196429106847542507013,21,591,591,0.015918,0.015918,0.0,0.015918,0.984082
154,18361999857484992568400964915559137162309312233,21,359,359,0.025409,0.025409,0.0,0.025409,0.974591
154,17615067981495998635949724796624661825505231481,21,515,475,0.039633,0.03982,0.473156,0.512789,0.48721099999999995
154,16965780184675510815549338206501125311473383031,21,416,416,0.005032,0.005032,0.0,0.005032,0.994968
154,17145713058305669983102778787612006911670513347,21,475,452,0.112302,0.030225,0.030225,0.142527,0.857473
154,20285317985568063024579677341972941193428143231,21,300,300,0.117591,0.117591,0.0,0.117591,0.882409
154,19892574816341431255761561129070142233703448899,21,484,484,0.090473,0.090473,0.0,0.090473,0.909527
154,14482484907695104154754286426816369245597742123,21,429,429,0.041899,0.041899,0.0,0.041899,0.958101
154,21308599822779449843544699903616188167691769657,21,446,427,0.049808000000000005,0.035638,0.035638,0.08544600000000001,0.914554
154,19652552707990061015357354059734076466348869901,21,368,368,0.024884,0.024884,0.0,0.024884,0.975116
154,15836062588559999481222001755306755400249974411,21,351,348,0.059217,0.05853,0.05853,0.11774699999999999,0.882253
154,17640605793899812190237760431948486244893089589,21,390,390,0.020433,0.020433,0.0,0.020433,0.979567
154,13200322048523091361380223530828151918467232499,21,285,277,0.006578,0.003748,0.003748,0.010326,0.989674
155,31340595875958809044343360964929799034189512361,21,438,436,0.146006,0.028334,0.028334,0.17434,0.8256600000000001
155,33883679322606457824492978417378120332359598171,21,356,350,0.129723,0.021983,0.021983,0.151706,0.848294
155,38431961138800983210425437779183955699273663877,21,536,536,0.069601,0.069601,0.0,0.069601,0.930399
155,44842574992398006827792831817449122409176524571,21,385,377,0.010731,0.004817,0.010773000000000001,0.021504000000000002,0.978496
155,44479412022428483167051033854365771430317272061,21,544,544,0.016732,0.016732,0.0,0.016732,0.983268
155,39653904137769014668557378511260469269135182431,21,326,299,0.028994,0.028428,0.146444,0.17543799999999998,0.824562
155,36615548944643269126239193831815135044946113087,21,338,329,0.090691,0.076975,0.076975,0.16766599999999998,0.832334
155,35728624388846244763032748679732750007278619919,21,328,328,0.04464,0.04464,0.0,0.04464,0.95536
155,39471143362465673450737740007926815837598407923,21,455,439,0.029393,0.003972,0.043537000000000006,0.07293000000000001,0.92707
155,43620356160753924413764228467447052158522613007,21,452,431,0.053592,0.053581,0.053581,0.10717299999999999,0.892827
155,29666396188587728462615862057347321613786496027,21,547,545,0.059225,0.00825,0.00825,0.06747500000000001,0.932525
155,41677893527522320684434778067984642792936350873,21,527,494,0.016625,0.0257,0.127274,0.143899,0.856101
155,32675536969479286942701324674137910119680337459,21,332,332,0.189221,0.189221,0.0,0.189221,0.810779
155,44919866654372607559021538428305729263662282117,21,528,528,0.20491,0.20491,0.0,0.20491,0.79509
155,36452200589072916411983425394632165549777886227,21,468,468,0.065888,0.065888,0.0,0.065888,0.934112
155,33203524258924130270853246380045741567145994259,21,443,434,0.133772,0.064974,0.064974,0.198746,0.801254
155,36946503351030864812990481678628454987070959527,21,394,364,0.031053,0.021478,0.250868,0.281921,0.718079
155,44458044889519333576801527839740244268692202469,21,636,623,0.01312,0.010821,0.058997,0.072117,0.927883
155,36744155090184780124393526442075144163055399837,21,366,366,0.029009,0.029009,0.0,0.029009,0.970991
155,32611265262434541992311659835491097552848382807,21,277,277,0.029409,0.029409,0.0,0.029409,0.970591
156,58842411492108631901824870167723622565249820361,21,541,541,0.037877,0.037877,0.0,0.037877,0.962123
156,58647263901409677188415888297848821138605832667,21,353,338,0.033683,0.167183,0.167183,0.200866,0.799134
156,60691833191625566815713087621249445278906020923,21,443,443,0.056544,0.056544,0.0,0.056544,0.943456
156,83500911560012017920943706628836329963659227611,21,420,420,0.03186,0.03186,0.0,0.03186,0.96814
156,79699952235555146846014724188269022467857700953,21,458,450,0.020981,0.01237,0.01237,0.033351,0.966649
156,68617923715717279114730426060969764483412652871,21,562,562,0.041423,0.041423,0.0,0.041423,0.958577
156,70292815550175575334435593661308688973972707499,21,329,324,0.037596,0.08424,0.08424,0.121836,0.878164
156,88395906091853951743306426033388820009527178553,21,334,334,0.138445,0.138445,0.0,0.138445,0.861555
156,58490997193338963447736793476829606786651843411,21,361,361,0.053548,0.053548,0.0,0.053548,0.946452
156,88153376653160901709431525294744255033299399513,21,438,438,0.039251,0.039251,0.0,0.039251,0.960749
156,83749952449871415989936799658384575288153567857,21,493,493,0.064411,0.064411,0.0,0.064411,0.935589
156,63215896343305696798861673825073441341593157323,21,286,286,0.02271,0.02271,0.0,0.02271,0.97729
156,68367618624389291832609274122568807692737410747,21,344,344,0.028089,0.028089,0.0,0.028089,0.971911
156,85976042848566498516350067546598036064176697617,21,456,454,0.017092,0.020302,0.020302,0.037394,0.962606
156,77050956204250174763972617362140681574229342091,21,728,728,0.113356,0.113356,0.0,0.113356,0.886644
156,67397778703558464646892241700035691887301648579,21,550,550,0.052136,0.052136,0.0,0.052136,0.947864
156,82158015067987949738815070788850184671973579587,21,403,403,0.045514,0.045514,0.0,0.045514,0.954486
156,55015423047501982644190563451191716439122432951,21,383,382,0.014619,0.011703,0.011703,0.026321999999999998,0.973678
156,85336908532608541436048263259686225667526362047,21,607,607,0.08334,0.08334,0.0,0.08334,0.91666
156,56731211956952175175952662358019177731725234237,21,380,380,0.021832,0.021832,0.0,0.021832,0.978168
157,120282166308024689728299980121863747670916310267,21,434,434,0.045236,0.045236,0.0,0.045236,0.954764
157,120820017068622794622130921127946349513431310843,21,531,507,0.015996,0.025055,0.09910799999999999,0.11510399999999998,0.884896
157,160354239376266933764514100701359388571858132879,22,426,426,0.072265,0.072265,0.0,0.072265,0.927735
157,178540342865713130388740603822271194677254392441,22,404,400,0.036283,0.018589,0.018589,0.054872000000000004,0.945128
157,133758242352280888913921190835052846329897153133,21,484,475,0.023861,0.033062,0.033062,0.056923,0.9430769999999999
157,119751792167523699090520105500834166573709024723,21,351,351,0.147979,0.147979,0.0,0.147979,0.852021
157,142866301722166299614859219990227501097218329553,21,429,420,0.02417,0.010082,0.033119,0.05728900000000001,0.942711
157,159460056477105651797755450704992108220297439993,22,353,353,0.054033,0.054033,0.0,0.054033,0.945967
157,129765827297228317584448178357227745213663923673,21,452,443,0.016065,0.019714,0.039309,0.05537399999999999,0.944626
157,153041151061952724068377978141007513960278537129,21,515,504,0.050862,0.056679,0.07461899999999999,0.12548099999999998,0.874519
157,112556148137934308610401610728139436816885032007,21,331,331,0.065094,0.065094,0.0,0.065094,0.934906
157,155016348949192392834761783400231900623445364769,21,555,520,0.011897,0.037435,0.252269,0.264166,0.735834
157,165332485530732496445379876290371501984439220227,22,392,392,0.017588,0.017588,0.0,0.017588,0.982412
157,173008319555191101708826910175525434497734262397,22,287,287,0.009161,0.009161,0.0,0.009161,0.990839
157,143078279358113528954735774091416278002769110083,21,576,544,0.009814,0.010961,0.08603500000000001,0.09584900000000002,0.9041509999999999
157,139537309577365933739952691194841985292959417899,21,283,283,0.047598,0.047598,0.0,0.047598,0.952402
157,150381007425703993922643997626233047809831195563,21,319,304,0.046150000000000004,0.018798,0.057407,0.10355700000000001,0.896443
157,125414534553540336555987249708054473022979850233,21,352,352,0.101066,0.101066,0.0,0.101066,0.898934
157,100495160702135079890032717344114075262462068991,21,344,344,0.19116,0.19116,0.0,0.19116,0.80884
157,126081296153973360472994917714723398699218116441,21,780,772,0.016097,0.009003,0.041199,0.057296,0.942704
158,244084876567438940415979589793753210761831799169,22,393,390,0.085566,0.048537,0.048537,0.134103,0.865897
158,311889364802148711770367329783808121108240984963,22,427,425,0.074072,0.028731,0.028731,0.102803,0.897197
158,315552892616518612169009766705743992617805242163,22,292,292,0.181571,0.181571,0.0,0.181571,0.818429
158,364568451629159625851465545891850771901219214163,22,374,371,0.091328,0.048548,0.048548,0.139876,0.860124
158,213880798395599609631736184456759089379285659049,22,435,435,0.022196,0.022196,0.0,0.022196,0.977804
158,364596676892949119436289041863521153445811753029,22,520,520,0.041347,0.041347,0.0,0.041347,0.958653
158,215840103126036545942721515629965329944602697057,22,572,561,0.021259,0.021114,0.0953,0.116559,0.883441
158,259043540185824666457272444893607678141566205487,22,346,346,0.044487,0.044487,0.0,0.044487,0.9555130000000001
158,311426830077414386887481553693471517445014703609,22,373,367,0.039477,0.01208,0.059231000000000006,0.098708,0.901292
158,220678872755010770809359894948879428023872635453,22,355,352,0.039262,0.036392,0.036392,0.075654,0.924346
158,324273864736092445034262802970079797120470198979,22,439,439,0.117342,0.117342,0.0,0.117342,0.8826579999999999
158,335973439137660892963362517099047189556286786761,22,323,323,0.026569,0.026569,0.0,0.026569,0.973431
158,282449349227109527988465852865060163003324312407,22,324,324,0.084411,0.084411,0.0,0.084411,0.915589
158,208746167169143822300193643710778500356712398063,22,467,462,0.032922,0.010182,0.019655,0.052577,0.947423
158,334111037801880478290657958251924991420673909189,22,488,488,0.034051,0.034051,0.0,0.034051,0.965949
158,278758463930102758470340608089823158233270489379,22,355,319,0.068737,0.025748,0.14561700000000002,0.21435400000000004,0.785646
158,334359694784871699894821359716571301393005547539,22,411,399,0.100935,0.028253,0.07163499999999999,0.17257,0.82743
158,266330340319030988935371369155445034828168547083,22,372,372,0.014391,0.014391,0.0,0.014391,0.985609
158,304296786548695733429639288499877719781617137947,22,580,580,0.110129,0.110129,0.0,0.110129,0.889871
158,363187749995613157299748064319278147359621272623,22,662,662,0.024563,0.024563,0.0,0.024563,0.975437
159,686564447258462630098219799118347627120122126259,22,495,495,0.027404,0.027404,0.0,0.027404,0.972596
159,589551271893462661314759463097397605089591304053,22,483,483,0.053697,0.053697,0.0,0.053697,0.946303
159,631182522272441179585206326884145264567358144641,22,318,300,0.036737,0.03202,0.061209,0.097946,0.902054
159,436106084503182412560423534629337392438805726397,22,508,508,0.020649,0.020649,0.0,0.020649,0.979351
159,614365874960561724255698902936314085451009978123,22,438,426,0.046331,0.028054,0.099822,0.14615299999999998,0.853847
159,652808814800014009591626662453549818193223047839,22,675,675,0.072555,0.072555,0.0,0.072555,0.927445
159,431497693573687811342235449780503037093880478249,22,422,422,0.058159,0.058159,0.0,0.058159,0.941841
159,641417960009003073536715539762385574694132608057,22,318,318,0.019667,0.019667,0.0,0.019667,0.980333
159,556755493522333610334550996104356886728067513937,22,446,446,0.092373,0.092373,0.0,0.092373,0.907627
159,518738300042543123329242792010704876266634471203,22,531,512,0.029328,0.054005,0.054005,0.08333299999999999,0.916667
159,622775601463755434010798895296308923399679148479,22,370,367,0.011904000000000001,0.004647,0.027455,0.039359000000000005,0.960641
159,721092743353983610239239300767561842232656810121,22,371,371,0.075061,0.075061,0.0,0.075061,0.924939
159,725700541872878647978311987906512435448724917323,22,360,344,0.050904,0.015894,0.21999400000000002,0.270898,0.7291019999999999
159,680792306276738068787445684933623704836521586517,22,402,402,0.047354,0.047354,0.0,0.047354,0.952646
159,609838293034917899422422535971964737888944079431,22,564,554,0.018108,0.035678,0.104879,0.122987,0.877013
159,500003566005968344293642166685142120533963613397,22,375,366,0.021079,0.05347,0.193096,0.214175,0.785825
159,672585552363075626030436013518741587083784197091,22,956,956,0.034171,0.034171,0.0,0.034171,0.965829
159,667853203575891446356676483576275288677930218477,22,369,369,0.026837,0.026837,0.0,0.026837,0.973163
159,452729177399062213984412625994093209513957053659,22,491,490,0.011281,0.021754,0.021754,0.033034999999999995,0.966965
159,718517666115847144224280227758502807408113808437,22,604,595,0.014780999999999999,0.010721,0.010721,0.025501999999999997,0.974498
160,1115913240165002032294944939882858364194015937199,22,356,337,0.014846,0.020935,0.086057,0.10090299999999999,0.899097
160,1440912770676709848638629792376134253525608074541,22,628,626,0.020286,0.034446,0.034446,0.054731999999999996,0.945268
160,933815358984064483011197510331330335221655664157,22,410,404,0.06805,0.033544,0.108596,0.176646,0.823354
160,969243323728712475535486623630623651719920512731,22,368,368,0.327419,0.327419,0.0,0.327419,0.672581
160,1076466504888089627494905309713319219664710433643,22,374,373,0.06653200000000001,0.07892,0.07892,0.14545200000000003,0.854548
160,1421116437931458286969196379690998986504855152749,22,564,553,0.022001,0.017738,0.054030999999999996,0.07603199999999999,0.923968
160,1172553592352544090305146581654443943982800468347,22,384,384,0.084177,0.084177,0.0,0.084177,0.915823
160,909793617870750937141425081136809004936031725807,22,846,837,0.044731,0.033793,0.047959999999999996,0.092691,0.907309
160,1057437110620229076506102833609193814696668318251,22,409,408,0.076921,0.024228,0.024228,0.101149,0.898851
160,1272489506939449407441353102540516266393948251787,22,392,392,0.021797,0.021797,0.0,0.021797,0.978203
160,1080313044916089688695708805273339794814591207951,22,334,334,0.048356,0.048356,0.0,0.048356,0.951644
160,1149353867679185877473020663684612261737991945873,22,322,316,0.048297,0.047008,0.047008,0.095305,0.904695
160,983949157142389589790721652739207946878875195771,22,355,349,0.056985,0.052937,0.052937,0.10992199999999999,0.890078
160,1361143599389480694086689546211220334021828686817,22,405,405,0.126899,0.126899,0.0,0.126899,0.873101
160,1021091838147883904869937336936298707335596006313,22,467,448,0.036830999999999996,0.007126,0.164029,0.20086,0.79914
160,1294988162211010208686476509915675738782236322669,22,401,401,0.170043,0.170043,0.0,0.170043,0.8299570000000001
160,1122941529731570548110403398235866601161586536011,22,350,350,0.072729,0.072729,0.0,0.072729,0.927271
160,1432805530443255062195929071604085524855630107221,22,361,361,0.047741,0.047741,0.0,0.047741,0.952259
160,1153032896620140114746318270771321999716861546507,22,437,437,0.068979,0.068979,0.0,0.068979,0.931021
160,964310714558373662737593657033125267637818078167,22,374,361,0.023885,0.044993,0.086586,0.110471,0.889529
161,2549342994142969438502207735324263431486603124709,22,349,349,0.05007,0.05007,0.0,0.05007,0.9499299999999999
161,2681100216348215889829625802961254331665674276717,22,434,433,0.017921,0.003564,0.003564,0.021485,0.978515
161,2880298692764464678292391755309173496702002183049,22,454,454,0.020555,0.020555,0.0,0.020555,0.979445
161,1772591985057680454231176923477927954936575167497,22,298,298,0.154233,0.154233,0.0,0.154233,0.8457669999999999
161,2083705746610030102470078930728254734269258767559,22,405,405,0.082447,0.082447,0.0,0.082447,0.917553
161,2592051223899969308896255211589583595849607840917,22,531,522,0.026254,0.020852,0.085864,0.112118,0.8878820000000001
161,1964444950659050423101133436896095725128026615861,22,320,320,0.015051,0.015051,0.0,0.015051,0.984949
161,2664894503748551145754658751022334263049302504109,22,410,396,0.045955,0.041461,0.052404,0.098359,0.901641
161,2890667027374661591725712210164725411830649644971,22,453,453,0.043836,0.043836,0.0,0.043836,0.956164
161,2315237919643127678001317504649602348775135239989,22,419,419,0.085449,0.085449,0.0,0.085449,0.914551
161,2263615665739021443959839330064499024174205984757,22,355,353,0.138529,0.064157,0.064157,0.20268600000000003,0.797314
161,2715737041694779962072587570440702427479596688267,22,412,399,0.025155,0.043034,0.070664,0.095819,0.904181
161,2242913431855633380375884470582819076336280851693,22,563,563,0.025132,0.025132,0.0,0.025132,0.974868
161,2196055705110050413211594819707917380387387874647,22,478,478,0.054538,0.054538,0.0,0.054538,0.945462
161,2386559963764208317133465196705396071874399113177,22,454,454,0.05313,0.05313,0.0,0.05313,0.94687
161,2496018222066887071360307538619052262154796275933,22,460,451,0.028981,0.064253,0.064253,0.09323400000000001,0.906766
161,2643999513168057204584957107582487653622472397817,22,473,473,0.017449,0.017449,0.0,0.017449,0.982551
161,2635743115320503461112643487699959884803825828717,22,412,412,0.09162300000000001,0.09162300000000001,0.0,0.09162300000000001,0.908377
161,2825605982926347409937517778879057613012900909681,22,434,433,0.006385,0.006508,0.006508,0.012893,0.987107
161,1945681273593238791686785823639092496168175333883,22,455,455,0.021094,0.021094,0.0,0.021094,0.978906
162,5142726192263316119305765044724202366191059020131,22,431,431,0.069719,0.069719,0.0,0.069719,0.930281
162,4356714020119985091707387224305757015484033268083,22,354,354,0.149679,0.149679,0.0,0.149679,0.850321
162,5760088733269586802798761031015562375783053998981,22,411,399,0.106936,0.057813,0.057813,0.164749,0.835251
162,5126536210830929842911126218863559555593079772241,22,462,449,0.022589,0.011088,0.016797,0.039386000000000004,0.960614
162,4355984306317180250941284630714493550289288293197,22,529,529,0.050203,0.050203,0.0,0.050203,0.949797
162,5372238624316637074604877264416233805336449398107,22,393,381,0.019737,0.021239,0.0806,0.10033700000000001,0.899663
162,3370953511586955617438834489704567964510236112387,22,366,348,0.023502,0.072568,0.139581,0.163083,0.836917
162,5654048134438701321190467092520015125597334765619,22,929,919,0.014158,0.009972,0.013873,0.028031,0.971969
162,5347560175544712010315634817224870510859508906709,22,426,426,0.1172,0.1172,0.0,0.1172,0.8828
162,5736419416140119735836049169364015628764346059723,22,814,797,0.013397,0.008378,0.03833,0.051727,0.948273
162,4650109252981784028797300655435682334415722439709,22,507,504,0.062497,0.015425,0.015425,0.07792199999999999,0.922078
162,4851575313540019468754262146798472592699356416503,22,445,445,0.041887,0.041887,0.0,0.041887,0.958113
162,4620052361353557581946034404083231874642184874639,22,470,462,0.15612199999999998,0.017064,0.017064,0.17318599999999998,0.826814
162,5522800988337253824728791418632480547260333713827,22,417,417,0.090232,0.090232,0.0,0.090232,0.909768
162,5499586014822265836968576304450001678297022377393,22,658,658,0.024202,0.024202,0.0,0.024202,0.9757979999999999
162,3564133393297332356275713734544213713680389996917,22,385,385,0.030212,0.030212,0.0,0.030212,0.969788
162,5515322111725050184603784308918954761722437406837,22,422,413,0.041779,0.010588,0.010588,0.052367,0.947633
162,4485461183490214672847356727639397071039303926699,22,390,390,0.041182,0.041182,0.0,0.041182,0.958818
162,5195480640606091839263058107075820094394110075261,22,379,374,0.039103,0.02459,0.02459,0.063693,0.936307
162,5741107958946558148650160180297387601202820663099,22,469,469,0.063962,0.063962,0.0,0.063962,0.936038
163,9747578468936317254902406784741698921811080904511,22,423,408,0.051081,0.018551,0.081193,0.132274,0.867726
163,10111701947436338618707597112719816959644907307921,22,494,494,0.067235,0.067235,0.0,0.067235,0.932765
163,9500974977324321481710304769960767745184067228853,22,389,383,0.034624,0.040975,0.040975,0.075599,0.924401
163,10923265258610933252939304751090963667320491815059,22,370,370,0.049538,0.049538,0.0,0.049538,0.950462
163,6277296598420519157375291811600475171257085054819,22,328,328,0.063566,0.063566,0.0,0.063566,0.936434
163,9231618602773719751425117097585869209969078112883,22,456,449,0.048028,0.047209,0.072171,0.120199,0.879801
163,10035352768951452538707551978057565508665635317309,22,472,465,0.016357,0.039048,0.039048,0.055404999999999996,0.944595
163,7654209071367977951897371689264431599631570961337,22,337,337,0.035575,0.035575,0.0,0.035575,0.964425
163,10824194889247063645916265364865318315163275587691,22,393,363,0.03415,0.04822,0.06562699999999999,0.09977699999999999,0.900223
163,7007067855178084077334907729020251703138388423407,22,588,588,0.04008,0.04008,0.0,0.04008,0.95992
163,11563629162960767561469993435982566900206290797341,22,339,339,0.140792,0.140792,0.0,0.140792,0.859208
163,10432647582007091942814866236806348920448169897081,22,412,409,0.034879,0.039297,0.14951799999999998,0.18439699999999998,0.8156030000000001
163,11013321740409425001654829975108773198879722323169,22,486,486,0.079502,0.079502,0.0,0.079502,0.920498
163,11388208541060705561819087229232095358667380786273,22,566,566,0.119383,0.119383,0.0,0.119383,0.880617
163,11103735522688372546281614770298463681690271542443,22,512,512,0.10252,0.10252,0.0,0.10252,0.89748
163,8215686036974456744106483973928387713743004968589,22,459,449,0.077,0.013052,0.013052,0.090052,0.909948
163,10366420373188722818237768081269384282174284586279,22,524,518,0.019075,0.036199,0.036199,0.055274000000000004,0.944726
163,9887493049291697627584648336712714992824228820507,22,384,384,0.048485,0.048485,0.0,0.048485,0.951515
163,11291772697596805962306082330181863662191216703401,22,705,685,0.010347,0.004529,0.038478,0.048825,0.951175
163,8629299483287912574962165393081179705241759373329,22,539,539,0.102117,0.102117,0.0,0.102117,0.897883
164,20210344270042780228524473590981781384374263250651,22,712,674,0.008381,0.005566,0.096825,0.105206,0.894794
164,17385754946083473907588211247263282920082635440931,22,449,449,0.039344,0.039344,0.0,0.039344,0.960656
164,15065200337324516365624234372840728893791849883677,22,549,549,0.058088,0.058088,0.0,0.058088,0.941912
164,20001274208685757373389824972298109151192644683421,22,467,444,0.030803,0.044641,0.128623,0.15942599999999998,0.840574
164,23206373050027225840725924288883018652907266761573,22,416,416,0.036901,0.036901,0.0,0.036901,0.963099
164,22025345891505684794425190360346292788092251835117,22,343,343,0.109274,0.109274,0.0,0.109274,0.890726
164,17433500709489283073258616221836367960841092957683,22,417,417,0.085085,0.085085,0.0,0.085085,0.914915
164,20619243792726008996626054260855579390889646661671,22,519,514,0.033858,0.007228,0.05275,0.08660799999999999,0.913392
164,17851954102483708548111820947964979316071559518321,22,520,506,0.013241,0.01668,0.066622,0.079863,0.920137
164,15520227091786292775179646082304899324457570987803,22,414,414,0.07645,0.07645,0.0,0.07645,0.92355
164,21025509716353739955780362583473341923163070100707,22,511,508,0.067886,0.033366,0.033366,0.10125200000000001,0.898748
164,14498146431977835998639783360838649091026316741701,22,513,513,0.047068,0.047068,0.0,0.047068,0.952932
164,19111791960401045569879778943278968002523890458231,22,326,326,0.023526,0.023526,0.0,0.023526,0.976474
164,16530301572124410378960034538876085010836459672467,22,349,349,0.012611,0.012611,0.0,0.012611,0.987389
164,18221873864190480631751119997397311265906143427919,22,640,640,0.083805,0.083805,0.0,0.083805,0.916195
164,19509002958117864345830026901941875949728480482351,22,679,679,0.035004,0.035004,0.0,0.035004,0.964996
164,22672286378997470934496964350911104497412505665789,22,422,422,0.049282,0.049282,0.0,0.049282,0.950718
164,23046477364042922130498611236049763734841923672321,22,584,571,0.007706,0.011245,0.180631,0.188337,0.811663
164,17549286263321631100185248104947257910955608889553,22,373,373,0.169989,0.169989,0.0,0.169989,0.830011
164,21059636316678691840527110401614339175235554714931,22,480,480,0.092625,0.092625,0.0,0.092625,0.907375
165,41832933592112304400801943026671467969363831087923,22,360,360,0.018999,0.018999,0.0,0.018999,0.981001
165,35682862411294951100561921127821057964487467339443,22,420,408,0.124966,0.149959,0.149959,0.274925,0.725075
165,42835312913720678185448545784074783359123970744159,22,383,383,0.122318,0.122318,0.0,0.122318,0.877682
165,40881659780738625128558353749592964839279265435171,22,366,364,0.022771,0.04041,0.04041,0.063181,0.936819
165,45322494471102900510547891895971824081862698563281,22,360,343,0.020553,0.007842,0.034889,0.055442000000000005,0.944558
165,45929128788840959205376511336193947297685265640951,22,950,946,0.020631,0.005532,0.005532,0.026163,0.973837
165,44489998373490387700600426834275888436763809873019,22,807,807,0.013113,0.013113,0.0,0.013113,0.986887
165,35790092378947652923809024031202004014344249255817,22,484,473,0.057761,0.015182,0.015182,0.072943,0.927057
165,45161106773899709982331683988937842529673051859151,22,517,517,0.04447,0.04447,0.0,0.04447,0.95553
165,41611075822328138418773040753161992670148754649183,22,427,427,0.01692,0.01692,0.0,0.01692,0.98308
165,43893688025396579244143003549941949711112694897597,22,595,595,0.040776,0.040776,0.0,0.040776,0.959224
165,38949108443317524477011125919734633057707138102373,22,460,460,0.018728,0.018728,0.0,0.018728,0.981272
165,44506757530726502698455041633661918108484228681201,22,606,587,0.020582,0.013041,0.065939,0.086521,0.913479
165,45700176760813962794447132804379570073089321130619,22,452,450,0.064482,0.011609,0.020511,0.084993,0.915007
165,36717319074712975178793976563482551630954666600147,22,518,518,0.024323,0.024323,0.0,0.024323,0.975677
165,40081717737177734357477768258828819203380673838299,22,467,467,0.032642,0.032642,0.0,0.032642,0.967358
165,42668271582757088828333733690941986896240697265291,22,344,344,0.276336,0.276336,0.0,0.276336,0.723664
165,42066162699265700510000155471171171993026790897181,22,335,335,0.048893,0.048893,0.0,0.048893,0.951107
165,43079437256800894081452117481597778557867932256481,22,761,721,0.027256999999999997,0.021311,0.12117300000000002,0.14843,0.8515699999999999
165,39639751732104952918265482468837059446746603506727,22,455,455,0.023605,0.023605,0.0,0.023605,0.976395
166,64455071458380183185819126791305562795840205337607,22,556,556,0.010478,0.010478,0.0,0.010478,0.989522
166,90075771203582122330247262323941154266135655067703,23,584,577,0.065132,0.028608,0.028608,0.09373999999999999,0.9062600000000001
166,72228823129784081606691745887439926673012583025583,22,602,602,0.056021,0.056021,0.0,0.056021,0.943979
166,69837432774442923128016482628855170461287372899371,22,459,431,0.046882,0.041091,0.193381,0.240263,0.759737
166,89244922194937743144971782767253188914316795885797,23,520,502,0.033289,0.03023,0.03023,0.06351899999999999,0.936481
166,88746453267789363020668583643470490537450658613921,23,430,428,0.034467,0.026453,0.026453,0.06092,0.93908
166,88713786474705850221237608801094392192327303798911,23,433,409,0.019048,0.008053,0.05404199999999999,0.07308999999999999,0.92691
166,87557406481398096612837568774546924908523956472679,22,501,501,0.12339,0.12339,0.0,0.12339,0.87661
166,83804917377281198336877975468864158449629337119497,22,429,429,0.097756,0.097756,0.0,0.097756,0.902244
166,81569638913156092214718111347132660641468885512997,22,374,374,0.052373,0.052373,0.0,0.052373,0.947627
166,52608719657148563796512530136536674250280158137673,22,587,587,0.105121,0.105121,0.0,0.105121,0.894879
166,89221264190598117801701321295581964396857406691793,23,360,360,0.148024,0.148024,0.0,0.148024,0.8519760000000001
166,91421352408629645983856436933886907626516790327531,23,444,439,0.013936,0.101759,0.158053,0.171989,0.828011
166,92354408607697290294087669975129842220424154225839,23,359,359,0.017338,0.017338,0.0,0.017338,0.982662
166,90307244958886521065070588400571519599452170426827,23,440,433,0.129843,0.023176,0.023176,0.153019,0.846981
166,61951676507642868191945772939153670793162317140439,22,659,659,0.03336,0.03336,0.0,0.03336,0.9666399999999999
166,57096092534835312898852423687190032724229132615371,22,402,402,0.024301,0.024301,0.0,0.024301,0.975699
166,77734094079183033282661848210260105535011878058221,22,443,426,0.047683,0.191291,0.23526,0.282943,0.717057
166,61439716290799937763975920406477923341938046630307,22,538,533,0.136455,0.010488,0.010488,0.146943,0.853057
166,92944946903546196014112302841886638418369209076507,23,333,312,0.014525,0.04061,0.081379,0.095904,0.904096
167,185191770581306272864194984747884925328034141094049,23,360,355,0.01678,0.009284,0.009284,0.026064,0.973936
167,150753299534321728385042450116986328932503586710791,23,402,402,0.088512,0.088512,0.0,0.088512,0.911488
167,122185038003700368219528064449236784866763422689417,23,384,384,0.007601,0.007601,0.0,0.007601,0.992399
167,178235118269758334366445181520116909697869973267843,23,418,418,0.013969,0.013969,0.0,0.013969,0.986031
167,125101284926137051500851455837556179024574472599693,23,403,399,0.024843,0.021744,0.068503,0.093346,0.906654
167,183608279157579728300471834586610846132033916363009,23,435,435,0.09754,0.09754,0.0,0.09754,0.90246
167,123823837425211259366602079641341299640350463304427,23,487,460,0.018738,0.006948,0.098636,0.117374,0.882626
167,182738591737141364288038096817725089299414242881199,23,372,363,0.015113,0.009334,0.053343,0.068456,0.931544
167,144881986800772159131971678194070421363231610326503,23,488,488,0.134874,0.134874,0.0,0.134874,0.8651260000000001
167,169113029671003783909165383403390189332006078766403,23,756,756,0.066217,0.066217,0.0,0.066217,0.933783
167,180203454172404433999728807424822530543427009853893,23,618,613,0.049889,0.022191,0.039739,0.089628,0.910372
167,176740473075257510677017027826065071164478066806109,23,329,329,0.026934,0.026934,0.0,0.026934,0.973066
167,154708744984764752253150630606148953411120836248223,23,517,515,0.025204,0.03334,0.03334,0.058544,0.941456
167,185822038963156756154989463606402264231845142986571,23,499,499,0.013592,0.013592,0.0,0.013592,0.986408
167,164713641976176077509064527913611509808492198546303,23,429,429,0.020043,0.020043,0.0,0.020043,0.979957
167,174143473517067658771245663523001506669684229251583,23,294,294,0.062229,0.062229,0.0,0.062229,0.937771
167,134875484299471317108685835177615212803568324951771,23,325,325,0.065765,0.065765,0.0,0.065765,0.934235
167,182071589557326943011646537770784052720010679622671,23,457,457,0.0723,0.0723,0.0,0.0723,0.9277
167,107723548795615044892707554332906198918982581905521,23,416,416,0.020642,0.020642,0.0,0.020642,0.979358
167,110235062257219473750266489148464622602430677309023,23,469,461,0.046283,0.012699,0.0313,0.077583,0.922417
168,355867559027045347481742474164268313169270448267103,23,532,532,0.014228,0.014228,0.0,0.014228,0.985772
168,354354498343882825539049178202420048518235057099511,23,382,380,0.071801,0.019555000000000003,0.019555000000000003,0.091356,0.908644
168,297316862371625606791660530918145246188551598375827,23,462,462,0.047917,0.047917,0.0,0.047917,0.952083
168,251334070780906996792106667358010626199124871015193,23,382,382,0.055027,0.055027,0.0,0.055027,0.944973
168,266089629335928959939990984219310389073099671366189,23,377,377,0.058029,0.058029,0.0,0.058029,0.941971
168,297312478520764466042800805099268401234237086618769,23,498,498,0.021612,0.021612,0.0,0.021612,0.978388
168,252694597694857518298868919901861055603851696256479,23,402,402,0.013839,0.013839,0.0,0.013839,0.986161
168,286391540226265125508001191752822610514127971418977,23,445,445,0.051248,0.051248,0.0,0.051248,0.948752
168,318688943619592236326261968753666579542852488008771,23,516,512,0.059633,0.019257,0.019257,0.07889,0.92111
168,348197322658922333549563681800422289216265150015297,23,516,495,0.027873,0.017441,0.10314000000000001,0.13101300000000002,0.868987
168,368542669960002587168410129566818072485889583789247,23,477,477,0.037445,0.037445,0.0,0.037445,0.962555
168,268548911990920458790785330758705695531710970965877,23,384,384,0.04168,0.04168,0.0,0.04168,0.95832
168,331941207943771650157715950616862772785852585230449,23,394,379,0.050711,0.055592,0.17283100000000004,0.22354200000000005,0.776458
168,323877960143720182139921715509016936864755738538083,23,395,395,0.009315,0.009315,0.0,0.009315,0.990685
168,363122401231538903702884958200573978698665726858941,23,428,425,0.124124,0.022017,0.022017,0.146141,0.853859
168,308228420728279829232936597270463065825898054642939,23,374,374,0.112905,0.112905,0.0,0.112905,0.887095
168,283116060916231999061737214282503740357534622019947,23,391,391,0.052881000000000004,0.052881000000000004,0.0,0.052881000000000004,0.947119
168,281428688528495768940994883006958194198779974610219,23,509,508,0.051602,0.044772,0.044772,0.096374,0.903626
168,326678933726286291994787934645555743351568375175913,23,420,411,0.058954,0.066843,0.066843,0.125797,0.8742030000000001
168,242229774464479250019542042945875041752252033094853,23,806,785,0.002916,0.010223,0.073983,0.076899,0.923101
169,549419723295960540447780008307906211005792776812829,23,484,484,0.024342,0.024342,0.0,0.024342,0.975658
169,664865469281161842324657652489314073194401709162263,23,616,616,0.04153,0.04153,0.0,0.04153,0.95847
169,526275837673483487444634125901789672050479746789367,23,459,452,0.006599,0.019177,0.029613,0.036212,0.963788
169,677970966743848576239473283142953742552801707940111,23,437,437,0.028918,0.028918,0.0,0.028918,0.971082
169,657821691628060301322956147101670288895728662024039,23,429,429,0.131327,0.131327,0.0,0.131327,0.868673
169,715264587022453456200004920592343027582234072699119,23,727,686,0.005587,0.01558,0.22947999999999993,0.23506699999999994,0.7649330000000001
169,564263055842251392661877742982498545034787789672701,23,391,385,0.024072,0.030096,0.067183,0.091255,0.908745
169,709752893570015397017697204082578787464541589122757,23,360,360,0.026873,0.026873,0.0,0.026873,0.973127
169,655017367008869539322579634764112530246507710350587,23,422,422,0.119415,0.119415,0.0,0.119415,0.880585
169,657292182528951725976013293116638919927942739731969,23,405,371,0.014619,0.007756,0.135298,0.149917,0.850083
169,723786901355715251133499133823457447564442130316753,23,894,894,0.032452,0.032452,0.0,0.032452,0.967548
169,523829125978495822418790946811975528394043957096661,23,390,390,0.127981,0.127981,0.0,0.127981,0.872019
169,541477377066573582590059723667831900889584456117101,23,343,343,0.124878,0.124878,0.0,0.124878,0.875122
169,695788992079943252596035093883032289031003550676639,23,463,463,0.020695,0.020695,0.0,0.020695,0.979305
169,694333695686916638920533025197721880230919832136049,23,363,363,0.063305,0.063305,0.0,0.063305,0.936695
169,485822670269234256517166328139449043912746690035101,23,401,394,0.024592,0.029313,0.054474999999999996,0.079067,0.920933
169,621048212309618498722906441939308335619301463127923,23,452,452,0.038133,0.038133,0.0,0.038133,0.961867
169,471378305746743164537629288149409115192944188760511,23,410,401,0.017508,0.023722,0.033552,0.051059999999999994,0.94894
169,679166054805478107698598400374518496104565906945673,23,338,338,0.083628,0.083628,0.0,0.083628,0.916372
169,478874915531854708795103201026072431746838752011189,23,478,470,0.047383,0.014465,0.041606,0.088989,0.911011
170,1289318240951187150423696809121408247188110724374959,23,383,383,0.093124,0.093124,0.0,0.093124,0.906876
170,1317598680651458934736004969973115054629720267802427,23,412,411,0.068253,0.06503,0.06503,0.13328299999999998,0.866717
170,1387016971391792365767686427962070113773978808021599,23,435,427,0.00985,0.020755,0.037542,0.047392,0.952608
170,1301605848278604502292287990083848668281772339668443,23,529,525,0.005418,0.009065,0.017709000000000003,0.023127,0.976873
170,1454027346176602205583289937091731344133146246553801,23,577,558,0.11422399999999999,0.036692,0.12929700000000002,0.24352100000000002,0.756479
170,967653528079116878085780463103240904324567568232963,23,531,531,0.070759,0.070759,0.0,0.070759,0.929241
170,1261056843454978621289453730316681785701648409889253,23,488,487,0.038592,0.045977,0.045977,0.084569,0.915431
170,837639897222655440981696060794566569158254246200341,23,432,432,0.003579,0.003579,0.0,0.003579,0.996421
170,1380352939133440466587651274847015029204065064236727,23,661,661,0.113031,0.113031,0.0,0.113031,0.886969
170,1470202321847100083182546960194231350823305902723733,23,488,488,0.081958,0.081958,0.0,0.081958,0.918042
170,1395451141662017337518566124235400507157510063162651,23,386,386,0.029516,0.029516,0.0,0.029516,0.970484
170,1443973581327167714924022043427922410334336886476631,23,452,436,0.024145,0.008655,0.071247,0.095392,0.904608
170,1248251220039825096428185208030859202496488462447199,23,480,480,0.070171,0.070171,0.0,0.070171,0.929829
170,1485074191992056020325974520634552289818056666197811,23,431,431,0.025522,0.025522,0.0,0.025522,0.974478
170,1254247931868399620218293166952069391063175723231013,23,515,502,0.06525,0.064906,0.131937,0.197187,0.802813
170,1257669066486116581118684542985264257389351752099207,23,336,336,0.095918,0.095918,0.0,0.095918,0.904082
170,938770475414108901814693140661602364827961258856599,23,363,359,0.04324,0.063259,0.063259,0.106499,0.893501
170,1066007335410228423895411628779579916508643551606013,23,442,440,0.071938,0.042126,0.042126,0.114064,0.8859360000000001
170,1055641473154584299321451059456907378615225873359927,23,466,466,0.114871,0.114871,0.0,0.114871,0.885129
170,1450909537806030357996742850817171901677376101936973,23,352,349,0.060426999999999995,0.024336,0.054199,0.11462599999999999,0.885374
171,2320628485992640066699844867503781431624090632616007,23,420,409,0.080371,0.0601,0.0601,0.140471,0.859529
171,2687357138509969949945838036658262421119489089392571,23,398,392,0.002558,0.005102,0.005102,0.00766,0.99234
171,2179890418570410841271805505892530931206234443075251,23,499,499,0.065273,0.065273,0.0,0.065273,0.934727
171,2643553863724729454040982582317963102955115497112137,23,664,659,0.035303,0.012004,0.01958,0.054883,0.945117
171,2460627882183105189199201566900305707431196028435837,23,483,483,0.029042,0.029042,0.0,0.029042,0.970958
171,2339826321982801679364695234505710301355859790744791,23,685,685,0.009444,0.009444,0.0,0.009444,0.990556
171,2758900339445195828507819823171495863952057663997793,23,372,372,0.084133,0.084133,0.0,0.084133,0.915867
171,1842882812388021598690092464110026835556610550203901,23,687,664,0.011299,0.026486,0.06418499999999999,0.075484,0.924516
171,2527348162893818585716726864029885307488142009814867,23,378,352,0.024652,0.014128,0.036049,0.060701,0.939299
171,2837554568622031909115383188427508045834871248866231,23,390,390,0.156267,0.156267,0.0,0.156267,0.8437330000000001
171,1980107624548085725945997103475068875829188531206579,23,895,895,0.096111,0.096111,0.0,0.096111,0.9038889999999999
171,2569544928058170304082873120455860591460518083182909,23,515,515,0.029765,0.029765,0.0,0.029765,0.970235
171,2690941433828007792933739463035154894668803736090667,23,360,356,0.050848,0.071847,0.071847,0.122695,0.877305
171,2790043200701068932081541267461948287073389647656629,23,317,317,0.072379,0.072379,0.0,0.072379,0.927621
171,2090916108644774601950745809429826244133327238488009,23,444,425,0.041471,0.071862,0.071862,0.11333299999999999,0.886667
171,2565736058589956952109798640055629482853606450052707,23,494,488,0.056079,0.030126,0.030126,0.086205,0.913795
171,2857998842268811336179375833801691573922890863274847,23,686,686,0.044329,0.044329,0.0,0.044329,0.955671
171,2396493466906125285828056384566870470681794130877669,23,441,441,0.039798,0.039798,0.0,0.039798,0.960202
171,2690381636823230507251275613355703537300523990202027,23,567,546,0.046342,0.025951,0.11067400000000001,0.15701600000000002,0.842984
171,2534044398151279155788338071872494168885731333317717,23,517,517,0.033334,0.033334,0.0,0.033334,0.966666
172,4462022261486228276470696903183179974341102550314813,23,589,579,0.03921,0.02266,0.09686,0.13607,0.86393
172,4973934130046512061706003746504778764546358353047069,23,483,469,0.02627,0.012922,0.062542,0.088812,0.911188
172,5648094522288795174255363457633460814882962588225833,23,595,573,0.006894,0.009651,0.09198199999999998,0.09887599999999998,0.901124
172,4726592204009198207872992689944913141786425094656837,23,812,812,0.053969,0.053969,0.0,0.053969,0.946031
172,5594622054792930920033030420069168546546514996297059,23,375,375,0.039818,0.039818,0.0,0.039818,0.960182
172,5195538082333779164457732930160988690944352296084861,23,419,402,0.054912,0.032495,0.205123,0.260035,0.739965
172,4025284698876107182620642633377455297801856255767501,23,452,452,0.028307,0.028307,0.0,0.028307,0.971693
172,4383786029746298282865883459946099335415639923579151,23,540,527,0.062419,0.054367,0.054367,0.116786,0.8832139999999999
172,4240211809755560196715516460800231502364014252588639,23,428,423,0.066205,0.052501,0.052501,0.118706,0.881294
172,5548533853252799042694444930927799861408846535815007,23,419,411,0.028777,0.015871,0.043465000000000004,0.072242,0.927758
172,5437902847130435025801669508069442332314935248409143,23,460,451,0.037204,0.035134,0.054587,0.091791,0.908209
172,4141743792397074660421973109728086317758715931017277,23,427,423,0.020036,0.07659200000000001,0.07659200000000001,0.096628,0.903372
172,4778987191980938572456617933856060465243353739312487,23,499,465,0.020444999999999998,0.010371,0.10922199999999999,0.12966699999999998,0.870333
172,4739381656678028395979571409181320777773237194812847,23,415,399,0.020056,0.063855,0.17646399999999998,0.19651999999999997,0.80348
172,4804326313493129486456115335738865566041096602990667,23,728,728,0.043476,0.043476,0.0,0.043476,0.956524
172,4104752537262135739627532234359506058920546702141581,23,409,409,0.066119,0.066119,0.0,0.066119,0.933881
172,3803744058813253158320678543084926588928670333519661,23,428,428,0.058471,0.058471,0.0,0.058471,0.941529
172,4385465259125919643879994689875257236736934784890611,23,483,478,0.006103,0.014261,0.014261,0.020364,0.979636
172,5279890751954713468197389506413223751577777606451787,23,424,424,0.173043,0.173043,0.0,0.173043,0.8269569999999999
172,4160916851387881458666582220339040710916709604934989,23,458,458,0.025267,0.025267,0.0,0.025267,0.974733
173,10923792501645012754794107569655030715119609536422907,23,415,415,0.025244,0.025244,0.0,0.025244,0.974756
173,10049473751846112538141515321974984014498020571782187,23,361,361,0.132028,0.132028,0.0,0.132028,0.867972
173,11478453237002096953758919917104639903243507350422841,23,640,640,0.025043,0.025043,0.0,0.025043,0.974957
173,10169455292752448241266658515571649753093170083937973,23,376,376,0.029824,0.029824,0.0,0.029824,0.970176
173,11141435091489660417203162826279290403361648348555217,23,404,404,0.05275,0.05275,0.0,0.05275,0.94725
173,11845946756557169576442319415563300804632186316185761,23,359,359,0.069061,0.069061,0.0,0.069061,0.930939
173,6606020196711476677748380921663035663590800650212861,23,496,496,0.030735,0.030735,0.0,0.030735,0.969265
173,9223304994372936325365139311788951438575340466147653,23,358,358,0.028231,0.028231,0.0,0.028231,0.971769
173,9937936138453613172200974798887957858538887333434453,23,453,449,0.005849,0.003646,0.003646,0.009495,0.990505
173,11559606582085509839598371324267429245568074606311239,23,375,372,0.045487,0.02231,0.02231,0.067797,0.932203
173,8567518689055579897923237570331424934191919130124683,23,408,392,0.058424,0.0114,0.033052,0.091476,0.908524
173,7757833041287954123219330741833398980401403365844671,23,521,514,0.021459,0.015904,0.036486000000000005,0.057945,0.942055
173,9316049178944443793561813909420289680048038873209887,23,711,711,0.076391,0.076391,0.0,0.076391,0.923609
173,9928833671075698004690547493411708722996168864524191,23,442,442,0.094187,0.094187,0.0,0.094187,0.905813
173,8082599286688078272326597296230019194455017969460353,23,403,397,0.02314,0.016119,0.016119,0.039259,0.960741
173,11722980560595969629675859144256076147885119391535181,23,573,573,0.058308,0.058308,0.0,0.058308,0.941692
173,9593608908661975634163739787876317382759712663032617,23,807,807,0.012504,0.012504,0.0,0.012504,0.987496
173,7514341258039837561785554369913705517231217351886269,23,514,501,0.048268,0.047859,0.047859,0.09612699999999999,0.903873
173,10788110854762710095666872487306279223201853493970649,23,448,441,0.01387,0.013057,0.013057,0.026927,0.973073
173,10830515307409583755599110009630409242843757129551833,23,435,416,0.090486,0.066895,0.103177,0.193663,0.806337
174,22104611793997230117343176470598753099597657699857767,23,364,364,0.091034,0.091034,0.0,0.091034,0.9089659999999999
174,18763942404536135019296013058405167365237739426352961,23,382,382,0.148,0.148,0.0,0.148,0.852
174,14688504101174039979833028914301622192512344235844163,23,530,530,0.043435,0.043435,0.0,0.043435,0.956565
174,16722058225437982034822488549751786303201587785473951,23,460,460,0.099064,0.099064,0.0,0.099064,0.900936
174,21509336382097775444053571500023183533792843315954141,23,668,668,0.031679,0.031679,0.0,0.031679,0.968321
174,22850977655225044606098189565776865301144522899108753,23,373,373,0.122041,0.122041,0.0,0.122041,0.877959
174,17279223071662642072680635911044372251032271203557523,23,391,391,0.025835,0.025835,0.0,0.025835,0.974165
174,22947441514018658653094720368483897068968757283032113,23,369,362,0.012327,0.006635,0.013869,0.026195999999999997,0.973804
174,18341314976728685056786009125261875389901729222197411,23,524,500,0.014306,0.036843,0.066506,0.080812,0.919188
174,21198313883423610607647845217061584129219727405462807,23,699,693,0.087106,0.005277,0.107855,0.194961,0.8050390000000001
174,12839400785843164820295834351653620428577969094536553,23,545,513,0.066507,0.021584,0.05128099999999999,0.11778799999999999,0.882212
174,23322450000830661268788758752052782250935597472051533,23,357,342,0.029345,0.016883,0.016883,0.046228,0.953772
174,16333148817978325754024309091523862744059567919963111,23,543,543,0.089002,0.089002,0.0,0.089002,0.910998
174,14462970911237542989272454421381604521266425359311389,23,536,536,0.035439,0.035439,0.0,0.035439,0.964561
174,18949560281665792004413178756295887592891979934348561,23,364,364,0.044558,0.044558,0.0,0.044558,0.955442
174,21408407116291656012109167833580671913503017751545967,23,495,495,0.019443,0.019443,0.0,0.019443,0.980557
174,22631651939782172827484157664433587783833485119069961,23,456,456,0.042022,0.042022,0.0,0.042022,0.957978
174,21837034941512546186024799051115680122246295015518093,23,436,436,0.015335,0.015335,0.0,0.015335,0.984665
174,23437804484573336991839150008388329128133779513222523,23,705,705,0.024945,0.024945,0.0,0.024945,0.975055
174,21670228153893009427879223165719671325428625794224927,23,378,378,0.146324,0.146324,0.0,0.146324,0.853676
175,40488067071432624121676494427962676744307992814206389,23,495,495,0.033443,0.033443,0.0,0.033443,0.966557
175,47880832610030432571309186253738451904700554037260907,23,391,391,0.134247,0.134247,0.0,0.134247,0.865753
175,45878748309865752441663931039655772029562012040164497,23,421,418,0.054137,0.038205,0.038205,0.09234200000000001,0.907658
175,44519607957401945468255440685812779498238330725202451,23,714,714,0.022226,0.022226,0.0,0.022226,0.977774
175,38437122674547888080483896869357910936491022366930391,23,566,558,0.030857,0.037911,0.050094,0.080951,0.919049
175,47064113916853618606448841022057749802258231599045617,23,378,374,0.07233300000000001,0.10144,0.10144,0.173773,0.826227
175,38418920847258974395155918878755125806886124993281449,23,530,530,0.029574,0.029574,0.0,0.029574,0.970426
175,29860959886171008880417800461459339604720394693120859,23,525,491,0.0071389999999999995,0.021971,0.20302899999999996,0.21016799999999997,0.7898320000000001
175,47523346294694090590598436816448664799865583071536947,23,397,397,0.024361,0.024361,0.0,0.024361,0.975639
175,40430147177650634814659419575820969943704601075586779,23,488,488,0.045257,0.045257,0.0,0.045257,0.954743
175,30673381581036186694644718658867052922438672540632679,23,377,360,0.009268,0.020337,0.020337,0.029605,0.970395
175,46321511197924674401868707445937064255819847549207181,23,566,552,0.031679,0.009227,0.029726000000000002,0.061405,0.938595
175,40793108447338904457818158698839208728924655609269741,23,496,480,0.032422,0.049496,0.049496,0.08191799999999999,0.9180820000000001
175,47563799216222959471208717042267403920241999763230907,23,392,392,0.054164,0.054164,0.0,0.054164,0.945836
175,44747799795754951639143084884684883018614820083166937,23,423,406,0.014696,0.01014,0.027238,0.041934,0.958066
175,46867320328474189488708379756417548186877640469492347,23,448,448,0.093803,0.093803,0.0,0.093803,0.906197
175,46542356956969036203230698142264416107162071627147053,23,396,396,0.032175,0.032175,0.0,0.032175,0.967825
175,45701878003472651488780363802977956628041054016481659,23,495,495,0.101689,0.101689,0.0,0.101689,0.898311
175,25458726975309530242094669164823103336392162094875803,23,423,423,0.073791,0.073791,0.0,0.073791,0.9262090000000001
175,39959523049873920871877996128842998488581987804339877,23,420,420,0.007403,0.007403,0.0,0.007403,0.992597
176,87990886338847859195592642389102593039937487082558279,24,489,489,0.038988999999999996,0.038988999999999996,0.0,0.038988999999999996,0.9610110000000001
176,92564124955148991262968874807483374435803628161108999,24,934,925,0.017992,0.017486,0.022189,0.040181,0.959819
176,94129007589456961191977269147297543003266132666549953,24,395,395,0.049389,0.049389,0.0,0.049389,0.950611
176,93819484016161644344551753829300322151041926203410181,24,435,435,0.010016,0.010016,0.0,0.010016,0.989984
176,73157616268457907406971375723178615684280166706710493,24,398,398,0.133352,0.133352,0.0,0.133352,0.866648
176,61542774938750705714463225629776244056185970967253653,24,496,486,0.021942,0.037563,0.037563,0.059505,0.940495
176,71800771048867515580859417044203063847762338647077403,24,390,390,0.140952,0.140952,0.0,0.140952,0.859048
176,77258340421405866522724393177859419720883968347782627,24,536,524,0.013436,0.011252,0.061256,0.074692,0.925308
176,89837078281524964039898044063254336032471057480771579,24,709,698,0.012334000000000001,0.003546,0.030247,0.042581,0.957419
176,67631371474217585591492093931057414532556760623695867,24,387,387,0.025173,0.025173,0.0,0.025173,0.974827
176,89832926575159265651841476273066740015357110318540347,24,639,610,0.014653,0.006977,0.08119699999999998,0.09584999999999998,0.90415
176,67118204137332948793553589627698826319196161548428537,24,400,382,0.031001,0.033204,0.07660399999999999,0.10760499999999999,0.892395
176,87774156256777768160436756789989062372701963996758741,24,553,549,0.063438,0.043333,0.043333,0.106771,0.893229
176,70572719969624332011199901351228566052874877227465031,24,467,467,0.007874,0.007874,0.0,0.007874,0.992126
176,86250046064114433343982710398437258754379418231496971,24,405,405,0.040791,0.040791,0.0,0.040791,0.959209
176,87134348646583113354803029928666774546954085244353883,24,368,358,0.03131,0.017042,0.017042,0.048352,0.951648
176,71901633824806274691548687743309648812921855456127637,24,391,391,0.056107,0.056107,0.0,0.056107,0.943893
176,90150270285363435056040734184802693760325360863282387,24,527,509,0.011138,0.019516,0.046335,0.057473,0.942527
176,94046017590480304561168089303295538090394575865219973,24,523,506,0.029861,0.021758,0.03649,0.066351,0.933649
176,64190892782173257959767693618630438907905705925983597,24,432,432,0.055594,0.055594,0.0,0.055594,0.944406
177,119125070369688751792163725903852573808324382853761851,24,514,514,0.033648,0.033648,0.0,0.033648,0.966352
177,182726819299327515165849812245648871121491177942129611,24,527,511,0.020614,0.020963,0.033215,0.053829,0.946171
177,188893960779618570376876195763394634184667143767990939,24,479,479,0.039601,0.039601,0.0,0.039601,0.960399
177,177226234109374423417710011618572758541886871555971773,24,509,509,0.105333,0.105333,0.0,0.105333,0.894667
177,170417219917741538865104682908758540815889415996081587,24,501,478,0.011349,0.03988,0.055898,0.067247,0.9327529999999999
177,184456472780322533717507274449727396706948277959651997,24,726,726,0.032118,0.032118,0.0,0.032118,0.967882
177,172591822599216441031826476355149233765150072380634947,24,451,451,0.023204,0.023204,0.0,0.023204,0.976796
177,160262516696147396603234199689194202325829336961400089,24,439,424,0.01632,0.043494,0.059334,0.075654,0.924346
177,189488332491885140927092409494182632690603024073949519,24,476,457,0.026359,0.007902,0.07481499999999999,0.10117399999999999,0.898826
177,158860589548227817116386228914199311016251079037823631,24,427,426,0.04036,0.022003,0.022003,0.062363,0.937637
177,131023867650554721773986626498755865101732014114852169,24,538,522,0.039668,0.047712,0.11408599999999999,0.153754,0.846246
177,185419546061793924107275707453523293583979540373323441,24,435,427,0.032569,0.082745,0.233743,0.266312,0.733688
177,130739606859025377984032427604557137652684751978400777,24,513,508,0.048583,0.077367,0.077367,0.12595,0.87405
177,148738595022486208740372312134935505218833565972371451,24,439,439,0.08866,0.08866,0.0,0.08866,0.91134
177,167245458534901805246177899856773690854765016929409441,24,602,588,0.009673999999999999,0.007635,0.07784400000000001,0.08751800000000001,0.912482
177,167743233925335463625480222303950384908571933339861327,24,429,429,0.035012,0.035012,0.0,0.035012,0.964988
177,127846725145209783213161083219697857237418143943954471,24,572,572,0.040237,0.040237,0.0,0.040237,0.959763
177,175371321030994867998753692974243811078511522480617843,24,432,432,0.083356,0.083356,0.0,0.083356,0.916644
177,116000582161408742104082789047643826044722595827305757,24,517,508,0.012903,0.01152,0.039554,0.052457,0.947543
177,170372630777230523245695634046185057408362313049454403,24,634,627,0.004367,0.006312,0.010325,0.014692,0.985308
178,326370916554170909248800565447441227366364752100439299,24,363,363,0.049786,0.049786,0.0,0.049786,0.950214
178,351133543531254740082619452808507153835828169762359977,24,363,363,0.009193,0.009193,0.0,0.009193,0.990807
178,336454357966569634923263904170681101591018051550982463,24,507,507,0.144743,0.144743,0.0,0.144743,0.8552569999999999
178,287084766998192650266030523003134421022082997050134521,24,478,478,0.015031,0.015031,0.0,0.015031,0.984969
178,352927538094715815006260624760445835128691040320016481,24,436,436,0.046664,0.046664,0.0,0.046664,0.953336
178,338358782479052619339175922612376094187822886673941721,24,584,584,0.005385,0.005385,0.0,0.005385,0.994615
178,350983244504690877302934108411058885737259142622352279,24,404,404,0.024912,0.024912,0.0,0.024912,0.975088
178,362113241669248116131584645381866273037844314273508653,24,848,837,0.006167,0.002465,0.01914,0.025307,0.974693
178,354699753705738888969549737288396049484417614825528751,24,539,539,0.041998,0.041998,0.0,0.041998,0.958002
178,331690661156431736210765004245137972208022366664402553,24,1003,1000,0.012219,0.020776,0.020776,0.032995,0.967005
178,332675546545853496255458413537230392333963633325833083,24,397,397,0.010659,0.010659,0.0,0.010659,0.989341
178,313703344571742936697405437124510360823965169983069999,24,975,967,0.021488,0.015716,0.015716,0.037204,0.962796
178,380254134293999860410999253285210970240457628198742663,24,456,456,0.026116,0.026116,0.0,0.026116,0.973884
178,360641711799225046890015181472030377655985832139240759,24,615,615,0.074325,0.074325,0.0,0.074325,0.925675
178,263917085618902017901372402907639485241329433989841083,24,528,528,0.066023,0.066023,0.0,0.066023,0.9339770000000001
178,266288106436622503269927529785703488384905659026805291,24,519,474,0.02907,0.034963,0.087961,0.117031,0.882969
178,344304805683409519331394242367711732435948148819916561,24,514,514,0.051207,0.051207,0.0,0.051207,0.948793
178,341709744235492519708940578050014342971004111389339661,24,349,349,0.170617,0.170617,0.0,0.170617,0.829383
178,310967967663884862956076583774857977926596023977520621,24,718,718,0.099525,0.099525,0.0,0.099525,0.900475
178,327279608257895351469611029322246368521417106545791761,24,737,717,0.016983,0.009226,0.025325,0.042308,0.957692
179,558936428874945996924383768356203135254350439671785479,24,379,379,0.189334,0.189334,0.0,0.189334,0.810666
179,674926639517348090731177770827913991101246148882287283,24,1000,992,0.033638,0.008898,0.008898,0.042536000000000004,0.957464
179,520778796933569712475497803976339448328715986002072523,24,580,575,0.017418,0.02863,0.02863,0.046048,0.953952
179,748335037461936801408133793949275373189490397012798993,24,583,583,0.129541,0.129541,0.0,0.129541,0.870459
179,750121838409245984074572114070043722336783466522324083,24,521,521,0.059651,0.059651,0.0,0.059651,0.940349
179,652699193242756150846355283234498871767984936149202997,24,366,366,0.050239,0.050239,0.0,0.050239,0.949761
179,701012462554551393326136469593585664907414625879938377,24,574,556,0.021116,0.118816,0.118816,0.139932,0.860068
179,651811943098199803843122079676572375058573432081265941,24,338,338,0.032779,0.032779,0.0,0.032779,0.967221
179,551025100698026169975841797211316492193395216233257361,24,703,697,0.040959,0.012843,0.012843,0.053802,0.946198
179,568232849243253819024806302642399573345242309126608059,24,478,459,0.05715,0.068107,0.12460600000000001,0.181756,0.818244
179,639820098139219068308973252189078237340004822241496393,24,355,355,0.093514,0.093514,0.0,0.093514,0.906486
179,761792849352011360883518708616350161974544759945523083,24,445,445,0.033379,0.033379,0.0,0.033379,0.966621
179,628942419048318189765862150028221450462352308232102681,24,384,384,0.045645,0.045645,0.0,0.045645,0.954355
179,566889538234990454641052189675936791837860452121325949,24,481,481,0.021996,0.021996,0.0,0.021996,0.978004
179,716452162573779008868293903020235512769764173696217249,24,657,637,0.027352,0.023447,0.048806,0.076158,0.923842
179,621413530195004739611180163225538908969413935549872629,24,930,924,0.014852,0.013766,0.019649,0.034501000000000004,0.965499
179,645609036446719663018922094515491080262538063860555597,24,428,380,0.0276,0.044425,0.153674,0.181274,0.8187260000000001
179,555489032258653592242576233173121867113539610787783833,24,418,418,0.113341,0.113341,0.0,0.113341,0.886659
179,535750173793033032362966709603096420101001099801784643,24,550,550,0.01373,0.01373,0.0,0.01373,0.98627
179,456506540313436296309522192769161449949543126587051023,24,424,424,0.055478,0.055478,0.0,0.055478,0.944522
180,1358996782341013393471064892946133021632416224066738371,24,781,757,0.007334,0.009091,0.058629,0.065963,0.934037
180,1147190830767755812327995081041386320310165753132541849,24,648,648,0.020232,0.020232,0.0,0.020232,0.979768
180,1403925300691032372140940928473865553985310895500181911,24,464,464,0.062149,0.062149,0.0,0.062149,0.937851
180,1495775451737959760457511687274350579183536185139242641,24,434,434,0.030396,0.030396,0.0,0.030396,0.969604
180,1110739563446777289531838627303749633950291508344598743,24,503,503,0.023289,0.023289,0.0,0.023289,0.976711
180,1194024369143971552927889417542591741693717575625673111,24,507,483,0.022261,0.023582,0.095854,0.118115,0.881885
180,1260166637346508034925373413900190230508510171798948477,24,759,759,0.02451,0.02451,0.0,0.02451,0.97549
180,1455316476136829091460607052510092178765985268783561317,24,513,513,0.050271,0.050271,0.0,0.050271,0.949729
180,1309093992710635640836698146159549405123972272927404881,24,496,496,0.021639,0.021639,0.0,0.021639,0.978361
180,1390894799146412153168495467213932724874405876411579611,24,474,474,0.316968,0.316968,0.0,0.316968,0.683032
180,1520134781616046526108129582711299483597548910524846853,24,479,459,0.022454,0.0324,0.16505699999999998,0.18751099999999998,0.812489
180,1505439219343167470373459269572451082957623944381924673,24,436,436,0.10684,0.10684,0.0,0.10684,0.89316
180,1057025848491395991324830754425862907965800790964989169,24,403,403,0.192023,0.192023,0.0,0.192023,0.807977
180,1022335052507123413464678276586097658581994406812064513,24,433,433,0.033024,0.033024,0.0,0.033024,0.9669760000000001
180,986820806071662897465598796288744366007908716888546481,24,788,788,0.058274,0.058274,0.0,0.058274,0.941726
180,1524644692974396926561992448558626212968367576768526879,24,427,417,0.065034,0.030114,0.08799900000000001,0.153033,0.846967
180,1314131625546751137305337304108371769311553500059572603,24,429,429,0.020611,0.020611,0.0,0.020611,0.979389
180,1159287238259464432648787656029088912397674342457115643,24,446,446,0.026818,0.026818,0.0,0.026818,0.973182
180,1475197377405499619513187533655878473208974647166678079,24,436,427,0.014026,0.003195,0.031537,0.045563000000000006,0.954437
180,1092513974848862293580063101113260203144966532297855803,24,591,585,0.023564,0.010308,0.010308,0.033872,0.966128
181,2146755962617820701939724558369889009769651618593397373,24,498,498,0.035406,0.035406,0.0,0.035406,0.964594
181,2072316348390379785942053767435731590279096222618626363,24,505,503,0.031300999999999995,0.005917,0.005917,0.037217999999999994,0.962782
181,2877046995656031836501313697137912148919872998967745519,24,568,561,0.008194,0.006001,0.006001,0.014195,0.985805
181,2880369969123252961817754651476818952571924308651017163,24,482,482,0.021985,0.021985,0.0,0.021985,0.978015
181,2861708897811122498028015229576663189712718130603358513,24,585,580,0.037165,0.030763,0.030763,0.06792799999999999,0.932072
181,2806788267767978306991980520946809467457007629229500787,24,679,679,0.018682,0.018682,0.0,0.018682,0.981318
181,2302747288573481437114058572318921809401333842388506063,24,568,568,0.016896,0.016896,0.0,0.016896,0.983104
181,2533946943181812616782556407056335292416812676112585527,24,436,433,0.01657,0.063469,0.063469,0.080039,0.919961
181,2487771293557144436196457222451407643840343448896262201,24,427,418,0.071522,0.012057,0.101679,0.173201,0.8267990000000001
181,2345607456560758996293272875237597113634991575593930503,24,426,408,0.061809,0.023613,0.023613,0.085422,0.914578
181,2451877345078985122707203168343312742955044811033249477,24,515,515,0.019118,0.019118,0.0,0.019118,0.980882
181,2340974696399471038404420962322551749504771560040272007,24,536,536,0.041831,0.041831,0.0,0.041831,0.958169
181,2477342015750519040996010692078739219032174672206011307,24,580,580,0.071156,0.071156,0.0,0.071156,0.928844
181,2296086844355268411990274677061153842585626962159704019,24,428,428,0.083476,0.083476,0.0,0.083476,0.916524
181,2857327712261479603462914395058626994702465220337337739,24,597,571,0.005125,0.020955,0.063571,0.06869600000000001,0.931304
181,1869241629214427269662931336533353684013970622159921317,24,527,526,0.040754,0.035186,0.035186,0.07594000000000001,0.92406
181,2136463886038630304242691639030926383783507376355925571,24,424,424,0.04819,0.04819,0.0,0.04819,0.95181
181,2877127110897588495873508614076070239692397854333669421,24,886,868,0.011418,0.01151,0.038859,0.050276999999999995,0.949723
181,2391506213382517426158791151215598942262031718622544827,24,538,495,0.034113,0.020495,0.057013999999999995,0.09112699999999999,0.908873
181,2948841039361971531410668839665611640358315799683010259,24,559,559,0.026691,0.026691,0.0,0.026691,0.973309
182,4191292476346020518783656275665657989599723159847851667,24,581,560,0.013386,0.056048,0.126255,0.13964100000000002,0.860359
182,4368915889305698991841916329930420223695538711679696073,24,425,404,0.031566,0.027083,0.051531,0.083097,0.916903
182,4603173397210774045412589779080265237568427782430487923,24,624,624,0.025274,0.025274,0.0,0.025274,0.974726
182,4412747380103085417736789338590629677444833420942921431,24,640,640,0.025331,0.025331,0.0,0.025331,0.974669
182,5274862496484527199284351082466041501734256417850671079,24,353,353,0.072817,0.072817,0.0,0.072817,0.927183
182,4800792925814278444401434125143406347751419932688595051,24,418,407,0.017735,0.019206,0.033174,0.050909,0.949091
182,3653812005152759308354861844496272098804036966408036451,24,539,531,0.026016,0.058899,0.058899,0.084915,0.915085
182,4646737653138437262079866979167515682324029521366613887,24,632,632,0.045129,0.045129,0.0,0.045129,0.954871
182,5244063665198047536361296769370401123699361439281027921,24,406,403,0.018065,0.086772,0.086772,0.104837,0.895163
182,5043512217423355819857280369022042682912863299358815427,24,588,588,0.047009,0.047009,0.0,0.047009,0.952991
182,5381424364337562423689277556082862960704173067855407963,24,416,413,0.086829,0.034499,0.034499,0.121328,0.878672
182,5605622646710231703717995108618170373087268192211651819,24,486,451,0.004647,0.024041,0.17968900000000002,0.18433600000000003,0.815664
182,5372876402521245557172885073810823234220306537484862171,24,555,530,0.01361,0.01354,0.13438000000000003,0.14799000000000004,0.8520099999999999
182,5193787393634226710856637245122360855837884143711668923,24,430,426,0.015718,0.039211,0.044427,0.060145000000000004,0.939855
182,4901526449801380100603842024908873735304969564340783837,24,576,546,0.066142,0.002634,0.17846399999999993,0.24460599999999993,0.7553940000000001
182,6116842254080121661991651815972543754648149039661461711,24,552,543,0.07596,0.036305,0.050596999999999996,0.126557,0.873443
182,4848300292233620118117558303318082764588214458439723993,24,716,703,0.010646,0.018786,0.06645,0.077096,0.922904
182,5455870824923288995533498136798277725990387457579154641,24,392,392,0.009005,0.009005,0.0,0.009005,0.990995
182,3785938512649873423258671464276287016184708730225383793,24,424,412,0.047779,0.105865,0.15462,0.202399,0.797601
182,4491160981645514588938837869554023508980963008773065231,24,596,596,0.016126,0.016126,0.0,0.016126,0.983874
183,9166723778901347230936039451531749253767512951187044911,24,358,358,0.105341,0.105341,0.0,0.105341,0.894659
183,10455930224123599063565031820487918262028421842464564737,24,976,976,0.047288,0.047288,0.0,0.047288,0.952712
183,7427674099806058459503172382903188275128363209564310927,24,365,365,0.066899,0.066899,0.0,0.066899,0.933101
183,10617285421144533269412481609230267820807269357289585027,24,495,495,0.029311,0.029311,0.0,0.029311,0.970689
183,11010471763583359046491348791311818146317648218012267883,24,592,591,0.007084,0.016512,0.016512,0.023596,0.976404
183,10332376251302120495254834326196282275734767686242549761,24,391,371,0.023226,0.011369,0.17547,0.19869599999999998,0.801304
183,11749977713551691032971054523891664935137255323436579743,24,635,635,0.069386,0.069386,0.0,0.069386,0.930614
183,10038010870002094481651798134300472801725442018653785307,24,522,486,0.015655,0.025054,0.208238,0.223893,0.776107
183,10982511715433447835689163250582120464921150302579077343,24,407,407,0.047657,0.047657,0.0,0.047657,0.952343
183,8953983959087052116701047035345005923200525137226524679,24,574,543,0.020107,0.040067,0.10145599999999999,0.12156299999999999,0.878437
183,8876846022270762570247578740470934525848460110861548643,24,716,706,0.064866,0.040239,0.040239,0.10510499999999999,0.894895
183,7272641689296160343480501161670052491504793391277318831,24,468,468,0.058308,0.058308,0.0,0.058308,0.941692
183,12244318449419593826201370835952825834440723200097525199,24,587,585,0.018463,0.015425,0.015425,0.033888,0.966112
183,11599990885992088420849467859622548958581504884697039151,24,534,523,0.003627,0.013771,0.05181399999999999,0.05544099999999999,0.944559
183,7605813317180000005669607627882043830747996242518578099,24,601,601,0.017779,0.017779,0.0,0.017779,0.982221
183,12182702859135303445823465643541896884548888148712896953,24,386,386,0.020841,0.020841,0.0,0.020841,0.979159
183,9709983608535670096749131929304035374023228870737229987,24,528,516,0.012285,0.049363,0.049363,0.061647999999999994,0.938352
183,10464773632474194098893561476862794550508738502141675107,24,606,606,0.011525,0.011525,0.0,0.011525,0.988475
183,9586059037733377655369346899873870070324449037164235107,24,359,359,0.049232,0.049232,0.0,0.049232,0.9507680000000001
183,9699446562764165401251791317533912674237385429964214831,24,440,433,0.028472,0.014307,0.038593999999999996,0.067066,0.932934
184,18626849292167387044123969723309390925329349903285206507,24,405,383,0.013244,0.032988,0.102293,0.115537,0.884463
184,18804282751054831530309800753579061511332519271103678431,24,554,554,0.025812,0.025812,0.0,0.025812,0.974188
184,18252028929067861875789984563223162861221576906848127717,24,664,664,0.008496,0.008496,0.0,0.008496,0.991504
184,24181446627067838775417564967666980419690582548365581197,24,507,507,0.022727999999999998,0.022727999999999998,0.0,0.022727999999999998,0.977272
184,23005878760564119588403003965951554728473230184759392953,24,637,605,0.020319,0.002814,0.088083,0.108402,0.891598
184,23936510072986768214421716184424106299398221539866239897,24,504,500,0.040186,0.015514,0.015514,0.0557,0.9443
184,16234034926709714462589794505359125056267838558020716281,24,674,664,0.011048,0.020275,0.020275,0.031323000000000004,0.968677
184,23428690111692592128116212619775791367144015582938967239,24,463,456,0.094399,0.062121,0.088399,0.18279800000000002,0.817202
184,18912759825437398136803515023873579742325104166174841671,24,487,487,0.022009,0.022009,0.0,0.022009,0.977991
184,19927044154018425176840956388997557677674288593187597089,24,444,444,0.010801,0.010801,0.0,0.010801,0.989199
184,19536799308159701904048108852677303754701680967104128127,24,467,451,0.017129,0.029044,0.04528,0.062409,0.937591
184,19071823677149723706403511825275713145306081300414131937,24,611,608,0.005523,0.009814,0.009814,0.015337,0.984663
184,20612269609108741202241460271673864594887702871452882101,24,472,461,0.026792,0.018744,0.054671000000000004,0.08146300000000001,0.9185369999999999
184,18920239559229041789878510751170285007946834591953601329,24,707,689,0.035567,0.003401,0.085685,0.121252,0.878748
184,22611644979880324889689047625329907958432993333469481211,24,423,423,0.031397,0.031397,0.0,0.031397,0.968603
184,22464664451229199112637114050957084764371480284978460343,24,438,427,0.009509,0.014201,0.019874,0.029383,0.970617
184,20229563940142821382398535762812188204560973744420706551,24,554,554,0.025371,0.025371,0.0,0.025371,0.974629
184,14302906747822375527736225805395822106070407268478927343,24,463,463,0.017142,0.017142,0.0,0.017142,0.982858
184,22648934796018516144639607669733048190885481628018590453,24,502,495,0.019095,0.011083,0.011083,0.030178000000000003,0.969822
184,15697907949934382447029781871211500370846936672724531567,24,482,463,0.008841,0.015874,0.091154,0.099995,0.9000049999999999
185,39302817494925418904731805103331681348585472258348444957,25,627,624,0.033981,0.046229,0.046229,0.08021,0.91979
185,39163563717688705635413025356219451066821712937228964227,25,522,519,0.028158000000000002,0.007953,0.012348999999999999,0.040507,0.959493
185,43686826810459062412827238710551696728616518667617692019,25,620,600,0.006275,0.003906,0.04993800000000001,0.05621300000000001,0.9437869999999999
185,44530085274113978279620207534979690950635532686975502813,25,358,358,0.117145,0.117145,0.0,0.117145,0.882855
185,43570715964626102904381136448155751424171061828655209841,25,511,503,0.017651,0.046707,0.046707,0.064358,0.935642
185,42847627148824300921093636376913601640563740728623558181,25,766,764,0.009729,0.006855,0.006855,0.016584,0.983416
185,32083703321789764487338768250718421793945445188847533027,24,724,709,0.036705,0.030887,0.048226000000000005,0.084931,0.915069
185,33014805666036752589259540494640708288963751747621341763,25,580,580,0.020039,0.020039,0.0,0.020039,0.979961
185,41464335276070540341399584119313180727925975932568415057,25,443,411,0.014195999999999999,0.007681,0.05881,0.073006,0.926994
185,33861582902426483337301296118131448522568614203251711863,25,482,476,0.026481,0.034679,0.067379,0.09386,0.90614
185,46071639138339644800558097284225066199315293701982806079,25,869,869,0.017765,0.017765,0.0,0.017765,0.982235
185,37936033159136473000212002322269943296231496368568922549,25,391,391,0.019136,0.019136,0.0,0.019136,0.980864
185,48350569892826986379872186809679223015058022521047573871,25,531,531,0.07903600000000001,0.07903600000000001,0.0,0.07903600000000001,0.920964
185,41198097084082663709570476103319690345818375254249026263,25,455,455,0.006197,0.006197,0.0,0.006197,0.993803
185,45101352016751018053319721236302099399595057715497241929,25,497,471,0.015040999999999999,0.010597,0.03511,0.050151,0.9498489999999999
185,42065769993861888778368368385451592776021006938027669583,25,914,914,0.033828,0.033828,0.0,0.033828,0.966172
185,41907847300045853777854516119774591215451371041706482459,25,656,656,0.030166,0.030166,0.0,0.030166,0.969834
185,48828218167552081470122749610887068068091405463826001571,25,429,429,0.037292,0.037292,0.0,0.037292,0.962708
185,41321776714362126833330727735907708762522999908493584631,25,507,500,0.031932,0.008229,0.008229,0.040161,0.959839
185,45383217518804476499152706989070758316114620859553366943,25,365,365,0.041549,0.041549,0.0,0.041549,0.9584509999999999
186,91860233843352511299828307727646362358888480420031170413,25,666,666,0.055431,0.055431,0.0,0.055431,0.944569
186,80310109483483183267313583353855043236387938949945913511,25,366,366,0.087514,0.087514,0.0,0.087514,0.912486
186,80341684383462084364790814145428006802552449749708478169,25,644,644,0.010807,0.010807,0.0,0.010807,0.989193
186,94274586636737974618847930138230885567012445571032348059,25,563,562,0.012621,0.025726,0.025726,0.038347,0.961653
186,85286064753422311838018802719562606418460845712040300179,25,456,456,0.088441,0.088441,0.0,0.088441,0.911559
186,95824663807095715873047831217240459086791279500036727837,25,557,557,0.031519,0.031519,0.0,0.031519,0.968481
186,80600641280005619173439191411717632606164953443740925413,25,666,666,0.007862,0.007862,0.0,0.007862,0.992138
186,53363439485857552435882838625033101776848292903405327631,25,486,486,0.018976,0.018976,0.0,0.018976,0.981024
186,84360977267528679389916660229858829202359730331725108419,25,608,578,0.019376,0.043391,0.043391,0.062767,0.937233
186,79840201135431317961751024566665709261061070004618876607,25,415,399,0.017217,0.039749,0.039749,0.056966,0.943034
186,86866046861802039662583542752660385034769683216166980061,25,705,705,0.021436,0.021436,0.0,0.021436,0.978564
186,86323619254797487920466332795791126216445907418620989923,25,549,527,0.012921,0.002426,0.029141000000000004,0.042062,0.957938
186,96229941655765770007029825039522376331365113196946498957,25,456,456,0.013689,0.013689,0.0,0.013689,0.986311
186,68612351526722038739277226442469049931568086799744053797,25,516,483,0.02505,0.022728,0.12911700000000004,0.15416700000000003,0.845833
186,68105415306841011876975324285506148265126787018204059721,25,698,698,0.026912,0.026912,0.0,0.026912,0.973088
186,82153452353776642549718572430278706898613500637862573111,25,591,591,0.046531,0.046531,0.0,0.046531,0.953469
186,58260742770043455753114412466166256900662844348827175237,25,675,669,0.012138,0.016514,0.016514,0.028652,0.971348
186,92398084669964916514251013016603556504210733394779182767,25,387,362,0.006834,0.053793,0.212419,0.219253,0.780747
186,85070111672001330371958789558357340118850688442337853217,25,418,418,0.024509,0.024509,0.0,0.024509,0.975491
186,77006883355586853676151730714225091231991247740864640619,25,452,452,0.035289,0.035289,0.0,0.035289,0.964711
187,185702567469454758545522669141358609758902348939813864093,25,552,552,0.035237,0.035237,0.0,0.035237,0.964763
187,179941892859217785606681885687143742888315889414346363689,25,1050,1050,0.010564,0.010564,0.0,0.010564,0.989436
187,181526373319561920706249179904543072763946711556143801553,25,556,556,0.077135,0.077135,0.0,0.077135,0.922865
187,167429568427479950155810682841163388259872915659211758439,25,440,428,0.014418,0.021818,0.021818,0.036236000000000004,0.963764
187,186979504018673334316662054121094588580490052795915527519,25,598,594,0.036516,0.009487,0.009487,0.046003,0.953997
187,145169698815553753950995436308896640554249031871232995529,25,616,616,0.009186,0.009186,0.0,0.009186,0.990814
187,189461310023527313299690027067741970827568893636258377063,25,791,791,0.005828,0.005828,0.0,0.005828,0.9941720000000001
187,195549547224884539368396804380565596304971046728434683161,25,445,439,0.029579,0.019715,0.019715,0.049294000000000004,0.950706
187,178245846474078559274688392189915797290638577194576694293,25,467,467,0.053471,0.053471,0.0,0.053471,0.946529
187,140252436907018775044357018689165543420042260373871440727,25,544,532,0.008718,0.017789,0.079782,0.08850000000000001,0.9115
187,192105990641511042361486580149859043063803753731838318981,25,861,825,0.034917,0.020681,0.148324,0.18324100000000001,0.816759
187,178454889426021172984526500874394848133697897783899319511,25,1017,996,0.08934299999999999,0.022508,0.034943,0.124286,0.875714
187,147793902755095806954444489354226029687835800736294743133,25,654,654,0.061526,0.061526,0.0,0.061526,0.938474
187,181066564675332279473924972484406057203667755771628163519,25,433,427,0.022696,0.020441,0.020441,0.043137,0.956863
187,168818801318777087057170297997195516793375607488939767557,25,507,472,0.024350999999999998,0.008245,0.057315000000000005,0.081666,0.918334
187,163084686989748233415040348211861253938756903626114968719,25,430,430,0.009461,0.009461,0.0,0.009461,0.990539
187,188075731576689556162612507442726713223245640460883288489,25,608,600,0.024657,0.027066,0.061592,0.08624899999999999,0.913751
187,132226185708852638537764772743714220747210366978910886177,25,497,492,0.006659,0.023887,0.034456,0.041115,0.958885
187,194698576701919400115040833966319106090888842928840082833,25,487,487,0.017657,0.017657,0.0,0.017657,0.982343
187,125253423035716542158322394161648453041038946552062725559,25,507,507,0.015842,0.015842,0.0,0.015842,0.984158
188,314224750521702231589078779205748577487125730214151848227,25,477,477,0.072164,0.072164,0.0,0.072164,0.927836
188,214725867801677657763150716044378228025925022271604157093,25,381,381,0.016317,0.016317,0.0,0.016317,0.983683
188,337786569927761505444410838242068306234426938889367376089,25,438,438,0.139822,0.139822,0.0,0.139822,0.860178
188,360223106477640603715939086025088234494108141240755800321,25,461,461,0.011386,0.011386,0.0,0.011386,0.988614
188,374124987525817520307508964115960865602386918837898179827,25,671,671,0.07712,0.07712,0.0,0.07712,0.92288
188,361989780913006793919620222968747185160737595989089084909,25,463,454,0.012288,0.003672,0.046324,0.058612,0.941388
188,317559581118592945343728270732523067627215982144611637637,25,424,409,0.022172,0.031829,0.045517,0.067689,0.932311
188,379999621526733814982174866558604085395375086537465979591,25,411,411,0.009734,0.009734,0.0,0.009734,0.990266
188,366021560344730588643709636731405132352498915207181378779,25,433,433,0.101084,0.101084,0.0,0.101084,0.898916
188,387944003533460640819952009732254475678414088984486177033,25,657,657,0.010077,0.010077,0.0,0.010077,0.989923
188,374845489005902740783352118914562105030081362850475258007,25,684,681,0.00961,0.026794,0.026794,0.036404,0.963596
188,386515816923087548415772467909907858268131406963172669599,25,549,548,0.08211099999999999,0.013321,0.013321,0.09543199999999999,0.904568
188,221106737983069547058303874626625601611876932304469714993,25,470,470,0.037643,0.037643,0.0,0.037643,0.962357
188,240210128646608330322236250926839186745574038027417949109,25,557,555,0.055627,0.008495,0.008495,0.064122,0.935878
188,318351913440867881282887107239336403432896585513539162139,25,495,473,0.023274,0.015551,0.037321,0.060594999999999996,0.939405
188,378635620380227758123177463104203120047480633879439638329,25,474,474,0.0314,0.0314,0.0,0.0314,0.9686
188,319199732197973078769687558220972231917492453889455575179,25,475,475,0.052441,0.052441,0.0,0.052441,0.947559
188,381980473612089531334196860824416470009021634012423067737,25,457,457,0.016403,0.016403,0.0,0.016403,0.983597
188,256586033541357135375485125099595006467144223152458416503,25,378,378,0.073844,0.073844,0.0,0.073844,0.926156
188,353636550421510722509208696720104070107782240230147107101,25,526,526,0.030463,0.030463,0.0,0.030463,0.969537
189,408589902288642681578344276763041902416284671692080986377,25,440,407,0.006187,0.019061,0.09035299999999999,0.09653999999999999,0.90346
189,646628678273258141372517202145221034603557799378124614201,25,559,559,0.002952,0.002952,0.0,0.002952,0.997048
189,592635606571861287284224295593110454631652264655249578353,25,530,528,0.006973,0.004562,0.004562,0.011535,0.988465
189,650208432524537748605744087782608274999617116493579199513,25,627,618,0.015113999999999999,0.011403,0.019054,0.034168000000000004,0.965832
189,599419609079700662276957964472775050611343385405910300163,25,797,783,0.008607,0.004746,0.037231999999999994,0.04583899999999999,0.954161
189,591139658903332237066666950704418695507871569867166356959,25,517,517,0.020386,0.020386,0.0,0.020386,0.979614
189,759303095841708533868206131077305245572712516145789616107,25,440,440,0.051065,0.051065,0.0,0.051065,0.948935
189,723374087894581884780114042666006439305170047096296570421,25,441,420,0.004727,0.019242,0.038661,0.043388,0.956612
189,642089268364349919722039425710377324200681378773618660631,25,544,544,0.009235,0.009235,0.0,0.009235,0.990765
189,493458509028245692711455247191997853201057771326056542803,25,816,801,0.066256,0.027935,0.027935,0.094191,0.905809
189,775267771444101410063934578993845769575953505357992661799,25,822,822,0.054353,0.054353,0.0,0.054353,0.945647
189,525214235994067347101638348805237964788334546789415420243,25,655,648,0.003867,0.003438,0.003438,0.007305000000000001,0.992695
189,510228484199873332122049098813102378921923672052464278333,25,443,443,0.053952,0.053952,0.0,0.053952,0.946048
189,630121824338129668949919059009823882545840337934822277567,25,715,699,0.036278,0.010166,0.06103,0.097308,0.902692
189,755634779781799121353112557954459602771587484582257255551,25,411,411,0.006747,0.006747,0.0,0.006747,0.993253
189,612172740703460905652990412541931502012476806243188854431,25,635,629,0.014294,0.00761,0.04044,0.054734,0.945266
189,530704707601162495384297467780173501132805319654798984003,25,458,433,0.023556,0.014424,0.043597000000000004,0.067153,0.932847
189,756916004872319657418986856461653189263814971681663763573,25,577,572,0.058008,0.038144,0.038144,0.09615199999999999,0.903848
189,490921607897052107753246264180398217237973784027521089099,25,450,445,0.008999,0.021566,0.041083999999999996,0.050082999999999996,0.949917
189,767702133245506513310164240704062695141079949461903447479,25,508,499,0.026659,0.006245,0.021974,0.048632999999999996,0.951367
190,1107697980005560535935691181882881481298971577503883545431,25,513,511,0.041877,0.018825,0.018825,0.060702,0.939298
190,1447718595714448727207173851527167403200700108585820235931,25,401,401,0.078394,0.078394,0.0,0.078394,0.921606
190,1067595819970828694093593212927706218036137678171084438953,25,506,479,0.01823,0.022414,0.12818199999999996,0.14641199999999996,0.853588
190,1236956916814563958009976698763228455869309463346857145209,25,444,424,0.012684,0.013283,0.136833,0.149517,0.850483
190,1303595662239872394152630143462469139534875953977955173719,25,959,953,0.030274000000000002,0.01496,0.031731,0.062005000000000005,0.937995
190,1436728764183159269584547372484560757421757510937607299719,25,426,426,0.073746,0.073746,0.0,0.073746,0.926254
190,1358738873900145804437909196195927584579190583894624729549,25,522,518,0.045784,0.016556,0.016556,0.06234,0.93766
190,1309414713325066973570726305039978280113478833538624990717,25,689,689,0.005308,0.005308,0.0,0.005308,0.994692
190,1119233946195882068749589393936438955574244336504433599743,25,534,534,0.084391,0.084391,0.0,0.084391,0.915609
190,1391390333131732070825024754648255205953706845753859235761,25,876,876,0.031689,0.031689,0.0,0.031689,0.968311
190,1219405195991088602219964475590713847204090579216876133247,25,688,688,0.018323,0.018323,0.0,0.018323,0.981677
190,1285952433782265124699401960911465263241667818151785942989,25,502,469,0.045018,0.016361,0.139765,0.184783,0.815217
190,936281692826227408663886118472398327211075139996831483807,25,467,460,0.055296,0.010462,0.010462,0.065758,0.934242
190,1495152348884655255748854019985088902044523205603769307549,25,506,506,0.046051,0.046051,0.0,0.046051,0.953949
190,1543054376408543181151756345226381442258117792563593031941,25,481,481,0.02291,0.02291,0.0,0.02291,0.97709
190,1197900039859831281860297786593556759105357856705065296097,25,369,369,0.1335,0.1335,0.0,0.1335,0.8665
190,1325762643789188253480076014106355323863094856768820242033,25,414,414,0.119941,0.119941,0.0,0.119941,0.880059
190,1549503894836788136271053205345052692884272523599834807513,25,515,513,0.033076,0.044732,0.044732,0.077808,0.922192
190,1371820001327266974371651800423316814650750283162857664521,25,384,384,0.069669,0.069669,0.0,0.069669,0.930331
190,1319759631078608755615705806993244756656084597458744780879,25,521,500,0.017035,0.011531,0.064535,0.08157,0.91843
191,2180877054471620294689724695606846212849552332318992940407,25,497,497,0.047332,0.047332,0.0,0.047332,0.952668
191,1606385381360148813307516689773707722363849418834436678389,25,418,418,0.02484,0.02484,0.0,0.02484,0.97516
191,2738991831553984659353836548560279154535043688289688027603,25,465,458,0.012777,0.012422,0.018083000000000002,0.030860000000000002,0.96914
191,2021640631374636353782008830324840969777513038468864748759,25,652,648,0.015183,0.014914,0.014914,0.030097,0.969903
191,2105598972222103150968007207241144213000505023620025661667,25,422,422,0.028242,0.028242,0.0,0.028242,0.971758
191,2954552227750152336095183292848417913001395070298811029879,25,615,609,0.024676,0.00257,0.00257,0.027246,0.972754
191,2604823021534871940153658516882468145972589783978202484923,25,499,499,0.039109,0.039109,0.0,0.039109,0.960891
191,2697799617327879157081712621189446951709202892838110789249,25,1093,1093,0.043318,0.043318,0.0,0.043318,0.956682
191,2749750578464362511041140809468842163052814508247072125809,25,709,702,0.005211,0.018765,0.018765,0.023976,0.976024
191,2810254725646498720414994000029322939731083303115400227283,25,624,595,0.013715999999999999,0.010551,0.07030800000000001,0.08402400000000002,0.915976
191,2919723125927389511356972449231841889026550065177689782341,25,632,606,0.04757599999999999,0.015009,0.13307399999999997,0.18064999999999998,0.81935
191,2384759410471810319375657922573509817577252181814221416381,25,543,543,0.068689,0.068689,0.0,0.068689,0.931311
191,2870902859138464144898136609805487079043674281379484515257,25,565,564,0.015603,0.007622,0.007622,0.023225000000000003,0.976775
191,2531428612228677358426023750691561085464553004835817283823,25,685,685,0.025413,0.025413,0.0,0.025413,0.974587
191,2569199376454128229458263634674647272803671413063904093681,25,483,469,0.022237,0.015873,0.032956,0.055193,0.944807
191,2077139403037075257284520813457747381680630617898050789129,25,582,582,0.017075,0.017075,0.0,0.017075,0.982925
191,2599527300982831600647840629042688948539972657946504879419,25,743,739,0.014307,0.005028,0.005028,0.019335,0.980665
191,2939945259852704861237884063321703407639606324099970984489,25,520,520,0.080565,0.080565,0.0,0.080565,0.919435
191,2806787067261975292631801717103764100516337005958274854877,25,907,904,0.012892,0.006179,0.020085,0.032977,0.967023
191,3102854422286895681399386946361481173908793767638701190957,25,535,535,0.060194,0.060194,0.0,0.060194,0.939806
192,6053136549975215707114861824618604186550967571524618556511,25,587,574,0.037448,0.044127,0.072711,0.110159,0.889841
192,5772223899679240100865858833866067485733365743633882768503,25,429,417,0.013293,0.044684,0.117173,0.130466,0.869534
192,4939008137476552065240184537828644764133517214756158762829,25,496,490,0.020383,0.028056,0.066221,0.086604,0.913396
192,6212435194276394115763543059243494938563033646586224859629,25,574,559,0.022890999999999998,0.021311,0.056249,0.07914,0.92086
192,3874204338182140753502701838530384426297759523506113427483,25,628,628,0.037545,0.037545,0.0,0.037545,0.962455
192,3347208880492337566130653746802735549578109517894379499733,25,785,784,0.036423,0.008851,0.008851,0.045273999999999995,0.954726
192,4306083721119286908591380042584606571729048503575164227711,25,507,496,0.019731,0.022035,0.06271199999999999,0.08244299999999999,0.917557
192,5163763031624406920207830805702663059843081289928205028959,25,626,626,0.033552,0.033552,0.0,0.033552,0.966448
192,6130364660359904866071451106195076205876004972250032444803,25,494,494,0.0071,0.0071,0.0,0.0071,0.9929
192,6254696907579855069014156880599952401895926775151729298633,25,580,580,0.029998,0.029998,0.0,0.029998,0.970002
192,4873661477686905481674696353544486097679453418713697857441,25,1093,1093,0.032026,0.032026,0.0,0.032026,0.967974
192,5412175546964427994074789034451167835889491793324688758467,25,799,789,0.009561,0.013742,0.021622000000000002,0.031183000000000002,0.968817
192,5910884209390437413999109263981667425861292837036749005609,25,578,576,0.028104,0.021368,0.021368,0.049472,0.950528
192,4621285287029859947459316813570982113322073918209718266019,25,559,559,0.067136,0.067136,0.0,0.067136,0.932864
192,5696283951894185144007889520249234417647198158940715431933,25,440,440,0.022453,0.022453,0.0,0.022453,0.9775469999999999
192,3683958575511235413756595798246241035800834295791075521963,25,463,463,0.045134,0.045134,0.0,0.045134,0.954866
192,4468006165118885684913086683109597497945491118316503789123,25,1043,1002,0.018324,0.012832,0.15309700000000004,0.17142100000000005,0.828579
192,5488497809815368048793079212529624026388526869419621039691,25,562,550,0.017754,0.006574,0.114128,0.131882,0.868118
192,5659542164522658766094858453465847140623734081033257305487,25,457,457,0.015122,0.015122,0.0,0.015122,0.984878
192,6149807903410653285967321465976396749348286539647506887699,25,638,635,0.030965,0.033746,0.033746,0.06471099999999999,0.935289
193,9905013207931875527529191960135739218017812814063208578531,25,663,629,0.02683,0.014984,0.11368299999999999,0.140513,0.859487
193,10100483858506872648422975068896319443064533148276380832169,25,694,674,0.013799,0.026323,0.078031,0.09183000000000001,0.90817
193,11663540999446197162723452607497563376895758675776898312369,25,546,534,0.041247,0.086807,0.111859,0.153106,0.846894
193,10897749645060145624874358483865606849691424744321528304937,25,565,562,0.0176,0.004331,0.008764000000000001,0.026364000000000002,0.973636
193,10565624405515099844116517970763527091130891790570283157137,25,488,488,0.076396,0.076396,0.0,0.076396,0.923604
193,12070921450587575263287627747872390786879378063838490617043,25,697,697,0.031849,0.031849,0.0,0.031849,0.968151
193,9664634974777947645604027278555623329607100282762834013441,25,509,509,0.018051,0.018051,0.0,0.018051,0.981949
193,12322960193874180073992358693327396906594292112230707610489,25,648,614,0.004592,0.004639,0.062948,0.06754,0.93246
193,8099708654360452993215966572101668396566826381629301683063,25,608,570,0.032293999999999996,0.027936,0.18265800000000001,0.214952,0.785048
193,11214351833369361189026414622248506634769198922661651441293,25,527,527,0.025376,0.025376,0.0,0.025376,0.974624
193,9128073803947130372484141505624445498586637123573747380151,25,441,441,0.028906,0.028906,0.0,0.028906,0.971094
193,11312813665303613237304198878301422628970319071234047845347,25,719,700,0.005342,0.003777,0.008636,0.013978,0.986022
193,11023902979621732752907862575267849055507922142544485438789,25,571,562,0.005358,0.010189,0.025332,0.030690000000000002,0.96931
193,11262927042730954176015822824963334235937052626560568007419,25,567,567,0.008521,0.008521,0.0,0.008521,0.991479
193,10857095320997612707420637232964945337144528989105797131153,25,816,816,0.029648,0.029648,0.0,0.029648,0.970352
193,10494271519339392909894195833014476236187539413566084429379,25,584,584,0.013889,0.013889,0.0,0.013889,0.986111
193,12278064626184964589595523842860542425676931971855436832259,25,610,610,0.017246,0.017246,0.0,0.017246,0.982754
193,8482872608322654051369609585269639790901351219221511846733,25,497,497,0.025895,0.025895,0.0,0.025895,0.974105
193,7306887098618586073076594877395470343989113832174839245017,25,574,555,0.020703,0.017643,0.017643,0.038346,0.961654
193,12409265929614063311478379725438459124196359168832063103151,25,479,478,0.083264,0.071263,0.071263,0.15452700000000003,0.8454729999999999
194,20683260459467499029277828805303888053838228828420773810227,25,676,674,0.007572,0.008888,0.008888,0.01646,0.98354
194,21350469721329597074134362589876985354717072338210358108849,26,398,398,0.056155,0.056155,0.0,0.056155,0.943845
194,18942954816325570836124528681131878336599202626159580306777,25,469,463,0.025792,0.024453,0.046194,0.071986,0.928014
194,24458941949583565962792372221933150989311549041638920536113,26,689,675,0.025659,0.009252,0.074559,0.100218,0.899782
194,21076672769905977070352813226874932564034530295953191284753,25,535,535,0.008667,0.008667,0.0,0.008667,0.991333
194,22249362777783306049117932825890593656249535237757916625729,26,442,418,0.034711,0.025952,0.046661,0.081372,0.918628
194,23203422452949787679074210878498136594954609999835899906157,26,610,603,0.021646,0.018599,0.028793,0.050439,0.949561
194,20868115815896194713106525621357671273079634596135616425361,25,625,619,0.023942,0.040667,0.062081,0.086023,0.913977
194,23192686299066524320738010687390362447126038875074169556253,26,613,605,0.010728,0.008084,0.039259999999999996,0.049988,0.950012
194,22340054129412896419322214973520037370083718012993281910367,26,418,418,0.006891,0.006891,0.0,0.006891,0.993109
194,23181673086820734631906360554899103585708564817833096064921,26,1289,1289,0.025714,0.025714,0.0,0.025714,0.974286
194,24582599091151675799091021479482934414662039688624223437687,26,426,426,0.011421,0.011421,0.0,0.011421,0.988579
194,25065435242975997360701202808292864499688676903327335870541,26,495,495,0.017186,0.017186,0.0,0.017186,0.982814
194,18390454080376419958677765335623388001794346466558675435283,25,548,544,0.020616,0.010891,0.010891,0.031507,0.968493
194,22922786508061659363842923473806512470282966011733435851431,26,1073,1042,0.001189,0.002042,0.005663,0.006852,0.993148
194,17061387184720152302891304554226083544383293835520188213651,25,467,443,0.09063700000000001,0.010192,0.16154499999999997,0.25218199999999996,0.7478180000000001
194,18618516616598255372519874377476542080222536021373325270311,25,464,464,0.149639,0.149639,0.0,0.149639,0.850361
194,21282237135538130116514856262480953933294724963389201954481,26,554,551,0.013856,0.019789,0.019789,0.033645,0.966355
194,20522969516655873169000695377445575228468042248954518479057,25,565,536,0.007542,0.006006,0.048528999999999996,0.056070999999999996,0.943929
194,14989350088210543607482262847185984320363092765497004877451,25,647,639,0.007089,0.006854,0.006854,0.013943,0.986057
195,43040604789452163741387408621112136409598757059035661677893,26,584,578,0.041189,0.014566,0.029255,0.070444,0.929556
195,49088991794939140574010539690236171966040109026993415914269,26,445,442,0.097775,0.047356,0.047356,0.145131,0.854869
195,48300749567102905436273718192442740995408307546941115427897,26,494,482,0.040379,0.049368,0.049368,0.089747,0.910253
195,48906073225085902924815189872988257194974124450370814611651,26,421,421,0.064087,0.064087,0.0,0.064087,0.935913
195,36863086582293400960306820600939234657564365893479938560799,26,734,706,0.003764,0.009635,0.039172,0.042936,0.957064
195,39520094337921324612196662792851626492332520911673811699729,26,885,885,0.007039,0.007039,0.0,0.007039,0.992961
195,48712327583936410948919472729136236367597407084610635272833,26,458,458,0.009186,0.009186,0.0,0.009186,0.990814
195,40655326120160876332407096732056168721873529846326635963177,26,449,435,0.017933,0.014975,0.069284,0.087217,0.912783
195,49535766793358394398954575009134138350900646325935636614543,26,585,573,0.064614,0.04835,0.081246,0.14586,0.85414
195,41862719142251391308296850055406978004299551713109836123227,26,582,576,0.021242,0.011482,0.011482,0.032724,0.967276
195,39425775947292327135017849550127493358385136125831647180659,26,469,456,0.021145,0.044391,0.044391,0.065536,0.934464
195,40030915462863037646967083275653053673838289093488559065567,26,612,598,0.032923,0.038067,0.038067,0.07099,0.92901
195,40570734708690516020996671408225641495385595046735671957119,26,459,459,0.042424,0.042424,0.0,0.042424,0.957576
195,40934085183179492462123851985126002111578252845347853305697,26,486,486,0.124371,0.124371,0.0,0.124371,0.875629
195,35128682060529629825193792168573153198841552039371874266881,26,455,446,0.010955,0.008635,0.008635,0.01959,0.98041
195,33386520498533519946398383478624977467807699443830033789513,26,580,580,0.030278,0.030278,0.0,0.030278,0.969722
195,40141148770606288794672640695647670636575757821310805897243,26,516,516,0.028167,0.028167,0.0,0.028167,0.971833
195,40490518455055723132909066555944613680023787528271085543291,26,564,564,0.049233,0.049233,0.0,0.049233,0.950767
195,47614627301874134935455529116186115164906112363136503150483,26,654,654,0.037396,0.037396,0.0,0.037396,0.962604
195,34473817038037491202068900808519350419613875057302440357481,26,602,602,0.004033,0.004033,0.0,0.004033,0.995967
196,95168415107121660560916881793289203952418490854465168975321,26,685,685,0.010794,0.010794,0.0,0.010794,0.989206
196,90009791547499984548910278716753576073152720702817059055901,26,511,498,0.042565,0.037489,0.037489,0.080054,0.919946
196,87459073763838296701927301523704259554148918532862184975629,26,551,551,0.033403,0.033403,0.0,0.033403,0.966597
196,70309503501777340343079821334567642537559966663221390472973,26,501,477,0.008755,0.038688,0.096405,0.10516,0.89484
196,95305038515393842196007534454562012255827385548443606952501,26,605,597,0.004523,0.005296,0.029717000000000004,0.03424000000000001,0.96576
196,82858880649466251495449216071414702109906561191821038787641,26,397,397,0.032463,0.032463,0.0,0.032463,0.967537
196,97083793852684433813008089400054003385653724507596918274297,26,684,663,0.0041719999999999995,0.010824,0.039176,0.043348000000000005,0.956652
196,99466774561138218293682307547255032274447325955533021392447,26,486,486,0.027482,0.027482,0.0,0.027482,0.972518
196,62333097639089791343889610479116623630492359496474506120427,26,844,829,0.009405,0.00519,0.053326000000000005,0.06273100000000001,0.937269
196,98202769533374705029605057892210661368086364721024686834069,26,593,593,0.014463,0.014463,0.0,0.014463,0.985537
196,76205915167282914218102341674425274873438928127960827493699,26,787,784,0.05174,0.03378,0.03378,0.08552,0.91448
196,99735781901275954167800573841902347907225001572434442739617,26,680,680,0.036354,0.036354,0.0,0.036354,0.963646
196,75523924234554614323219474180414139839611222725124775536109,26,469,469,0.031421,0.031421,0.0,0.031421,0.968579
196,98856416133856584127753735193005691636012090201233990732729,26,443,428,0.026439,0.041284,0.086279,0.112718,0.887282
196,74465721503975476013420915082380026622357493970492148475923,26,621,621,0.038649,0.038649,0.0,0.038649,0.961351
196,93695083979722113939155057731935369089046162236564738423191,26,541,537,0.016057,0.018224,0.018224,0.034281,0.965719
196,77879392079591903526474505876698267670805166486636028530899,26,494,472,0.038327,0.01652,0.01652,0.054847,0.945153
196,84229306643800747300264590699152695007580757244203842094811,26,552,552,0.046861,0.046861,0.0,0.046861,0.953139
196,94030668663190317444347187347006250211939496898445186865789,26,840,817,0.004704,0.010004,0.021961,0.026665,0.973335
196,100248369583162082393739261464041339014101482772776091948201,26,438,431,0.02507,0.01942,0.040441000000000005,0.065511,0.934489
197,167659105655698882339508182915480992256595774433903924122623,26,1544,1534,0.015026,0.006295,0.040538000000000005,0.055564,0.944436
197,122449747198975822084132001235051055769374123302428745305941,26,652,652,0.015889,0.015889,0.0,0.015889,0.984111
197,157771390213784769025733801475620067885551276043484431320057,26,522,522,0.04019,0.04019,0.0,0.04019,0.95981
197,195362636325845913268639913567995093493514004135984307800363,26,573,551,0.064488,0.004892,0.17914899999999997,0.243637,0.756363
197,160328182105787324869078655378810538500450812696259544941773,26,496,496,0.090128,0.090128,0.0,0.090128,0.909872
197,184970800291752440068635983309521468062368504646083676644033,26,648,648,0.017761,0.017761,0.0,0.017761,0.982239
197,164144776080649194883406513297516553025716555924591056615183,26,435,431,0.023072000000000002,0.013946,0.022624,0.045696,0.954304
197,140818764650826975296987375129283355966942621459853255150479,26,564,564,0.017378,0.017378,0.0,0.017378,0.982622
197,189022387984517778950705123442972032908094852334290657306231,26,449,449,0.050547,0.050547,0.0,0.050547,0.949453
197,172220763612696405396243073018306035394484382521705030045911,26,445,438,0.01209,0.008912,0.027041,0.039131,0.960869
197,154481106607181704446691691500013964555830349483415881254479,26,744,743,0.01676,0.027817,0.027817,0.044577000000000006,0.955423
197,138116520840863501578382275910208792542013786200119809943421,26,465,465,0.020274,0.020274,0.0,0.020274,0.979726
197,128167436666847967508432921399395745683533771986744909507099,26,467,467,0.035766,0.035766,0.0,0.035766,0.964234
197,179430245545432323474984038609312519060231752952330260578973,26,644,644,0.006762,0.006762,0.0,0.006762,0.993238
197,164907321185035410613697079130730386934791247649211425433501,26,643,616,0.003028,0.003818,0.038779,0.041807000000000004,0.958193
197,149559974584198894049055200074096371180280008283748787845411,26,446,432,0.136446,0.041328,0.041328,0.17777400000000002,0.822226
197,141960287108387193832375793429518062558146806429474522246723,26,506,506,0.036681,0.036681,0.0,0.036681,0.963319
197,117962418323306660486403773161381103053143923297611666689523,26,462,462,0.011328,0.011328,0.0,0.011328,0.988672
197,159003940652452327574248903060253950134870172438916155070369,26,723,688,0.024779,0.008553,0.29187299999999994,0.31665199999999993,0.6833480000000001
197,186310928751907307724815625865601039478473930304908425333493,26,812,812,0.017918,0.017918,0.0,0.017918,0.982082
198,358800385741478548379741226608716034844371071935561085305833,26,623,617,0.025452,0.022885,0.022885,0.048337,0.951663
198,361832547229010809777991703475089455145922714751449984988413,26,419,415,0.078508,0.035834,0.035834,0.114342,0.8856580000000001
198,366234672716741757435258864069198637471462810470347219616629,26,688,679,0.00843,0.009189,0.013922,0.022352,0.977648
198,381944248262064685581254962871209750407378184907165945167889,26,559,559,0.017668,0.017668,0.0,0.017668,0.982332
198,354687072527494597410093290280585584399421663969934020853223,26,598,598,0.055775,0.055775,0.0,0.055775,0.944225
198,379245416457437245542302776449664948360818185536921628076539,26,432,432,0.029727,0.029727,0.0,0.029727,0.970273
198,276003453857523809899467677088049878845070200584331936691041,26,534,534,0.024334,0.024334,0.0,0.024334,0.975666
198,209990048987204577494427221770767574738889930041728156874193,26,577,577,0.037656,0.037656,0.0,0.037656,0.962344
198,256901948110234610129862767369945243180538397102365122358427,26,484,483,0.015428,0.067378,0.067378,0.08280599999999999,0.9171940000000001
198,392896855902880253325160541666344098709384930507930453171681,26,468,468,0.011367,0.011367,0.0,0.011367,0.988633
198,261148592887412956171116968549303549257459540886776423198739,26,509,508,0.00722,0.011511,0.011511,0.018731,0.981269
198,380307295207752593087679241538739081357344508076536875023627,26,597,574,0.046483,0.05986,0.115771,0.162254,0.837746
198,388299617663319746972489463784551990330983404458676571447693,26,517,496,0.010998,0.009066,0.047497,0.058495,0.941505
198,328573357774619762260295479993442675189590010826879831896677,26,534,519,0.005832,0.018961,0.023615999999999998,0.029448,0.970552
198,345095965742713044505246800463174842475462680793869138019261,26,453,453,0.039262,0.039262,0.0,0.039262,0.960738
198,292581670931790651470491827458218900376775743841380672403887,26,503,503,0.017391,0.017391,0.0,0.017391,0.982609
198,390539114582262272077001713638342490864897532470034331261247,26,491,473,0.070981,0.076543,0.076543,0.147524,0.852476
198,360504086773559647539204736208829484928785732049355565383643,26,395,395,0.019381,0.019381,0.0,0.019381,0.980619
198,235950558879078260282437419803935172239069320587333159451019,26,530,530,0.013988,0.013988,0.0,0.013988,0.986012
198,398227691324642613283526129594013507506766970246599454997939,26,659,643,0.022557,0.009446,0.016523,0.039080000000000004,0.96092
199,754357335704061312767906283574368857849729996361323767853021,26,540,540,0.08761,0.08761,0.0,0.08761,0.91239
199,740449135866891063702563724186205751814739503564925633250647,26,478,453,0.022287,0.018721,0.039988,0.062275000000000004,0.937725
199,783572025208462059459081331520531102495696274404533915350617,26,510,493,0.026489,0.024489,0.06646300000000001,0.092952,0.907048
199,689619749063096498116944459976173154436509257531702365821471,26,624,613,0.02657,0.018014,0.025855,0.052425,0.9475750000000001
199,792261444591087612509889756571590671010253289767476929883959,26,692,692,0.047969,0.047969,0.0,0.047969,0.952031
199,485165244720747932715066275346273892339756962905587028338027,26,452,452,0.070111,0.070111,0.0,0.070111,0.929889
199,701425127964276666799904563003747018572056891360383272760451,26,1119,1102,0.014791,0.049332,0.049332,0.064123,0.935877
199,790893896840481035276180066252113476643190200344778153065643,26,924,924,0.070066,0.070066,0.0,0.070066,0.929934
199,763536298621525364342165189094083117188952849209780027677679,26,601,593,0.043538,0.01765,0.049815,0.09335299999999999,0.906647
199,613617912594322713495151233564022371433770815044783317065269,26,827,827,0.017446,0.017446,0.0,0.017446,0.982554
199,701969238772333138157522384223588554623546191713496616248319,26,475,475,0.0606,0.0606,0.0,0.0606,0.9394
199,659743727985962787654640554658683537620374805989756454087933,26,679,679,0.013701,0.013701,0.0,0.013701,0.986299
199,690360274208079369250317450856211794224002008122073050016637,26,522,522,0.049793,0.049793,0.0,0.049793,0.950207
199,500887070634424955740905032565576942995006631697841024678317,26,521,521,0.01949,0.01949,0.0,0.01949,0.98051
199,562515533415072305976115813906881843805019952700501666255663,26,510,509,0.010877,0.008331,0.008331,0.019208,0.980792
199,687386421009493082281833809951506042909624825066468351426301,26,451,437,0.065761,0.017998,0.024714,0.090475,0.909525
199,627831828857047974697867855909832323916998184071016955354641,26,557,557,0.073432,0.073432,0.0,0.073432,0.9265680000000001
199,531493718748199409115070187956201803475378862922781030803881,26,499,499,0.030066,0.030066,0.0,0.030066,0.969934
199,764298723870080571982440894112670628624228896767629734930611,26,441,425,0.031819,0.035532,0.035532,0.067351,0.9326490000000001
199,563561550095967293743840793623207928679303836705271230763571,26,769,762,0.014235,0.01053,0.026129,0.040364,0.959636
200,1295789132477604807715877944458947246775511838525972200835657,26,631,631,0.03995,0.03995,0.0,0.03995,0.96005
200,1580265433117145949318612574335473147379586407902007615572209,26,560,553,0.007886,0.019282,0.019282,0.027168,0.972832
200,1031264165415914398404034296717937295434353057321618942293977,26,686,662,0.022366999999999998,0.025312,0.088168,0.110535,0.889465
200,942274183107708126744367799889859979943002828490182769563693,26,743,715,0.006663,0.028797,0.20273700000000003,0.20940000000000003,0.7906
200,1243256742262564810336975229173603901549307573958804818142771,26,585,568,0.025368,0.011124,0.020054000000000002,0.045422000000000004,0.954578
200,1332260463557925975266900697251791362056896106900938778652773,26,696,696,0.008712,0.008712,0.0,0.008712,0.991288
200,1534546510819566200886924830244913417667526810936895301477933,26,457,452,0.063246,0.008863,0.029231,0.092477,0.907523
200,1457315434423192483527568367362496447605043071246754450536801,26,567,567,0.05134,0.05134,0.0,0.05134,0.9486600000000001
200,1515478547137402687976907484166669091143375006869904371011019,26,580,580,0.039246,0.039246,0.0,0.039246,0.960754
200,1328401728722624823335450602027897002059084341229046226740677,26,501,500,0.009031,0.006042,0.006042,0.015073,0.984927
200,1069405338840333297089210313682851116995000495488370707114107,26,868,865,0.022932,0.007259,0.007259,0.030191000000000003,0.969809
200,1577668914616112972976239927299568044527242009386300299995513,26,993,993,0.034592,0.034592,0.0,0.034592,0.965408
200,924932144930952159695588929751342486737404577556159754527249,26,444,435,0.026485,0.023977,0.023977,0.050462,0.949538
200,1430455149298665257668430782969274466789353299446322896956953,26,484,475,0.004613,0.003325,0.012634,0.017247,0.982753
200,1471759896903796862187242593818058236014421372969552658348613,26,837,837,0.165168,0.165168,0.0,0.165168,0.834832
200,1024997524686414507856278528573582273997937245288256214142637,26,547,547,0.020639,0.020639,0.0,0.020639,0.979361
200,1269662956978065591146754145192337292773571460456699566030607,26,531,531,0.034578,0.034578,0.0,0.034578,0.965422
200,1251023694717248924976673861910298094342092199701445949798563,26,706,706,0.0104,0.0104,0.0,0.0104,0.9896
200,1165094867829338354631660035180329869977597764175158753523867,26,548,548,0.153655,0.153655,0.0,0.153655,0.846345
200,1245161625256545119714043746004026254459007086115269518670777,26,662,661,0.006529,0.024376,0.024376,0.030905,0.969095
